Workbook

Sheet File for Export
A1: Year | B1: Employer Number | C1: Employer | D1: district_contributions | E1: state_contributions | F1: total_contributions | G1: LEAID
A2: 2015 | C2: Barbour County Board of Education | D2: 72951 | E2: 1126867.8 | F2: 1199818.8 | G2: =IFERROR(VLOOKUP(C2,Match!$A$2:$B$84,2,FALSE),"") -> 5400030
A3: 2015 | C3: Berkeley County Board of Education | D3: 1783435 | E3: 27548754 | F3: 29332189 | G3: =IFERROR(VLOOKUP(C3,Match!$A$2:$B$84,2,FALSE),"") -> 5400060
A4: 2015 | C4: Boone County Board of Education | D4: 659694 | E4: 10190304 | F4: 10849998 | G4: =IFERROR(VLOOKUP(C4,Match!$A$2:$B$84,2,FALSE),"") -> 5400090
A5: 2015 | C5: Braxton County Board of Education | D5: 70962 | E5: 1096160.7 | F5: 1167122.7 | G5: =IFERROR(VLOOKUP(C5,Match!$A$2:$B$84,2,FALSE),"") -> 5400120
A6: 2015 | C6: Brooke County Board of Education | D6: 352159 | E6: 5439798.7 | F6: 5791957.7 | G6: =IFERROR(VLOOKUP(C6,Match!$A$2:$B$84,2,FALSE),"") -> 5400150
A7: 2015 | C7: Cabell County Board of Education | D7: 1022376 | E7: 15792663 | F7: 16815039 | G7: =IFERROR(VLOOKUP(C7,Match!$A$2:$B$84,2,FALSE),"") -> 5400180
A8: 2015 | C8: Calhoun County Board of Education | D8: 75551 | E8: 1167039.6 | F8: 1242590.6 | G8: =IFERROR(VLOOKUP(C8,Match!$A$2:$B$84,2,FALSE),"") -> 5400210
A9: 2015 | C9: Clay County Board of Education | D9: 129973 | E9: 2007699.2 | F9: 2137672.2 | G9: =IFERROR(VLOOKUP(C9,Match!$A$2:$B$84,2,FALSE),"") -> 5400240
A10: 2015 | C10: Doddridge County Board of Education | D10: 243417 | E10: 3760069.4 | F10: 4003486.4 | G10: =IFERROR(VLOOKUP(C10,Match!$A$2:$B$84,2,FALSE),"") -> 5400270
A11: 2015 | C11: Fayette County Board of Education | D11: 634696 | E11: 9804153.3 | F11: 10438849 | G11: =IFERROR(VLOOKUP(C11,Match!$A$2:$B$84,2,FALSE),"") -> 5400300
A12: 2015 | C12: Gilmer County Board of Education | D12: 80874 | E12: 1249256.9 | F12: 1330130.9 | G12: =IFERROR(VLOOKUP(C12,Match!$A$2:$B$84,2,FALSE),"") -> 5400330
A13: 2015 | C13: Grant County Board of Education | D13: 66550 | E13: 1028001 | F13: 1094551 | G13: =IFERROR(VLOOKUP(C13,Match!$A$2:$B$84,2,FALSE),"") -> 5400360
... A398: 2019 | C398: Mountain State Educational Services Cooperative | D398: 278138 | E398: 4318670 | F398: 4596808 | G398: =IFERROR(VLOOKUP(C398,Match!$A$2:$B$84,2,FALSE),"") -> 5400061
A399: 2020 | B399: 000100 | C399: Barbour County Board of Education | D399: 19119 | E399: 302167.56 | F399: 321286.56 | G399: =IFERROR(VLOOKUP(C399,Match!$A$2:$B$84,2,FALSE),"") -> 5400030
A400: 2020 | B400: 000200 | C400: Berkeley County Board of Education | D400: 886455 | E400: 14009865 | F400: 14896320 | G400: =IFERROR(VLOOKUP(C400,Match!$A$2:$B$84,2,FALSE),"") -> 5400060
A401: 2020 | B401: 000300 | C401: Boone County Board of Education | D401: 263280 | E401: 4160971.5 | F401: 4424251.5 | G401: =IFERROR(VLOOKUP(C401,Match!$A$2:$B$84,2,FALSE),"") -> 5400090
A402: 2020 | B402: 000400 | C402: Braxton County Board of Education | D402: 124319 | E402: 1964785.6 | F402: 2089104.6 | G402: =IFERROR(VLOOKUP(C402,Match!$A$2:$B$84,2,FALSE),"") -> 5400120
A403: 2020 | B403: 000500 | C403: Brooke County Board of Education | D403: 481888 | E403: 7615942.2 | F403: 8097830.2 | G403: =IFERROR(VLOOKUP(C403,Match!$A$2:$B$84,2,FALSE),"") -> 5400150
A404: 2020 | B404: 000600 | C404: Cabell County Board of Education | D404: 1225072 | E404: 19361505 | F404: 20586577 | G404: =IFERROR(VLOOKUP(C404,Match!$A$2:$B$84,2,FALSE),"") -> 5400180
A405: 2020 | B405: 000700 | C405: Calhoun County Board of Education | D405: 11256 | E405: 177903.61 | F405: 189159.61 | G405: =IFERROR(VLOOKUP(C405,Match!$A$2:$B$84,2,FALSE),"") -> 5400210
A406: 2020 | B406: 000800 | C406: Clay County Board of Education | D406: 98782 | E406: 1561191 | F406: 1659973 | G406: =IFERROR(VLOOKUP(C406,Match!$A$2:$B$84,2,FALSE),"") -> 5400240
A407: 2020 | B407: 000900 | C407: Doddridge County Board of Education | D407: 348052 | E407: 5500742.3 | F407: 5848794.3 | G407: =IFERROR(VLOOKUP(C407,Match!$A$2:$B$84,2,FALSE),"") -> 5400270
A408: 2020 | B408: 001000 | C408: Fayette County Board of Education | D408: 469306 | E408: 7417091.1 | F408: 7886397.1 | G408: =IFERROR(VLOOKUP(C408,Match!$A$2:$B$84,2,FALSE),"") -> 5400300
A409: 2020 | B409: 001100 | C409: Gilmer County Board of Education | D409: 13725 | E409: 216908.83 | F409: 230633.83 | G409: =IFERROR(VLOOKUP(C409,Match!$A$2:$B$84,2,FALSE),"") -> 5400330
A410: 2020 | B410: 001200 | C410: Grant County Board of Education | D410: 53158 | E410: 840134.04 | F410: 893292.04 | G410: =IFERROR(VLOOKUP(C410,Match!$A$2:$B$84,2,FALSE),"") -> 5400360
... A638: 2022 | B638: ESC006 | C638: Mountain State Educational Services Cooperative | D638: 641962 | E638: 9555669.3 | F638: 10197631 | G638: =IFERROR(VLOOKUP(C638,Match!$A$2:$B$84,2,FALSE),"") -> 5400061

Sheet GASB Files -->

Sheet Raw Data & Formula Checks
A1: Year | B1: Employer Number | C1: Employer | D1: Employer Contributions | E1: State Payment On Behalf | F1: Total Contributions
A2: 2015 | C2: Barbour County Board of Education | D2: 72951 | E2: 5762 | F2: 78713
A3: 2015 | C3: Berkeley County Board of Education | D3: 1783435 | E3: 140876 | F3: 1924311
A4: 2015 | C4: Boone County Board of Education | D4: 659694 | E4: 52110 | F4: 711804
A5: 2015 | C5: Braxton County Board of Education | D5: 70962 | E5: 5606 | F5: 76568
A6: 2015 | C6: Brooke County Board of Education | D6: 352159 | E6: 27817 | F6: 379976
A7: 2015 | C7: Cabell County Board of Education | D7: 1022376 | E7: 80759 | F7: 1103135
A8: 2015 | C8: Calhoun County Board of Education | D8: 75551 | E8: 5968 | F8: 81519
A9: 2015 | C9: Clay County Board of Education | D9: 129973 | E9: 10267 | F9: 140240
A10: 2015 | C10: Doddridge County Board of Education | D10: 243417 | E10: 19228 | F10: 262645
A11: 2015 | C11: Fayette County Board of Education | D11: 634696 | E11: 50135 | F11: 684831
A12: 2015 | C12: Gilmer County Board of Education | D12: 80874 | E12: 6388 | F12: 87262
A13: 2015 | C13: Grant County Board of Education | D13: 66550 | E13: 5257 | F13: 71807
... A408: 2019 | C408: State of WV Special Funding - ARC Contributions | D408: 306319491 | E408: 34168665 | F408: 340488156
A409: 2020 | B409: 000100 | C409: Barbour County Board of Education | D409: 19119 | E409: 2316 | F409: 21435
A410: 2020 | B410: 000200 | C410: Berkeley County Board of Education | D410: 886455 | E410: 107370 | F410: 993825
A411: 2020 | B411: 000300 | C411: Boone County Board of Education | D411: 263280 | E411: 31889 | F411: 295169
A412: 2020 | B412: 000400 | C412: Braxton County Board of Education | D412: 124319 | E412: 15058 | F412: 139377
A413: 2020 | B413: 000500 | C413: Brooke County Board of Education | D413: 481888 | E413: 58368 | F413: 540256
A414: 2020 | B414: 000600 | C414: Cabell County Board of Education | D414: 1225072 | E414: 148385 | F414: 1373457
A415: 2020 | B415: 000700 | C415: Calhoun County Board of Education | D415: 11256 | E415: 1364 | F415: 12620
A416: 2020 | B416: 000800 | C416: Clay County Board of Education | D416: 98782 | E416: 11965 | F416: 110747
A417: 2020 | B417: 000900 | C417: Doddridge County Board of Education | D417: 348052 | E417: 42157 | F417: 390209
A418: 2020 | B418: 001000 | C418: Fayette County Board of Education | D418: 469306 | E418: 56844 | F418: 526150
A419: 2020 | B419: 001100 | C419: Gilmer County Board of Education | D419: 13725 | E419: 1662 | F419: 15387
A420: 2020 | B420: 001200 | C420: Grant County Board of Education | D420: 53158 | E420: 6439 | F420: 59597
... A490: 2020 | B490: wvARC | C490: State of WV Special Funding - ARC Contributions | D490: 283332231 | E490: 34318062 | F490: 317650293
A491: 2021 | B491: 000100 | C491: Barbour County Board of Education | D491: 106320
A492: 2021 | B492: 000200 | C492: Berkeley County Board of Education | D492: 1303866
A493: 2021 | B493: 000300 | C493: Boone County Board of Education | D493: 236486
A494: 2021 | B494: 000400 | C494: Braxton County Board of Education | D494: 100618
A495: 2021 | B495: 000500 | C495: Brooke County Board of Education | D495: 290005
A496: 2021 | B496: 000600 | C496: Cabell County Board of Education | D496: 1072625
A497: 2021 | B497: 000700 | C497: Calhoun County Board of Education | D497: 19698
A498: 2021 | B498: 000800 | C498: Clay County Board of Education | D498: 134848
A499: 2021 | B499: 000900 | C499: Doddridge County Board of Education | D499: 332230
A500: 2021 | B500: 001000 | C500: Fayette County Board of Education | D500: 515555
A501: 2021 | B501: 001100 | C501: Gilmer County Board of Education | D501: 31609
A502: 2021 | B502: 001200 | C502: Grant County Board of Education | D502: 36969
... A573: 2021 | B573: wvSAF | C573: State of WV Special Funding - SAF | D573: 101022149
A574: 2022 | B574: 000100 | C574: Barbour County Board of Education | D574: 110665 | E574: 16240 | F574: =SUM(D574:E574) -> 126905
A575: 2022 | B575: 000200 | C575: Berkeley County Board of Education | D575: 1149570 | E575: 168700 | F575: =SUM(D575:E575) -> 1318270
A576: 2022 | B576: 000300 | C576: Boone County Board of Education | D576: 324273 | E576: 47587 | F576: =SUM(D576:E576) -> 371860
A577: 2022 | B577: 000400 | C577: Braxton County Board of Education | D577: 146489 | E577: 21497 | F577: =SUM(D577:E577) -> 167986
A578: 2022 | B578: 000500 | C578: Brooke County Board of Education | D578: 471494 | E578: 69192 | F578: =SUM(D578:E578) -> 540686
A579: 2022 | B579: 000600 | C579: Cabell County Board of Education | D579: 1495028 | E579: 219395 | F579: =SUM(D579:E579) -> 1714423
A580: 2022 | B580: 000700 | C580: Calhoun County Board of Education | D580: 80698 | E580: 11842 | F580: =SUM(D580:E580) -> 92540
A581: 2022 | B581: 000800 | C581: Clay County Board of Education | D581: 168370 | E581: 24708 | F581: =SUM(D581:E581) -> 193078
A582: 2022 | B582: 000900 | C582: Doddridge County Board of Education | D582: 358987 | E582: 52682 | F582: =SUM(D582:E582) -> 411669
A583: 2022 | B583: 001000 | C583: Fayette County Board of Education | D583: 668147 | E583: 98050 | F583: =SUM(D583:E583) -> 766197
A584: 2022 | B584: 001100 | C584: Gilmer County Board of Education | D584: 102753 | E584: 15079 | F584: =SUM(D584:E584) -> 117832
A585: 2022 | B585: 001200 | C585: Grant County Board of Education | D585: 112771 | E585: 16549 | F585: =SUM(D585:E585) -> 129320
... A654: 2022 | B654: wvSAF | C654: State of WV Special Funding - SAF | D654: 100085768 | E654: 14687590 | F654: =SUM(D654:E654) -> 114773358
A655: 2023 | B655: 000100 | C655: Barbour County Board of Education | D655: 100118 | E655: 10031 | F655: 110149
A656: 2023 | B656: 000200 | C656: Berkeley County Board of Education | D656: 1478183 | E656: 148099 | F656: 1626282
A657: 2023 | B657: 000300 | C657: Boone County Board of Education | D657: 359421 | E657: 36010 | F657: 395431
A658: 2023 | B658: 000400 | C658: Braxton County Board of Education | D658: 151614 | E658: 15190 | F658: 166804
A659: 2023 | B659: 000500 | C659: Brooke County Board of Education | D659: 497450 | E659: 49840 | F659: 547290
A660: 2023 | B660: 000600 | C660: Cabell County Board of Education | D660: 1704809 | E660: 170805 | F660: 1875614
A661: 2023 | B661: 000700 | C661: Calhoun County Board of Education | D661: 93817 | E661: 9399 | F661: 103216
A662: 2023 | B662: 000800 | C662: Clay County Board of Education | D662: 167663 | E662: 16798 | F662: 184461
A663: 2023 | B663: 000900 | C663: Doddridge County Board of Education | D663: 343925 | E663: 34458 | F663: 378383
A664: 2023 | B664: 001000 | C664: Fayette County Board of Education | D664: 625092 | E664: 62628 | F664: 687720
A665: 2023 | B665: 001100 | C665: Gilmer County Board of Education | D665: 84275 | E665: 8443 | F665: 92718
A666: 2023 | B666: 001200 | C666: Grant County Board of Education | D666: 122420 | E666: 12265 | F666: 134685
... A740: 2023 | B740: wvARC | C740: State of WV Special Funding - ARC Contributions | D740: 271978964 | E740: 31791932 | F740: 303770896
C742: Summed Formulas
C743: 2015 | D743: =SUMIF($A$2:$A$740,$C743,D$2:D$740) -> 454721000 | E743: =SUMIF($A$2:$A$740,$C743,E$2:E$740) -> 35919000 | F743: =SUMIF($A$2:$A$740,$C743,F$2:F$740) -> 490640000
C744: 2016 | D744: =SUMIF($A$2:$A$740,$C744,D$2:D$740) -> 387685000 | E744: =SUMIF($A$2:$A$740,$C744,E$2:E$740) -> 35510000 | F744: =SUMIF($A$2:$A$740,$C744,F$2:F$740) -> 423195000
C745: 2017 | D745: =SUMIF($A$2:$A$740,$C745,D$2:D$740) -> 413976000 | E745: =SUMIF($A$2:$A$740,$C745,E$2:E$740) -> 37471000 | F745: =SUMIF($A$2:$A$740,$C745,F$2:F$740) -> 451447000
C746: 2018 | D746: =SUMIF($A$2:$A$740,$C746,D$2:D$740) -> 443800000 | E746: =SUMIF($A$2:$A$740,$C746,E$2:E$740) -> 28037000 | F746: =SUMIF($A$2:$A$740,$C746,F$2:F$740) -> 471837000
C747: 2019 | D747: =SUMIF($A$2:$A$740,$C747,D$2:D$740) -> 433203000 | E747: =SUMIF($A$2:$A$740,$C747,E$2:E$740) -> 48322000 | F747: =SUMIF($A$2:$A$740,$C747,F$2:F$740) -> 481525000
C748: 2020 | D748: =SUMIF($A$2:$A$740,$C748,D$2:D$740) -> 413728000 | E748: =SUMIF($A$2:$A$740,$C748,E$2:E$740) -> 50112000 | F748: =SUMIF($A$2:$A$740,$C748,F$2:F$740) -> 463840000
C749: 2021 | D749: =SUMIF($A$2:$A$740,$C749,D$2:D$740) -> 417334000 | E749: =SUMIF($A$2:$A$740,$C749,E$2:E$740) -> 0 | F749: =D749 -> 417334000
C750: 2022 | D750: =SUMIF($A$2:$A$740,$C750,D$2:D$740) -> 412124000 | E750: =SUMIF($A$2:$A$740,$C750,E$2:E$740) -> 70881000 | F750: =SUMIF($A$2:$A$740,$C750,F$2:F$740) -> 483005000
C752: GASB 68 Figures
C753: 2015 | D753: 454721000 | E753: 35919000 | F753: 490640000
C754: 2016 | D754: 387685000 | E754: 35510000 | F754: 423195000
C755: 2017 | D755: 413976000 | E755: 37471000 | F755: 451447000
C756: 2018 | D756: 443800000 | E756: 28037000 | F756: 471837000
C757: 2019 | D757: 433203000 | E757: 48322000 | F757: 481525000
C758: 2020 | D758: 413728000 | E758: 50112000 | F758: 463840000
C759: 2021 | D759: 417334000 | E759: 0 | F759: 417334000
C760: 2022 | D760: 412124000 | E760: 70881000 | F760: 483005000
C762: Check
C763: 2015 | D763: =D743-D753 -> 0 | E763: =E743-E753 -> 0 | F763: =F743-F753 -> 0
C764: 2016 | D764: =D744-D754 -> 0 | E764: =E744-E754 -> 0 | F764: =F744-F754 -> 0
C765: 2017 | D765: =D745-D755 -> 0 | E765: =E745-E755 -> 0 | F765: =F745-F755 -> 0
C766: 2018 | D766: =D746-D756 -> 0 | E766: =E746-E756 -> 0 | F766: =F746-F756 -> 0
C767: 2019 | D767: =D747-D757 -> 0 | E767: =E747-E757 -> 0 | F767: =F747-F757 -> 0
C768: 2020 | D768: =D748-D758 -> 0 | E768: =E748-E758 -> 0 | F768: =F748-F758 -> 0
C769: 2021 | D769: =D749-D759 -> 0 | E769: =E749-E759 -> 0 | F769: =F749-F759 -> 0
C770: 2022 | D770: =D750-D760 -> 0 | E770: =E750-E760 -> 0 | F770: =F750-F760 -> 0

Sheet Edited File w State Contri
A1: Year | B1: Employer Number | C1: Employer | D1: district_contributions | E1: State Payment On Behalf | F1: Total Contributions (no state) | H1: prop | I1: state_contributions | J1: total_contributions | L1: Year | M1: Employer Number | N1: Employer | O1: Employer Contributions | P1: State Payment On Behalf | Q1: Total Contributions
A2: 2015 | C2: Barbour County Board of Education | D2: 72951 | E2: 5762 | F2: 78713 | G2: {=_xlfn.IFS(A2=$E$640,F2/$F$640,A2=$E$641,F2/$F$641,A2=$E$641,F2/$F$641,A2=$E$642,F2/$F$642,A2=$E$643,F2/$F$643,A2=$E$644,F2/$F$644,A2=$E$645,F2/$F$645,A2=$E$646,F2/$F$646,A2=$E$647,F2/$F$647)} -> 0.0024454159 | H2: {=_xlfn.IFS(A2=$P$24,G2*$Q$24,A2=$P$25,G2*$Q$25,A2=$P$26,G2*$Q$26,A2=$P$27,G2*$Q$27,A2=$P$28,G2*$Q$28,A2=$P$29,G2*$Q$29,A2=$P$30,G2*$Q$30,A2=$P$31,G2*$Q$31)} -> 1121105.8 | I2: =SUM(H2,E2) -> 1126867.8 | J2: =SUM(I2,D2) -> 1199818.8 | L2: 2015 | N2: West Virginia - SAF | O2: 108729623 | P2: 8588694 | Q2: 117318317
A3: 2015 | C3: Berkeley County Board of Education | D3: 1783435 | E3: 140876 | F3: 1924311 | G3: {=_xlfn.IFS(A3=$E$640,F3/$F$640,A3=$E$641,F3/$F$641,A3=$E$641,F3/$F$641,A3=$E$642,F3/$F$642,A3=$E$643,F3/$F$643,A3=$E$644,F3/$F$644,A3=$E$645,F3/$F$645,A3=$E$646,F3/$F$646,A3=$E$647,F3/$F$647)} -> 0.059783526 | H3: {=_xlfn.IFS(A3=$P$24,G3*$Q$24,A3=$P$25,G3*$Q$25,A3=$P$26,G3*$Q$26,A3=$P$27,G3*$Q$27,A3=$P$28,G3*$Q$28,A3=$P$29,G3*$Q$29,A3=$P$30,G3*$Q$30,A3=$P$31,G3*$Q$31)} -> 27407878 | I3: =SUM(H3,E3) -> 27548754 | J3: =SUM(I3,D3) -> 29332189 | L3: 2016 | N3: West Virginia - SAF | O3: 102803167 | P3: 9416254 | Q3: 112219421
A4: 2015 | C4: Boone County Board of Education | D4: 659694 | E4: 52110 | F4: 711804 | G4: {=_xlfn.IFS(A4=$E$640,F4/$F$640,A4=$E$641,F4/$F$641,A4=$E$641,F4/$F$641,A4=$E$642,F4/$F$642,A4=$E$643,F4/$F$643,A4=$E$644,F4/$F$644,A4=$E$645,F4/$F$645,A4=$E$646,F4/$F$646,A4=$E$647,F4/$F$647)} -> 0.022113969 | H4: {=_xlfn.IFS(A4=$P$24,G4*$Q$24,A4=$P$25,G4*$Q$25,A4=$P$26,G4*$Q$26,A4=$P$27,G4*$Q$27,A4=$P$28,G4*$Q$28,A4=$P$29,G4*$Q$29,A4=$P$30,G4*$Q$30,A4=$P$31,G4*$Q$31)} -> 10138194 | I4: =SUM(H4,E4) -> 10190304 | J4: =SUM(I4,D4) -> 10849998 | L4: 2017 | N4: State of WV Special Funding - SAF | O4: 99335705 | P4: 8991362 | Q4: 108327067
A5: 2015 | C5: Braxton County Board of Education | D5: 70962 | E5: 5606 | F5: 76568 | G5: {=_xlfn.IFS(A5=$E$640,F5/$F$640,A5=$E$641,F5/$F$641,A5=$E$641,F5/$F$641,A5=$E$642,F5/$F$642,A5=$E$643,F5/$F$643,A5=$E$644,F5/$F$644,A5=$E$645,F5/$F$645,A5=$E$646,F5/$F$646,A5=$E$647,F5/$F$647)} -> 0.0023787761 | H5: {=_xlfn.IFS(A5=$P$24,G5*$Q$24,A5=$P$25,G5*$Q$25,A5=$P$26,G5*$Q$26,A5=$P$27,G5*$Q$27,A5=$P$28,G5*$Q$28,A5=$P$29,G5*$Q$29,A5=$P$30,G5*$Q$30,A5=$P$31,G5*$Q$31)} -> 1090554.7 | I5: =SUM(H5,E5) -> 1096160.7 | J5: =SUM(I5,D5) -> 1167122.7 | L5: 2018 | N5: State of WV Special Funding - SAF | O5: 96207630 | P5: 6077903 | Q5: 102285533
A6: 2015 | C6: Brooke County Board of Education | D6: 352159 | E6: 27817 | F6: 379976 | G6: {=_xlfn.IFS(A6=$E$640,F6/$F$640,A6=$E$641,F6/$F$641,A6=$E$641,F6/$F$641,A6=$E$642,F6/$F$642,A6=$E$643,F6/$F$643,A6=$E$644,F6/$F$644,A6=$E$645,F6/$F$645,A6=$E$646,F6/$F$646,A6=$E$647,F6/$F$647)} -> 0.011804903 | H6: {=_xlfn.IFS(A6=$P$24,G6*$Q$24,A6=$P$25,G6*$Q$25,A6=$P$26,G6*$Q$26,A6=$P$27,G6*$Q$27,A6=$P$28,G6*$Q$28,A6=$P$29,G6*$Q$29,A6=$P$30,G6*$Q$30,A6=$P$31,G6*$Q$31)} -> 5411981.7 | I6: =SUM(H6,E6) -> 5439798.7 | J6: =SUM(I6,D6) -> 5791957.7 | L6: 2019 | N6: State of WV Special Funding - SAF | O6: 97748005 | P6: 10903385 | Q6: 108651390
A7: 2015 | C7: Cabell County Board of Education | D7: 1022376 | E7: 80759 | F7: 1103135 | G7: {=_xlfn.IFS(A7=$E$640,F7/$F$640,A7=$E$641,F7/$F$641,A7=$E$641,F7/$F$641,A7=$E$642,F7/$F$642,A7=$E$643,F7/$F$643,A7=$E$644,F7/$F$644,A7=$E$645,F7/$F$645,A7=$E$646,F7/$F$646,A7=$E$647,F7/$F$647)} -> 0.034271643 | H7: {=_xlfn.IFS(A7=$P$24,G7*$Q$24,A7=$P$25,G7*$Q$25,A7=$P$26,G7*$Q$26,A7=$P$27,G7*$Q$27,A7=$P$28,G7*$Q$28,A7=$P$29,G7*$Q$29,A7=$P$30,G7*$Q$30,A7=$P$31,G7*$Q$31)} -> 15711904 | I7: =SUM(H7,E7) -> 15792663 | J7: =SUM(I7,D7) -> 16815039 | L7: 2020 | M7: wvSAF | N7: State of WV Special Funding - SAF | O7: 102793436 | P7: 12450655 | Q7: 115244091
A8: 2015 | C8: Calhoun County Board of Education | D8: 75551 | E8: 5968 | F8: 81519 | G8: {=_xlfn.IFS(A8=$E$640,F8/$F$640,A8=$E$641,F8/$F$641,A8=$E$641,F8/$F$641,A8=$E$642,F8/$F$642,A8=$E$643,F8/$F$643,A8=$E$644,F8/$F$644,A8=$E$645,F8/$F$645,A8=$E$646,F8/$F$646,A8=$E$647,F8/$F$647)} -> 0.0025325913 | H8: {=_xlfn.IFS(A8=$P$24,G8*$Q$24,A8=$P$25,G8*$Q$25,A8=$P$26,G8*$Q$26,A8=$P$27,G8*$Q$27,A8=$P$28,G8*$Q$28,A8=$P$29,G8*$Q$29,A8=$P$30,G8*$Q$30,A8=$P$31,G8*$Q$31)} -> 1161071.6 | I8: =SUM(H8,E8) -> 1167039.6 | J8: =SUM(I8,D8) -> 1242590.6 | L8: 2021 | M8: wvSAF | N8: State of WV Special Funding - SAF | O8: 101022149 | Q8: =O8 -> 101022149
A9: 2015 | C9: Clay County Board of Education | D9: 129973 | E9: 10267 | F9: 140240 | G9: {=_xlfn.IFS(A9=$E$640,F9/$F$640,A9=$E$641,F9/$F$641,A9=$E$641,F9/$F$641,A9=$E$642,F9/$F$642,A9=$E$643,F9/$F$643,A9=$E$644,F9/$F$644,A9=$E$645,F9/$F$645,A9=$E$646,F9/$F$646,A9=$E$647,F9/$F$647)} -> 0.0043569058 | H9: {=_xlfn.IFS(A9=$P$24,G9*$Q$24,A9=$P$25,G9*$Q$25,A9=$P$26,G9*$Q$26,A9=$P$27,G9*$Q$27,A9=$P$28,G9*$Q$28,A9=$P$29,G9*$Q$29,A9=$P$30,G9*$Q$30,A9=$P$31,G9*$Q$31)} -> 1997432.2 | I9: =SUM(H9,E9) -> 2007699.2 | J9: =SUM(I9,D9) -> 2137672.2 | L9: 2022 | M9: wvSAF | N9: State of WV Special Funding - SAF | O9: 100085768 | P9: 14687590 | Q9: 114773358
A10: 2015 | C10: Doddridge County Board of Education | D10: 243417 | E10: 19228 | F10: 262645 | G10: {=_xlfn.IFS(A10=$E$640,F10/$F$640,A10=$E$641,F10/$F$641,A10=$E$641,F10/$F$641,A10=$E$642,F10/$F$642,A10=$E$643,F10/$F$643,A10=$E$644,F10/$F$644,A10=$E$645,F10/$F$645,A10=$E$646,F10/$F$646,A10=$E$647,F10/$F$647)} -> 0.0081597227 | H10: {=_xlfn.IFS(A10=$P$24,G10*$Q$24,A10=$P$25,G10*$Q$25,A10=$P$26,G10*$Q$26,A10=$P$27,G10*$Q$27,A10=$P$28,G10*$Q$28,A10=$P$29,G10*$Q$29,A10=$P$30,G10*$Q$30,A10=$P$31,G10*$Q$31)} -> 3740841.4 | I10: =SUM(H10,E10) -> 3760069.4 | J10: =SUM(I10,D10) -> 4003486.4 | L10: 2023 | M10: wvSAF | N10: State of WV Special Funding - SAF | O10: 101255002 | P10: 10144721 | Q10: 111399723
A11: 2015 | C11: Fayette County Board of Education | D11: 634696 | E11: 50135 | F11: 684831 | G11: {=_xlfn.IFS(A11=$E$640,F11/$F$640,A11=$E$641,F11/$F$641,A11=$E$641,F11/$F$641,A11=$E$642,F11/$F$642,A11=$E$643,F11/$F$643,A11=$E$644,F11/$F$644,A11=$E$645,F11/$F$645,A11=$E$646,F11/$F$646,A11=$E$647,F11/$F$647)} -> 0.021275985 | H11: {=_xlfn.IFS(A11=$P$24,G11*$Q$24,A11=$P$25,G11*$Q$25,A11=$P$26,G11*$Q$26,A11=$P$27,G11*$Q$27,A11=$P$28,G11*$Q$28,A11=$P$29,G11*$Q$29,A11=$P$30,G11*$Q$30,A11=$P$31,G11*$Q$31)} -> 9754018.3 | I11: =SUM(H11,E11) -> 9804153.3 | J11: =SUM(I11,D11) -> 10438849
A12: 2015 | C12: Gilmer County Board of Education | D12: 80874 | E12: 6388 | F12: 87262 | G12: {=_xlfn.IFS(A12=$E$640,F12/$F$640,A12=$E$641,F12/$F$641,A12=$E$641,F12/$F$641,A12=$E$642,F12/$F$642,A12=$E$643,F12/$F$643,A12=$E$644,F12/$F$644,A12=$E$645,F12/$F$645,A12=$E$646,F12/$F$646,A12=$E$647,F12/$F$647)} -> 0.0027110119 | H12: {=_xlfn.IFS(A12=$P$24,G12*$Q$24,A12=$P$25,G12*$Q$25,A12=$P$26,G12*$Q$26,A12=$P$27,G12*$Q$27,A12=$P$28,G12*$Q$28,A12=$P$29,G12*$Q$29,A12=$P$30,G12*$Q$30,A12=$P$31,G12*$Q$31)} -> 1242868.9 | I12: =SUM(H12,E12) -> 1249256.9 | J12: =SUM(I12,D12) -> 1330130.9
A13: 2015 | C13: Grant County Board of Education | D13: 66550 | E13: 5257 | F13: 71807 | G13: {=_xlfn.IFS(A13=$E$640,F13/$F$640,A13=$E$641,F13/$F$641,A13=$E$641,F13/$F$641,A13=$E$642,F13/$F$642,A13=$E$643,F13/$F$643,A13=$E$644,F13/$F$644,A13=$E$645,F13/$F$645,A13=$E$646,F13/$F$646,A13=$E$647,F13/$F$647)} -> 0.0022308638 | H13: {=_xlfn.IFS(A13=$P$24,G13*$Q$24,A13=$P$25,G13*$Q$25,A13=$P$26,G13*$Q$26,A13=$P$27,G13*$Q$27,A13=$P$28,G13*$Q$28,A13=$P$29,G13*$Q$29,A13=$P$30,G13*$Q$30,A13=$P$31,G13*$Q$31)} -> 1022744 | I13: =SUM(H13,E13) -> 1028001 | J13: =SUM(I13,D13) -> 1094551 | L13: 2015 | N13: West Virginia - ARC | O13: 316159828 | P13: 24973874 | Q13: 341133702
A14: 2015 | C14: Greenbrier County Board of Education | D14: 400447 | E14: 31632 | F14: 432079 | G14: {=_xlfn.IFS(A14=$E$640,F14/$F$640,A14=$E$641,F14/$F$641,A14=$E$641,F14/$F$641,A14=$E$642,F14/$F$642,A14=$E$643,F14/$F$643,A14=$E$644,F14/$F$644,A14=$E$645,F14/$F$645,A14=$E$646,F14/$F$646,A14=$E$647,F14/$F$647)} -> 0.013423613 | H14: {=_xlfn.IFS(A14=$P$24,G14*$Q$24,A14=$P$25,G14*$Q$25,A14=$P$26,G14*$Q$26,A14=$P$27,G14*$Q$27,A14=$P$28,G14*$Q$28,A14=$P$29,G14*$Q$29,A14=$P$30,G14*$Q$30,A14=$P$31,G14*$Q$31)} -> 6154082.5 | I14: =SUM(H14,E14) -> 6185714.5 | J14: =SUM(I14,D14) -> 6586161.5 | L14: 2016 | N14: West Virginia - ARC | O14: 254218385 | P14: 23285124 | Q14: 277503509
A15: 2015 | C15: Hampshire County Board of Education | D15: 196048 | E15: 15486 | F15: 211534 | G15: {=_xlfn.IFS(A15=$E$640,F15/$F$640,A15=$E$641,F15/$F$641,A15=$E$641,F15/$F$641,A15=$E$642,F15/$F$642,A15=$E$643,F15/$F$643,A15=$E$644,F15/$F$644,A15=$E$645,F15/$F$645,A15=$E$646,F15/$F$646,A15=$E$647,F15/$F$647)} -> 0.0065718319 | H15: {=_xlfn.IFS(A15=$P$24,G15*$Q$24,A15=$P$25,G15*$Q$25,A15=$P$26,G15*$Q$26,A15=$P$27,G15*$Q$27,A15=$P$28,G15*$Q$28,A15=$P$29,G15*$Q$29,A15=$P$30,G15*$Q$30,A15=$P$31,G15*$Q$31)} -> 3012869.6 | I15: =SUM(H15,E15) -> 3028355.6 | J15: =SUM(I15,D15) -> 3224403.6 | L15: 2017 | N15: State of WV Special Funding - ARC Contributions | O15: 285068483 | P15: 25802944 | Q15: 310871427
A16: 2015 | C16: Hancock County Board of Education | D16: 458098 | E16: 36186 | F16: 494284 | G16: {=_xlfn.IFS(A16=$E$640,F16/$F$640,A16=$E$641,F16/$F$641,A16=$E$641,F16/$F$641,A16=$E$642,F16/$F$642,A16=$E$643,F16/$F$643,A16=$E$644,F16/$F$644,A16=$E$645,F16/$F$645,A16=$E$646,F16/$F$646,A16=$E$647,F16/$F$647)} -> 0.015356167 | H16: {=_xlfn.IFS(A16=$P$24,G16*$Q$24,A16=$P$25,G16*$Q$25,A16=$P$26,G16*$Q$26,A16=$P$27,G16*$Q$27,A16=$P$28,G16*$Q$28,A16=$P$29,G16*$Q$29,A16=$P$30,G16*$Q$30,A16=$P$31,G16*$Q$31)} -> 7040065.6 | I16: =SUM(H16,E16) -> 7076251.6 | J16: =SUM(I16,D16) -> 7534349.6 | L16: 2018 | N16: State of WV Special Funding - ARC Contributions | O16: 320214422 | P16: 20229500 | Q16: 340443922
A17: 2015 | C17: Hardy County Board of Education | D17: 41192 | E17: 3254 | F17: 44446 | G17: {=_xlfn.IFS(A17=$E$640,F17/$F$640,A17=$E$641,F17/$F$641,A17=$E$641,F17/$F$641,A17=$E$642,F17/$F$642,A17=$E$643,F17/$F$643,A17=$E$644,F17/$F$644,A17=$E$645,F17/$F$645,A17=$E$646,F17/$F$646,A17=$E$647,F17/$F$647)} -> 0.001380826 | H17: {=_xlfn.IFS(A17=$P$24,G17*$Q$24,A17=$P$25,G17*$Q$25,A17=$P$26,G17*$Q$26,A17=$P$27,G17*$Q$27,A17=$P$28,G17*$Q$28,A17=$P$29,G17*$Q$29,A17=$P$30,G17*$Q$30,A17=$P$31,G17*$Q$31)} -> 633042.45 | I17: =SUM(H17,E17) -> 636296.45 | J17: =SUM(I17,D17) -> 677488.45 | L17: 2019 | N17: State of WV Special Funding - ARC Contributions | O17: 306319491 | P17: 34168665 | Q17: 340488156
A18: 2015 | C18: Harrison County Board of Education | D18: 1352473 | E18: 106834 | F18: 1459307 | G18: {=_xlfn.IFS(A18=$E$640,F18/$F$640,A18=$E$641,F18/$F$641,A18=$E$641,F18/$F$641,A18=$E$642,F18/$F$642,A18=$E$643,F18/$F$643,A18=$E$644,F18/$F$644,A18=$E$645,F18/$F$645,A18=$E$646,F18/$F$646,A18=$E$647,F18/$F$647)} -> 0.045337016 | H18: {=_xlfn.IFS(A18=$P$24,G18*$Q$24,A18=$P$25,G18*$Q$25,A18=$P$26,G18*$Q$26,A18=$P$27,G18*$Q$27,A18=$P$28,G18*$Q$28,A18=$P$29,G18*$Q$29,A18=$P$30,G18*$Q$30,A18=$P$31,G18*$Q$31)} -> 20784846 | I18: =SUM(H18,E18) -> 20891680 | J18: =SUM(I18,D18) -> 22244153 | L18: 2020 | M18: wvARC | N18: State of WV Special Funding - ARC Contributions | O18: 283332231 | P18: 34318062 | Q18: 317650293
A19: 2015 | C19: Jackson County Board of Education | D19: 503546 | E19: 39776 | F19: 543322 | G19: {=_xlfn.IFS(A19=$E$640,F19/$F$640,A19=$E$641,F19/$F$641,A19=$E$641,F19/$F$641,A19=$E$642,F19/$F$642,A19=$E$643,F19/$F$643,A19=$E$644,F19/$F$644,A19=$E$645,F19/$F$645,A19=$E$646,F19/$F$646,A19=$E$647,F19/$F$647)} -> 0.016879655 | H19: {=_xlfn.IFS(A19=$P$24,G19*$Q$24,A19=$P$25,G19*$Q$25,A19=$P$26,G19*$Q$26,A19=$P$27,G19*$Q$27,A19=$P$28,G19*$Q$28,A19=$P$29,G19*$Q$29,A19=$P$30,G19*$Q$30,A19=$P$31,G19*$Q$31)} -> 7738511.7 | I19: =SUM(H19,E19) -> 7778287.7 | J19: =SUM(I19,D19) -> 8281833.7 | L19: 2021 | M19: wvARC | N19: State of WV Special Funding - ARC Contributions | O19: 288360024 | Q19: =O19 -> 288360024
A20: 2015 | C20: Jefferson County Board of Education | D20: 1024564 | E20: 80932 | F20: 1105496 | G20: {=_xlfn.IFS(A20=$E$640,F20/$F$640,A20=$E$641,F20/$F$641,A20=$E$641,F20/$F$641,A20=$E$642,F20/$F$642,A20=$E$643,F20/$F$643,A20=$E$644,F20/$F$644,A20=$E$645,F20/$F$645,A20=$E$646,F20/$F$646,A20=$E$647,F20/$F$647)} -> 0.034344994 | H20: {=_xlfn.IFS(A20=$P$24,G20*$Q$24,A20=$P$25,G20*$Q$25,A20=$P$26,G20*$Q$26,A20=$P$27,G20*$Q$27,A20=$P$28,G20*$Q$28,A20=$P$29,G20*$Q$29,A20=$P$30,G20*$Q$30,A20=$P$31,G20*$Q$31)} -> 15745532 | I20: =SUM(H20,E20) -> 15826464 | J20: =SUM(I20,D20) -> 16851028 | L20: 2022 | M20: wvARC | N20: State of WV Special Funding - ARC Contributions | O20: 281632070 | P20: 51731299 | Q20: 333363369
A21: 2015 | C21: Kanawha County Board of Education | D21: 1837706 | E21: 145163 | F21: 1982869 | G21: {=_xlfn.IFS(A21=$E$640,F21/$F$640,A21=$E$641,F21/$F$641,A21=$E$641,F21/$F$641,A21=$E$642,F21/$F$642,A21=$E$643,F21/$F$643,A21=$E$644,F21/$F$644,A21=$E$645,F21/$F$645,A21=$E$646,F21/$F$646,A21=$E$647,F21/$F$647)} -> 0.061602777 | H21: {=_xlfn.IFS(A21=$P$24,G21*$Q$24,A21=$P$25,G21*$Q$25,A21=$P$26,G21*$Q$26,A21=$P$27,G21*$Q$27,A21=$P$28,G21*$Q$28,A21=$P$29,G21*$Q$29,A21=$P$30,G21*$Q$30,A21=$P$31,G21*$Q$31)} -> 28241917 | I21: =SUM(H21,E21) -> 28387080 | J21: =SUM(I21,D21) -> 30224786 | L21: 2023 | M21: wvARC | N21: State of WV Special Funding - ARC Contributions | O21: 271978964 | P21: 31791932 | Q21: 303770896
A22: 2015 | C22: Lewis County Board of Education | D22: 167516 | E22: 13232 | F22: 180748 | G22: {=_xlfn.IFS(A22=$E$640,F22/$F$640,A22=$E$641,F22/$F$641,A22=$E$641,F22/$F$641,A22=$E$642,F22/$F$642,A22=$E$643,F22/$F$643,A22=$E$644,F22/$F$644,A22=$E$645,F22/$F$645,A22=$E$646,F22/$F$646,A22=$E$647,F22/$F$647)} -> 0.0056153879 | H22: {=_xlfn.IFS(A22=$P$24,G22*$Q$24,A22=$P$25,G22*$Q$25,A22=$P$26,G22*$Q$26,A22=$P$27,G22*$Q$27,A22=$P$28,G22*$Q$28,A22=$P$29,G22*$Q$29,A22=$P$30,G22*$Q$30,A22=$P$31,G22*$Q$31)} -> 2574385.9 | I22: =SUM(H22,E22) -> 2587617.9 | J22: =SUM(I22,D22) -> 2755133.9
A23: 2015 | C23: Lincoln County Board of Education | D23: 247929 | E23: 19584 | F23: 267513 | G23: {=_xlfn.IFS(A23=$E$640,F23/$F$640,A23=$E$641,F23/$F$641,A23=$E$641,F23/$F$641,A23=$E$642,F23/$F$642,A23=$E$643,F23/$F$643,A23=$E$644,F23/$F$644,A23=$E$645,F23/$F$645,A23=$E$646,F23/$F$646,A23=$E$647,F23/$F$647)} -> 0.0083109593 | H23: {=_xlfn.IFS(A23=$P$24,G23*$Q$24,A23=$P$25,G23*$Q$25,A23=$P$26,G23*$Q$26,A23=$P$27,G23*$Q$27,A23=$P$28,G23*$Q$28,A23=$P$29,G23*$Q$29,A23=$P$30,G23*$Q$30,A23=$P$31,G23*$Q$31)} -> 3810176.1 | I23: =SUM(H23,E23) -> 3829760.1 | J23: =SUM(I23,D23) -> 4077689.1 | N23: State Contribution Check
A24: 2015 | C24: Logan County Board of Education | D24: 456258 | E24: 36040 | F24: 492298 | G24: {=_xlfn.IFS(A24=$E$640,F24/$F$640,A24=$E$641,F24/$F$641,A24=$E$641,F24/$F$641,A24=$E$642,F24/$F$642,A24=$E$643,F24/$F$643,A24=$E$644,F24/$F$644,A24=$E$645,F24/$F$645,A24=$E$646,F24/$F$646,A24=$E$647,F24/$F$647)} -> 0.015294467 | H24: {=_xlfn.IFS(A24=$P$24,G24*$Q$24,A24=$P$25,G24*$Q$25,A24=$P$26,G24*$Q$26,A24=$P$27,G24*$Q$27,A24=$P$28,G24*$Q$28,A24=$P$29,G24*$Q$29,A24=$P$30,G24*$Q$30,A24=$P$31,G24*$Q$31)} -> 7011779.1 | I24: =SUM(H24,E24) -> 7047819.1 | J24: =SUM(I24,D24) -> 7504077.1 | N24: 2015 | O24: =SUMIF($A$2:$A$638,N24,$H$2:$H$638) -> 458452019 | P24: 2015 | Q24: =SUM(Q2,Q13) -> 458452019 | R24: =O24=Q24 -> TRUE
A25: 2015 | C25: Marion County Board of Education | D25: 639563 | E25: 50520 | F25: 690083 | G25: {=_xlfn.IFS(A25=$E$640,F25/$F$640,A25=$E$641,F25/$F$641,A25=$E$641,F25/$F$641,A25=$E$642,F25/$F$642,A25=$E$643,F25/$F$643,A25=$E$644,F25/$F$644,A25=$E$645,F25/$F$645,A25=$E$646,F25/$F$646,A25=$E$647,F25/$F$647)} -> 0.021439151 | H25: {=_xlfn.IFS(A25=$P$24,G25*$Q$24,A25=$P$25,G25*$Q$25,A25=$P$26,G25*$Q$26,A25=$P$27,G25*$Q$27,A25=$P$28,G25*$Q$28,A25=$P$29,G25*$Q$29,A25=$P$30,G25*$Q$30,A25=$P$31,G25*$Q$31)} -> 9828822.3 | I25: =SUM(H25,E25) -> 9879342.3 | J25: =SUM(I25,D25) -> 10518905 | N25: 2016 | O25: =SUMIF($A$2:$A$638,N25,$H$2:$H$638) -> 3.8972293e+08 | P25: 2016 | Q25: =SUM(Q3,Q14) -> 389722930 | R25: =O25=Q25 -> TRUE
A26: 2015 | C26: Marshall County Board of Education | D26: 690182 | E26: 54518 | F26: 744700 | G26: {=_xlfn.IFS(A26=$E$640,F26/$F$640,A26=$E$641,F26/$F$641,A26=$E$641,F26/$F$641,A26=$E$642,F26/$F$642,A26=$E$643,F26/$F$643,A26=$E$644,F26/$F$644,A26=$E$645,F26/$F$645,A26=$E$646,F26/$F$646,A26=$E$647,F26/$F$647)} -> 0.023135965 | H26: {=_xlfn.IFS(A26=$P$24,G26*$Q$24,A26=$P$25,G26*$Q$25,A26=$P$26,G26*$Q$26,A26=$P$27,G26*$Q$27,A26=$P$28,G26*$Q$28,A26=$P$29,G26*$Q$29,A26=$P$30,G26*$Q$30,A26=$P$31,G26*$Q$31)} -> 10606730 | I26: =SUM(H26,E26) -> 10661248 | J26: =SUM(I26,D26) -> 11351430 | N26: 2017 | O26: =SUMIF($A$2:$A$638,N26,$H$2:$H$638) -> 419198494 | P26: 2017 | Q26: =SUM(Q4,Q15) -> 419198494 | R26: =O26=Q26 -> TRUE
A27: 2015 | C27: Mason County Board of Education | D27: 299203 | E27: 23634 | F27: 322837 | G27: {=_xlfn.IFS(A27=$E$640,F27/$F$640,A27=$E$641,F27/$F$641,A27=$E$641,F27/$F$641,A27=$E$642,F27/$F$642,A27=$E$643,F27/$F$643,A27=$E$644,F27/$F$644,A27=$E$645,F27/$F$645,A27=$E$646,F27/$F$646,A27=$E$647,F27/$F$647)} -> 0.010029737 | H27: {=_xlfn.IFS(A27=$P$24,G27*$Q$24,A27=$P$25,G27*$Q$25,A27=$P$26,G27*$Q$26,A27=$P$27,G27*$Q$27,A27=$P$28,G27*$Q$28,A27=$P$29,G27*$Q$29,A27=$P$30,G27*$Q$30,A27=$P$31,G27*$Q$31)} -> 4598153.4 | I27: =SUM(H27,E27) -> 4621787.4 | J27: =SUM(I27,D27) -> 4920990.4 | N27: 2018 | O27: =SUMIF($A$2:$A$638,N27,$H$2:$H$638) -> 4.4272946e+08 | P27: 2018 | Q27: =SUM(Q5,Q16) -> 442729455 | R27: =O27=Q27 -> TRUE
A28: 2015 | C28: McDowell County Board of Education | D28: 461646 | E28: 36466 | F28: 498112 | G28: {=_xlfn.IFS(A28=$E$640,F28/$F$640,A28=$E$641,F28/$F$641,A28=$E$641,F28/$F$641,A28=$E$642,F28/$F$642,A28=$E$643,F28/$F$643,A28=$E$644,F28/$F$644,A28=$E$645,F28/$F$645,A28=$E$646,F28/$F$646,A28=$E$647,F28/$F$647)} -> 0.015475093 | H28: {=_xlfn.IFS(A28=$P$24,G28*$Q$24,A28=$P$25,G28*$Q$25,A28=$P$26,G28*$Q$26,A28=$P$27,G28*$Q$27,A28=$P$28,G28*$Q$28,A28=$P$29,G28*$Q$29,A28=$P$30,G28*$Q$30,A28=$P$31,G28*$Q$31)} -> 7094587.6 | I28: =SUM(H28,E28) -> 7131053.6 | J28: =SUM(I28,D28) -> 7592699.6 | N28: 2019 | O28: =SUMIF($A$2:$A$638,N28,$H$2:$H$638) -> 449139546 | P28: 2019 | Q28: =SUM(Q6,Q17) -> 449139546 | R28: =O28=Q28 -> TRUE
A29: 2015 | C29: Mercer County Board of Education | D29: 764534 | E29: 60392 | F29: 824926 | G29: {=_xlfn.IFS(A29=$E$640,F29/$F$640,A29=$E$641,F29/$F$641,A29=$E$641,F29/$F$641,A29=$E$642,F29/$F$642,A29=$E$643,F29/$F$643,A29=$E$644,F29/$F$644,A29=$E$645,F29/$F$645,A29=$E$646,F29/$F$646,A29=$E$647,F29/$F$647)} -> 0.025628386 | H29: {=_xlfn.IFS(A29=$P$24,G29*$Q$24,A29=$P$25,G29*$Q$25,A29=$P$26,G29*$Q$26,A29=$P$27,G29*$Q$27,A29=$P$28,G29*$Q$28,A29=$P$29,G29*$Q$29,A29=$P$30,G29*$Q$30,A29=$P$31,G29*$Q$31)} -> 11749385 | I29: =SUM(H29,E29) -> 11809777 | J29: =SUM(I29,D29) -> 12574311 | N29: 2020 | O29: =SUMIF($A$2:$A$638,N29,$H$2:$H$638) -> 4.3289438e+08 | P29: 2020 | Q29: =SUM(Q7,Q18) -> 432894384 | R29: =O29=Q29 -> TRUE
A30: 2015 | C30: Mineral County Board of Education | D30: 395816 | E30: 31266 | F30: 427082 | G30: {=_xlfn.IFS(A30=$E$640,F30/$F$640,A30=$E$641,F30/$F$641,A30=$E$641,F30/$F$641,A30=$E$642,F30/$F$642,A30=$E$643,F30/$F$643,A30=$E$644,F30/$F$644,A30=$E$645,F30/$F$645,A30=$E$646,F30/$F$646,A30=$E$647,F30/$F$647)} -> 0.013268369 | H30: {=_xlfn.IFS(A30=$P$24,G30*$Q$24,A30=$P$25,G30*$Q$25,A30=$P$26,G30*$Q$26,A30=$P$27,G30*$Q$27,A30=$P$28,G30*$Q$28,A30=$P$29,G30*$Q$29,A30=$P$30,G30*$Q$30,A30=$P$31,G30*$Q$31)} -> 6082910.4 | I30: =SUM(H30,E30) -> 6114176.4 | J30: =SUM(I30,D30) -> 6509992.4 | N30: 2021 | O30: =SUMIF($A$2:$A$638,N30,$H$2:$H$638) -> 389382173 | P30: 2021 | Q30: =SUM(Q8,Q19) -> 389382173 | R30: =O30=Q30 -> TRUE
A31: 2015 | C31: Mingo County Board of Education | D31: 285140 | E31: 22524 | F31: 307664 | G31: {=_xlfn.IFS(A31=$E$640,F31/$F$640,A31=$E$641,F31/$F$641,A31=$E$641,F31/$F$641,A31=$E$642,F31/$F$642,A31=$E$643,F31/$F$643,A31=$E$644,F31/$F$644,A31=$E$645,F31/$F$645,A31=$E$646,F31/$F$646,A31=$E$647,F31/$F$647)} -> 0.0095583504 | H31: {=_xlfn.IFS(A31=$P$24,G31*$Q$24,A31=$P$25,G31*$Q$25,A31=$P$26,G31*$Q$26,A31=$P$27,G31*$Q$27,A31=$P$28,G31*$Q$28,A31=$P$29,G31*$Q$29,A31=$P$30,G31*$Q$30,A31=$P$31,G31*$Q$31)} -> 4382045 | I31: =SUM(H31,E31) -> 4404569 | J31: =SUM(I31,D31) -> 4689709 | N31: 2022 | O31: =SUMIF($A$2:$A$638,N31,$H$2:$H$638) -> 448136727 | P31: 2022 | Q31: =SUM(Q9,Q20) -> 448136727 | R31: =O31=Q31 -> TRUE
A32: 2015 | C32: Monongalia County Board of Education | D32: 1308604 | E32: 103368 | F32: 1411972 | G32: {=_xlfn.IFS(A32=$E$640,F32/$F$640,A32=$E$641,F32/$F$641,A32=$E$641,F32/$F$641,A32=$E$642,F32/$F$642,A32=$E$643,F32/$F$643,A32=$E$644,F32/$F$644,A32=$E$645,F32/$F$645,A32=$E$646,F32/$F$646,A32=$E$647,F32/$F$647)} -> 0.043866436 | H32: {=_xlfn.IFS(A32=$P$24,G32*$Q$24,A32=$P$25,G32*$Q$25,A32=$P$26,G32*$Q$26,A32=$P$27,G32*$Q$27,A32=$P$28,G32*$Q$28,A32=$P$29,G32*$Q$29,A32=$P$30,G32*$Q$30,A32=$P$31,G32*$Q$31)} -> 20110656 | I32: =SUM(H32,E32) -> 20214024 | J32: =SUM(I32,D32) -> 21522628
A33: 2015 | C33: Monroe County Board of Education | D33: 125414 | E33: 9906 | F33: 135320 | G33: {=_xlfn.IFS(A33=$E$640,F33/$F$640,A33=$E$641,F33/$F$641,A33=$E$641,F33/$F$641,A33=$E$642,F33/$F$642,A33=$E$643,F33/$F$643,A33=$E$644,F33/$F$644,A33=$E$645,F33/$F$645,A33=$E$646,F33/$F$646,A33=$E$647,F33/$F$647)} -> 0.0042040537 | H33: {=_xlfn.IFS(A33=$P$24,G33*$Q$24,A33=$P$25,G33*$Q$25,A33=$P$26,G33*$Q$26,A33=$P$27,G33*$Q$27,A33=$P$28,G33*$Q$28,A33=$P$29,G33*$Q$29,A33=$P$30,G33*$Q$30,A33=$P$31,G33*$Q$31)} -> 1927356.9 | I33: =SUM(H33,E33) -> 1937262.9 | J33: =SUM(I33,D33) -> 2062676.9
A34: 2015 | C34: Morgan County Board of Education | D34: 128245 | E34: 10130 | F34: 138375 | G34: {=_xlfn.IFS(A34=$E$640,F34/$F$640,A34=$E$641,F34/$F$641,A34=$E$641,F34/$F$641,A34=$E$642,F34/$F$642,A34=$E$643,F34/$F$643,A34=$E$644,F34/$F$644,A34=$E$645,F34/$F$645,A34=$E$646,F34/$F$646,A34=$E$647,F34/$F$647)} -> 0.0042989649 | H34: {=_xlfn.IFS(A34=$P$24,G34*$Q$24,A34=$P$25,G34*$Q$25,A34=$P$26,G34*$Q$26,A34=$P$27,G34*$Q$27,A34=$P$28,G34*$Q$28,A34=$P$29,G34*$Q$29,A34=$P$30,G34*$Q$30,A34=$P$31,G34*$Q$31)} -> 1970869.1 | I34: =SUM(H34,E34) -> 1980999.1 | J34: =SUM(I34,D34) -> 2109244.1
A35: 2015 | C35: Nicholas County Board of Education | D35: 279542 | E35: 22081 | F35: 301623 | G35: {=_xlfn.IFS(A35=$E$640,F35/$F$640,A35=$E$641,F35/$F$641,A35=$E$641,F35/$F$641,A35=$E$642,F35/$F$642,A35=$E$643,F35/$F$643,A35=$E$644,F35/$F$644,A35=$E$645,F35/$F$645,A35=$E$646,F35/$F$646,A35=$E$647,F35/$F$647)} -> 0.0093706716 | H35: {=_xlfn.IFS(A35=$P$24,G35*$Q$24,A35=$P$25,G35*$Q$25,A35=$P$26,G35*$Q$26,A35=$P$27,G35*$Q$27,A35=$P$28,G35*$Q$28,A35=$P$29,G35*$Q$29,A35=$P$30,G35*$Q$30,A35=$P$31,G35*$Q$31)} -> 4296003.3 | I35: =SUM(H35,E35) -> 4318084.3 | J35: =SUM(I35,D35) -> 4597626.3
A36: 2015 | C36: Ohio County Board of Education | D36: 580235 | E36: 45833 | F36: 626068 | G36: {=_xlfn.IFS(A36=$E$640,F36/$F$640,A36=$E$641,F36/$F$641,A36=$E$641,F36/$F$641,A36=$E$642,F36/$F$642,A36=$E$643,F36/$F$643,A36=$E$644,F36/$F$644,A36=$E$645,F36/$F$645,A36=$E$646,F36/$F$646,A36=$E$647,F36/$F$647)} -> 0.019450366 | H36: {=_xlfn.IFS(A36=$P$24,G36*$Q$24,A36=$P$25,G36*$Q$25,A36=$P$26,G36*$Q$26,A36=$P$27,G36*$Q$27,A36=$P$28,G36*$Q$28,A36=$P$29,G36*$Q$29,A36=$P$30,G36*$Q$30,A36=$P$31,G36*$Q$31)} -> 8917059.4 | I36: =SUM(H36,E36) -> 8962892.4 | J36: =SUM(I36,D36) -> 9543127.4
A37: 2015 | C37: Pendleton County Board of Education | D37: 45161 | E37: 3567 | F37: 48728 | G37: {=_xlfn.IFS(A37=$E$640,F37/$F$640,A37=$E$641,F37/$F$641,A37=$E$641,F37/$F$641,A37=$E$642,F37/$F$642,A37=$E$643,F37/$F$643,A37=$E$644,F37/$F$644,A37=$E$645,F37/$F$645,A37=$E$646,F37/$F$646,A37=$E$647,F37/$F$647)} -> 0.001513857 | H37: {=_xlfn.IFS(A37=$P$24,G37*$Q$24,A37=$P$25,G37*$Q$25,A37=$P$26,G37*$Q$26,A37=$P$27,G37*$Q$27,A37=$P$28,G37*$Q$28,A37=$P$29,G37*$Q$29,A37=$P$30,G37*$Q$30,A37=$P$31,G37*$Q$31)} -> 694030.79 | I37: =SUM(H37,E37) -> 697597.79 | J37: =SUM(I37,D37) -> 742758.79
A38: 2015 | C38: Pleasants County Board of Education | D38: 191654 | E38: 15139 | F38: 206793 | G38: {=_xlfn.IFS(A38=$E$640,F38/$F$640,A38=$E$641,F38/$F$641,A38=$E$641,F38/$F$641,A38=$E$642,F38/$F$642,A38=$E$643,F38/$F$643,A38=$E$644,F38/$F$644,A38=$E$645,F38/$F$645,A38=$E$646,F38/$F$646,A38=$E$647,F38/$F$647)} -> 0.0064245409 | H38: {=_xlfn.IFS(A38=$P$24,G38*$Q$24,A38=$P$25,G38*$Q$25,A38=$P$26,G38*$Q$26,A38=$P$27,G38*$Q$27,A38=$P$28,G38*$Q$28,A38=$P$29,G38*$Q$29,A38=$P$30,G38*$Q$30,A38=$P$31,G38*$Q$31)} -> 2945343.7 | I38: =SUM(H38,E38) -> 2960482.7 | J38: =SUM(I38,D38) -> 3152136.7
A39: 2015 | C39: Pocahontas County Board of Education | D39: 49077 | E39: 3877 | F39: 52954 | G39: {=_xlfn.IFS(A39=$E$640,F39/$F$640,A39=$E$641,F39/$F$641,A39=$E$641,F39/$F$641,A39=$E$642,F39/$F$642,A39=$E$643,F39/$F$643,A39=$E$644,F39/$F$644,A39=$E$645,F39/$F$645,A39=$E$646,F39/$F$646,A39=$E$647,F39/$F$647)} -> 0.0016451482 | H39: {=_xlfn.IFS(A39=$P$24,G39*$Q$24,A39=$P$25,G39*$Q$25,A39=$P$26,G39*$Q$26,A39=$P$27,G39*$Q$27,A39=$P$28,G39*$Q$28,A39=$P$29,G39*$Q$29,A39=$P$30,G39*$Q$30,A39=$P$31,G39*$Q$31)} -> 754221.53 | I39: =SUM(H39,E39) -> 758098.53 | J39: =SUM(I39,D39) -> 807175.53
A40: 2015 | C40: Preston County Board of Education | D40: 58950 | E40: 4657 | F40: 63607 | G40: {=_xlfn.IFS(A40=$E$640,F40/$F$640,A40=$E$641,F40/$F$641,A40=$E$641,F40/$F$641,A40=$E$642,F40/$F$642,A40=$E$643,F40/$F$643,A40=$E$644,F40/$F$644,A40=$E$645,F40/$F$645,A40=$E$646,F40/$F$646,A40=$E$647,F40/$F$647)} -> 0.0019761103 | H40: {=_xlfn.IFS(A40=$P$24,G40*$Q$24,A40=$P$25,G40*$Q$25,A40=$P$26,G40*$Q$26,A40=$P$27,G40*$Q$27,A40=$P$28,G40*$Q$28,A40=$P$29,G40*$Q$29,A40=$P$30,G40*$Q$30,A40=$P$31,G40*$Q$31)} -> 905951.75 | I40: =SUM(H40,E40) -> 910608.75 | J40: =SUM(I40,D40) -> 969558.75
A41: 2015 | C41: Putnam County Board of Education | D41: 877560 | E41: 69320 | F41: 946880 | G41: {=_xlfn.IFS(A41=$E$640,F41/$F$640,A41=$E$641,F41/$F$641,A41=$E$641,F41/$F$641,A41=$E$642,F41/$F$642,A41=$E$643,F41/$F$643,A41=$E$644,F41/$F$644,A41=$E$645,F41/$F$645,A41=$E$646,F41/$F$646,A41=$E$647,F41/$F$647)} -> 0.029417191 | H41: {=_xlfn.IFS(A41=$P$24,G41*$Q$24,A41=$P$25,G41*$Q$25,A41=$P$26,G41*$Q$26,A41=$P$27,G41*$Q$27,A41=$P$28,G41*$Q$28,A41=$P$29,G41*$Q$29,A41=$P$30,G41*$Q$30,A41=$P$31,G41*$Q$31)} -> 13486371 | I41: =SUM(H41,E41) -> 13555691 | J41: =SUM(I41,D41) -> 14433251
A42: 2015 | C42: Raleigh County Board of Education | D42: 957315 | E42: 75620 | F42: 1032935 | G42: {=_xlfn.IFS(A42=$E$640,F42/$F$640,A42=$E$641,F42/$F$641,A42=$E$641,F42/$F$641,A42=$E$642,F42/$F$642,A42=$E$643,F42/$F$643,A42=$E$644,F42/$F$644,A42=$E$645,F42/$F$645,A42=$E$646,F42/$F$646,A42=$E$647,F42/$F$647)} -> 0.032090705 | H42: {=_xlfn.IFS(A42=$P$24,G42*$Q$24,A42=$P$25,G42*$Q$25,A42=$P$26,G42*$Q$26,A42=$P$27,G42*$Q$27,A42=$P$28,G42*$Q$28,A42=$P$29,G42*$Q$29,A42=$P$30,G42*$Q$30,A42=$P$31,G42*$Q$31)} -> 14712048 | I42: =SUM(H42,E42) -> 14787668 | J42: =SUM(I42,D42) -> 15744983
A43: 2015 | C43: Randolph County Board of Education | D43: 222314 | E43: 17561 | F43: 239875 | G43: {=_xlfn.IFS(A43=$E$640,F43/$F$640,A43=$E$641,F43/$F$641,A43=$E$641,F43/$F$641,A43=$E$642,F43/$F$642,A43=$E$643,F43/$F$643,A43=$E$644,F43/$F$644,A43=$E$645,F43/$F$645,A43=$E$646,F43/$F$646,A43=$E$647,F43/$F$647)} -> 0.0074523158 | H43: {=_xlfn.IFS(A43=$P$24,G43*$Q$24,A43=$P$25,G43*$Q$25,A43=$P$26,G43*$Q$26,A43=$P$27,G43*$Q$27,A43=$P$28,G43*$Q$28,A43=$P$29,G43*$Q$29,A43=$P$30,G43*$Q$30,A43=$P$31,G43*$Q$31)} -> 3416529.2 | I43: =SUM(H43,E43) -> 3434090.2 | J43: =SUM(I43,D43) -> 3656404.2
... A398: 2019 | C398: Mountain State Educational Services Cooperative | D398: 278138 | E398: 31025 | F398: 309163 | G398: {=_xlfn.IFS(A398=$E$640,F398/$F$640,A398=$E$641,F398/$F$641,A398=$E$641,F398/$F$641,A398=$E$642,F398/$F$642,A398=$E$643,F398/$F$643,A398=$E$644,F398/$F$644,A398=$E$645,F398/$F$645,A398=$E$646,F398/$F$646,A398=$E$647,F398/$F$647)} -> 0.0095463537 | H398: {=_xlfn.IFS(A398=$P$24,G398*$Q$24,A398=$P$25,G398*$Q$25,A398=$P$26,G398*$Q$26,A398=$P$27,G398*$Q$27,A398=$P$28,G398*$Q$28,A398=$P$29,G398*$Q$29,A398=$P$30,G398*$Q$30,A398=$P$31,G398*$Q$31)} -> 4287645 | I398: =SUM(H398,E398) -> 4318670 | J398: =SUM(I398,D398) -> 4596808
A399: 2020 | B399: 000100 | C399: Barbour County Board of Education | D399: 19119 | E399: 2316 | F399: 21435 | G399: {=_xlfn.IFS(A399=$E$640,F399/$F$640,A399=$E$641,F399/$F$641,A399=$E$641,F399/$F$641,A399=$E$642,F399/$F$642,A399=$E$643,F399/$F$643,A399=$E$644,F399/$F$644,A399=$E$645,F399/$F$645,A399=$E$646,F399/$F$646,A399=$E$647,F399/$F$647)} -> 0.00069266677 | H399: {=_xlfn.IFS(A399=$P$24,G399*$Q$24,A399=$P$25,G399*$Q$25,A399=$P$26,G399*$Q$26,A399=$P$27,G399*$Q$27,A399=$P$28,G399*$Q$28,A399=$P$29,G399*$Q$29,A399=$P$30,G399*$Q$30,A399=$P$31,G399*$Q$31)} -> 299851.56 | I399: =SUM(H399,E399) -> 302167.56 | J399: =SUM(I399,D399) -> 321286.56
A400: 2020 | B400: 000200 | C400: Berkeley County Board of Education | D400: 886455 | E400: 107370 | F400: 993825 | G400: {=_xlfn.IFS(A400=$E$640,F400/$F$640,A400=$E$641,F400/$F$641,A400=$E$641,F400/$F$641,A400=$E$642,F400/$F$642,A400=$E$643,F400/$F$643,A400=$E$644,F400/$F$644,A400=$E$645,F400/$F$645,A400=$E$646,F400/$F$646,A400=$E$647,F400/$F$647)} -> 0.032115211 | H400: {=_xlfn.IFS(A400=$P$24,G400*$Q$24,A400=$P$25,G400*$Q$25,A400=$P$26,G400*$Q$26,A400=$P$27,G400*$Q$27,A400=$P$28,G400*$Q$28,A400=$P$29,G400*$Q$29,A400=$P$30,G400*$Q$30,A400=$P$31,G400*$Q$31)} -> 13902495 | I400: =SUM(H400,E400) -> 14009865 | J400: =SUM(I400,D400) -> 14896320
A401: 2020 | B401: 000300 | C401: Boone County Board of Education | D401: 263280 | E401: 31889 | F401: 295169 | G401: {=_xlfn.IFS(A401=$E$640,F401/$F$640,A401=$E$641,F401/$F$641,A401=$E$641,F401/$F$641,A401=$E$642,F401/$F$642,A401=$E$643,F401/$F$643,A401=$E$644,F401/$F$644,A401=$E$645,F401/$F$645,A401=$E$646,F401/$F$646,A401=$E$647,F401/$F$647)} -> 0.0095383139 | H401: {=_xlfn.IFS(A401=$P$24,G401*$Q$24,A401=$P$25,G401*$Q$25,A401=$P$26,G401*$Q$26,A401=$P$27,G401*$Q$27,A401=$P$28,G401*$Q$28,A401=$P$29,G401*$Q$29,A401=$P$30,G401*$Q$30,A401=$P$31,G401*$Q$31)} -> 4129082.5 | I401: =SUM(H401,E401) -> 4160971.5 | J401: =SUM(I401,D401) -> 4424251.5
A402: 2020 | B402: 000400 | C402: Braxton County Board of Education | D402: 124319 | E402: 15058 | F402: 139377 | G402: {=_xlfn.IFS(A402=$E$640,F402/$F$640,A402=$E$641,F402/$F$641,A402=$E$641,F402/$F$641,A402=$E$642,F402/$F$642,A402=$E$643,F402/$F$643,A402=$E$644,F402/$F$644,A402=$E$645,F402/$F$645,A402=$E$646,F402/$F$646,A402=$E$647,F402/$F$647)} -> 0.0045039336 | H402: {=_xlfn.IFS(A402=$P$24,G402*$Q$24,A402=$P$25,G402*$Q$25,A402=$P$26,G402*$Q$26,A402=$P$27,G402*$Q$27,A402=$P$28,G402*$Q$28,A402=$P$29,G402*$Q$29,A402=$P$30,G402*$Q$30,A402=$P$31,G402*$Q$31)} -> 1949727.6 | I402: =SUM(H402,E402) -> 1964785.6 | J402: =SUM(I402,D402) -> 2089104.6
A403: 2020 | B403: 000500 | C403: Brooke County Board of Education | D403: 481888 | E403: 58368 | F403: 540256 | G403: {=_xlfn.IFS(A403=$E$640,F403/$F$640,A403=$E$641,F403/$F$641,A403=$E$641,F403/$F$641,A403=$E$642,F403/$F$642,A403=$E$643,F403/$F$643,A403=$E$644,F403/$F$644,A403=$E$645,F403/$F$645,A403=$E$646,F403/$F$646,A403=$E$647,F403/$F$647)} -> 0.01745824 | H403: {=_xlfn.IFS(A403=$P$24,G403*$Q$24,A403=$P$25,G403*$Q$25,A403=$P$26,G403*$Q$26,A403=$P$27,G403*$Q$27,A403=$P$28,G403*$Q$28,A403=$P$29,G403*$Q$29,A403=$P$30,G403*$Q$30,A403=$P$31,G403*$Q$31)} -> 7557574.2 | I403: =SUM(H403,E403) -> 7615942.2 | J403: =SUM(I403,D403) -> 8097830.2
A404: 2020 | B404: 000600 | C404: Cabell County Board of Education | D404: 1225072 | E404: 148385 | F404: 1373457 | G404: {=_xlfn.IFS(A404=$E$640,F404/$F$640,A404=$E$641,F404/$F$641,A404=$E$641,F404/$F$641,A404=$E$642,F404/$F$642,A404=$E$643,F404/$F$643,A404=$E$644,F404/$F$644,A404=$E$645,F404/$F$645,A404=$E$646,F404/$F$646,A404=$E$647,F404/$F$647)} -> 0.044382926 | H404: {=_xlfn.IFS(A404=$P$24,G404*$Q$24,A404=$P$25,G404*$Q$25,A404=$P$26,G404*$Q$26,A404=$P$27,G404*$Q$27,A404=$P$28,G404*$Q$28,A404=$P$29,G404*$Q$29,A404=$P$30,G404*$Q$30,A404=$P$31,G404*$Q$31)} -> 19213120 | I404: =SUM(H404,E404) -> 19361505 | J404: =SUM(I404,D404) -> 20586577
A405: 2020 | B405: 000700 | C405: Calhoun County Board of Education | D405: 11256 | E405: 1364 | F405: 12620 | G405: {=_xlfn.IFS(A405=$E$640,F405/$F$640,A405=$E$641,F405/$F$641,A405=$E$641,F405/$F$641,A405=$E$642,F405/$F$642,A405=$E$643,F405/$F$643,A405=$E$644,F405/$F$644,A405=$E$645,F405/$F$645,A405=$E$646,F405/$F$646,A405=$E$647,F405/$F$647)} -> 0.00040781221 | H405: {=_xlfn.IFS(A405=$P$24,G405*$Q$24,A405=$P$25,G405*$Q$25,A405=$P$26,G405*$Q$26,A405=$P$27,G405*$Q$27,A405=$P$28,G405*$Q$28,A405=$P$29,G405*$Q$29,A405=$P$30,G405*$Q$30,A405=$P$31,G405*$Q$31)} -> 176539.61 | I405: =SUM(H405,E405) -> 177903.61 | J405: =SUM(I405,D405) -> 189159.61
A406: 2020 | B406: 000800 | C406: Clay County Board of Education | D406: 98782 | E406: 11965 | F406: 110747 | G406: {=_xlfn.IFS(A406=$E$640,F406/$F$640,A406=$E$641,F406/$F$641,A406=$E$641,F406/$F$641,A406=$E$642,F406/$F$642,A406=$E$643,F406/$F$643,A406=$E$644,F406/$F$644,A406=$E$645,F406/$F$645,A406=$E$646,F406/$F$646,A406=$E$647,F406/$F$647)} -> 0.0035787622 | H406: {=_xlfn.IFS(A406=$P$24,G406*$Q$24,A406=$P$25,G406*$Q$25,A406=$P$26,G406*$Q$26,A406=$P$27,G406*$Q$27,A406=$P$28,G406*$Q$28,A406=$P$29,G406*$Q$29,A406=$P$30,G406*$Q$30,A406=$P$31,G406*$Q$31)} -> 1549226 | I406: =SUM(H406,E406) -> 1561191 | J406: =SUM(I406,D406) -> 1659973
A407: 2020 | B407: 000900 | C407: Doddridge County Board of Education | D407: 348052 | E407: 42157 | F407: 390209 | G407: {=_xlfn.IFS(A407=$E$640,F407/$F$640,A407=$E$641,F407/$F$641,A407=$E$641,F407/$F$641,A407=$E$642,F407/$F$642,A407=$E$643,F407/$F$643,A407=$E$644,F407/$F$644,A407=$E$645,F407/$F$645,A407=$E$646,F407/$F$646,A407=$E$647,F407/$F$647)} -> 0.012609508 | H407: {=_xlfn.IFS(A407=$P$24,G407*$Q$24,A407=$P$25,G407*$Q$25,A407=$P$26,G407*$Q$26,A407=$P$27,G407*$Q$27,A407=$P$28,G407*$Q$28,A407=$P$29,G407*$Q$29,A407=$P$30,G407*$Q$30,A407=$P$31,G407*$Q$31)} -> 5458585.3 | I407: =SUM(H407,E407) -> 5500742.3 | J407: =SUM(I407,D407) -> 5848794.3
A408: 2020 | B408: 001000 | C408: Fayette County Board of Education | D408: 469306 | E408: 56844 | F408: 526150 | G408: {=_xlfn.IFS(A408=$E$640,F408/$F$640,A408=$E$641,F408/$F$641,A408=$E$641,F408/$F$641,A408=$E$642,F408/$F$642,A408=$E$643,F408/$F$643,A408=$E$644,F408/$F$644,A408=$E$645,F408/$F$645,A408=$E$646,F408/$F$646,A408=$E$647,F408/$F$647)} -> 0.017002408 | H408: {=_xlfn.IFS(A408=$P$24,G408*$Q$24,A408=$P$25,G408*$Q$25,A408=$P$26,G408*$Q$26,A408=$P$27,G408*$Q$27,A408=$P$28,G408*$Q$28,A408=$P$29,G408*$Q$29,A408=$P$30,G408*$Q$30,A408=$P$31,G408*$Q$31)} -> 7360247.1 | I408: =SUM(H408,E408) -> 7417091.1 | J408: =SUM(I408,D408) -> 7886397.1
A409: 2020 | B409: 001100 | C409: Gilmer County Board of Education | D409: 13725 | E409: 1662 | F409: 15387 | G409: {=_xlfn.IFS(A409=$E$640,F409/$F$640,A409=$E$641,F409/$F$641,A409=$E$641,F409/$F$641,A409=$E$642,F409/$F$642,A409=$E$643,F409/$F$643,A409=$E$644,F409/$F$644,A409=$E$645,F409/$F$645,A409=$E$646,F409/$F$646,A409=$E$647,F409/$F$647)} -> 0.00049722714 | H409: {=_xlfn.IFS(A409=$P$24,G409*$Q$24,A409=$P$25,G409*$Q$25,A409=$P$26,G409*$Q$26,A409=$P$27,G409*$Q$27,A409=$P$28,G409*$Q$28,A409=$P$29,G409*$Q$29,A409=$P$30,G409*$Q$30,A409=$P$31,G409*$Q$31)} -> 215246.83 | I409: =SUM(H409,E409) -> 216908.83 | J409: =SUM(I409,D409) -> 230633.83
A410: 2020 | B410: 001200 | C410: Grant County Board of Education | D410: 53158 | E410: 6439 | F410: 59597 | G410: {=_xlfn.IFS(A410=$E$640,F410/$F$640,A410=$E$641,F410/$F$641,A410=$E$641,F410/$F$641,A410=$E$642,F410/$F$642,A410=$E$643,F410/$F$643,A410=$E$644,F410/$F$644,A410=$E$645,F410/$F$645,A410=$E$646,F410/$F$646,A410=$E$647,F410/$F$647)} -> 0.0019258625 | H410: {=_xlfn.IFS(A410=$P$24,G410*$Q$24,A410=$P$25,G410*$Q$25,A410=$P$26,G410*$Q$26,A410=$P$27,G410*$Q$27,A410=$P$28,G410*$Q$28,A410=$P$29,G410*$Q$29,A410=$P$30,G410*$Q$30,A410=$P$31,G410*$Q$31)} -> 833695.04 | I410: =SUM(H410,E410) -> 840134.04 | J410: =SUM(I410,D410) -> 893292.04
... A478: 2020 | B478: ESC006 | C478: Mountain State Educational Services Cooperative | D478: 353819 | E478: 42856 | F478: 396675 | G478: {=_xlfn.IFS(A478=$E$640,F478/$F$640,A478=$E$641,F478/$F$641,A478=$E$641,F478/$F$641,A478=$E$642,F478/$F$642,A478=$E$643,F478/$F$643,A478=$E$644,F478/$F$644,A478=$E$645,F478/$F$645,A478=$E$646,F478/$F$646,A478=$E$647,F478/$F$647)} -> 0.012818455 | H478: {=_xlfn.IFS(A478=$P$24,G478*$Q$24,A478=$P$25,G478*$Q$25,A478=$P$26,G478*$Q$26,A478=$P$27,G478*$Q$27,A478=$P$28,G478*$Q$28,A478=$P$29,G478*$Q$29,A478=$P$30,G478*$Q$30,A478=$P$31,G478*$Q$31)} -> 5549037.4 | I478: =SUM(H478,E478) -> 5591893.4 | J478: =SUM(I478,D478) -> 5945712.4
A479: 2021 | B479: 000100 | C479: Barbour County Board of Education | D479: 106320 | F479: =D479 -> 106320 | G479: {=_xlfn.IFS(A479=$E$640,F479/$F$640,A479=$E$641,F479/$F$641,A479=$E$641,F479/$F$641,A479=$E$642,F479/$F$642,A479=$E$643,F479/$F$643,A479=$E$644,F479/$F$644,A479=$E$645,F479/$F$645,A479=$E$646,F479/$F$646,A479=$E$647,F479/$F$647)} -> 0.003803687 | H479: {=_xlfn.IFS(A479=$P$24,G479*$Q$24,A479=$P$25,G479*$Q$25,A479=$P$26,G479*$Q$26,A479=$P$27,G479*$Q$27,A479=$P$28,G479*$Q$28,A479=$P$29,G479*$Q$29,A479=$P$30,G479*$Q$30,A479=$P$31,G479*$Q$31)} -> 1481087.9 | I479: =SUM(H479,E479) -> 1481087.9 | J479: =SUM(I479,D479) -> 1587407.9
A480: 2021 | B480: 000200 | C480: Berkeley County Board of Education | D480: 1303866 | F480: =D480 -> 1303866 | G480: {=_xlfn.IFS(A480=$E$640,F480/$F$640,A480=$E$641,F480/$F$641,A480=$E$641,F480/$F$641,A480=$E$642,F480/$F$642,A480=$E$643,F480/$F$643,A480=$E$644,F480/$F$644,A480=$E$645,F480/$F$645,A480=$E$646,F480/$F$646,A480=$E$647,F480/$F$647)} -> 0.046646897 | H480: {=_xlfn.IFS(A480=$P$24,G480*$Q$24,A480=$P$25,G480*$Q$25,A480=$P$26,G480*$Q$26,A480=$P$27,G480*$Q$27,A480=$P$28,G480*$Q$28,A480=$P$29,G480*$Q$29,A480=$P$30,G480*$Q$30,A480=$P$31,G480*$Q$31)} -> 18163470 | I480: =SUM(H480,E480) -> 18163470 | J480: =SUM(I480,D480) -> 19467336
A481: 2021 | B481: 000300 | C481: Boone County Board of Education | D481: 236486 | F481: =D481 -> 236486 | G481: {=_xlfn.IFS(A481=$E$640,F481/$F$640,A481=$E$641,F481/$F$641,A481=$E$641,F481/$F$641,A481=$E$642,F481/$F$642,A481=$E$643,F481/$F$643,A481=$E$644,F481/$F$644,A481=$E$645,F481/$F$645,A481=$E$646,F481/$F$646,A481=$E$647,F481/$F$647)} -> 0.0084604845 | H481: {=_xlfn.IFS(A481=$P$24,G481*$Q$24,A481=$P$25,G481*$Q$25,A481=$P$26,G481*$Q$26,A481=$P$27,G481*$Q$27,A481=$P$28,G481*$Q$28,A481=$P$29,G481*$Q$29,A481=$P$30,G481*$Q$30,A481=$P$31,G481*$Q$31)} -> 3294361.9 | I481: =SUM(H481,E481) -> 3294361.9 | J481: =SUM(I481,D481) -> 3530847.9
A482: 2021 | B482: 000400 | C482: Braxton County Board of Education | D482: 100618 | F482: =D482 -> 100618 | G482: {=_xlfn.IFS(A482=$E$640,F482/$F$640,A482=$E$641,F482/$F$641,A482=$E$641,F482/$F$641,A482=$E$642,F482/$F$642,A482=$E$643,F482/$F$643,A482=$E$644,F482/$F$644,A482=$E$645,F482/$F$645,A482=$E$646,F482/$F$646,A482=$E$647,F482/$F$647)} -> 0.0035996931 | H482: {=_xlfn.IFS(A482=$P$24,G482*$Q$24,A482=$P$25,G482*$Q$25,A482=$P$26,G482*$Q$26,A482=$P$27,G482*$Q$27,A482=$P$28,G482*$Q$28,A482=$P$29,G482*$Q$29,A482=$P$30,G482*$Q$30,A482=$P$31,G482*$Q$31)} -> 1401656.3 | I482: =SUM(H482,E482) -> 1401656.3 | J482: =SUM(I482,D482) -> 1502274.3
A483: 2021 | B483: 000500 | C483: Brooke County Board of Education | D483: 290005 | F483: =D483 -> 290005 | G483: {=_xlfn.IFS(A483=$E$640,F483/$F$640,A483=$E$641,F483/$F$641,A483=$E$641,F483/$F$641,A483=$E$642,F483/$F$642,A483=$E$643,F483/$F$643,A483=$E$644,F483/$F$644,A483=$E$645,F483/$F$645,A483=$E$646,F483/$F$646,A483=$E$647,F483/$F$647)} -> 0.010375172 | H483: {=_xlfn.IFS(A483=$P$24,G483*$Q$24,A483=$P$25,G483*$Q$25,A483=$P$26,G483*$Q$26,A483=$P$27,G483*$Q$27,A483=$P$28,G483*$Q$28,A483=$P$29,G483*$Q$29,A483=$P$30,G483*$Q$30,A483=$P$31,G483*$Q$31)} -> 4039906.8 | I483: =SUM(H483,E483) -> 4039906.8 | J483: =SUM(I483,D483) -> 4329911.8
A484: 2021 | B484: 000600 | C484: Cabell County Board of Education | D484: 1072625 | F484: =D484 -> 1072625 | G484: {=_xlfn.IFS(A484=$E$640,F484/$F$640,A484=$E$641,F484/$F$641,A484=$E$641,F484/$F$641,A484=$E$642,F484/$F$642,A484=$E$643,F484/$F$643,A484=$E$644,F484/$F$644,A484=$E$645,F484/$F$645,A484=$E$646,F484/$F$646,A484=$E$647,F484/$F$647)} -> 0.038374057 | H484: {=_xlfn.IFS(A484=$P$24,G484*$Q$24,A484=$P$25,G484*$Q$25,A484=$P$26,G484*$Q$26,A484=$P$27,G484*$Q$27,A484=$P$28,G484*$Q$28,A484=$P$29,G484*$Q$29,A484=$P$30,G484*$Q$30,A484=$P$31,G484*$Q$31)} -> 14942174 | I484: =SUM(H484,E484) -> 14942174 | J484: =SUM(I484,D484) -> 16014799
A485: 2021 | B485: 000700 | C485: Calhoun County Board of Education | D485: 19698 | F485: =D485 -> 19698 | G485: {=_xlfn.IFS(A485=$E$640,F485/$F$640,A485=$E$641,F485/$F$641,A485=$E$641,F485/$F$641,A485=$E$642,F485/$F$642,A485=$E$643,F485/$F$643,A485=$E$644,F485/$F$644,A485=$E$645,F485/$F$645,A485=$E$646,F485/$F$646,A485=$E$647,F485/$F$647)} -> 0.00070471243 | H485: {=_xlfn.IFS(A485=$P$24,G485*$Q$24,A485=$P$25,G485*$Q$25,A485=$P$26,G485*$Q$26,A485=$P$27,G485*$Q$27,A485=$P$28,G485*$Q$28,A485=$P$29,G485*$Q$29,A485=$P$30,G485*$Q$30,A485=$P$31,G485*$Q$31)} -> 274402.46 | I485: =SUM(H485,E485) -> 274402.46 | J485: =SUM(I485,D485) -> 294100.46
A486: 2021 | B486: 000800 | C486: Clay County Board of Education | D486: 134848 | F486: =D486 -> 134848 | G486: {=_xlfn.IFS(A486=$E$640,F486/$F$640,A486=$E$641,F486/$F$641,A486=$E$641,F486/$F$641,A486=$E$642,F486/$F$642,A486=$E$643,F486/$F$643,A486=$E$644,F486/$F$644,A486=$E$645,F486/$F$645,A486=$E$646,F486/$F$646,A486=$E$647,F486/$F$647)} -> 0.0048243 | H486: {=_xlfn.IFS(A486=$P$24,G486*$Q$24,A486=$P$25,G486*$Q$25,A486=$P$26,G486*$Q$26,A486=$P$27,G486*$Q$27,A486=$P$28,G486*$Q$28,A486=$P$29,G486*$Q$29,A486=$P$30,G486*$Q$30,A486=$P$31,G486*$Q$31)} -> 1878496.4 | I486: =SUM(H486,E486) -> 1878496.4 | J486: =SUM(I486,D486) -> 2013344.4
A487: 2021 | B487: 000900 | C487: Doddridge County Board of Education | D487: 332230 | F487: =D487 -> 332230 | G487: {=_xlfn.IFS(A487=$E$640,F487/$F$640,A487=$E$641,F487/$F$641,A487=$E$641,F487/$F$641,A487=$E$642,F487/$F$642,A487=$E$643,F487/$F$643,A487=$E$644,F487/$F$644,A487=$E$645,F487/$F$645,A487=$E$646,F487/$F$646,A487=$E$647,F487/$F$647)} -> 0.011885806 | H487: {=_xlfn.IFS(A487=$P$24,G487*$Q$24,A487=$P$25,G487*$Q$25,A487=$P$26,G487*$Q$26,A487=$P$27,G487*$Q$27,A487=$P$28,G487*$Q$28,A487=$P$29,G487*$Q$29,A487=$P$30,G487*$Q$30,A487=$P$31,G487*$Q$31)} -> 4628121.1 | I487: =SUM(H487,E487) -> 4628121.1 | J487: =SUM(I487,D487) -> 4960351.1
A488: 2021 | B488: 001000 | C488: Fayette County Board of Education | D488: 515555 | F488: =D488 -> 515555 | G488: {=_xlfn.IFS(A488=$E$640,F488/$F$640,A488=$E$641,F488/$F$641,A488=$E$641,F488/$F$641,A488=$E$642,F488/$F$642,A488=$E$643,F488/$F$643,A488=$E$644,F488/$F$644,A488=$E$645,F488/$F$645,A488=$E$646,F488/$F$646,A488=$E$647,F488/$F$647)} -> 0.018444412 | H488: {=_xlfn.IFS(A488=$P$24,G488*$Q$24,A488=$P$25,G488*$Q$25,A488=$P$26,G488*$Q$26,A488=$P$27,G488*$Q$27,A488=$P$28,G488*$Q$28,A488=$P$29,G488*$Q$29,A488=$P$30,G488*$Q$30,A488=$P$31,G488*$Q$31)} -> 7181925 | I488: =SUM(H488,E488) -> 7181925 | J488: =SUM(I488,D488) -> 7697480
A489: 2021 | B489: 001100 | C489: Gilmer County Board of Education | D489: 31609 | F489: =D489 -> 31609 | G489: {=_xlfn.IFS(A489=$E$640,F489/$F$640,A489=$E$641,F489/$F$641,A489=$E$641,F489/$F$641,A489=$E$642,F489/$F$642,A489=$E$643,F489/$F$643,A489=$E$644,F489/$F$644,A489=$E$645,F489/$F$645,A489=$E$646,F489/$F$646,A489=$E$647,F489/$F$647)} -> 0.0011308384 | H489: {=_xlfn.IFS(A489=$P$24,G489*$Q$24,A489=$P$25,G489*$Q$25,A489=$P$26,G489*$Q$26,A489=$P$27,G489*$Q$27,A489=$P$28,G489*$Q$28,A489=$P$29,G489*$Q$29,A489=$P$30,G489*$Q$30,A489=$P$31,G489*$Q$31)} -> 440328.32 | I489: =SUM(H489,E489) -> 440328.32 | J489: =SUM(I489,D489) -> 471937.32
A490: 2021 | B490: 001200 | C490: Grant County Board of Education | D490: 36969 | F490: =D490 -> 36969 | G490: {=_xlfn.IFS(A490=$E$640,F490/$F$640,A490=$E$641,F490/$F$641,A490=$E$641,F490/$F$641,A490=$E$642,F490/$F$642,A490=$E$643,F490/$F$643,A490=$E$644,F490/$F$644,A490=$E$645,F490/$F$645,A490=$E$646,F490/$F$646,A490=$E$647,F490/$F$647)} -> 0.0013225969 | H490: {=_xlfn.IFS(A490=$P$24,G490*$Q$24,A490=$P$25,G490*$Q$25,A490=$P$26,G490*$Q$26,A490=$P$27,G490*$Q$27,A490=$P$28,G490*$Q$28,A490=$P$29,G490*$Q$29,A490=$P$30,G490*$Q$30,A490=$P$31,G490*$Q$31)} -> 514995.66 | I490: =SUM(H490,E490) -> 514995.66 | J490: =SUM(I490,D490) -> 551964.66
... A559: 2021 | B559: ESC006 | C559: Mountain State Educational Services Cooperative | D559: 419482 | F559: =D559 -> 419482 | G559: {=_xlfn.IFS(A559=$E$640,F559/$F$640,A559=$E$641,F559/$F$641,A559=$E$641,F559/$F$641,A559=$E$642,F559/$F$642,A559=$E$643,F559/$F$643,A559=$E$644,F559/$F$644,A559=$E$645,F559/$F$645,A559=$E$646,F559/$F$646,A559=$E$647,F559/$F$647)} -> 0.01500732 | H559: {=_xlfn.IFS(A559=$P$24,G559*$Q$24,A559=$P$25,G559*$Q$25,A559=$P$26,G559*$Q$26,A559=$P$27,G559*$Q$27,A559=$P$28,G559*$Q$28,A559=$P$29,G559*$Q$29,A559=$P$30,G559*$Q$30,A559=$P$31,G559*$Q$31)} -> 5843582.7 | I559: =SUM(H559,E559) -> 5843582.7 | J559: =SUM(I559,D559) -> 6263064.7
A560: 2022 | B560: 000100 | C560: Barbour County Board of Education | D560: 110665 | E560: 16240 | F560: 126905 | G560: {=_xlfn.IFS(A560=$E$640,F560/$F$640,A560=$E$641,F560/$F$641,A560=$E$641,F560/$F$641,A560=$E$642,F560/$F$642,A560=$E$643,F560/$F$643,A560=$E$644,F560/$F$644,A560=$E$645,F560/$F$645,A560=$E$646,F560/$F$646,A560=$E$647,F560/$F$647)} -> 0.0036395551 | H560: {=_xlfn.IFS(A560=$P$24,G560*$Q$24,A560=$P$25,G560*$Q$25,A560=$P$26,G560*$Q$26,A560=$P$27,G560*$Q$27,A560=$P$28,G560*$Q$28,A560=$P$29,G560*$Q$29,A560=$P$30,G560*$Q$30,A560=$P$31,G560*$Q$31)} -> 1631018.3 | I560: =SUM(H560,E560) -> 1647258.3 | J560: =SUM(I560,D560) -> 1757923.3
A561: 2022 | B561: 000200 | C561: Berkeley County Board of Education | D561: 1149570 | E561: 168700 | F561: 1318270 | G561: {=_xlfn.IFS(A561=$E$640,F561/$F$640,A561=$E$641,F561/$F$641,A561=$E$641,F561/$F$641,A561=$E$642,F561/$F$642,A561=$E$643,F561/$F$643,A561=$E$644,F561/$F$644,A561=$E$645,F561/$F$645,A561=$E$646,F561/$F$646,A561=$E$647,F561/$F$647)} -> 0.037807149 | H561: {=_xlfn.IFS(A561=$P$24,G561*$Q$24,A561=$P$25,G561*$Q$25,A561=$P$26,G561*$Q$26,A561=$P$27,G561*$Q$27,A561=$P$28,G561*$Q$28,A561=$P$29,G561*$Q$29,A561=$P$30,G561*$Q$30,A561=$P$31,G561*$Q$31)} -> 16942772 | I561: =SUM(H561,E561) -> 17111472 | J561: =SUM(I561,D561) -> 18261042
A562: 2022 | B562: 000300 | C562: Boone County Board of Education | D562: 324273 | E562: 47587 | F562: 371860 | G562: {=_xlfn.IFS(A562=$E$640,F562/$F$640,A562=$E$641,F562/$F$641,A562=$E$641,F562/$F$641,A562=$E$642,F562/$F$642,A562=$E$643,F562/$F$643,A562=$E$644,F562/$F$644,A562=$E$645,F562/$F$645,A562=$E$646,F562/$F$646,A562=$E$647,F562/$F$647)} -> 0.010664709 | H562: {=_xlfn.IFS(A562=$P$24,G562*$Q$24,A562=$P$25,G562*$Q$25,A562=$P$26,G562*$Q$26,A562=$P$27,G562*$Q$27,A562=$P$28,G562*$Q$28,A562=$P$29,G562*$Q$29,A562=$P$30,G562*$Q$30,A562=$P$31,G562*$Q$31)} -> 4779248 | I562: =SUM(H562,E562) -> 4826835 | J562: =SUM(I562,D562) -> 5151108
A563: 2022 | B563: 000400 | C563: Braxton County Board of Education | D563: 146489 | E563: 21497 | F563: 167986 | G563: {=_xlfn.IFS(A563=$E$640,F563/$F$640,A563=$E$641,F563/$F$641,A563=$E$641,F563/$F$641,A563=$E$642,F563/$F$642,A563=$E$643,F563/$F$643,A563=$E$644,F563/$F$644,A563=$E$645,F563/$F$645,A563=$E$646,F563/$F$646,A563=$E$647,F563/$F$647)} -> 0.0048177322 | H563: {=_xlfn.IFS(A563=$P$24,G563*$Q$24,A563=$P$25,G563*$Q$25,A563=$P$26,G563*$Q$26,A563=$P$27,G563*$Q$27,A563=$P$28,G563*$Q$28,A563=$P$29,G563*$Q$29,A563=$P$30,G563*$Q$30,A563=$P$31,G563*$Q$31)} -> 2159002.7 | I563: =SUM(H563,E563) -> 2180499.7 | J563: =SUM(I563,D563) -> 2326988.7
A564: 2022 | B564: 000500 | C564: Brooke County Board of Education | D564: 471494 | E564: 69192 | F564: 540686 | G564: {=_xlfn.IFS(A564=$E$640,F564/$F$640,A564=$E$641,F564/$F$641,A564=$E$641,F564/$F$641,A564=$E$642,F564/$F$642,A564=$E$643,F564/$F$643,A564=$E$644,F564/$F$644,A564=$E$645,F564/$F$645,A564=$E$646,F564/$F$646,A564=$E$647,F564/$F$647)} -> 0.015506532 | H564: {=_xlfn.IFS(A564=$P$24,G564*$Q$24,A564=$P$25,G564*$Q$25,A564=$P$26,G564*$Q$26,A564=$P$27,G564*$Q$27,A564=$P$28,G564*$Q$28,A564=$P$29,G564*$Q$29,A564=$P$30,G564*$Q$30,A564=$P$31,G564*$Q$31)} -> 6949046.6 | I564: =SUM(H564,E564) -> 7018238.6 | J564: =SUM(I564,D564) -> 7489732.6
A565: 2022 | B565: 000600 | C565: Cabell County Board of Education | D565: 1495028 | E565: 219395 | F565: 1714423 | G565: {=_xlfn.IFS(A565=$E$640,F565/$F$640,A565=$E$641,F565/$F$641,A565=$E$641,F565/$F$641,A565=$E$642,F565/$F$642,A565=$E$643,F565/$F$643,A565=$E$644,F565/$F$644,A565=$E$645,F565/$F$645,A565=$E$646,F565/$F$646,A565=$E$647,F565/$F$647)} -> 0.049168567 | H565: {=_xlfn.IFS(A565=$P$24,G565*$Q$24,A565=$P$25,G565*$Q$25,A565=$P$26,G565*$Q$26,A565=$P$27,G565*$Q$27,A565=$P$28,G565*$Q$28,A565=$P$29,G565*$Q$29,A565=$P$30,G565*$Q$30,A565=$P$31,G565*$Q$31)} -> 22034240 | I565: =SUM(H565,E565) -> 22253635 | J565: =SUM(I565,D565) -> 23748663
A566: 2022 | B566: 000700 | C566: Calhoun County Board of Education | D566: 80698 | E566: 11842 | F566: 92540 | G566: {=_xlfn.IFS(A566=$E$640,F566/$F$640,A566=$E$641,F566/$F$641,A566=$E$641,F566/$F$641,A566=$E$642,F566/$F$642,A566=$E$643,F566/$F$643,A566=$E$644,F566/$F$644,A566=$E$645,F566/$F$645,A566=$E$646,F566/$F$646,A566=$E$647,F566/$F$647)} -> 0.0026539886 | H566: {=_xlfn.IFS(A566=$P$24,G566*$Q$24,A566=$P$25,G566*$Q$25,A566=$P$26,G566*$Q$26,A566=$P$27,G566*$Q$27,A566=$P$28,G566*$Q$28,A566=$P$29,G566*$Q$29,A566=$P$30,G566*$Q$30,A566=$P$31,G566*$Q$31)} -> 1189349.8 | I566: =SUM(H566,E566) -> 1201191.8 | J566: =SUM(I566,D566) -> 1281889.8
A567: 2022 | B567: 000800 | C567: Clay County Board of Education | D567: 168370 | E567: 24708 | F567: 193078 | G567: {=_xlfn.IFS(A567=$E$640,F567/$F$640,A567=$E$641,F567/$F$641,A567=$E$641,F567/$F$641,A567=$E$642,F567/$F$642,A567=$E$643,F567/$F$643,A567=$E$644,F567/$F$644,A567=$E$645,F567/$F$645,A567=$E$646,F567/$F$646,A567=$E$647,F567/$F$647)} -> 0.0055373548 | H567: {=_xlfn.IFS(A567=$P$24,G567*$Q$24,A567=$P$25,G567*$Q$25,A567=$P$26,G567*$Q$26,A567=$P$27,G567*$Q$27,A567=$P$28,G567*$Q$28,A567=$P$29,G567*$Q$29,A567=$P$30,G567*$Q$30,A567=$P$31,G567*$Q$31)} -> 2481492.1 | I567: =SUM(H567,E567) -> 2506200.1 | J567: =SUM(I567,D567) -> 2674570.1
A568: 2022 | B568: 000900 | C568: Doddridge County Board of Education | D568: 358987 | E568: 52682 | F568: 411669 | G568: {=_xlfn.IFS(A568=$E$640,F568/$F$640,A568=$E$641,F568/$F$641,A568=$E$641,F568/$F$641,A568=$E$642,F568/$F$642,A568=$E$643,F568/$F$643,A568=$E$644,F568/$F$644,A568=$E$645,F568/$F$645,A568=$E$646,F568/$F$646,A568=$E$647,F568/$F$647)} -> 0.011806406 | H568: {=_xlfn.IFS(A568=$P$24,G568*$Q$24,A568=$P$25,G568*$Q$25,A568=$P$26,G568*$Q$26,A568=$P$27,G568*$Q$27,A568=$P$28,G568*$Q$28,A568=$P$29,G568*$Q$29,A568=$P$30,G568*$Q$30,A568=$P$31,G568*$Q$31)} -> 5290884.3 | I568: =SUM(H568,E568) -> 5343566.3 | J568: =SUM(I568,D568) -> 5702553.3
A569: 2022 | B569: 001000 | C569: Fayette County Board of Education | D569: 668147 | E569: 98050 | F569: 766197 | G569: {=_xlfn.IFS(A569=$E$640,F569/$F$640,A569=$E$641,F569/$F$641,A569=$E$641,F569/$F$641,A569=$E$642,F569/$F$642,A569=$E$643,F569/$F$643,A569=$E$644,F569/$F$644,A569=$E$645,F569/$F$645,A569=$E$646,F569/$F$646,A569=$E$647,F569/$F$647)} -> 0.021974045 | H569: {=_xlfn.IFS(A569=$P$24,G569*$Q$24,A569=$P$25,G569*$Q$25,A569=$P$26,G569*$Q$26,A569=$P$27,G569*$Q$27,A569=$P$28,G569*$Q$28,A569=$P$29,G569*$Q$29,A569=$P$30,G569*$Q$30,A569=$P$31,G569*$Q$31)} -> 9847376.6 | I569: =SUM(H569,E569) -> 9945426.6 | J569: =SUM(I569,D569) -> 10613574
A570: 2022 | B570: 001100 | C570: Gilmer County Board of Education | D570: 102753 | E570: 15079 | F570: 117832 | G570: {=_xlfn.IFS(A570=$E$640,F570/$F$640,A570=$E$641,F570/$F$641,A570=$E$641,F570/$F$641,A570=$E$642,F570/$F$642,A570=$E$643,F570/$F$643,A570=$E$644,F570/$F$644,A570=$E$645,F570/$F$645,A570=$E$646,F570/$F$646,A570=$E$647,F570/$F$647)} -> 0.0033793472 | H570: {=_xlfn.IFS(A570=$P$24,G570*$Q$24,A570=$P$25,G570*$Q$25,A570=$P$26,G570*$Q$26,A570=$P$27,G570*$Q$27,A570=$P$28,G570*$Q$28,A570=$P$29,G570*$Q$29,A570=$P$30,G570*$Q$30,A570=$P$31,G570*$Q$31)} -> 1514409.6 | I570: =SUM(H570,E570) -> 1529488.6 | J570: =SUM(I570,D570) -> 1632241.6
A571: 2022 | B571: 001200 | C571: Grant County Board of Education | D571: 112771 | E571: 16549 | F571: 129320 | G571: {=_xlfn.IFS(A571=$E$640,F571/$F$640,A571=$E$641,F571/$F$641,A571=$E$641,F571/$F$641,A571=$E$642,F571/$F$642,A571=$E$643,F571/$F$643,A571=$E$644,F571/$F$644,A571=$E$645,F571/$F$645,A571=$E$646,F571/$F$646,A571=$E$647,F571/$F$647)} -> 0.0037088157 | H571: {=_xlfn.IFS(A571=$P$24,G571*$Q$24,A571=$P$25,G571*$Q$25,A571=$P$26,G571*$Q$26,A571=$P$27,G571*$Q$27,A571=$P$28,G571*$Q$28,A571=$P$29,G571*$Q$29,A571=$P$30,G571*$Q$30,A571=$P$31,G571*$Q$31)} -> 1662056.6 | I571: =SUM(H571,E571) -> 1678605.6 | J571: =SUM(I571,D571) -> 1791376.6
... A638: 2022 | B638: ESC006 | C638: Mountain State Educational Services Cooperative | D638: 641962 | E638: 94208 | F638: 736170 | G638: {=_xlfn.IFS(A638=$E$640,F638/$F$640,A638=$E$641,F638/$F$641,A638=$E$641,F638/$F$641,A638=$E$642,F638/$F$642,A638=$E$643,F638/$F$643,A638=$E$644,F638/$F$644,A638=$E$645,F638/$F$645,A638=$E$646,F638/$F$646,A638=$E$647,F638/$F$647)} -> 0.02111289 | H638: {=_xlfn.IFS(A638=$P$24,G638*$Q$24,A638=$P$25,G638*$Q$25,A638=$P$26,G638*$Q$26,A638=$P$27,G638*$Q$27,A638=$P$28,G638*$Q$28,A638=$P$29,G638*$Q$29,A638=$P$30,G638*$Q$30,A638=$P$31,G638*$Q$31)} -> 9461461.3 | I638: =SUM(H638,E638) -> 9555669.3 | J638: =SUM(I638,D638) -> 10197631
E640: 2015 | F640: =SUMIF(A2:A638,E640,F2:F638) -> 32187981
E641: 2016 | F641: =SUMIF(A3:A639,E641,F3:F639) -> 33472070
E642: 2017 | F642: =SUMIF(A4:A640,E642,F4:F640) -> 32248506
E643: 2018 | F643: =SUMIF(A5:A641,E643,F5:F641) -> 29107545
E644: 2019 | F644: =SUMIF(A6:A642,E644,F6:F642) -> 32385454
E645: 2020 | F645: =SUMIF(A7:A643,E645,F7:F643) -> 30945616
E646: 2021 | F646: =SUMIF(A8:A644,E646,F8:F644) -> 27951827
E647: 2022 | F647: =SUMIF(A9:A645,E647,F9:F645) -> 34868273

Sheet NCES Match -->

Sheet Match
A1: District Name | B1: LEAID
A2: Barbour County Board of Education | B2: 5400030
A3: Eastern Panhandle Intructional Cooperative | B3: 5400058
A4: Southern Educational Services Cooperative | B4: 5400059
A5: Berkeley County Board of Education | B5: 5400060
A6: Mountain State Educational Services Cooperative | B6: 5400061
A7: Boone County Board of Education | B7: 5400090
A8: Braxton County Board of Education | B8: 5400120
A9: Brooke County Board of Education | B9: 5400150
A10: Cabell County Board of Education | B10: 5400180
A11: Calhoun County Board of Education | B11: 5400210
A12: Clay County Board of Education | B12: 5400240
A13: Doddridge County Board of Education | B13: 5400270
... A60: Wyoming County Board of Education | B60: 5401650
A61: Blue Ridge Community and Technical College
A62: Bluefield State College
A63: Bridge Valley Community & Technical College
A64: Concord University
A65: Fairmont State University
A66: Glenville State College
A67: Marshall University
A68: Marshall University Research Corp
A69: Mountwest Community and Technical College
A70: New River Community and Technical College
A71: Pierpont Community & Technical College
A72: River Valley Child Development Services
... A84: West Virginia University at Parkersburg
