Workbook

Sheet Final Data
A1: LEAID | B1: Year | C1: state | D1: state_abv | E1: plan | F1: district_name2 | G1: employer_code | H1: district_name | I1: district_contributions | J1: State Contributions
A2: 2733840 | B2: 2015 | C2: Minnesota | D2: MN | E2: Minnesota Teacher's Retirement Association | H2: St Paul - ISD #625 | I2: 31316000 | J2: 15665000
A3: 2733840 | B3: 2016 | C3: Minnesota | D3: MN | E3: Minnesota Teacher's Retirement Association | H3: St Paul - ISD #625 | I3: 34139000 | J3: 15665000
A4: 2733840 | B4: 2017 | C4: Minnesota | D4: MN | E4: Minnesota Teacher's Retirement Association | H4: St Paul - ISD #625 | I4: 35251000 | J4: 15665000
A5: 2733840 | B5: 2018 | C5: Minnesota | D5: MN | E5: Minnesota Teacher's Retirement Association | H5: St Paul - ISD #625 | I5: 39070000 | J5: 15665000
A6: 2733840 | B6: 2019 | C6: Minnesota | D6: MN | E6: Minnesota Teacher's Retirement Association | H6: St Paul - ISD #625 | I6: 26046000 | J6: 10665000
A7: 2733840 | B7: 2020 | C7: Minnesota | D7: MN | E7: Minnesota Teacher's Retirement Association | H7: St Paul - ISD #625 | I7: 26563000 | J7: 10665000
A8: 2733840 | B8: 2021 | C8: Minnesota | D8: MN | E8: Minnesota Teacher's Retirement Association | H8: St Paul - ISD #625 | I8: 27685000 | J8: 10665000
A9: 2733840 | B9: 2022 | C9: Minnesota | D9: MN | E9: Minnesota Teacher's Retirement Association | H9: St Paul - ISD #625 | I9: 28544000 | J9: 10665000
A10: 0 | B10: 2015 | C10: Minnesota | D10: MN | E10: Minnesota Teacher's Retirement Association | F10: City of Minneapolis | G10: CITY | H10: City of Minneapolis | I10: 2250000
A11: 0 | B11: 2016 | C11: Minnesota | D11: MN | E11: Minnesota Teacher's Retirement Association | F11: City of Minneapolis | G11: CITY | H11: City of Minneapolis | I11: 2250000
A12: 0 | B12: 2017 | C12: Minnesota | D12: MN | E12: Minnesota Teacher's Retirement Association | F12: City of Minneapolis | G12: CITY | H12: City of Minneapolis | I12: 2250000
A13: 0 | B13: 2018 | C13: Minnesota | D13: MN | E13: Minnesota Teacher's Retirement Association | F13: City of Minneapolis | G13: CITY | H13: City of Minneapolis | I13: 2250000
A14: 0 | B14: 2019 | C14: Minnesota | D14: MN | E14: Minnesota Teacher's Retirement Association | F14: City of Minneapolis | G14: CITY | H14: City of Minneapolis | I14: 2250000
A15: 0 | B15: 2020 | C15: Minnesota | D15: MN | E15: Minnesota Teacher's Retirement Association | F15: City of Minneapolis | G15: CITY | H15: City of Minneapolis | I15: 2250000
A16: 0 | B16: 2021 | C16: Minnesota | D16: MN | E16: Minnesota Teacher's Retirement Association | F16: City of Minneapolis | G16: CITY | H16: City of Minneapolis | I16: 2250000
A17: 0 | B17: 2022 | C17: Minnesota | D17: MN | E17: Minnesota Teacher's Retirement Association | F17: City of Minneapolis | G17: CITY | H17: City of Minneapolis | I17: 2250000
A18: 2721240 | B18: 2015 | C18: Minnesota | D18: MN | E18: Minnesota Teacher's Retirement Association | F18: Msp School District | G18: MSPSD | H18: Msp School District | I18: 2250000
A19: 2721240 | B19: 2016 | C19: Minnesota | D19: MN | E19: Minnesota Teacher's Retirement Association | F19: Msp School District | G19: MSPSD | H19: Msp School District | I19: 2250000
A20: 2721240 | B20: 2017 | C20: Minnesota | D20: MN | E20: Minnesota Teacher's Retirement Association | F20: Msp School District | G20: MSPSD | H20: Msp School District | I20: 2250000
A21: 2721240 | B21: 2018 | C21: Minnesota | D21: MN | E21: Minnesota Teacher's Retirement Association | F21: Msp School District | G21: MSPSD | H21: Msp School District | I21: 2250000
... A25: 2721240 | B25: 2022 | C25: Minnesota | D25: MN | E25: Minnesota Teacher's Retirement Association | F25: Msp School District | G25: MSPSD | H25: Msp School District | I25: 2250000
A26: 2702760 | B26: 2015 | C26: Minnesota | D26: MN | E26: Minnesota Teacher's Retirement Association | F26: Aitkin - ISD #1 | G26: 00001 | H26: Aitkin - ISD #1 | I26: 378937 | J26: {=_xlfn.IFS(B26=2015,K26*$H$4790,B26=2016,K26*$H$4791,B26=2017,K26*$H$4792,B26=2018,K26*$H$4793,B26=2019,K26*$H$4794,B26=2020,K26*$H$4795,B26=2021,K26*$H$4796,B26=2022,K26*$H$4797)} -> 41448.428 | K26: {=_xlfn.IFS(B26=2015,I26/$I$4810,B26=2016,I26/$I$4811,B26=2017,I26/$I$4812,B26=2018,I26/$I$4813,B26=2019,I26/$I$4814,B26=2020,I26/$I$4815,B26=2021,I26/$I$4816,B26=2022,I26/$I$4817)} -> 0.0011175875
A27: 2702760 | B27: 2016 | C27: Minnesota | D27: MN | E27: Minnesota Teacher's Retirement Association | F27: Aitkin - ISD #1 | G27: 00001 | H27: Aitkin - ISD #1 | I27: 388846 | J27: {=_xlfn.IFS(B27=2015,K27*$H$4790,B27=2016,K27*$H$4791,B27=2017,K27*$H$4792,B27=2018,K27*$H$4793,B27=2019,K27*$H$4794,B27=2020,K27*$H$4795,B27=2021,K27*$H$4796,B27=2022,K27*$H$4797)} -> 34095.056 | K27: {=_xlfn.IFS(B27=2015,I27/$I$4810,B27=2016,I27/$I$4811,B27=2017,I27/$I$4812,B27=2018,I27/$I$4813,B27=2019,I27/$I$4814,B27=2020,I27/$I$4815,B27=2021,I27/$I$4816,B27=2022,I27/$I$4817)} -> 0.001096748
A28: 2702760 | B28: 2017 | C28: Minnesota | D28: MN | E28: Minnesota Teacher's Retirement Association | F28: Aitkin - ISD #1 | G28: 00001 | H28: Aitkin - ISD #1 | I28: 422156 | J28: {=_xlfn.IFS(B28=2015,K28*$H$4790,B28=2016,K28*$H$4791,B28=2017,K28*$H$4792,B28=2018,K28*$H$4793,B28=2019,K28*$H$4794,B28=2020,K28*$H$4795,B28=2021,K28*$H$4796,B28=2022,K28*$H$4797)} -> 35648.244 | K28: {=_xlfn.IFS(B28=2015,I28/$I$4810,B28=2016,I28/$I$4811,B28=2017,I28/$I$4812,B28=2018,I28/$I$4813,B28=2019,I28/$I$4814,B28=2020,I28/$I$4815,B28=2021,I28/$I$4816,B28=2022,I28/$I$4817)} -> 0.00114671
A29: 2702760 | B29: 2018 | C29: Minnesota | D29: MN | E29: Minnesota Teacher's Retirement Association | F29: Aitkin - ISD #1 | G29: 00001 | H29: Aitkin - ISD #1 | I29: 430646 | J29: {=_xlfn.IFS(B29=2015,K29*$H$4790,B29=2016,K29*$H$4791,B29=2017,K29*$H$4792,B29=2018,K29*$H$4793,B29=2019,K29*$H$4794,B29=2020,K29*$H$4795,B29=2021,K29*$H$4796,B29=2022,K29*$H$4797)} -> 35344.196 | K29: {=_xlfn.IFS(B29=2015,I29/$I$4810,B29=2016,I29/$I$4811,B29=2017,I29/$I$4812,B29=2018,I29/$I$4813,B29=2019,I29/$I$4814,B29=2020,I29/$I$4815,B29=2021,I29/$I$4816,B29=2022,I29/$I$4817)} -> 0.0011369296
A30: 2702760 | B30: 2019 | C30: Minnesota | D30: MN | E30: Minnesota Teacher's Retirement Association | F30: Aitkin - ISD #1 | G30: 00001 | H30: Aitkin - ISD #1 | I30: 430556 | J30: {=_xlfn.IFS(B30=2015,K30*$H$4790,B30=2016,K30*$H$4791,B30=2017,K30*$H$4792,B30=2018,K30*$H$4793,B30=2019,K30*$H$4794,B30=2020,K30*$H$4795,B30=2021,K30*$H$4796,B30=2022,K30*$H$4797)} -> 33285.241 | K30: {=_xlfn.IFS(B30=2015,I30/$I$4810,B30=2016,I30/$I$4811,B30=2017,I30/$I$4812,B30=2018,I30/$I$4813,B30=2019,I30/$I$4814,B30=2020,I30/$I$4815,B30=2021,I30/$I$4816,B30=2022,I30/$I$4817)} -> 0.0010706984
A31: 2702760 | B31: 2020 | C31: Minnesota | D31: MN | E31: Minnesota Teacher's Retirement Association | F31: Aitkin - ISD #1 | G31: 00001 | H31: Aitkin - ISD #1 | I31: 465244 | J31: {=_xlfn.IFS(B31=2015,K31*$H$4790,B31=2016,K31*$H$4791,B31=2017,K31*$H$4792,B31=2018,K31*$H$4793,B31=2019,K31*$H$4794,B31=2020,K31*$H$4795,B31=2021,K31*$H$4796,B31=2022,K31*$H$4797)} -> 34058.456 | K31: {=_xlfn.IFS(B31=2015,I31/$I$4810,B31=2016,I31/$I$4811,B31=2017,I31/$I$4812,B31=2018,I31/$I$4813,B31=2019,I31/$I$4814,B31=2020,I31/$I$4815,B31=2021,I31/$I$4816,B31=2022,I31/$I$4817)} -> 0.0010955707
A32: 2702760 | B32: 2021 | C32: Minnesota | D32: MN | E32: Minnesota Teacher's Retirement Association | F32: Aitkin - ISD #1 | G32: 00001 | H32: Aitkin - ISD #1 | I32: 494582 | J32: {=_xlfn.IFS(B32=2015,K32*$H$4790,B32=2016,K32*$H$4791,B32=2017,K32*$H$4792,B32=2018,K32*$H$4793,B32=2019,K32*$H$4794,B32=2020,K32*$H$4795,B32=2021,K32*$H$4796,B32=2022,K32*$H$4797)} -> 36751.731 | K32: {=_xlfn.IFS(B32=2015,I32/$I$4810,B32=2016,I32/$I$4811,B32=2017,I32/$I$4812,B32=2018,I32/$I$4813,B32=2019,I32/$I$4814,B32=2020,I32/$I$4815,B32=2021,I32/$I$4816,B32=2022,I32/$I$4817)} -> 0.001102329
A33: 2702760 | B33: 2022 | C33: Minnesota | D33: MN | E33: Minnesota Teacher's Retirement Association | F33: Aitkin - ISD #1 | G33: 00001 | H33: Aitkin - ISD #1 | I33: 505855 | J33: {=_xlfn.IFS(B33=2015,K33*$H$4790,B33=2016,K33*$H$4791,B33=2017,K33*$H$4792,B33=2018,K33*$H$4793,B33=2019,K33*$H$4794,B33=2020,K33*$H$4795,B33=2021,K33*$H$4796,B33=2022,K33*$H$4797)} -> 32770.234 | K33: {=_xlfn.IFS(B33=2015,I33/$I$4810,B33=2016,I33/$I$4811,B33=2017,I33/$I$4812,B33=2018,I33/$I$4813,B33=2019,I33/$I$4814,B33=2020,I33/$I$4815,B33=2021,I33/$I$4816,B33=2022,I33/$I$4817)} -> 0.0010540205
A34: 2714010 | B34: 2015 | C34: Minnesota | D34: MN | E34: Minnesota Teacher's Retirement Association | F34: Hill City - ISD #2 | G34: 00002 | H34: Hill City - ISD #2 | I34: 128202 | J34: {=_xlfn.IFS(B34=2015,K34*$H$4790,B34=2016,K34*$H$4791,B34=2017,K34*$H$4792,B34=2018,K34*$H$4793,B34=2019,K34*$H$4794,B34=2020,K34*$H$4795,B34=2021,K34*$H$4796,B34=2022,K34*$H$4797)} -> 14022.836 | K34: {=_xlfn.IFS(B34=2015,I34/$I$4810,B34=2016,I34/$I$4811,B34=2017,I34/$I$4812,B34=2018,I34/$I$4813,B34=2019,I34/$I$4814,B34=2020,I34/$I$4815,B34=2021,I34/$I$4816,B34=2022,I34/$I$4817)} -> 0.00037810231
A35: 2714010 | B35: 2016 | C35: Minnesota | D35: MN | E35: Minnesota Teacher's Retirement Association | F35: Hill City - ISD #2 | G35: 00002 | H35: Hill City - ISD #2 | I35: 129584 | J35: {=_xlfn.IFS(B35=2015,K35*$H$4790,B35=2016,K35*$H$4791,B35=2017,K35*$H$4792,B35=2018,K35*$H$4793,B35=2019,K35*$H$4794,B35=2020,K35*$H$4795,B35=2021,K35*$H$4796,B35=2022,K35*$H$4797)} -> 11362.271 | K35: {=_xlfn.IFS(B35=2015,I35/$I$4810,B35=2016,I35/$I$4811,B35=2017,I35/$I$4812,B35=2018,I35/$I$4813,B35=2019,I35/$I$4814,B35=2020,I35/$I$4815,B35=2021,I35/$I$4816,B35=2022,I35/$I$4817)} -> 0.0003654943
A36: 2714010 | B36: 2017 | C36: Minnesota | D36: MN | E36: Minnesota Teacher's Retirement Association | F36: Hill City - ISD #2 | G36: 00002 | H36: Hill City - ISD #2 | I36: 136806 | J36: {=_xlfn.IFS(B36=2015,K36*$H$4790,B36=2016,K36*$H$4791,B36=2017,K36*$H$4792,B36=2018,K36*$H$4793,B36=2019,K36*$H$4794,B36=2020,K36*$H$4795,B36=2021,K36*$H$4796,B36=2022,K36*$H$4797)} -> 11552.349 | K36: {=_xlfn.IFS(B36=2015,I36/$I$4810,B36=2016,I36/$I$4811,B36=2017,I36/$I$4812,B36=2018,I36/$I$4813,B36=2019,I36/$I$4814,B36=2020,I36/$I$4815,B36=2021,I36/$I$4816,B36=2022,I36/$I$4817)} -> 0.00037160862
A37: 2714010 | B37: 2018 | C37: Minnesota | D37: MN | E37: Minnesota Teacher's Retirement Association | F37: Hill City - ISD #2 | G37: 00002 | H37: Hill City - ISD #2 | I37: 143777 | J37: {=_xlfn.IFS(B37=2015,K37*$H$4790,B37=2016,K37*$H$4791,B37=2017,K37*$H$4792,B37=2018,K37*$H$4793,B37=2019,K37*$H$4794,B37=2020,K37*$H$4795,B37=2021,K37*$H$4796,B37=2022,K37*$H$4797)} -> 11800.139 | K37: {=_xlfn.IFS(B37=2015,I37/$I$4810,B37=2016,I37/$I$4811,B37=2017,I37/$I$4812,B37=2018,I37/$I$4813,B37=2019,I37/$I$4814,B37=2020,I37/$I$4815,B37=2021,I37/$I$4816,B37=2022,I37/$I$4817)} -> 0.00037957934
... A4786: 2721240 | B4786: 2022 | C4786: Minnesota | D4786: MN | E4786: Minnesota Teacher's Retirement Association | F4786: Minneapolis - Special School Dist #1 | G4786: S0001 | H4786: Minneapolis - Special School Dist #1 | I4786: 32663945 | J4786: {=_xlfn.IFS(B4786=2015,K4786*$H$4790,B4786=2016,K4786*$H$4791,B4786=2017,K4786*$H$4792,B4786=2018,K4786*$H$4793,B4786=2019,K4786*$H$4794,B4786=2020,K4786*$H$4795,B4786=2021,K4786*$H$4796,B4786=2022,K4786*$H$4797)} -> 2116031.5 | K4786: {=_xlfn.IFS(B4786=2015,I4786/$I$4810,B4786=2016,I4786/$I$4811,B4786=2017,I4786/$I$4812,B4786=2018,I4786/$I$4813,B4786=2019,I4786/$I$4814,B4786=2020,I4786/$I$4815,B4786=2021,I4786/$I$4816,B4786=2022,I4786/$I$4817)} -> 0.068059953
J4789: Check - State Contributions | L4789: Check - Proportions
G4790: 2015 | H4790: 37087411 | I4790: 2015 | J4790: =SUMIF($B$26:$B$4786,I4790,$J$26:$J$4786) -> 37087411 | K4790: =H4790=J4790 -> TRUE | L4790: 2015 | M4790: =SUMIF(B26:B4786,L4790,K26:K4786) -> 1
G4791: 2016 | H4791: 31087410 | I4791: 2016 | J4791: =SUMIF($B$26:$B$4786,I4791,$J$26:$J$4786) -> 31087410 | K4791: =H4791=J4791 -> TRUE | L4791: 2016 | M4791: =SUMIF(B27:B4787,L4791,K27:K4787) -> 1
G4792: 2017 | H4792: 31087410 | I4792: 2017 | J4792: =SUMIF($B$26:$B$4786,I4792,$J$26:$J$4786) -> 31087410 | K4792: =H4792=J4792 -> TRUE | L4792: 2017 | M4792: =SUMIF(B28:B4788,L4792,K28:K4788) -> 1
G4793: 2018 | H4793: 31087410 | I4793: 2018 | J4793: =SUMIF($B$26:$B$4786,I4793,$J$26:$J$4786) -> 31087410 | K4793: =H4793=J4793 -> TRUE | L4793: 2018 | M4793: =SUMIF(B29:B4789,L4793,K29:K4789) -> 1
G4794: 2019 | H4794: 31087410 | I4794: 2019 | J4794: =SUMIF($B$26:$B$4786,I4794,$J$26:$J$4786) -> 31087410 | K4794: =H4794=J4794 -> TRUE | L4794: 2019 | M4794: =SUMIF(B30:B4790,L4794,K30:K4790) -> 1
G4795: 2020 | H4795: 31087410 | I4795: 2020 | J4795: =SUMIF($B$26:$B$4786,I4795,$J$26:$J$4786) -> 31087410 | K4795: =H4795=J4795 -> TRUE | L4795: 2020 | M4795: =SUMIF(B31:B4791,L4795,K31:K4791) -> 1
G4796: 2021 | H4796: 33340073 | I4796: 2021 | J4796: =SUMIF($B$26:$B$4786,I4796,$J$26:$J$4786) -> 33340073 | K4796: =H4796=J4796 -> TRUE | L4796: 2021 | M4796: =SUMIF(B32:B4792,L4796,K32:K4792) -> 1
G4797: 2022 | H4797: 31090699 | I4797: 2022 | J4797: =SUMIF($B$26:$B$4786,I4797,$J$26:$J$4786) -> 31090699 | K4797: =H4797=J4797 -> TRUE | L4797: 2022 | M4797: =SUMIF(B33:B4793,L4797,K33:K4793) -> 1
H4799: Current Summed Totals
G4800: 2015 | H4800: =SUMIF($B$10:$B$4786,G4800,$I$10:$I$4786)+H4790 -> 380654366
G4801: 2016 | H4801: =SUMIF($B$10:$B$4786,G4801,$I$10:$I$4786)+H4791 -> 390131928
G4802: 2017 | H4802: =SUMIF($B$10:$B$4786,G4802,$I$10:$I$4786)+H4792 -> 403732804
G4803: 2018 | H4803: =SUMIF($B$10:$B$4786,G4803,$I$10:$I$4786)+H4793 -> 414367247
G4804: 2019 | H4804: =SUMIF($B$10:$B$4786,G4804,$I$10:$I$4786)+H4794 -> 437713712
G4805: 2020 | H4805: =SUMIF($B$10:$B$4786,G4805,$I$10:$I$4786)+H4795 -> 460246440
G4806: 2021 | H4806: =SUMIF($B$10:$B$4786,G4806,$I$10:$I$4786)+H4796 -> 486510097
G4807: 2022 | H4807: =SUMIF($B$10:$B$4786,G4807,$I$10:$I$4786)+H4797 -> 515519697
H4809: GASB 68 Reported Figures | I4809: Subtracting Out Irrelevant Data | J4809: Check
G4810: 2015 | H4810: 380654366 | I4810: =SUMIF($B$26:$B$4786,G4810,$I$26:$I$4786) -> 339066955 | J4810: =I4810+H4790+4500000 -> 380654366 | K4810: =J4810=H4810 -> TRUE
G4811: 2016 | H4811: 390131928 | I4811: =SUMIF($B$26:$B$4786,G4811,$I$26:$I$4786) -> 354544518 | J4811: =I4811+H4791+4500000 -> 390131928 | K4811: =J4811=H4811 -> TRUE
G4812: 2017 | H4812: 403732797 | I4812: =SUMIF($B$26:$B$4786,G4812,$I$26:$I$4786) -> 368145394 | J4812: =I4812+H4792+4500000-7 -> 403732797 | K4812: =J4812=H4812 -> TRUE
G4813: 2018 | H4813: 414367247 | I4813: =SUMIF($B$26:$B$4786,G4813,$I$26:$I$4786) -> 378779837 | J4813: =I4813+H4793+4500000 -> 414367247 | K4813: =J4813=H4813 -> TRUE
G4814: 2019 | H4814: 437713712 | I4814: =SUMIF($B$26:$B$4786,G4814,$I$26:$I$4786) -> 402126302 | J4814: =I4814+H4794+4500000 -> 437713712 | K4814: =J4814=H4814 -> TRUE
G4815: 2020 | H4815: 460246440 | I4815: =SUMIF($B$26:$B$4786,G4815,$I$26:$I$4786) -> 424659030 | J4815: =I4815+H4795+4500000 -> 460246440 | K4815: =J4815=H4815 -> TRUE
G4816: 2021 | H4816: 486510097 | I4816: =SUMIF($B$26:$B$4786,G4816,$I$26:$I$4786) -> 448670024 | J4816: =I4816+H4796+4500000 -> 486510097 | K4816: =J4816=H4816 -> TRUE
G4817: 2022 | H4817: 515519697 | I4817: =SUMIF($B$26:$B$4786,G4817,$I$26:$I$4786) -> 479928998 | J4817: =I4817+H4797+4500000 -> 515519697 | K4817: =J4817=H4817 -> TRUE
H4819: Error
G4820: 2015 | H4820: =H4800-H4810 -> 0
G4821: 2016 | H4821: =H4801-H4811 -> 0
G4822: 2017 | H4822: =H4802-H4812 -> 7
G4823: 2018 | H4823: =H4803-H4813 -> 0
G4824: 2019 | H4824: =H4804-H4814 -> 0
G4825: 2020 | H4825: =H4805-H4815 -> 0
G4826: 2021 | H4826: =H4806-H4816 -> 0
G4827: 2022 | H4827: =H4807-H4817 -> 0

Sheet NCES LEAIDs
A1: district | B1: LEAID | C1: count
A2: Mountain Iron-Buhl - ISD #712 | B2: =VLOOKUP(A2,'Old Data'!$A$2:$B$530,2,FALSE) -> 2700001 | C2: =COUNTIF($B$2:$B$592,B2) -> 1
A3: United South Central - ISD #2134 | B3: =VLOOKUP(A3,'Old Data'!$A$2:$B$530,2,FALSE) -> 2700005 | C3: =COUNTIF($B$2:$B$592,B3) -> 1
A4: Maple River - ISD #2135 | B4: =VLOOKUP(A4,'Old Data'!$A$2:$B$530,2,FALSE) -> 2700006 | C4: =COUNTIF($B$2:$B$592,B4) -> 1
A5: Kingsland - ISD #2137 | B5: =VLOOKUP(A5,'Old Data'!$A$2:$B$530,2,FALSE) -> 2700007 | C5: =COUNTIF($B$2:$B$592,B5) -> 1
A6: St Louis County Schools - ISD # 2142 | B6: =VLOOKUP(A6,'Old Data'!$A$2:$B$530,2,FALSE) -> 2700008 | C6: =COUNTIF($B$2:$B$592,B6) -> 1
A7: Waterville-Elysian-Morristown ISD #2143 | B7: =VLOOKUP(A7,'Old Data'!$A$2:$B$530,2,FALSE) -> 2700013 | C7: =COUNTIF($B$2:$B$592,B7) -> 1
A8: Freshwater Education Dist # 6004 | B8: =VLOOKUP(A8,'Old Data'!$A$2:$B$530,2,FALSE) -> 2700014 | C8: =COUNTIF($B$2:$B$592,B8) -> 1
A9: St. Croix River Education District | B9: =VLOOKUP(A9,'Old Data'!$A$2:$B$530,2,FALSE) -> 2700015 | C9: =COUNTIF($B$2:$B$592,B9) -> 1
A10: Runestone Area Education Dist # 6014 | B10: =VLOOKUP(A10,'Old Data'!$A$2:$B$530,2,FALSE) -> 2700016 | C10: =COUNTIF($B$2:$B$592,B10) -> 1
A11: Chisago Lakes Area - ISD #2144 | B11: =VLOOKUP(A11,'Old Data'!$A$2:$B$530,2,FALSE) -> 2700017 | C11: =COUNTIF($B$2:$B$592,B11) -> 1
A12: Minnewaska Area - ISD #2149 | B12: =VLOOKUP(A12,'Old Data'!$A$2:$B$530,2,FALSE) -> 2700019 | C12: =COUNTIF($B$2:$B$592,B12) -> 1
A13: Eveleth-Gilbert - ISD #2154 | B13: =VLOOKUP(A13,'Old Data'!$A$2:$B$530,2,FALSE) -> 2700021 | C13: =COUNTIF($B$2:$B$592,B13) -> 1
A14: Wadena-Deer Creek - ISD #2155 | B14: =VLOOKUP(A14,'Old Data'!$A$2:$B$530,2,FALSE) -> 2700022 | C14: =COUNTIF($B$2:$B$592,B14) -> 1
A15: Buffalo Lake-Hector - ISD #2159 | B15: 2700023 | C15: =COUNTIF($B$2:$B$592,B15) -> 1
A16: Warren-Alvarado-Oslo - ISD #2176 | B16: =VLOOKUP(A16,'Old Data'!$A$2:$B$530,2,FALSE) -> 2700024 | C16: =COUNTIF($B$2:$B$592,B16) -> 1
A17: Interm School District #287 | B17: =VLOOKUP(A17,'Old Data'!$A$2:$B$530,2,FALSE) -> 2700025 | C17: =COUNTIF($B$2:$B$592,B17) -> 1
A18: Interm School District #917 | B18: =VLOOKUP(A18,'Old Data'!$A$2:$B$530,2,FALSE) -> 2700026 | C18: =COUNTIF($B$2:$B$592,B18) -> 1
A19: Cedar-Riverside Community School | B19: =VLOOKUP(A19,'Old Data'!$A$2:$B$530,2,FALSE) -> 2700027 | C19: =COUNTIF($B$2:$B$592,B19) -> 1
A20: Metro Deaf School | B20: =VLOOKUP(A20,'Old Data'!$A$2:$B$530,2,FALSE) -> 2700028 | C20: =COUNTIF($B$2:$B$592,B20) -> 1
A21: East Range Academy of Tech and Science | B21: 2700034 | C21: =COUNTIF($B$2:$B$592,B21) -> 1
A22: Wright Technical Ctr #966 | B22: =VLOOKUP(A22,'Old Data'!$A$2:$B$530,2,FALSE) -> 2700036 | C22: =COUNTIF($B$2:$B$592,B22) -> 1
A23: Pine to Prairie Coop Ctr #985 | B23: 2700038 | C23: =COUNTIF($B$2:$B$592,B23) -> 1
A24: Northwest Reg lntrdst Council #382 | B24: 2700039 | C24: =COUNTIF($B$2:$B$592,B24) -> 1
A25: Lake Agassiz Spec Ed Coop #397 | B25: =VLOOKUP(A25,'Old Data'!$A$2:$B$530,2,FALSE) -> 2700040 | C25: =COUNTIF($B$2:$B$592,B25) -> 1
A26: Midwest Spec Ed Coop #398 | B26: 2700041 | C26: =COUNTIF($B$2:$B$592,B26) -> 1
A27: Fergus Falls - ISD #544 | B27: 2711880 | C27: =COUNTIF($B$2:$B$592,B27) -> 1
A28: Fergus Falls Spec Ed Coop #935 | B28: 2700043 | C28: =COUNTIF($B$2:$B$592,B28) -> 1
A29: Meeker & Wright Spec Ed Coop #938 | B29: =VLOOKUP(A29,'Old Data'!$A$2:$B$530,2,FALSE) -> 2700045 | C29: =COUNTIF($B$2:$B$592,B29) -> 1
A30: Southern Plains #915 | B30: =VLOOKUP(A30,'Old Data'!$A$2:$B$530,2,FALSE) -> 2700046 | C30: =COUNTIF($B$2:$B$592,B30) -> 1
A31: MN Valley Coop Ctr #978 | B31: 2700047 | C31: =COUNTIF($B$2:$B$592,B31) -> 1
A32: Area Special Educ Coop #997 | B32: 2700050 | C32: =COUNTIF($B$2:$B$592,B32) -> 1
A33: Bemidji Reg Interdist Council #998 | B33: 2700051 | C33: =COUNTIF($B$2:$B$592,B33) -> 1
A34: Zumbro Education District #6012 | B34: =VLOOKUP(A34,'Old Data'!$A$2:$B$530,2,FALSE) -> 2700054 | C34: =COUNTIF($B$2:$B$592,B34) -> 1
A35: Hiawatha Valley Ed Dist # 6013 | B35: =VLOOKUP(A35,'Old Data'!$A$2:$B$530,2,FALSE) -> 2700055 | C35: =COUNTIF($B$2:$B$592,B35) -> 1
A36: MN Valley Educ Dist # 6027 | B36: =VLOOKUP(A36,'Old Data'!$A$2:$B$530,2,FALSE) -> 2700063 | C36: =COUNTIF($B$2:$B$592,B36) -> 1
A37: Benton-Stearns Educ Dist # 6383 | B37: =VLOOKUP(A37,'Old Data'!$A$2:$B$530,2,FALSE) -> 2700071 | C37: =COUNTIF($B$2:$B$592,B37) -> 1
A38: Midstate Educational Dist # 6979 | B38: =VLOOKUP(A38,'Old Data'!$A$2:$B$530,2,FALSE) -> 2700073 | C38: =COUNTIF($B$2:$B$592,B38) -> 1
A39: Southeast Service Coop #921 | B39: 2700079 | C39: =COUNTIF($B$2:$B$592,B39) -> 1
A40: South Central Serv Coop #922 | B40: 2700080 | C40: =COUNTIF($B$2:$B$592,B40) -> 1
A41: Resource Training and Solutions #923 | B41: 2700081 | C41: =COUNTIF($B$2:$B$592,B41) -> 1
A42: Sourcewell Technology #925 | B42: 2700082 | C42: =COUNTIF($B$2:$B$592,B42) -> 1
A43: Lakes Country Serv Coop #926 | B43: =VLOOKUP(A43,'Old Data'!$A$2:$B$530,2,FALSE) -> 2700083 | C43: =COUNTIF($B$2:$B$592,B43) -> 1
A44: Northeast Service Coop #927 | B44: 2700084 | C44: =COUNTIF($B$2:$B$592,B44) -> 1
A45: Northwest MN Service Co-op #928 | B45: 2700085 | C45: =COUNTIF($B$2:$B$592,B45) -> 1
A46: SW/W Central Service Cooperative #991 | B46: =VLOOKUP(A46,'Old Data'!$A$2:$B$530,2,FALSE) -> 2700086 | C46: =COUNTIF($B$2:$B$592,B46) -> 1
A47: Lakeview - ISD #2167 | B47: =VLOOKUP(A47,'Old Data'!$A$2:$B$530,2,FALSE) -> 2700088 | C47: =COUNTIF($B$2:$B$592,B47) -> 1
A48: NRHEG - ISO #2168 | B48: =VLOOKUP(A48,'Old Data'!$A$2:$B$530,2,FALSE) -> 2700089 | C48: =COUNTIF($B$2:$B$592,B48) -> 2
A49: NRHEG - ISD #2168 | B49: 2700089 | C49: =COUNTIF($B$2:$B$592,B49) -> 2
A50: Murray County Central - ISD #2169 | B50: =VLOOKUP(A50,'Old Data'!$A$2:$B$530,2,FALSE) -> 2700090 | C50: =COUNTIF($B$2:$B$592,B50) -> 1
A51: MACCRA Y - ISO #2180 | B51: =VLOOKUP(A51,'Old Data'!$A$2:$B$530,2,FALSE) -> 2700091 | C51: =COUNTIF($B$2:$B$592,B51) -> 1
A52: New Country Charter School | B52: =VLOOKUP(A52,'Old Data'!$A$2:$B$530,2,FALSE) -> 2700092 | C52: =COUNTIF($B$2:$B$592,B52) -> 1
A53: PACT Charter School | B53: =VLOOKUP(A53,'Old Data'!$A$2:$B$530,2,FALSE) -> 2700093 | C53: =COUNTIF($B$2:$B$592,B53) -> 1
A54: Athlos Leadership Academy | B54: =VLOOKUP(A54,'Old Data'!$A$2:$B$530,2,FALSE) -> 2700096 | C54: =COUNTIF($B$2:$B$592,B54) -> 1
A55: Yellow Medicine East - ISD #2190 | B55: =VLOOKUP(A55,'Old Data'!$A$2:$B$530,2,FALSE) -> 2700099 | C55: =COUNTIF($B$2:$B$592,B55) -> 1
A56: Fillmore Central - ISD #2198 | B56: =VLOOKUP(A56,'Old Data'!$A$2:$B$530,2,FALSE) -> 2700100 | C56: =COUNTIF($B$2:$B$592,B56) -> 1
A57: Norman County East - ISD #2215 | B57: =VLOOKUP(A57,'Old Data'!$A$2:$B$530,2,FALSE) -> 2700101 | C57: =COUNTIF($B$2:$B$592,B57) -> 1
A58: Sibley East - ISD #2310 | B58: =VLOOKUP(A58,'Old Data'!$A$2:$B$530,2,FALSE) -> 2700102 | C58: =COUNTIF($B$2:$B$592,B58) -> 1
A59: Clearbrook-Gonvick - ISD #2311 | B59: =VLOOKUP(A59,'Old Data'!$A$2:$B$530,2,FALSE) -> 2700103 | C59: =COUNTIF($B$2:$B$592,B59) -> 1
A60: Belgrade-Brooten-Elrosa - ISD #2364 | B60: =VLOOKUP(A60,'Old Data'!$A$2:$B$530,2,FALSE) -> 2700105 | C60: =COUNTIF($B$2:$B$592,B60) -> 1
A61: Atwater-Cosmos-Grove City - ISD #2396 | B61: =VLOOKUP(A61,'Old Data'!$A$2:$B$530,2,FALSE) -> 2700106 | C61: =COUNTIF($B$2:$B$592,B61) -> 1
... A69: MN Transitions Charter School | B69: =VLOOKUP(A69,'Old Data'!$A$2:$B$530,2,FALSE) -> 2700117 | C69: =COUNTIF($B$2:$B$592,B69) -> 1
A70: MN Transitions - Connections Academy | C70: =COUNTIF($B$2:$B$592,B70) -> 0
A71: Achieve Language Academy | B71: =VLOOKUP(A71,'Old Data'!$A$2:$B$530,2,FALSE) -> 2700118 | C71: =COUNTIF($B$2:$B$592,B71) -> 1
A72: Howard Lake-Waverly-Winsted - ISD #2687 | B72: =VLOOKUP(A72,'Old Data'!$A$2:$B$530,2,FALSE) -> 2700123 | C72: =COUNTIF($B$2:$B$592,B72) -> 1
A73: Fairmont-Ceylon - ISD #2752 | B73: =VLOOKUP(A73,'Old Data'!$A$2:$B$530,2,FALSE) -> 2700124 | C73: =COUNTIF($B$2:$B$592,B73) -> 1
A74: Lac qui Parle Valley - ISD #2853 | B74: =VLOOKUP(A74,'Old Data'!$A$2:$B$530,2,FALSE) -> 2700125 | C74: =COUNTIF($B$2:$B$592,B74) -> 1
A75: Ada-Borup - ISD #2854 | B75: =VLOOKUP(A75,'Old Data'!$A$2:$B$530,2,FALSE) -> 2700126 | C75: =COUNTIF($B$2:$B$592,B75) -> 1
A76: Ada-Borup West Public Schools | C76: =COUNTIF($B$2:$B$592,B76) -> 0
A77: Stephen-Argyle - ISD #2856 | B77: =VLOOKUP(A77,'Old Data'!$A$2:$B$530,2,FALSE) -> 2700127 | C77: =COUNTIF($B$2:$B$592,B77) -> 1
A78: Glencoe-Silver Lake - ISD #2859 | B78: =VLOOKUP(A78,'Old Data'!$A$2:$B$530,2,FALSE) -> 2700128 | C78: =COUNTIF($B$2:$B$592,B78) -> 1
A79: Minnesota State Academies | B79: =VLOOKUP(A79,'Old Data'!$A$2:$B$530,2,FALSE) -> 2700129 | C79: =COUNTIF($B$2:$B$592,B79) -> 1
A80: Blue Earth Area Public Schools #2860 | B80: =VLOOKUP(A80,'Old Data'!$A$2:$B$530,2,FALSE) -> 2700130 | C80: =COUNTIF($B$2:$B$592,B80) -> 1
A81: Red Rock Central - ISD #2884 | B81: =VLOOKUP(A81,'Old Data'!$A$2:$B$530,2,FALSE) -> 2700132 | C81: =COUNTIF($B$2:$B$592,B81) -> 1
A82: Duluth Edison Charter School | B82: =VLOOKUP(A82,'Old Data'!$A$2:$B$530,2,FALSE) -> 2700133 | C82: =COUNTIF($B$2:$B$592,B82) -> 1
A83: Cyber Village Academy | B83: =VLOOKUP(A83,'Old Data'!$A$2:$B$530,2,FALSE) -> 2700138 | C83: =COUNTIF($B$2:$B$592,B83) -> 1
A84: ECHO Charter School | B84: =VLOOKUP(A84,'Old Data'!$A$2:$B$530,2,FALSE) -> 2700139 | C84: =COUNTIF($B$2:$B$592,B84) -> 1
A85: Higher Ground | B85: =VLOOKUP(A85,'Old Data'!$A$2:$B$530,2,FALSE) -> 2700140 | C85: =COUNTIF($B$2:$B$592,B85) -> 1
A86: St Paul City School | B86: =VLOOKUP(A86,'Old Data'!$A$2:$B$530,2,FALSE) -> 2700142 | C86: =COUNTIF($B$2:$B$592,B86) -> 1
A87: South Washington County - ISD #833 | B87: =VLOOKUP(A87,'Old Data'!$A$2:$B$530,2,FALSE) -> 2700146 | C87: =COUNTIF($B$2:$B$592,B87) -> 1
A88: Central MN ERDC #246 | B88: 2700147 | C88: =COUNTIF($B$2:$B$592,B88) -> 1
A89: Glenville-Emmons - ISD #2886 | B89: =VLOOKUP(A89,'Old Data'!$A$2:$B$530,2,FALSE) -> 2700148 | C89: =COUNTIF($B$2:$B$592,B89) -> 1
A90: Clinton-Graceville-Beardsley - ISD #2888 | B90: =VLOOKUP(A90,'Old Data'!$A$2:$B$530,2,FALSE) -> 2700150 | C90: =COUNTIF($B$2:$B$592,B90) -> 1
A91: Odyssey Academy | B91: =VLOOKUP(A91,'Old Data'!$A$2:$B$530,2,FALSE) -> 2700151 | C91: =COUNTIF($B$2:$B$592,B91) -> 1
A92: Jennings Experiential High School | B92: =VLOOKUP(A92,'Old Data'!$A$2:$B$530,2,FALSE) -> 2700152 | C92: =COUNTIF($B$2:$B$592,B92) -> 1
A93: Harvest Preparatory Academy | B93: =VLOOKUP(A93,'Old Data'!$A$2:$B$530,2,FALSE) -> 2700153 | C93: =COUNTIF($B$2:$B$592,B93) -> 1
A94: Life Prep Academy | B94: =VLOOKUP(A94,'Old Data'!$A$2:$B$530,2,FALSE) -> 2700156 | C94: =COUNTIF($B$2:$B$592,B94) -> 1
A95: Face to Face Academy | B95: 2700157 | C95: =COUNTIF($B$2:$B$592,B95) -> 1
A96: Sojourner Truth Academy | B96: =VLOOKUP(A96,'Old Data'!$A$2:$B$530,2,FALSE) -> 2700159 | C96: =COUNTIF($B$2:$B$592,B96) -> 1
A97: High School for Recording Arts | B97: 2700160 | C97: =COUNTIF($B$2:$B$592,B97) -> 1
A98: Lake Park-Audubon District - ISD #2889 | B98: =VLOOKUP(A98,'Old Data'!$A$2:$B$530,2,FALSE) -> 2700162 | C98: =COUNTIF($B$2:$B$592,B98) -> 1
A99: Renville County West - ISD #2890 | B99: =VLOOKUP(A99,'Old Data'!$A$2:$B$530,2,FALSE) -> 2700163 | C99: =COUNTIF($B$2:$B$592,B99) -> 1
A100: Math & Science Academy | B100: =VLOOKUP(A100,'Old Data'!$A$2:$B$530,2,FALSE) -> 2700167 | C100: =COUNTIF($B$2:$B$592,B100) -> 1
A101: Northwest Passage High School | B101: 2700173 | C101: =COUNTIF($B$2:$B$592,B101) -> 1
A102: Lafayette Charter School | B102: =VLOOKUP(A102,'Old Data'!$A$2:$B$530,2,FALSE) -> 2700174 | C102: =COUNTIF($B$2:$B$592,B102) -> 1
A103: North Lakes Academy | B103: =VLOOKUP(A103,'Old Data'!$A$2:$B$530,2,FALSE) -> 2700177 | C103: =COUNTIF($B$2:$B$592,B103) -> 1
A104: LaCrescent Montessori Academy | B104: =VLOOKUP(A104,'Old Data'!$A$2:$B$530,2,FALSE) -> 2700178 | C104: =COUNTIF($B$2:$B$592,B104) -> 1
A105: Nerstrand Elementary School | B105: =VLOOKUP(A105,'Old Data'!$A$2:$B$530,2,FALSE) -> 2700179 | C105: =COUNTIF($B$2:$B$592,B105) -> 1
A106: Rosa Parks Charter High School Total | B106: 2700180 | C106: =COUNTIF($B$2:$B$592,B106) -> 1
A107: El Colegio Charter School | B107: 2700181 | C107: =COUNTIF($B$2:$B$592,B107) -> 1
...

Sheet Old Data
A2: MN International Middle School | B2: 2700189
A3: BOLD - ISD #2534 | B3: 2705660
A4: East Metro Integration District | B4: 2700411
A5: Duluth Edison Charter School | B5: 2700133
A6: NE Metro Interm School Dist #916 | B6: 2702264
A7: Lakes Country Serv Coop #926 | B7: 2700083
A8: SW/W Central Service Cooperative #991 | B8: 2700086
A9: St Paul - ISD #625 | B9: 2733840
A10: South Washington County - ISD #833 | B10: 2700146
A11: West St Paul - ISD #197 | B11: 2742270
A12: Twin Cities International Elem. School | B12: 2700188
A13: Southwest Metro Educational Cooperative | B13: 2700387
... A530: Pillager - ISD #116 | B530: 2728350
