Workbook

Sheet Summary
A1: LEAID | B1: Year | C1: State | D1: state_abv | E1: plan_name | F1: district_name | G1: district_contributions | H1: state_contributions | I1: total_contributions | J1: LEAID Match | K1: count | L1: dc proportion
A2: 3801760 | B2: 2015 | C2: North Dakota | D2: ND | E2: North Dakota Teachers' Fund for Retirement | F2: Alexander School | G2: 120120 | H2: {=_xlfn.IFS(B2=2015,L2*$P$3,B2=2016,L2*$P$4,B2=2017,L2*$P$5,B2=2018,L2*$P$6,B2=2019,L2*$P$7,B2=2020,L2*$P$8,B2=2021,L2*$P$9,B2=2022,L2*$P$10)} -> 2715.7238 | I2: =SUM(G2:H2) -> 122835.72 | J2: =IFERROR(VLOOKUP(F2,'LEAID Match'!$A$2:$B$227,2,FALSE),"") -> 3801760 | K2: =COUNTIF($A$2:$A$1757,A2) -> 8 | L2: {=_xlfn.IFS(B2=2015,G2/$P$13,B2=2016,G2/$P$14,B2=2017,G2/$P$15,B2=2018,G2/$P$16,B2=2019,G2/$P$17,B2=2019,G2/$P$18,B2=2020,G2/$P$18,B2=2021,G2/$P$19,B2=2022,G2/$P$20)} -> 0.0015317111
A3: 3801760 | B3: 2016 | C3: North Dakota | D3: ND | E3: North Dakota Teachers' Fund for Retirement | F3: Alexander School | G3: 149793 | H3: {=_xlfn.IFS(B3=2015,L3*$P$3,B3=2016,L3*$P$4,B3=2017,L3*$P$5,B3=2018,L3*$P$6,B3=2019,L3*$P$7,B3=2020,L3*$P$8,B3=2021,L3*$P$9,B3=2022,L3*$P$10)} -> 5086.529 | I3: =SUM(G3:H3) -> 154879.53 | J3: =IFERROR(VLOOKUP(F3,'LEAID Match'!$A$2:$B$227,2,FALSE),"") -> 3801760 | K3: =COUNTIF($A$2:$A$1757,A3) -> 8 | L3: {=_xlfn.IFS(B3=2015,G3/$P$13,B3=2016,G3/$P$14,B3=2017,G3/$P$15,B3=2018,G3/$P$16,B3=2019,G3/$P$17,B3=2019,G3/$P$18,B3=2020,G3/$P$18,B3=2021,G3/$P$19,B3=2022,G3/$P$20)} -> 0.0018082222 | N3: GASB 67 State Contributions | O3: 2015 | P3: 1773000
A4: 3801760 | B4: 2017 | C4: North Dakota | D4: ND | E4: North Dakota Teachers' Fund for Retirement | F4: Alexander School | G4: 153240 | H4: {=_xlfn.IFS(B4=2015,L4*$P$3,B4=2016,L4*$P$4,B4=2017,L4*$P$5,B4=2018,L4*$P$6,B4=2019,L4*$P$7,B4=2020,L4*$P$8,B4=2021,L4*$P$9,B4=2022,L4*$P$10)} -> 4966.2097 | I4: =SUM(G4:H4) -> 158206.21 | J4: =IFERROR(VLOOKUP(F4,'LEAID Match'!$A$2:$B$227,2,FALSE),"") -> 3801760 | K4: =COUNTIF($A$2:$A$1757,A4) -> 8 | L4: {=_xlfn.IFS(B4=2015,G4/$P$13,B4=2016,G4/$P$14,B4=2017,G4/$P$15,B4=2018,G4/$P$16,B4=2019,G4/$P$17,B4=2019,G4/$P$18,B4=2020,G4/$P$18,B4=2021,G4/$P$19,B4=2022,G4/$P$20)} -> 0.0017806417 | O4: 2016 | P4: 2813000
A5: 3801760 | B5: 2018 | C5: North Dakota | D5: ND | E5: North Dakota Teachers' Fund for Retirement | F5: Alexander School | G5: 156508 | H5: {=_xlfn.IFS(B5=2015,L5*$P$3,B5=2016,L5*$P$4,B5=2017,L5*$P$5,B5=2018,L5*$P$6,B5=2019,L5*$P$7,B5=2020,L5*$P$8,B5=2021,L5*$P$9,B5=2022,L5*$P$10)} -> 4288.4739 | I5: =SUM(G5:H5) -> 160796.47 | J5: =IFERROR(VLOOKUP(F5,'LEAID Match'!$A$2:$B$227,2,FALSE),"") -> 3801760 | K5: =COUNTIF($A$2:$A$1757,A5) -> 8 | L5: {=_xlfn.IFS(B5=2015,G5/$P$13,B5=2016,G5/$P$14,B5=2017,G5/$P$15,B5=2018,G5/$P$16,B5=2019,G5/$P$17,B5=2019,G5/$P$18,B5=2020,G5/$P$18,B5=2021,G5/$P$19,B5=2022,G5/$P$20)} -> 0.0018056732 | O5: 2017 | P5: 2789000
A6: 3801760 | B6: 2019 | C6: North Dakota | D6: ND | E6: North Dakota Teachers' Fund for Retirement | F6: Alexander School | G6: 181171 | H6: {=_xlfn.IFS(B6=2015,L6*$P$3,B6=2016,L6*$P$4,B6=2017,L6*$P$5,B6=2018,L6*$P$6,B6=2019,L6*$P$7,B6=2020,L6*$P$8,B6=2021,L6*$P$9,B6=2022,L6*$P$10)} -> 4204.9472 | I6: =SUM(G6:H6) -> 185375.95 | J6: =IFERROR(VLOOKUP(F6,'LEAID Match'!$A$2:$B$227,2,FALSE),"") -> 3801760 | K6: =COUNTIF($A$2:$A$1757,A6) -> 8 | L6: {=_xlfn.IFS(B6=2015,G6/$P$13,B6=2016,G6/$P$14,B6=2017,G6/$P$15,B6=2018,G6/$P$16,B6=2019,G6/$P$17,B6=2019,G6/$P$18,B6=2020,G6/$P$18,B6=2021,G6/$P$19,B6=2022,G6/$P$20)} -> 0.0020255044 | O6: 2018 | P6: 2375000
A7: 3801760 | B7: 2020 | C7: North Dakota | D7: ND | E7: North Dakota Teachers' Fund for Retirement | F7: Alexander School | G7: 193333 | H7: {=_xlfn.IFS(B7=2015,L7*$P$3,B7=2016,L7*$P$4,B7=2017,L7*$P$5,B7=2018,L7*$P$6,B7=2019,L7*$P$7,B7=2020,L7*$P$8,B7=2021,L7*$P$9,B7=2022,L7*$P$10)} -> 4850.3418 | I7: =SUM(G7:H7) -> 198183.34 | J7: =IFERROR(VLOOKUP(F7,'LEAID Match'!$A$2:$B$227,2,FALSE),"") -> 3801760 | K7: =COUNTIF($A$2:$A$1757,A7) -> 8 | L7: {=_xlfn.IFS(B7=2015,G7/$P$13,B7=2016,G7/$P$14,B7=2017,G7/$P$15,B7=2018,G7/$P$16,B7=2019,G7/$P$17,B7=2019,G7/$P$18,B7=2020,G7/$P$18,B7=2021,G7/$P$19,B7=2022,G7/$P$20)} -> 0.0020781242 | O7: 2019 | P7: 2076000
A8: 3801760 | B8: 2021 | C8: North Dakota | D8: ND | E8: North Dakota Teachers' Fund for Retirement | F8: Alexander School | G8: 195392 | H8: {=_xlfn.IFS(B8=2015,L8*$P$3,B8=2016,L8*$P$4,B8=2017,L8*$P$5,B8=2018,L8*$P$6,B8=2019,L8*$P$7,B8=2020,L8*$P$8,B8=2021,L8*$P$9,B8=2022,L8*$P$10)} -> 5338.9483 | I8: =SUM(G8:H8) -> 200730.95 | J8: =IFERROR(VLOOKUP(F8,'LEAID Match'!$A$2:$B$227,2,FALSE),"") -> 3801760 | K8: =COUNTIF($A$2:$A$1757,A8) -> 8 | L8: {=_xlfn.IFS(B8=2015,G8/$P$13,B8=2016,G8/$P$14,B8=2017,G8/$P$15,B8=2018,G8/$P$16,B8=2019,G8/$P$17,B8=2019,G8/$P$18,B8=2020,G8/$P$18,B8=2021,G8/$P$19,B8=2022,G8/$P$20)} -> 0.0019884351 | O8: 2020 | P8: 2334000
A9: 3801760 | B9: 2022 | C9: North Dakota | D9: ND | E9: North Dakota Teachers' Fund for Retirement | F9: Alexander School | G9: 214703 | H9: {=_xlfn.IFS(B9=2015,L9*$P$3,B9=2016,L9*$P$4,B9=2017,L9*$P$5,B9=2018,L9*$P$6,B9=2019,L9*$P$7,B9=2020,L9*$P$8,B9=2021,L9*$P$9,B9=2022,L9*$P$10)} -> 4369.7563 | I9: =SUM(G9:H9) -> 219072.76 | J9: =IFERROR(VLOOKUP(F9,'LEAID Match'!$A$2:$B$227,2,FALSE),"") -> 3801760 | K9: =COUNTIF($A$2:$A$1757,A9) -> 8 | L9: {=_xlfn.IFS(B9=2015,G9/$P$13,B9=2016,G9/$P$14,B9=2017,G9/$P$15,B9=2018,G9/$P$16,B9=2019,G9/$P$17,B9=2019,G9/$P$18,B9=2020,G9/$P$18,B9=2021,G9/$P$19,B9=2022,G9/$P$20)} -> 0.0021399394 | O9: 2021 | P9: 2685000
A10: 3801950 | B10: 2015 | C10: North Dakota | D10: ND | E10: North Dakota Teachers' Fund for Retirement | F10: Anamoose School | G10: 89301 | H10: {=_xlfn.IFS(B10=2015,L10*$P$3,B10=2016,L10*$P$4,B10=2017,L10*$P$5,B10=2018,L10*$P$6,B10=2019,L10*$P$7,B10=2020,L10*$P$8,B10=2021,L10*$P$9,B10=2022,L10*$P$10)} -> 2018.9548 | I10: =SUM(G10:H10) -> 91319.955 | J10: =IFERROR(VLOOKUP(F10,'LEAID Match'!$A$2:$B$227,2,FALSE),"") -> 3801950 | K10: =COUNTIF($A$2:$A$1757,A10) -> 8 | L10: {=_xlfn.IFS(B10=2015,G10/$P$13,B10=2016,G10/$P$14,B10=2017,G10/$P$15,B10=2018,G10/$P$16,B10=2019,G10/$P$17,B10=2019,G10/$P$18,B10=2020,G10/$P$18,B10=2021,G10/$P$19,B10=2022,G10/$P$20)} -> 0.0011387224 | O10: 2022 | P10: 2042000
A11: 3801950 | B11: 2016 | C11: North Dakota | D11: ND | E11: North Dakota Teachers' Fund for Retirement | F11: Anamoose School | G11: 92042 | H11: {=_xlfn.IFS(B11=2015,L11*$P$3,B11=2016,L11*$P$4,B11=2017,L11*$P$5,B11=2018,L11*$P$6,B11=2019,L11*$P$7,B11=2020,L11*$P$8,B11=2021,L11*$P$9,B11=2022,L11*$P$10)} -> 3125.4752 | I11: =SUM(G11:H11) -> 95167.475 | J11: =IFERROR(VLOOKUP(F11,'LEAID Match'!$A$2:$B$227,2,FALSE),"") -> 3801950 | K11: =COUNTIF($A$2:$A$1757,A11) -> 8 | L11: {=_xlfn.IFS(B11=2015,G11/$P$13,B11=2016,G11/$P$14,B11=2017,G11/$P$15,B11=2018,G11/$P$16,B11=2019,G11/$P$17,B11=2019,G11/$P$18,B11=2020,G11/$P$18,B11=2021,G11/$P$19,B11=2022,G11/$P$20)} -> 0.0011110825
A12: 3801950 | B12: 2017 | C12: North Dakota | D12: ND | E12: North Dakota Teachers' Fund for Retirement | F12: Anamoose School | G12: 97427 | H12: {=_xlfn.IFS(B12=2015,L12*$P$3,B12=2016,L12*$P$4,B12=2017,L12*$P$5,B12=2018,L12*$P$6,B12=2019,L12*$P$7,B12=2020,L12*$P$8,B12=2021,L12*$P$9,B12=2022,L12*$P$10)} -> 3157.4192 | I12: =SUM(G12:H12) -> 100584.42 | J12: =IFERROR(VLOOKUP(F12,'LEAID Match'!$A$2:$B$227,2,FALSE),"") -> 3801950 | K12: =COUNTIF($A$2:$A$1757,A12) -> 8 | L12: {=_xlfn.IFS(B12=2015,G12/$P$13,B12=2016,G12/$P$14,B12=2017,G12/$P$15,B12=2018,G12/$P$16,B12=2019,G12/$P$17,B12=2019,G12/$P$18,B12=2020,G12/$P$18,B12=2021,G12/$P$19,B12=2022,G12/$P$20)} -> 0.0011320972
A13: 3801950 | B13: 2018 | C13: North Dakota | D13: ND | E13: North Dakota Teachers' Fund for Retirement | F13: Anamoose School | G13: 98506 | H13: {=_xlfn.IFS(B13=2015,L13*$P$3,B13=2016,L13*$P$4,B13=2017,L13*$P$5,B13=2018,L13*$P$6,B13=2019,L13*$P$7,B13=2020,L13*$P$8,B13=2021,L13*$P$9,B13=2022,L13*$P$10)} -> 2699.1618 | I13: =SUM(G13:H13) -> 101205.16 | J13: =IFERROR(VLOOKUP(F13,'LEAID Match'!$A$2:$B$227,2,FALSE),"") -> 3801950 | K13: =COUNTIF($A$2:$A$1757,A13) -> 8 | L13: {=_xlfn.IFS(B13=2015,G13/$P$13,B13=2016,G13/$P$14,B13=2017,G13/$P$15,B13=2018,G13/$P$16,B13=2019,G13/$P$17,B13=2019,G13/$P$18,B13=2020,G13/$P$18,B13=2021,G13/$P$19,B13=2022,G13/$P$20)} -> 0.0011364892 | N13: summed district contributions | O13: 2015 | P13: =SUMIF($B$2:$B$1757,O13,$G$2:$G$1757) -> 78422100
A14: 3801950 | B14: 2019 | C14: North Dakota | D14: ND | E14: North Dakota Teachers' Fund for Retirement | F14: Anamoose School | G14: 88156 | H14: {=_xlfn.IFS(B14=2015,L14*$P$3,B14=2016,L14*$P$4,B14=2017,L14*$P$5,B14=2018,L14*$P$6,B14=2019,L14*$P$7,B14=2020,L14*$P$8,B14=2021,L14*$P$9,B14=2022,L14*$P$10)} -> 2046.0853 | I14: =SUM(G14:H14) -> 90202.085 | J14: =IFERROR(VLOOKUP(F14,'LEAID Match'!$A$2:$B$227,2,FALSE),"") -> 3801950 | K14: =COUNTIF($A$2:$A$1757,A14) -> 8 | L14: {=_xlfn.IFS(B14=2015,G14/$P$13,B14=2016,G14/$P$14,B14=2017,G14/$P$15,B14=2018,G14/$P$16,B14=2019,G14/$P$17,B14=2019,G14/$P$18,B14=2020,G14/$P$18,B14=2021,G14/$P$19,B14=2022,G14/$P$20)} -> 0.00098559023 | O14: 2016 | P14: =SUMIF($B$2:$B$1757,O14,$G$2:$G$1757) -> 82839931
A15: 3801950 | B15: 2020 | C15: North Dakota | D15: ND | E15: North Dakota Teachers' Fund for Retirement | F15: Anamoose School | G15: 85143 | H15: {=_xlfn.IFS(B15=2015,L15*$P$3,B15=2016,L15*$P$4,B15=2017,L15*$P$5,B15=2018,L15*$P$6,B15=2019,L15*$P$7,B15=2020,L15*$P$8,B15=2021,L15*$P$9,B15=2022,L15*$P$10)} -> 2136.0691 | I15: =SUM(G15:H15) -> 87279.069 | J15: =IFERROR(VLOOKUP(F15,'LEAID Match'!$A$2:$B$227,2,FALSE),"") -> 3801950 | K15: =COUNTIF($A$2:$A$1757,A15) -> 8 | L15: {=_xlfn.IFS(B15=2015,G15/$P$13,B15=2016,G15/$P$14,B15=2017,G15/$P$15,B15=2018,G15/$P$16,B15=2019,G15/$P$17,B15=2019,G15/$P$18,B15=2020,G15/$P$18,B15=2021,G15/$P$19,B15=2022,G15/$P$20)} -> 0.00091519672 | O15: 2017 | P15: =SUMIF($B$2:$B$1757,O15,$G$2:$G$1757) -> 86058863
A16: 3801950 | B16: 2021 | C16: North Dakota | D16: ND | E16: North Dakota Teachers' Fund for Retirement | F16: Anamoose School | G16: 90105 | H16: {=_xlfn.IFS(B16=2015,L16*$P$3,B16=2016,L16*$P$4,B16=2017,L16*$P$5,B16=2018,L16*$P$6,B16=2019,L16*$P$7,B16=2020,L16*$P$8,B16=2021,L16*$P$9,B16=2022,L16*$P$10)} -> 2462.0555 | I16: =SUM(G16:H16) -> 92567.055 | J16: =IFERROR(VLOOKUP(F16,'LEAID Match'!$A$2:$B$227,2,FALSE),"") -> 3801950 | K16: =COUNTIF($A$2:$A$1757,A16) -> 8 | L16: {=_xlfn.IFS(B16=2015,G16/$P$13,B16=2016,G16/$P$14,B16=2017,G16/$P$15,B16=2018,G16/$P$16,B16=2019,G16/$P$17,B16=2019,G16/$P$18,B16=2020,G16/$P$18,B16=2021,G16/$P$19,B16=2022,G16/$P$20)} -> 0.00091696665 | O16: 2018 | P16: =SUMIF($B$2:$B$1757,O16,$G$2:$G$1757) -> 86675705
A17: 3801950 | B17: 2022 | C17: North Dakota | D17: ND | E17: North Dakota Teachers' Fund for Retirement | F17: Anamoose School | G17: 102289 | H17: {=_xlfn.IFS(B17=2015,L17*$P$3,B17=2016,L17*$P$4,B17=2017,L17*$P$5,B17=2018,L17*$P$6,B17=2019,L17*$P$7,B17=2020,L17*$P$8,B17=2021,L17*$P$9,B17=2022,L17*$P$10)} -> 2081.8433 | I17: =SUM(G17:H17) -> 104370.84 | J17: =IFERROR(VLOOKUP(F17,'LEAID Match'!$A$2:$B$227,2,FALSE),"") -> 3801950 | K17: =COUNTIF($A$2:$A$1757,A17) -> 8 | L17: {=_xlfn.IFS(B17=2015,G17/$P$13,B17=2016,G17/$P$14,B17=2017,G17/$P$15,B17=2018,G17/$P$16,B17=2019,G17/$P$17,B17=2019,G17/$P$18,B17=2020,G17/$P$18,B17=2021,G17/$P$19,B17=2022,G17/$P$20)} -> 0.0010195119 | O17: 2019 | P17: =SUMIF($B$2:$B$1757,O17,$G$2:$G$1757) -> 89444880
A18: 3802014 | B18: 2015 | C18: North Dakota | D18: ND | E18: North Dakota Teachers' Fund for Retirement | F18: Apple Creek Elem School | G18: 40947 | H18: {=_xlfn.IFS(B18=2015,L18*$P$3,B18=2016,L18*$P$4,B18=2017,L18*$P$5,B18=2018,L18*$P$6,B18=2019,L18*$P$7,B18=2020,L18*$P$8,B18=2021,L18*$P$9,B18=2022,L18*$P$10)} -> 925.74709 | I18: =SUM(G18:H18) -> 41872.747 | J18: =IFERROR(VLOOKUP(F18,'LEAID Match'!$A$2:$B$227,2,FALSE),"") -> 3802014 | K18: =COUNTIF($A$2:$A$1757,A18) -> 8 | L18: {=_xlfn.IFS(B18=2015,G18/$P$13,B18=2016,G18/$P$14,B18=2017,G18/$P$15,B18=2018,G18/$P$16,B18=2019,G18/$P$17,B18=2019,G18/$P$18,B18=2020,G18/$P$18,B18=2021,G18/$P$19,B18=2022,G18/$P$20)} -> 0.00052213598 | O18: 2020 | P18: =SUMIF($B$2:$B$1757,O18,$G$2:$G$1757) -> 93032458
A19: 3802014 | B19: 2016 | C19: North Dakota | D19: ND | E19: North Dakota Teachers' Fund for Retirement | F19: Apple Creek Elem School | G19: 44015 | H19: {=_xlfn.IFS(B19=2015,L19*$P$3,B19=2016,L19*$P$4,B19=2017,L19*$P$5,B19=2018,L19*$P$6,B19=2019,L19*$P$7,B19=2020,L19*$P$8,B19=2021,L19*$P$9,B19=2022,L19*$P$10)} -> 1494.6197 | I19: =SUM(G19:H19) -> 45509.62 | J19: =IFERROR(VLOOKUP(F19,'LEAID Match'!$A$2:$B$227,2,FALSE),"") -> 3802014 | K19: =COUNTIF($A$2:$A$1757,A19) -> 8 | L19: {=_xlfn.IFS(B19=2015,G19/$P$13,B19=2016,G19/$P$14,B19=2017,G19/$P$15,B19=2018,G19/$P$16,B19=2019,G19/$P$17,B19=2019,G19/$P$18,B19=2020,G19/$P$18,B19=2021,G19/$P$19,B19=2022,G19/$P$20)} -> 0.00053132589 | O19: 2021 | P19: =SUMIF($B$2:$B$1757,O19,$G$2:$G$1757) -> 98264206
A20: 3802014 | B20: 2017 | C20: North Dakota | D20: ND | E20: North Dakota Teachers' Fund for Retirement | F20: Apple Creek Elem School | G20: 44335 | H20: {=_xlfn.IFS(B20=2015,L20*$P$3,B20=2016,L20*$P$4,B20=2017,L20*$P$5,B20=2018,L20*$P$6,B20=2019,L20*$P$7,B20=2020,L20*$P$8,B20=2021,L20*$P$9,B20=2022,L20*$P$10)} -> 1436.8109 | I20: =SUM(G20:H20) -> 45771.811 | J20: =IFERROR(VLOOKUP(F20,'LEAID Match'!$A$2:$B$227,2,FALSE),"") -> 3802014 | K20: =COUNTIF($A$2:$A$1757,A20) -> 8 | L20: {=_xlfn.IFS(B20=2015,G20/$P$13,B20=2016,G20/$P$14,B20=2017,G20/$P$15,B20=2018,G20/$P$16,B20=2019,G20/$P$17,B20=2019,G20/$P$18,B20=2020,G20/$P$18,B20=2021,G20/$P$19,B20=2022,G20/$P$20)} -> 0.00051517065 | O20: 2022 | P20: =SUMIF($B$2:$B$1757,O20,$G$2:$G$1757) -> 100331344
A21: 3802014 | B21: 2018 | C21: North Dakota | D21: ND | E21: North Dakota Teachers' Fund for Retirement | F21: Apple Creek Elem School | G21: 38582 | H21: {=_xlfn.IFS(B21=2015,L21*$P$3,B21=2016,L21*$P$4,B21=2017,L21*$P$5,B21=2018,L21*$P$6,B21=2019,L21*$P$7,B21=2020,L21*$P$8,B21=2021,L21*$P$9,B21=2022,L21*$P$10)} -> 1057.1849 | I21: =SUM(G21:H21) -> 39639.185 | J21: =IFERROR(VLOOKUP(F21,'LEAID Match'!$A$2:$B$227,2,FALSE),"") -> 3802014 | K21: =COUNTIF($A$2:$A$1757,A21) -> 8 | L21: {=_xlfn.IFS(B21=2015,G21/$P$13,B21=2016,G21/$P$14,B21=2017,G21/$P$15,B21=2018,G21/$P$16,B21=2019,G21/$P$17,B21=2019,G21/$P$18,B21=2020,G21/$P$18,B21=2021,G21/$P$19,B21=2022,G21/$P$20)} -> 0.0004451305
A22: 3802014 | B22: 2019 | C22: North Dakota | D22: ND | E22: North Dakota Teachers' Fund for Retirement | F22: Apple Creek Elem School | G22: 37940 | H22: {=_xlfn.IFS(B22=2015,L22*$P$3,B22=2016,L22*$P$4,B22=2017,L22*$P$5,B22=2018,L22*$P$6,B22=2019,L22*$P$7,B22=2020,L22*$P$8,B22=2021,L22*$P$9,B22=2022,L22*$P$10)} -> 880.58076 | I22: =SUM(G22:H22) -> 38820.581 | J22: =IFERROR(VLOOKUP(F22,'LEAID Match'!$A$2:$B$227,2,FALSE),"") -> 3802014 | K22: =COUNTIF($A$2:$A$1757,A22) -> 8 | L22: {=_xlfn.IFS(B22=2015,G22/$P$13,B22=2016,G22/$P$14,B22=2017,G22/$P$15,B22=2018,G22/$P$16,B22=2019,G22/$P$17,B22=2019,G22/$P$18,B22=2020,G22/$P$18,B22=2021,G22/$P$19,B22=2022,G22/$P$20)} -> 0.00042417185 | N22: check | O22: 2015 | P22: =SUMIF($B$2:$B$1757,O22,$L$2:$L$1757) -> 1
A23: 3802014 | B23: 2020 | C23: North Dakota | D23: ND | E23: North Dakota Teachers' Fund for Retirement | F23: Apple Creek Elem School | G23: 39944 | H23: {=_xlfn.IFS(B23=2015,L23*$P$3,B23=2016,L23*$P$4,B23=2017,L23*$P$5,B23=2018,L23*$P$6,B23=2019,L23*$P$7,B23=2020,L23*$P$8,B23=2021,L23*$P$9,B23=2022,L23*$P$10)} -> 1002.1158 | I23: =SUM(G23:H23) -> 40946.116 | J23: =IFERROR(VLOOKUP(F23,'LEAID Match'!$A$2:$B$227,2,FALSE),"") -> 3802014 | K23: =COUNTIF($A$2:$A$1757,A23) -> 8 | L23: {=_xlfn.IFS(B23=2015,G23/$P$13,B23=2016,G23/$P$14,B23=2017,G23/$P$15,B23=2018,G23/$P$16,B23=2019,G23/$P$17,B23=2019,G23/$P$18,B23=2020,G23/$P$18,B23=2021,G23/$P$19,B23=2022,G23/$P$20)} -> 0.00042935553 | O23: 2016 | P23: =SUMIF($B$2:$B$1757,O23,$L$2:$L$1757) -> 1
A24: 3802014 | B24: 2021 | C24: North Dakota | D24: ND | E24: North Dakota Teachers' Fund for Retirement | F24: Apple Creek Elem School | G24: 45212 | H24: {=_xlfn.IFS(B24=2015,L24*$P$3,B24=2016,L24*$P$4,B24=2017,L24*$P$5,B24=2018,L24*$P$6,B24=2019,L24*$P$7,B24=2020,L24*$P$8,B24=2021,L24*$P$9,B24=2022,L24*$P$10)} -> 1235.386 | I24: =SUM(G24:H24) -> 46447.386 | J24: =IFERROR(VLOOKUP(F24,'LEAID Match'!$A$2:$B$227,2,FALSE),"") -> 3802014 | K24: =COUNTIF($A$2:$A$1757,A24) -> 8 | L24: {=_xlfn.IFS(B24=2015,G24/$P$13,B24=2016,G24/$P$14,B24=2017,G24/$P$15,B24=2018,G24/$P$16,B24=2019,G24/$P$17,B24=2019,G24/$P$18,B24=2020,G24/$P$18,B24=2021,G24/$P$19,B24=2022,G24/$P$20)} -> 0.0004601065 | O24: 2017 | P24: =SUMIF($B$2:$B$1757,O24,$L$2:$L$1757) -> 1
A25: 3802014 | B25: 2022 | C25: North Dakota | D25: ND | E25: North Dakota Teachers' Fund for Retirement | F25: Apple Creek Elem School | G25: 52680 | H25: {=_xlfn.IFS(B25=2015,L25*$P$3,B25=2016,L25*$P$4,B25=2017,L25*$P$5,B25=2018,L25*$P$6,B25=2019,L25*$P$7,B25=2020,L25*$P$8,B25=2021,L25*$P$9,B25=2022,L25*$P$10)} -> 1072.173 | I25: =SUM(G25:H25) -> 53752.173 | J25: =IFERROR(VLOOKUP(F25,'LEAID Match'!$A$2:$B$227,2,FALSE),"") -> 3802014 | K25: =COUNTIF($A$2:$A$1757,A25) -> 8 | L25: {=_xlfn.IFS(B25=2015,G25/$P$13,B25=2016,G25/$P$14,B25=2017,G25/$P$15,B25=2018,G25/$P$16,B25=2019,G25/$P$17,B25=2019,G25/$P$18,B25=2020,G25/$P$18,B25=2021,G25/$P$19,B25=2022,G25/$P$20)} -> 0.00052506024 | O25: 2018 | P25: =SUMIF($B$2:$B$1757,O25,$L$2:$L$1757) -> 1
A26: 3802170 | B26: 2015 | C26: North Dakota | D26: ND | E26: North Dakota Teachers' Fund for Retirement | F26: Ashley School | G26: 119917 | H26: {=_xlfn.IFS(B26=2015,L26*$P$3,B26=2016,L26*$P$4,B26=2017,L26*$P$5,B26=2018,L26*$P$6,B26=2019,L26*$P$7,B26=2020,L26*$P$8,B26=2021,L26*$P$9,B26=2022,L26*$P$10)} -> 2711.1342 | I26: =SUM(G26:H26) -> 122628.13 | J26: =IFERROR(VLOOKUP(F26,'LEAID Match'!$A$2:$B$227,2,FALSE),"") -> 3802170 | K26: =COUNTIF($A$2:$A$1757,A26) -> 8 | L26: {=_xlfn.IFS(B26=2015,G26/$P$13,B26=2016,G26/$P$14,B26=2017,G26/$P$15,B26=2018,G26/$P$16,B26=2019,G26/$P$17,B26=2019,G26/$P$18,B26=2020,G26/$P$18,B26=2021,G26/$P$19,B26=2022,G26/$P$20)} -> 0.0015291225 | O26: 2019 | P26: =SUMIF($B$2:$B$1757,O26,$L$2:$L$1757) -> 1
A27: 3802170 | B27: 2016 | C27: North Dakota | D27: ND | E27: North Dakota Teachers' Fund for Retirement | F27: Ashley School | G27: 121244 | H27: {=_xlfn.IFS(B27=2015,L27*$P$3,B27=2016,L27*$P$4,B27=2017,L27*$P$5,B27=2018,L27*$P$6,B27=2019,L27*$P$7,B27=2020,L27*$P$8,B27=2021,L27*$P$9,B27=2022,L27*$P$10)} -> 4117.089 | I27: =SUM(G27:H27) -> 125361.09 | J27: =IFERROR(VLOOKUP(F27,'LEAID Match'!$A$2:$B$227,2,FALSE),"") -> 3802170 | K27: =COUNTIF($A$2:$A$1757,A27) -> 8 | L27: {=_xlfn.IFS(B27=2015,G27/$P$13,B27=2016,G27/$P$14,B27=2017,G27/$P$15,B27=2018,G27/$P$16,B27=2019,G27/$P$17,B27=2019,G27/$P$18,B27=2020,G27/$P$18,B27=2021,G27/$P$19,B27=2022,G27/$P$20)} -> 0.0014635937 | O27: 2020 | P27: =SUMIF($B$2:$B$1757,O27,$L$2:$L$1757) -> 1
A28: 3802170 | B28: 2017 | C28: North Dakota | D28: ND | E28: North Dakota Teachers' Fund for Retirement | F28: Ashley School | G28: 121027 | H28: {=_xlfn.IFS(B28=2015,L28*$P$3,B28=2016,L28*$P$4,B28=2017,L28*$P$5,B28=2018,L28*$P$6,B28=2019,L28*$P$7,B28=2020,L28*$P$8,B28=2021,L28*$P$9,B28=2022,L28*$P$10)} -> 3922.2492 | I28: =SUM(G28:H28) -> 124949.25 | J28: =IFERROR(VLOOKUP(F28,'LEAID Match'!$A$2:$B$227,2,FALSE),"") -> 3802170 | K28: =COUNTIF($A$2:$A$1757,A28) -> 8 | L28: {=_xlfn.IFS(B28=2015,G28/$P$13,B28=2016,G28/$P$14,B28=2017,G28/$P$15,B28=2018,G28/$P$16,B28=2019,G28/$P$17,B28=2019,G28/$P$18,B28=2020,G28/$P$18,B28=2021,G28/$P$19,B28=2022,G28/$P$20)} -> 0.0014063281 | O28: 2021 | P28: =SUMIF($B$2:$B$1757,O28,$L$2:$L$1757) -> 1
A29: 3802170 | B29: 2018 | C29: North Dakota | D29: ND | E29: North Dakota Teachers' Fund for Retirement | F29: Ashley School | G29: 120772 | H29: {=_xlfn.IFS(B29=2015,L29*$P$3,B29=2016,L29*$P$4,B29=2017,L29*$P$5,B29=2018,L29*$P$6,B29=2019,L29*$P$7,B29=2020,L29*$P$8,B29=2021,L29*$P$9,B29=2022,L29*$P$10)} -> 3309.2722 | I29: =SUM(G29:H29) -> 124081.27 | J29: =IFERROR(VLOOKUP(F29,'LEAID Match'!$A$2:$B$227,2,FALSE),"") -> 3802170 | K29: =COUNTIF($A$2:$A$1757,A29) -> 8 | L29: {=_xlfn.IFS(B29=2015,G29/$P$13,B29=2016,G29/$P$14,B29=2017,G29/$P$15,B29=2018,G29/$P$16,B29=2019,G29/$P$17,B29=2019,G29/$P$18,B29=2020,G29/$P$18,B29=2021,G29/$P$19,B29=2022,G29/$P$20)} -> 0.0013933778 | O29: 2022 | P29: =SUMIF($B$2:$B$1757,O29,$L$2:$L$1757) -> 1
A30: 3802170 | B30: 2019 | C30: North Dakota | D30: ND | E30: North Dakota Teachers' Fund for Retirement | F30: Ashley School | G30: 123550 | H30: {=_xlfn.IFS(B30=2015,L30*$P$3,B30=2016,L30*$P$4,B30=2017,L30*$P$5,B30=2018,L30*$P$6,B30=2019,L30*$P$7,B30=2020,L30*$P$8,B30=2021,L30*$P$9,B30=2022,L30*$P$10)} -> 2867.5739 | I30: =SUM(G30:H30) -> 126417.57 | J30: =IFERROR(VLOOKUP(F30,'LEAID Match'!$A$2:$B$227,2,FALSE),"") -> 3802170 | K30: =COUNTIF($A$2:$A$1757,A30) -> 8 | L30: {=_xlfn.IFS(B30=2015,G30/$P$13,B30=2016,G30/$P$14,B30=2017,G30/$P$15,B30=2018,G30/$P$16,B30=2019,G30/$P$17,B30=2019,G30/$P$18,B30=2020,G30/$P$18,B30=2021,G30/$P$19,B30=2022,G30/$P$20)} -> 0.0013812976
A31: 3802170 | B31: 2020 | C31: North Dakota | D31: ND | E31: North Dakota Teachers' Fund for Retirement | F31: Ashley School | G31: 125671 | H31: {=_xlfn.IFS(B31=2015,L31*$P$3,B31=2016,L31*$P$4,B31=2017,L31*$P$5,B31=2018,L31*$P$6,B31=2019,L31*$P$7,B31=2020,L31*$P$8,B31=2021,L31*$P$9,B31=2022,L31*$P$10)} -> 3152.8363 | I31: =SUM(G31:H31) -> 128823.84 | J31: =IFERROR(VLOOKUP(F31,'LEAID Match'!$A$2:$B$227,2,FALSE),"") -> 3802170 | K31: =COUNTIF($A$2:$A$1757,A31) -> 8 | L31: {=_xlfn.IFS(B31=2015,G31/$P$13,B31=2016,G31/$P$14,B31=2017,G31/$P$15,B31=2018,G31/$P$16,B31=2019,G31/$P$17,B31=2019,G31/$P$18,B31=2020,G31/$P$18,B31=2021,G31/$P$19,B31=2022,G31/$P$20)} -> 0.0013508296
A32: 3802170 | B32: 2021 | C32: North Dakota | D32: ND | E32: North Dakota Teachers' Fund for Retirement | F32: Ashley School | G32: 136295 | H32: {=_xlfn.IFS(B32=2015,L32*$P$3,B32=2016,L32*$P$4,B32=2017,L32*$P$5,B32=2018,L32*$P$6,B32=2019,L32*$P$7,B32=2020,L32*$P$8,B32=2021,L32*$P$9,B32=2022,L32*$P$10)} -> 3724.1646 | I32: =SUM(G32:H32) -> 140019.16 | J32: =IFERROR(VLOOKUP(F32,'LEAID Match'!$A$2:$B$227,2,FALSE),"") -> 3802170 | K32: =COUNTIF($A$2:$A$1757,A32) -> 8 | L32: {=_xlfn.IFS(B32=2015,G32/$P$13,B32=2016,G32/$P$14,B32=2017,G32/$P$15,B32=2018,G32/$P$16,B32=2019,G32/$P$17,B32=2019,G32/$P$18,B32=2020,G32/$P$18,B32=2021,G32/$P$19,B32=2022,G32/$P$20)} -> 0.0013870259
A33: 3802170 | B33: 2022 | C33: North Dakota | D33: ND | E33: North Dakota Teachers' Fund for Retirement | F33: Ashley School | G33: 133921 | H33: {=_xlfn.IFS(B33=2015,L33*$P$3,B33=2016,L33*$P$4,B33=2017,L33*$P$5,B33=2018,L33*$P$6,B33=2019,L33*$P$7,B33=2020,L33*$P$8,B33=2021,L33*$P$9,B33=2022,L33*$P$10)} -> 2725.6356 | I33: =SUM(G33:H33) -> 136646.64 | J33: =IFERROR(VLOOKUP(F33,'LEAID Match'!$A$2:$B$227,2,FALSE),"") -> 3802170 | K33: =COUNTIF($A$2:$A$1757,A33) -> 8 | L33: {=_xlfn.IFS(B33=2015,G33/$P$13,B33=2016,G33/$P$14,B33=2017,G33/$P$15,B33=2018,G33/$P$16,B33=2019,G33/$P$17,B33=2019,G33/$P$18,B33=2020,G33/$P$18,B33=2021,G33/$P$19,B33=2022,G33/$P$20)} -> 0.0013347873
A34: 3802240 | B34: 2015 | C34: North Dakota | D34: ND | E34: North Dakota Teachers' Fund for Retirement | F34: Bakker Elem School | G34: 4399 | H34: {=_xlfn.IFS(B34=2015,L34*$P$3,B34=2016,L34*$P$4,B34=2017,L34*$P$5,B34=2018,L34*$P$6,B34=2019,L34*$P$7,B34=2020,L34*$P$8,B34=2021,L34*$P$9,B34=2022,L34*$P$10)} -> 99.454452 | I34: =SUM(G34:H34) -> 4498.4545 | J34: =IFERROR(VLOOKUP(F34,'LEAID Match'!$A$2:$B$227,2,FALSE),"") -> 3802240 | K34: =COUNTIF($A$2:$A$1757,A34) -> 8 | L34: {=_xlfn.IFS(B34=2015,G34/$P$13,B34=2016,G34/$P$14,B34=2017,G34/$P$15,B34=2018,G34/$P$16,B34=2019,G34/$P$17,B34=2019,G34/$P$18,B34=2020,G34/$P$18,B34=2021,G34/$P$19,B34=2022,G34/$P$20)} -> 5.6093882e-05
A35: 3802240 | B35: 2016 | C35: North Dakota | D35: ND | E35: North Dakota Teachers' Fund for Retirement | F35: Bakker Elem School | G35: 4399 | H35: {=_xlfn.IFS(B35=2015,L35*$P$3,B35=2016,L35*$P$4,B35=2017,L35*$P$5,B35=2018,L35*$P$6,B35=2019,L35*$P$7,B35=2020,L35*$P$8,B35=2021,L35*$P$9,B35=2022,L35*$P$10)} -> 149.37708 | I35: =SUM(G35:H35) -> 4548.3771 | J35: =IFERROR(VLOOKUP(F35,'LEAID Match'!$A$2:$B$227,2,FALSE),"") -> 3802240 | K35: =COUNTIF($A$2:$A$1757,A35) -> 8 | L35: {=_xlfn.IFS(B35=2015,G35/$P$13,B35=2016,G35/$P$14,B35=2017,G35/$P$15,B35=2018,G35/$P$16,B35=2019,G35/$P$17,B35=2019,G35/$P$18,B35=2020,G35/$P$18,B35=2021,G35/$P$19,B35=2022,G35/$P$20)} -> 5.310241e-05
A36: 3802240 | B36: 2017 | C36: North Dakota | D36: ND | E36: North Dakota Teachers' Fund for Retirement | F36: Bakker Elem School | G36: 4845 | H36: {=_xlfn.IFS(B36=2015,L36*$P$3,B36=2016,L36*$P$4,B36=2017,L36*$P$5,B36=2018,L36*$P$6,B36=2019,L36*$P$7,B36=2020,L36*$P$8,B36=2021,L36*$P$9,B36=2022,L36*$P$10)} -> 157.01701 | I36: =SUM(G36:H36) -> 5002.017 | J36: =IFERROR(VLOOKUP(F36,'LEAID Match'!$A$2:$B$227,2,FALSE),"") -> 3802240 | K36: =COUNTIF($A$2:$A$1757,A36) -> 8 | L36: {=_xlfn.IFS(B36=2015,G36/$P$13,B36=2016,G36/$P$14,B36=2017,G36/$P$15,B36=2018,G36/$P$16,B36=2019,G36/$P$17,B36=2019,G36/$P$18,B36=2020,G36/$P$18,B36=2021,G36/$P$19,B36=2022,G36/$P$20)} -> 5.6298675e-05
A37: 3802240 | B37: 2018 | C37: North Dakota | D37: ND | E37: North Dakota Teachers' Fund for Retirement | F37: Bakker Elem School | G37: 5227 | H37: {=_xlfn.IFS(B37=2015,L37*$P$3,B37=2016,L37*$P$4,B37=2017,L37*$P$5,B37=2018,L37*$P$6,B37=2019,L37*$P$7,B37=2020,L37*$P$8,B37=2021,L37*$P$9,B37=2022,L37*$P$10)} -> 143.22497 | I37: =SUM(G37:H37) -> 5370.225 | J37: =IFERROR(VLOOKUP(F37,'LEAID Match'!$A$2:$B$227,2,FALSE),"") -> 3802240 | K37: =COUNTIF($A$2:$A$1757,A37) -> 8 | L37: {=_xlfn.IFS(B37=2015,G37/$P$13,B37=2016,G37/$P$14,B37=2017,G37/$P$15,B37=2018,G37/$P$16,B37=2019,G37/$P$17,B37=2019,G37/$P$18,B37=2020,G37/$P$18,B37=2021,G37/$P$19,B37=2022,G37/$P$20)} -> 6.0305249e-05
A38: 3802240 | B38: 2019 | C38: North Dakota | D38: ND | E38: North Dakota Teachers' Fund for Retirement | F38: Bakker Elem School | G38: 5549 | H38: {=_xlfn.IFS(B38=2015,L38*$P$3,B38=2016,L38*$P$4,B38=2017,L38*$P$5,B38=2018,L38*$P$6,B38=2019,L38*$P$7,B38=2020,L38*$P$8,B38=2021,L38*$P$9,B38=2022,L38*$P$10)} -> 128.79132 | I38: =SUM(G38:H38) -> 5677.7913 | J38: =IFERROR(VLOOKUP(F38,'LEAID Match'!$A$2:$B$227,2,FALSE),"") -> 3802240 | K38: =COUNTIF($A$2:$A$1757,A38) -> 8 | L38: {=_xlfn.IFS(B38=2015,G38/$P$13,B38=2016,G38/$P$14,B38=2017,G38/$P$15,B38=2018,G38/$P$16,B38=2019,G38/$P$17,B38=2019,G38/$P$18,B38=2020,G38/$P$18,B38=2021,G38/$P$19,B38=2022,G38/$P$20)} -> 6.2038207e-05
A39: 3802240 | B39: 2020 | C39: North Dakota | D39: ND | E39: North Dakota Teachers' Fund for Retirement | F39: Bakker Elem School | G39: 5993 | H39: {=_xlfn.IFS(B39=2015,L39*$P$3,B39=2016,L39*$P$4,B39=2017,L39*$P$5,B39=2018,L39*$P$6,B39=2019,L39*$P$7,B39=2020,L39*$P$8,B39=2021,L39*$P$9,B39=2022,L39*$P$10)} -> 150.35249 | I39: =SUM(G39:H39) -> 6143.3525 | J39: =IFERROR(VLOOKUP(F39,'LEAID Match'!$A$2:$B$227,2,FALSE),"") -> 3802240 | K39: =COUNTIF($A$2:$A$1757,A39) -> 8 | L39: {=_xlfn.IFS(B39=2015,G39/$P$13,B39=2016,G39/$P$14,B39=2017,G39/$P$15,B39=2018,G39/$P$16,B39=2019,G39/$P$17,B39=2019,G39/$P$18,B39=2020,G39/$P$18,B39=2021,G39/$P$19,B39=2022,G39/$P$20)} -> 6.4418378e-05
A40: 3802240 | B40: 2021 | C40: North Dakota | D40: ND | E40: North Dakota Teachers' Fund for Retirement | F40: Bakker Elem School | G40: 7022 | H40: {=_xlfn.IFS(B40=2015,L40*$P$3,B40=2016,L40*$P$4,B40=2017,L40*$P$5,B40=2018,L40*$P$6,B40=2019,L40*$P$7,B40=2020,L40*$P$8,B40=2021,L40*$P$9,B40=2022,L40*$P$10)} -> 191.87119 | I40: =SUM(G40:H40) -> 7213.8712 | J40: =IFERROR(VLOOKUP(F40,'LEAID Match'!$A$2:$B$227,2,FALSE),"") -> 3802240 | K40: =COUNTIF($A$2:$A$1757,A40) -> 8 | L40: {=_xlfn.IFS(B40=2015,G40/$P$13,B40=2016,G40/$P$14,B40=2017,G40/$P$15,B40=2018,G40/$P$16,B40=2019,G40/$P$17,B40=2019,G40/$P$18,B40=2020,G40/$P$18,B40=2021,G40/$P$19,B40=2022,G40/$P$20)} -> 7.1460405e-05
A41: 3802240 | B41: 2022 | C41: North Dakota | D41: ND | E41: North Dakota Teachers' Fund for Retirement | F41: Bakker Elem School | G41: 6576 | H41: {=_xlfn.IFS(B41=2015,L41*$P$3,B41=2016,L41*$P$4,B41=2017,L41*$P$5,B41=2018,L41*$P$6,B41=2019,L41*$P$7,B41=2020,L41*$P$8,B41=2021,L41*$P$9,B41=2022,L41*$P$10)} -> 133.83845 | I41: =SUM(G41:H41) -> 6709.8385 | J41: =IFERROR(VLOOKUP(F41,'LEAID Match'!$A$2:$B$227,2,FALSE),"") -> 3802240 | K41: =COUNTIF($A$2:$A$1757,A41) -> 8 | L41: {=_xlfn.IFS(B41=2015,G41/$P$13,B41=2016,G41/$P$14,B41=2017,G41/$P$15,B41=2018,G41/$P$16,B41=2019,G41/$P$17,B41=2019,G41/$P$18,B41=2020,G41/$P$18,B41=2021,G41/$P$19,B41=2022,G41/$P$20)} -> 6.5542828e-05
... A97: 3800014 | B97: 2022 | C97: North Dakota | D97: ND | E97: North Dakota Teachers' Fund for Retirement | F97: Bismarck Public Schools | G97: 10769278 | H97: {=_xlfn.IFS(B97=2015,L97*$P$3,B97=2016,L97*$P$4,B97=2017,L97*$P$5,B97=2018,L97*$P$6,B97=2019,L97*$P$7,B97=2020,L97*$P$8,B97=2021,L97*$P$9,B97=2022,L97*$P$10)} -> 219182.41 | I97: =SUM(G97:H97) -> 10988460 | J97: =IFERROR(VLOOKUP(F97,'LEAID Match'!$A$2:$B$227,2,FALSE),"") -> 3800014 | K97: =COUNTIF($A$2:$A$1757,A97) -> 8 | L97: {=_xlfn.IFS(B97=2015,G97/$P$13,B97=2016,G97/$P$14,B97=2017,G97/$P$15,B97=2018,G97/$P$16,B97=2019,G97/$P$17,B97=2019,G97/$P$18,B97=2020,G97/$P$18,B97=2021,G97/$P$19,B97=2022,G97/$P$20)} -> 0.10733712
A98: 0 | B98: 2015 | C98: North Dakota | D98: ND | E98: North Dakota Teachers' Fund for Retirement | F98: Bismarck State College | H98: {=_xlfn.IFS(B98=2015,L98*$P$3,B98=2016,L98*$P$4,B98=2017,L98*$P$5,B98=2018,L98*$P$6,B98=2019,L98*$P$7,B98=2020,L98*$P$8,B98=2021,L98*$P$9,B98=2022,L98*$P$10)} -> 0 | I98: =SUM(G98:H98) -> 0 | J98: =IFERROR(VLOOKUP(F98,'LEAID Match'!$A$2:$B$227,2,FALSE),"") -> 0 | K98: =COUNTIF($A$2:$A$1757,A98) -> 130 | L98: {=_xlfn.IFS(B98=2015,G98/$P$13,B98=2016,G98/$P$14,B98=2017,G98/$P$15,B98=2018,G98/$P$16,B98=2019,G98/$P$17,B98=2019,G98/$P$18,B98=2020,G98/$P$18,B98=2021,G98/$P$19,B98=2022,G98/$P$20)} -> 0
A99: 0 | B99: 2016 | C99: North Dakota | D99: ND | E99: North Dakota Teachers' Fund for Retirement | F99: Bismarck State College | H99: {=_xlfn.IFS(B99=2015,L99*$P$3,B99=2016,L99*$P$4,B99=2017,L99*$P$5,B99=2018,L99*$P$6,B99=2019,L99*$P$7,B99=2020,L99*$P$8,B99=2021,L99*$P$9,B99=2022,L99*$P$10)} -> 0 | I99: =SUM(G99:H99) -> 0 | J99: =IFERROR(VLOOKUP(F99,'LEAID Match'!$A$2:$B$227,2,FALSE),"") -> 0 | K99: =COUNTIF($A$2:$A$1757,A99) -> 130 | L99: {=_xlfn.IFS(B99=2015,G99/$P$13,B99=2016,G99/$P$14,B99=2017,G99/$P$15,B99=2018,G99/$P$16,B99=2019,G99/$P$17,B99=2019,G99/$P$18,B99=2020,G99/$P$18,B99=2021,G99/$P$19,B99=2022,G99/$P$20)} -> 0
A100: 0 | B100: 2017 | C100: North Dakota | D100: ND | E100: North Dakota Teachers' Fund for Retirement | F100: Bismarck State College | H100: {=_xlfn.IFS(B100=2015,L100*$P$3,B100=2016,L100*$P$4,B100=2017,L100*$P$5,B100=2018,L100*$P$6,B100=2019,L100*$P$7,B100=2020,L100*$P$8,B100=2021,L100*$P$9,B100=2022,L100*$P$10)} -> 0 | I100: =SUM(G100:H100) -> 0 | J100: =IFERROR(VLOOKUP(F100,'LEAID Match'!$A$2:$B$227,2,FALSE),"") -> 0 | K100: =COUNTIF($A$2:$A$1757,A100) -> 130 | L100: {=_xlfn.IFS(B100=2015,G100/$P$13,B100=2016,G100/$P$14,B100=2017,G100/$P$15,B100=2018,G100/$P$16,B100=2019,G100/$P$17,B100=2019,G100/$P$18,B100=2020,G100/$P$18,B100=2021,G100/$P$19,B100=2022,G100/$P$20)} -> 0
A101: 0 | B101: 2018 | C101: North Dakota | D101: ND | E101: North Dakota Teachers' Fund for Retirement | F101: Bismarck State College | H101: {=_xlfn.IFS(B101=2015,L101*$P$3,B101=2016,L101*$P$4,B101=2017,L101*$P$5,B101=2018,L101*$P$6,B101=2019,L101*$P$7,B101=2020,L101*$P$8,B101=2021,L101*$P$9,B101=2022,L101*$P$10)} -> 0 | I101: =SUM(G101:H101) -> 0 | J101: =IFERROR(VLOOKUP(F101,'LEAID Match'!$A$2:$B$227,2,FALSE),"") -> 0 | K101: =COUNTIF($A$2:$A$1757,A101) -> 130 | L101: {=_xlfn.IFS(B101=2015,G101/$P$13,B101=2016,G101/$P$14,B101=2017,G101/$P$15,B101=2018,G101/$P$16,B101=2019,G101/$P$17,B101=2019,G101/$P$18,B101=2020,G101/$P$18,B101=2021,G101/$P$19,B101=2022,G101/$P$20)} -> 0
A102: 0 | B102: 2019 | C102: North Dakota | D102: ND | E102: North Dakota Teachers' Fund for Retirement | F102: Bismarck State College | H102: {=_xlfn.IFS(B102=2015,L102*$P$3,B102=2016,L102*$P$4,B102=2017,L102*$P$5,B102=2018,L102*$P$6,B102=2019,L102*$P$7,B102=2020,L102*$P$8,B102=2021,L102*$P$9,B102=2022,L102*$P$10)} -> 0 | I102: =SUM(G102:H102) -> 0 | J102: =IFERROR(VLOOKUP(F102,'LEAID Match'!$A$2:$B$227,2,FALSE),"") -> 0 | K102: =COUNTIF($A$2:$A$1757,A102) -> 130 | L102: {=_xlfn.IFS(B102=2015,G102/$P$13,B102=2016,G102/$P$14,B102=2017,G102/$P$15,B102=2018,G102/$P$16,B102=2019,G102/$P$17,B102=2019,G102/$P$18,B102=2020,G102/$P$18,B102=2021,G102/$P$19,B102=2022,G102/$P$20)} -> 0
A103: 0 | B103: 2020 | C103: North Dakota | D103: ND | E103: North Dakota Teachers' Fund for Retirement | F103: Bismarck State College | H103: {=_xlfn.IFS(B103=2015,L103*$P$3,B103=2016,L103*$P$4,B103=2017,L103*$P$5,B103=2018,L103*$P$6,B103=2019,L103*$P$7,B103=2020,L103*$P$8,B103=2021,L103*$P$9,B103=2022,L103*$P$10)} -> 0 | I103: =SUM(G103:H103) -> 0 | J103: =IFERROR(VLOOKUP(F103,'LEAID Match'!$A$2:$B$227,2,FALSE),"") -> 0 | K103: =COUNTIF($A$2:$A$1757,A103) -> 130 | L103: {=_xlfn.IFS(B103=2015,G103/$P$13,B103=2016,G103/$P$14,B103=2017,G103/$P$15,B103=2018,G103/$P$16,B103=2019,G103/$P$17,B103=2019,G103/$P$18,B103=2020,G103/$P$18,B103=2021,G103/$P$19,B103=2022,G103/$P$20)} -> 0
A104: 0 | B104: 2021 | C104: North Dakota | D104: ND | E104: North Dakota Teachers' Fund for Retirement | F104: Bismarck State College | H104: {=_xlfn.IFS(B104=2015,L104*$P$3,B104=2016,L104*$P$4,B104=2017,L104*$P$5,B104=2018,L104*$P$6,B104=2019,L104*$P$7,B104=2020,L104*$P$8,B104=2021,L104*$P$9,B104=2022,L104*$P$10)} -> 0 | I104: =SUM(G104:H104) -> 0 | J104: =IFERROR(VLOOKUP(F104,'LEAID Match'!$A$2:$B$227,2,FALSE),"") -> 0 | K104: =COUNTIF($A$2:$A$1757,A104) -> 130 | L104: {=_xlfn.IFS(B104=2015,G104/$P$13,B104=2016,G104/$P$14,B104=2017,G104/$P$15,B104=2018,G104/$P$16,B104=2019,G104/$P$17,B104=2019,G104/$P$18,B104=2020,G104/$P$18,B104=2021,G104/$P$19,B104=2022,G104/$P$20)} -> 0
A105: 0 | B105: 2015 | C105: North Dakota | D105: ND | E105: North Dakota Teachers' Fund for Retirement | F105: Blessed John Paul II Catholic Sch Network | G105: 3935 | H105: {=_xlfn.IFS(B105=2015,L105*$P$3,B105=2016,L105*$P$4,B105=2017,L105*$P$5,B105=2018,L105*$P$6,B105=2019,L105*$P$7,B105=2020,L105*$P$8,B105=2021,L105*$P$9,B105=2022,L105*$P$10)} -> 88.964144 | I105: =SUM(G105:H105) -> 4023.9641 | J105: =IFERROR(VLOOKUP(F105,'LEAID Match'!$A$2:$B$227,2,FALSE),"") -> 0 | K105: =COUNTIF($A$2:$A$1757,A105) -> 130 | L105: {=_xlfn.IFS(B105=2015,G105/$P$13,B105=2016,G105/$P$14,B105=2017,G105/$P$15,B105=2018,G105/$P$16,B105=2019,G105/$P$17,B105=2019,G105/$P$18,B105=2020,G105/$P$18,B105=2021,G105/$P$19,B105=2022,G105/$P$20)} -> 5.0177182e-05
A106: 0 | B106: 2016 | C106: North Dakota | D106: ND | E106: North Dakota Teachers' Fund for Retirement | F106: Blessed John Paul II Catholic Sch Network | H106: {=_xlfn.IFS(B106=2015,L106*$P$3,B106=2016,L106*$P$4,B106=2017,L106*$P$5,B106=2018,L106*$P$6,B106=2019,L106*$P$7,B106=2020,L106*$P$8,B106=2021,L106*$P$9,B106=2022,L106*$P$10)} -> 0 | I106: =SUM(G106:H106) -> 0 | J106: =IFERROR(VLOOKUP(F106,'LEAID Match'!$A$2:$B$227,2,FALSE),"") -> 0 | K106: =COUNTIF($A$2:$A$1757,A106) -> 130 | L106: {=_xlfn.IFS(B106=2015,G106/$P$13,B106=2016,G106/$P$14,B106=2017,G106/$P$15,B106=2018,G106/$P$16,B106=2019,G106/$P$17,B106=2019,G106/$P$18,B106=2020,G106/$P$18,B106=2021,G106/$P$19,B106=2022,G106/$P$20)} -> 0
A107: 0 | B107: 2017 | C107: North Dakota | D107: ND | E107: North Dakota Teachers' Fund for Retirement | F107: Blessed John Paul II Catholic Sch Network | H107: {=_xlfn.IFS(B107=2015,L107*$P$3,B107=2016,L107*$P$4,B107=2017,L107*$P$5,B107=2018,L107*$P$6,B107=2019,L107*$P$7,B107=2020,L107*$P$8,B107=2021,L107*$P$9,B107=2022,L107*$P$10)} -> 0 | I107: =SUM(G107:H107) -> 0 | J107: =IFERROR(VLOOKUP(F107,'LEAID Match'!$A$2:$B$227,2,FALSE),"") -> 0 | K107: =COUNTIF($A$2:$A$1757,A107) -> 130 | L107: {=_xlfn.IFS(B107=2015,G107/$P$13,B107=2016,G107/$P$14,B107=2017,G107/$P$15,B107=2018,G107/$P$16,B107=2019,G107/$P$17,B107=2019,G107/$P$18,B107=2020,G107/$P$18,B107=2021,G107/$P$19,B107=2022,G107/$P$20)} -> 0
A108: 0 | B108: 2018 | C108: North Dakota | D108: ND | E108: North Dakota Teachers' Fund for Retirement | F108: Blessed John Paul II Catholic Sch Network | H108: {=_xlfn.IFS(B108=2015,L108*$P$3,B108=2016,L108*$P$4,B108=2017,L108*$P$5,B108=2018,L108*$P$6,B108=2019,L108*$P$7,B108=2020,L108*$P$8,B108=2021,L108*$P$9,B108=2022,L108*$P$10)} -> 0 | I108: =SUM(G108:H108) -> 0 | J108: =IFERROR(VLOOKUP(F108,'LEAID Match'!$A$2:$B$227,2,FALSE),"") -> 0 | K108: =COUNTIF($A$2:$A$1757,A108) -> 130 | L108: {=_xlfn.IFS(B108=2015,G108/$P$13,B108=2016,G108/$P$14,B108=2017,G108/$P$15,B108=2018,G108/$P$16,B108=2019,G108/$P$17,B108=2019,G108/$P$18,B108=2020,G108/$P$18,B108=2021,G108/$P$19,B108=2022,G108/$P$20)} -> 0
A109: 0 | B109: 2019 | C109: North Dakota | D109: ND | E109: North Dakota Teachers' Fund for Retirement | F109: Blessed John Paul II Catholic Sch Network | H109: {=_xlfn.IFS(B109=2015,L109*$P$3,B109=2016,L109*$P$4,B109=2017,L109*$P$5,B109=2018,L109*$P$6,B109=2019,L109*$P$7,B109=2020,L109*$P$8,B109=2021,L109*$P$9,B109=2022,L109*$P$10)} -> 0 | I109: =SUM(G109:H109) -> 0 | J109: =IFERROR(VLOOKUP(F109,'LEAID Match'!$A$2:$B$227,2,FALSE),"") -> 0 | K109: =COUNTIF($A$2:$A$1757,A109) -> 130 | L109: {=_xlfn.IFS(B109=2015,G109/$P$13,B109=2016,G109/$P$14,B109=2017,G109/$P$15,B109=2018,G109/$P$16,B109=2019,G109/$P$17,B109=2019,G109/$P$18,B109=2020,G109/$P$18,B109=2021,G109/$P$19,B109=2022,G109/$P$20)} -> 0
A110: 0 | B110: 2020 | C110: North Dakota | D110: ND | E110: North Dakota Teachers' Fund for Retirement | F110: Blessed John Paul II Catholic Sch Network | H110: {=_xlfn.IFS(B110=2015,L110*$P$3,B110=2016,L110*$P$4,B110=2017,L110*$P$5,B110=2018,L110*$P$6,B110=2019,L110*$P$7,B110=2020,L110*$P$8,B110=2021,L110*$P$9,B110=2022,L110*$P$10)} -> 0 | I110: =SUM(G110:H110) -> 0 | J110: =IFERROR(VLOOKUP(F110,'LEAID Match'!$A$2:$B$227,2,FALSE),"") -> 0 | K110: =COUNTIF($A$2:$A$1757,A110) -> 130 | L110: {=_xlfn.IFS(B110=2015,G110/$P$13,B110=2016,G110/$P$14,B110=2017,G110/$P$15,B110=2018,G110/$P$16,B110=2019,G110/$P$17,B110=2019,G110/$P$18,B110=2020,G110/$P$18,B110=2021,G110/$P$19,B110=2022,G110/$P$20)} -> 0
A111: 0 | B111: 2021 | C111: North Dakota | D111: ND | E111: North Dakota Teachers' Fund for Retirement | F111: Blessed John Paul II Catholic Sch Network | H111: {=_xlfn.IFS(B111=2015,L111*$P$3,B111=2016,L111*$P$4,B111=2017,L111*$P$5,B111=2018,L111*$P$6,B111=2019,L111*$P$7,B111=2020,L111*$P$8,B111=2021,L111*$P$9,B111=2022,L111*$P$10)} -> 0 | I111: =SUM(G111:H111) -> 0 | J111: =IFERROR(VLOOKUP(F111,'LEAID Match'!$A$2:$B$227,2,FALSE),"") -> 0 | K111: =COUNTIF($A$2:$A$1757,A111) -> 130 | L111: {=_xlfn.IFS(B111=2015,G111/$P$13,B111=2016,G111/$P$14,B111=2017,G111/$P$15,B111=2018,G111/$P$16,B111=2019,G111/$P$17,B111=2019,G111/$P$18,B111=2020,G111/$P$18,B111=2021,G111/$P$19,B111=2022,G111/$P$20)} -> 0
A112: 0 | B112: 2022 | C112: North Dakota | D112: ND | E112: North Dakota Teachers' Fund for Retirement | F112: Blessed John Paul II Catholic Sch Network | H112: {=_xlfn.IFS(B112=2015,L112*$P$3,B112=2016,L112*$P$4,B112=2017,L112*$P$5,B112=2018,L112*$P$6,B112=2019,L112*$P$7,B112=2020,L112*$P$8,B112=2021,L112*$P$9,B112=2022,L112*$P$10)} -> 0 | I112: =SUM(G112:H112) -> 0 | J112: =IFERROR(VLOOKUP(F112,'LEAID Match'!$A$2:$B$227,2,FALSE),"") -> 0 | K112: =COUNTIF($A$2:$A$1757,A112) -> 130 | L112: {=_xlfn.IFS(B112=2015,G112/$P$13,B112=2016,G112/$P$14,B112=2017,G112/$P$15,B112=2018,G112/$P$16,B112=2019,G112/$P$17,B112=2019,G112/$P$18,B112=2020,G112/$P$18,B112=2021,G112/$P$19,B112=2022,G112/$P$20)} -> 0
A113: 3803060 | B113: 2015 | C113: North Dakota | D113: ND | E113: North Dakota Teachers' Fund for Retirement | F113: Bottineau School | G113: 469795 | H113: {=_xlfn.IFS(B113=2015,L113*$P$3,B113=2016,L113*$P$4,B113=2017,L113*$P$5,B113=2018,L113*$P$6,B113=2019,L113*$P$7,B113=2020,L113*$P$8,B113=2021,L113*$P$9,B113=2022,L113*$P$10)} -> 10621.324 | I113: =SUM(G113:H113) -> 480416.32 | J113: =IFERROR(VLOOKUP(F113,'LEAID Match'!$A$2:$B$227,2,FALSE),"") -> 3803060 | K113: =COUNTIF($A$2:$A$1757,A113) -> 8 | L113: {=_xlfn.IFS(B113=2015,G113/$P$13,B113=2016,G113/$P$14,B113=2017,G113/$P$15,B113=2018,G113/$P$16,B113=2019,G113/$P$17,B113=2019,G113/$P$18,B113=2020,G113/$P$18,B113=2021,G113/$P$19,B113=2022,G113/$P$20)} -> 0.0059905945
A114: 3803060 | B114: 2016 | C114: North Dakota | D114: ND | E114: North Dakota Teachers' Fund for Retirement | F114: Bottineau School | G114: 479346 | H114: {=_xlfn.IFS(B114=2015,L114*$P$3,B114=2016,L114*$P$4,B114=2017,L114*$P$5,B114=2018,L114*$P$6,B114=2019,L114*$P$7,B114=2020,L114*$P$8,B114=2021,L114*$P$9,B114=2022,L114*$P$10)} -> 16277.178 | I114: =SUM(G114:H114) -> 495623.18 | J114: =IFERROR(VLOOKUP(F114,'LEAID Match'!$A$2:$B$227,2,FALSE),"") -> 3803060 | K114: =COUNTIF($A$2:$A$1757,A114) -> 8 | L114: {=_xlfn.IFS(B114=2015,G114/$P$13,B114=2016,G114/$P$14,B114=2017,G114/$P$15,B114=2018,G114/$P$16,B114=2019,G114/$P$17,B114=2019,G114/$P$18,B114=2020,G114/$P$18,B114=2021,G114/$P$19,B114=2022,G114/$P$20)} -> 0.0057864124
A115: 3803060 | B115: 2017 | C115: North Dakota | D115: ND | E115: North Dakota Teachers' Fund for Retirement | F115: Bottineau School | G115: 463841 | H115: {=_xlfn.IFS(B115=2015,L115*$P$3,B115=2016,L115*$P$4,B115=2017,L115*$P$5,B115=2018,L115*$P$6,B115=2019,L115*$P$7,B115=2020,L115*$P$8,B115=2021,L115*$P$9,B115=2022,L115*$P$10)} -> 15032.183 | I115: =SUM(G115:H115) -> 478873.18 | J115: =IFERROR(VLOOKUP(F115,'LEAID Match'!$A$2:$B$227,2,FALSE),"") -> 3803060 | K115: =COUNTIF($A$2:$A$1757,A115) -> 8 | L115: {=_xlfn.IFS(B115=2015,G115/$P$13,B115=2016,G115/$P$14,B115=2017,G115/$P$15,B115=2018,G115/$P$16,B115=2019,G115/$P$17,B115=2019,G115/$P$18,B115=2020,G115/$P$18,B115=2021,G115/$P$19,B115=2022,G115/$P$20)} -> 0.0053898109
A116: 3803060 | B116: 2018 | C116: North Dakota | D116: ND | E116: North Dakota Teachers' Fund for Retirement | F116: Bottineau School | G116: 482495 | H116: {=_xlfn.IFS(B116=2015,L116*$P$3,B116=2016,L116*$P$4,B116=2017,L116*$P$5,B116=2018,L116*$P$6,B116=2019,L116*$P$7,B116=2020,L116*$P$8,B116=2021,L116*$P$9,B116=2022,L116*$P$10)} -> 13220.84 | I116: =SUM(G116:H116) -> 495715.84 | J116: =IFERROR(VLOOKUP(F116,'LEAID Match'!$A$2:$B$227,2,FALSE),"") -> 3803060 | K116: =COUNTIF($A$2:$A$1757,A116) -> 8 | L116: {=_xlfn.IFS(B116=2015,G116/$P$13,B116=2016,G116/$P$14,B116=2017,G116/$P$15,B116=2018,G116/$P$16,B116=2019,G116/$P$17,B116=2019,G116/$P$18,B116=2020,G116/$P$18,B116=2021,G116/$P$19,B116=2022,G116/$P$20)} -> 0.0055666695
A117: 3803060 | B117: 2019 | C117: North Dakota | D117: ND | E117: North Dakota Teachers' Fund for Retirement | F117: Bottineau School | G117: 490794 | H117: {=_xlfn.IFS(B117=2015,L117*$P$3,B117=2016,L117*$P$4,B117=2017,L117*$P$5,B117=2018,L117*$P$6,B117=2019,L117*$P$7,B117=2020,L117*$P$8,B117=2021,L117*$P$9,B117=2022,L117*$P$10)} -> 11391.243 | I117: =SUM(G117:H117) -> 502185.24 | J117: =IFERROR(VLOOKUP(F117,'LEAID Match'!$A$2:$B$227,2,FALSE),"") -> 3803060 | K117: =COUNTIF($A$2:$A$1757,A117) -> 8 | L117: {=_xlfn.IFS(B117=2015,G117/$P$13,B117=2016,G117/$P$14,B117=2017,G117/$P$15,B117=2018,G117/$P$16,B117=2019,G117/$P$17,B117=2019,G117/$P$18,B117=2020,G117/$P$18,B117=2021,G117/$P$19,B117=2022,G117/$P$20)} -> 0.0054871112
A118: 3803060 | B118: 2020 | C118: North Dakota | D118: ND | E118: North Dakota Teachers' Fund for Retirement | F118: Bottineau School | G118: 480499 | H118: {=_xlfn.IFS(B118=2015,L118*$P$3,B118=2016,L118*$P$4,B118=2017,L118*$P$5,B118=2018,L118*$P$6,B118=2019,L118*$P$7,B118=2020,L118*$P$8,B118=2021,L118*$P$9,B118=2022,L118*$P$10)} -> 12054.768 | I118: =SUM(G118:H118) -> 492553.77 | J118: =IFERROR(VLOOKUP(F118,'LEAID Match'!$A$2:$B$227,2,FALSE),"") -> 3803060 | K118: =COUNTIF($A$2:$A$1757,A118) -> 8 | L118: {=_xlfn.IFS(B118=2015,G118/$P$13,B118=2016,G118/$P$14,B118=2017,G118/$P$15,B118=2018,G118/$P$16,B118=2019,G118/$P$17,B118=2019,G118/$P$18,B118=2020,G118/$P$18,B118=2021,G118/$P$19,B118=2022,G118/$P$20)} -> 0.0051648533
A119: 3803060 | B119: 2021 | C119: North Dakota | D119: ND | E119: North Dakota Teachers' Fund for Retirement | F119: Bottineau School | G119: 513897 | H119: {=_xlfn.IFS(B119=2015,L119*$P$3,B119=2016,L119*$P$4,B119=2017,L119*$P$5,B119=2018,L119*$P$6,B119=2019,L119*$P$7,B119=2020,L119*$P$8,B119=2021,L119*$P$9,B119=2022,L119*$P$10)} -> 14041.872 | I119: =SUM(G119:H119) -> 527938.87 | J119: =IFERROR(VLOOKUP(F119,'LEAID Match'!$A$2:$B$227,2,FALSE),"") -> 3803060 | K119: =COUNTIF($A$2:$A$1757,A119) -> 8 | L119: {=_xlfn.IFS(B119=2015,G119/$P$13,B119=2016,G119/$P$14,B119=2017,G119/$P$15,B119=2018,G119/$P$16,B119=2019,G119/$P$17,B119=2019,G119/$P$18,B119=2020,G119/$P$18,B119=2021,G119/$P$19,B119=2022,G119/$P$20)} -> 0.0052297476
A120: 3803060 | B120: 2022 | C120: North Dakota | D120: ND | E120: North Dakota Teachers' Fund for Retirement | F120: Bottineau School | G120: 529684 | H120: {=_xlfn.IFS(B120=2015,L120*$P$3,B120=2016,L120*$P$4,B120=2017,L120*$P$5,B120=2018,L120*$P$6,B120=2019,L120*$P$7,B120=2020,L120*$P$8,B120=2021,L120*$P$9,B120=2022,L120*$P$10)} -> 10780.427 | I120: =SUM(G120:H120) -> 540464.43 | J120: =IFERROR(VLOOKUP(F120,'LEAID Match'!$A$2:$B$227,2,FALSE),"") -> 3803060 | K120: =COUNTIF($A$2:$A$1757,A120) -> 8 | L120: {=_xlfn.IFS(B120=2015,G120/$P$13,B120=2016,G120/$P$14,B120=2017,G120/$P$15,B120=2018,G120/$P$16,B120=2019,G120/$P$17,B120=2019,G120/$P$18,B120=2020,G120/$P$18,B120=2021,G120/$P$19,B120=2022,G120/$P$20)} -> 0.0052793472
A121: 3803090 | B121: 2015 | C121: North Dakota | D121: ND | E121: North Dakota Teachers' Fund for Retirement | F121: Bowbells School | G121: 66551 | H121: {=_xlfn.IFS(B121=2015,L121*$P$3,B121=2016,L121*$P$4,B121=2017,L121*$P$5,B121=2018,L121*$P$6,B121=2019,L121*$P$7,B121=2020,L121*$P$8,B121=2021,L121*$P$9,B121=2022,L121*$P$10)} -> 1504.6132 | I121: =SUM(G121:H121) -> 68055.613 | J121: =IFERROR(VLOOKUP(F121,'LEAID Match'!$A$2:$B$227,2,FALSE),"") -> 3803090 | K121: =COUNTIF($A$2:$A$1757,A121) -> 8 | L121: {=_xlfn.IFS(B121=2015,G121/$P$13,B121=2016,G121/$P$14,B121=2017,G121/$P$15,B121=2018,G121/$P$16,B121=2019,G121/$P$17,B121=2019,G121/$P$18,B121=2020,G121/$P$18,B121=2021,G121/$P$19,B121=2022,G121/$P$20)} -> 0.00084862558
A122: 3803090 | B122: 2016 | C122: North Dakota | D122: ND | E122: North Dakota Teachers' Fund for Retirement | F122: Bowbells School | G122: 70580 | H122: {=_xlfn.IFS(B122=2015,L122*$P$3,B122=2016,L122*$P$4,B122=2017,L122*$P$5,B122=2018,L122*$P$6,B122=2019,L122*$P$7,B122=2020,L122*$P$8,B122=2021,L122*$P$9,B122=2022,L122*$P$10)} -> 2396.6889 | I122: =SUM(G122:H122) -> 72976.689 | J122: =IFERROR(VLOOKUP(F122,'LEAID Match'!$A$2:$B$227,2,FALSE),"") -> 3803090 | K122: =COUNTIF($A$2:$A$1757,A122) -> 8 | L122: {=_xlfn.IFS(B122=2015,G122/$P$13,B122=2016,G122/$P$14,B122=2017,G122/$P$15,B122=2018,G122/$P$16,B122=2019,G122/$P$17,B122=2019,G122/$P$18,B122=2020,G122/$P$18,B122=2021,G122/$P$19,B122=2022,G122/$P$20)} -> 0.00085200457
A123: 3803090 | B123: 2017 | C123: North Dakota | D123: ND | E123: North Dakota Teachers' Fund for Retirement | F123: Bowbells School | G123: 80002 | H123: {=_xlfn.IFS(B123=2015,L123*$P$3,B123=2016,L123*$P$4,B123=2017,L123*$P$5,B123=2018,L123*$P$6,B123=2019,L123*$P$7,B123=2020,L123*$P$8,B123=2021,L123*$P$9,B123=2022,L123*$P$10)} -> 2592.7089 | I123: =SUM(G123:H123) -> 82594.709 | J123: =IFERROR(VLOOKUP(F123,'LEAID Match'!$A$2:$B$227,2,FALSE),"") -> 3803090 | K123: =COUNTIF($A$2:$A$1757,A123) -> 8 | L123: {=_xlfn.IFS(B123=2015,G123/$P$13,B123=2016,G123/$P$14,B123=2017,G123/$P$15,B123=2018,G123/$P$16,B123=2019,G123/$P$17,B123=2019,G123/$P$18,B123=2020,G123/$P$18,B123=2021,G123/$P$19,B123=2022,G123/$P$20)} -> 0.00092961953
A124: 3803090 | B124: 2018 | C124: North Dakota | D124: ND | E124: North Dakota Teachers' Fund for Retirement | F124: Bowbells School | G124: 77343 | H124: {=_xlfn.IFS(B124=2015,L124*$P$3,B124=2016,L124*$P$4,B124=2017,L124*$P$5,B124=2018,L124*$P$6,B124=2019,L124*$P$7,B124=2020,L124*$P$8,B124=2021,L124*$P$9,B124=2022,L124*$P$10)} -> 2119.2747 | I124: =SUM(G124:H124) -> 79462.275 | J124: =IFERROR(VLOOKUP(F124,'LEAID Match'!$A$2:$B$227,2,FALSE),"") -> 3803090 | K124: =COUNTIF($A$2:$A$1757,A124) -> 8 | L124: {=_xlfn.IFS(B124=2015,G124/$P$13,B124=2016,G124/$P$14,B124=2017,G124/$P$15,B124=2018,G124/$P$16,B124=2019,G124/$P$17,B124=2019,G124/$P$18,B124=2020,G124/$P$18,B124=2021,G124/$P$19,B124=2022,G124/$P$20)} -> 0.00089232617
... A188: 3800037 | B188: 2018 | C188: North Dakota | D188: ND | E188: North Dakota Teachers' Fund for Retirement | F188: Central Elementary School | G188: 8151 | H188: {=_xlfn.IFS(B188=2015,L188*$P$3,B188=2016,L188*$P$4,B188=2017,L188*$P$5,B188=2018,L188*$P$6,B188=2019,L188*$P$7,B188=2020,L188*$P$8,B188=2021,L188*$P$9,B188=2022,L188*$P$10)} -> 223.34546 | I188: =SUM(G188:H188) -> 8374.3455 | J188: =IFERROR(VLOOKUP(F188,'LEAID Match'!$A$2:$B$227,2,FALSE),"") -> 3800037 | K188: =COUNTIF($A$2:$A$1757,A188) -> 8 | L188: {=_xlfn.IFS(B188=2015,G188/$P$13,B188=2016,G188/$P$14,B188=2017,G188/$P$15,B188=2018,G188/$P$16,B188=2019,G188/$P$17,B188=2019,G188/$P$18,B188=2020,G188/$P$18,B188=2021,G188/$P$19,B188=2022,G188/$P$20)} -> 9.4040193e-05
A189: 3800037 | B189: 2019 | C189: North Dakota | D189: ND | E189: North Dakota Teachers' Fund for Retirement | F189: Central Elementary School | H189: {=_xlfn.IFS(B189=2015,L189*$P$3,B189=2016,L189*$P$4,B189=2017,L189*$P$5,B189=2018,L189*$P$6,B189=2019,L189*$P$7,B189=2020,L189*$P$8,B189=2021,L189*$P$9,B189=2022,L189*$P$10)} -> 0 | I189: =SUM(G189:H189) -> 0 | J189: =IFERROR(VLOOKUP(F189,'LEAID Match'!$A$2:$B$227,2,FALSE),"") -> 3800037 | K189: =COUNTIF($A$2:$A$1757,A189) -> 8 | L189: {=_xlfn.IFS(B189=2015,G189/$P$13,B189=2016,G189/$P$14,B189=2017,G189/$P$15,B189=2018,G189/$P$16,B189=2019,G189/$P$17,B189=2019,G189/$P$18,B189=2020,G189/$P$18,B189=2021,G189/$P$19,B189=2022,G189/$P$20)} -> 0
A190: 3800037 | B190: 2020 | C190: North Dakota | D190: ND | E190: North Dakota Teachers' Fund for Retirement | F190: Central Elementary School | H190: {=_xlfn.IFS(B190=2015,L190*$P$3,B190=2016,L190*$P$4,B190=2017,L190*$P$5,B190=2018,L190*$P$6,B190=2019,L190*$P$7,B190=2020,L190*$P$8,B190=2021,L190*$P$9,B190=2022,L190*$P$10)} -> 0 | I190: =SUM(G190:H190) -> 0 | J190: =IFERROR(VLOOKUP(F190,'LEAID Match'!$A$2:$B$227,2,FALSE),"") -> 3800037 | K190: =COUNTIF($A$2:$A$1757,A190) -> 8 | L190: {=_xlfn.IFS(B190=2015,G190/$P$13,B190=2016,G190/$P$14,B190=2017,G190/$P$15,B190=2018,G190/$P$16,B190=2019,G190/$P$17,B190=2019,G190/$P$18,B190=2020,G190/$P$18,B190=2021,G190/$P$19,B190=2022,G190/$P$20)} -> 0
A191: 3800037 | B191: 2021 | C191: North Dakota | D191: ND | E191: North Dakota Teachers' Fund for Retirement | F191: Central Elementary School | H191: {=_xlfn.IFS(B191=2015,L191*$P$3,B191=2016,L191*$P$4,B191=2017,L191*$P$5,B191=2018,L191*$P$6,B191=2019,L191*$P$7,B191=2020,L191*$P$8,B191=2021,L191*$P$9,B191=2022,L191*$P$10)} -> 0 | I191: =SUM(G191:H191) -> 0 | J191: =IFERROR(VLOOKUP(F191,'LEAID Match'!$A$2:$B$227,2,FALSE),"") -> 3800037 | K191: =COUNTIF($A$2:$A$1757,A191) -> 8 | L191: {=_xlfn.IFS(B191=2015,G191/$P$13,B191=2016,G191/$P$14,B191=2017,G191/$P$15,B191=2018,G191/$P$16,B191=2019,G191/$P$17,B191=2019,G191/$P$18,B191=2020,G191/$P$18,B191=2021,G191/$P$19,B191=2022,G191/$P$20)} -> 0
A192: 3800037 | B192: 2022 | C192: North Dakota | D192: ND | E192: North Dakota Teachers' Fund for Retirement | F192: Central Elementary School | H192: {=_xlfn.IFS(B192=2015,L192*$P$3,B192=2016,L192*$P$4,B192=2017,L192*$P$5,B192=2018,L192*$P$6,B192=2019,L192*$P$7,B192=2020,L192*$P$8,B192=2021,L192*$P$9,B192=2022,L192*$P$10)} -> 0 | I192: =SUM(G192:H192) -> 0 | J192: =IFERROR(VLOOKUP(F192,'LEAID Match'!$A$2:$B$227,2,FALSE),"") -> 3800037 | K192: =COUNTIF($A$2:$A$1757,A192) -> 8 | L192: {=_xlfn.IFS(B192=2015,G192/$P$13,B192=2016,G192/$P$14,B192=2017,G192/$P$15,B192=2018,G192/$P$16,B192=2019,G192/$P$17,B192=2019,G192/$P$18,B192=2020,G192/$P$18,B192=2021,G192/$P$19,B192=2022,G192/$P$20)} -> 0
A193: 0 | B193: 2020 | C193: North Dakota | D193: ND | E193: North Dakota Teachers' Fund for Retirement | F193: Central Regional Education Association | G193: 96303 | H193: {=_xlfn.IFS(B193=2015,L193*$P$3,B193=2016,L193*$P$4,B193=2017,L193*$P$5,B193=2018,L193*$P$6,B193=2019,L193*$P$7,B193=2020,L193*$P$8,B193=2021,L193*$P$9,B193=2022,L193*$P$10)} -> 2416.0514 | I193: =SUM(G193:H193) -> 98719.051 | J193: =IFERROR(VLOOKUP(F193,'LEAID Match'!$A$2:$B$227,2,FALSE),"") -> 0 | K193: =COUNTIF($A$2:$A$1757,A193) -> 130 | L193: {=_xlfn.IFS(B193=2015,G193/$P$13,B193=2016,G193/$P$14,B193=2017,G193/$P$15,B193=2018,G193/$P$16,B193=2019,G193/$P$17,B193=2019,G193/$P$18,B193=2020,G193/$P$18,B193=2021,G193/$P$19,B193=2022,G193/$P$20)} -> 0.0010351548
A194: 0 | B194: 2021 | C194: North Dakota | D194: ND | E194: North Dakota Teachers' Fund for Retirement | F194: Central Regional Education Association | G194: 101528 | H194: {=_xlfn.IFS(B194=2015,L194*$P$3,B194=2016,L194*$P$4,B194=2017,L194*$P$5,B194=2018,L194*$P$6,B194=2019,L194*$P$7,B194=2020,L194*$P$8,B194=2021,L194*$P$9,B194=2022,L194*$P$10)} -> 2774.1809 | I194: =SUM(G194:H194) -> 104302.18 | J194: =IFERROR(VLOOKUP(F194,'LEAID Match'!$A$2:$B$227,2,FALSE),"") -> 0 | K194: =COUNTIF($A$2:$A$1757,A194) -> 130 | L194: {=_xlfn.IFS(B194=2015,G194/$P$13,B194=2016,G194/$P$14,B194=2017,G194/$P$15,B194=2018,G194/$P$16,B194=2019,G194/$P$17,B194=2019,G194/$P$18,B194=2020,G194/$P$18,B194=2021,G194/$P$19,B194=2022,G194/$P$20)} -> 0.0010332145
A195: 0 | B195: 2022 | C195: North Dakota | D195: ND | E195: North Dakota Teachers' Fund for Retirement | F195: Central Regional Education Association | G195: 157848 | H195: {=_xlfn.IFS(B195=2015,L195*$P$3,B195=2016,L195*$P$4,B195=2017,L195*$P$5,B195=2018,L195*$P$6,B195=2019,L195*$P$7,B195=2020,L195*$P$8,B195=2021,L195*$P$9,B195=2022,L195*$P$10)} -> 3212.6114 | I195: =SUM(G195:H195) -> 161060.61 | J195: =IFERROR(VLOOKUP(F195,'LEAID Match'!$A$2:$B$227,2,FALSE),"") -> 0 | K195: =COUNTIF($A$2:$A$1757,A195) -> 130 | L195: {=_xlfn.IFS(B195=2015,G195/$P$13,B195=2016,G195/$P$14,B195=2017,G195/$P$15,B195=2018,G195/$P$16,B195=2019,G195/$P$17,B195=2019,G195/$P$18,B195=2020,G195/$P$18,B195=2021,G195/$P$19,B195=2022,G195/$P$20)} -> 0.0015732671
A196: 3804140 | B196: 2015 | C196: North Dakota | D196: ND | E196: North Dakota Teachers' Fund for Retirement | F196: Central Valley School | G196: 157490 | H196: {=_xlfn.IFS(B196=2015,L196*$P$3,B196=2016,L196*$P$4,B196=2017,L196*$P$5,B196=2018,L196*$P$6,B196=2019,L196*$P$7,B196=2020,L196*$P$8,B196=2021,L196*$P$9,B196=2022,L196*$P$10)} -> 3560.6005 | I196: =SUM(G196:H196) -> 161050.6 | J196: =IFERROR(VLOOKUP(F196,'LEAID Match'!$A$2:$B$227,2,FALSE),"") -> 3804140 | K196: =COUNTIF($A$2:$A$1757,A196) -> 8 | L196: {=_xlfn.IFS(B196=2015,G196/$P$13,B196=2016,G196/$P$14,B196=2017,G196/$P$15,B196=2018,G196/$P$16,B196=2019,G196/$P$17,B196=2019,G196/$P$18,B196=2020,G196/$P$18,B196=2021,G196/$P$19,B196=2022,G196/$P$20)} -> 0.0020082349
A197: 3804140 | B197: 2016 | C197: North Dakota | D197: ND | E197: North Dakota Teachers' Fund for Retirement | F197: Central Valley School | G197: 156970 | H197: {=_xlfn.IFS(B197=2015,L197*$P$3,B197=2016,L197*$P$4,B197=2017,L197*$P$5,B197=2018,L197*$P$6,B197=2019,L197*$P$7,B197=2020,L197*$P$8,B197=2021,L197*$P$9,B197=2022,L197*$P$10)} -> 5330.2387 | I197: =SUM(G197:H197) -> 162300.24 | J197: =IFERROR(VLOOKUP(F197,'LEAID Match'!$A$2:$B$227,2,FALSE),"") -> 3804140 | K197: =COUNTIF($A$2:$A$1757,A197) -> 8 | L197: {=_xlfn.IFS(B197=2015,G197/$P$13,B197=2016,G197/$P$14,B197=2017,G197/$P$15,B197=2018,G197/$P$16,B197=2019,G197/$P$17,B197=2019,G197/$P$18,B197=2020,G197/$P$18,B197=2021,G197/$P$19,B197=2022,G197/$P$20)} -> 0.0018948591
A198: 3804140 | B198: 2017 | C198: North Dakota | D198: ND | E198: North Dakota Teachers' Fund for Retirement | F198: Central Valley School | G198: 162097 | H198: {=_xlfn.IFS(B198=2015,L198*$P$3,B198=2016,L198*$P$4,B198=2017,L198*$P$5,B198=2018,L198*$P$6,B198=2019,L198*$P$7,B198=2020,L198*$P$8,B198=2021,L198*$P$9,B198=2022,L198*$P$10)} -> 5253.2478 | I198: =SUM(G198:H198) -> 167350.25 | J198: =IFERROR(VLOOKUP(F198,'LEAID Match'!$A$2:$B$227,2,FALSE),"") -> 3804140 | K198: =COUNTIF($A$2:$A$1757,A198) -> 8 | L198: {=_xlfn.IFS(B198=2015,G198/$P$13,B198=2016,G198/$P$14,B198=2017,G198/$P$15,B198=2018,G198/$P$16,B198=2019,G198/$P$17,B198=2019,G198/$P$18,B198=2020,G198/$P$18,B198=2021,G198/$P$19,B198=2022,G198/$P$20)} -> 0.0018835596
A199: 3804140 | B199: 2018 | C199: North Dakota | D199: ND | E199: North Dakota Teachers' Fund for Retirement | F199: Central Valley School | G199: 165332 | H199: {=_xlfn.IFS(B199=2015,L199*$P$3,B199=2016,L199*$P$4,B199=2017,L199*$P$5,B199=2018,L199*$P$6,B199=2019,L199*$P$7,B199=2020,L199*$P$8,B199=2021,L199*$P$9,B199=2022,L199*$P$10)} -> 4530.2602 | I199: =SUM(G199:H199) -> 169862.26 | J199: =IFERROR(VLOOKUP(F199,'LEAID Match'!$A$2:$B$227,2,FALSE),"") -> 3804140 | K199: =COUNTIF($A$2:$A$1757,A199) -> 8 | L199: {=_xlfn.IFS(B199=2015,G199/$P$13,B199=2016,G199/$P$14,B199=2017,G199/$P$15,B199=2018,G199/$P$16,B199=2019,G199/$P$17,B199=2019,G199/$P$18,B199=2020,G199/$P$18,B199=2021,G199/$P$19,B199=2022,G199/$P$20)} -> 0.001907478
A200: 3804140 | B200: 2019 | C200: North Dakota | D200: ND | E200: North Dakota Teachers' Fund for Retirement | F200: Central Valley School | G200: 170426 | H200: {=_xlfn.IFS(B200=2015,L200*$P$3,B200=2016,L200*$P$4,B200=2017,L200*$P$5,B200=2018,L200*$P$6,B200=2019,L200*$P$7,B200=2020,L200*$P$8,B200=2021,L200*$P$9,B200=2022,L200*$P$10)} -> 3955.5576 | I200: =SUM(G200:H200) -> 174381.56 | J200: =IFERROR(VLOOKUP(F200,'LEAID Match'!$A$2:$B$227,2,FALSE),"") -> 3804140 | K200: =COUNTIF($A$2:$A$1757,A200) -> 8 | L200: {=_xlfn.IFS(B200=2015,G200/$P$13,B200=2016,G200/$P$14,B200=2017,G200/$P$15,B200=2018,G200/$P$16,B200=2019,G200/$P$17,B200=2019,G200/$P$18,B200=2020,G200/$P$18,B200=2021,G200/$P$19,B200=2022,G200/$P$20)} -> 0.0019053746
A201: 3804140 | B201: 2020 | C201: North Dakota | D201: ND | E201: North Dakota Teachers' Fund for Retirement | F201: Central Valley School | G201: 173783 | H201: {=_xlfn.IFS(B201=2015,L201*$P$3,B201=2016,L201*$P$4,B201=2017,L201*$P$5,B201=2018,L201*$P$6,B201=2019,L201*$P$7,B201=2020,L201*$P$8,B201=2021,L201*$P$9,B201=2022,L201*$P$10)} -> 4359.8711 | I201: =SUM(G201:H201) -> 178142.87 | J201: =IFERROR(VLOOKUP(F201,'LEAID Match'!$A$2:$B$227,2,FALSE),"") -> 3804140 | K201: =COUNTIF($A$2:$A$1757,A201) -> 8 | L201: {=_xlfn.IFS(B201=2015,G201/$P$13,B201=2016,G201/$P$14,B201=2017,G201/$P$15,B201=2018,G201/$P$16,B201=2019,G201/$P$17,B201=2019,G201/$P$18,B201=2020,G201/$P$18,B201=2021,G201/$P$19,B201=2022,G201/$P$20)} -> 0.0018679825
A202: 3804140 | B202: 2021 | C202: North Dakota | D202: ND | E202: North Dakota Teachers' Fund for Retirement | F202: Central Valley School | G202: 181724 | H202: {=_xlfn.IFS(B202=2015,L202*$P$3,B202=2016,L202*$P$4,B202=2017,L202*$P$5,B202=2018,L202*$P$6,B202=2019,L202*$P$7,B202=2020,L202*$P$8,B202=2021,L202*$P$9,B202=2022,L202*$P$10)} -> 4965.4799 | I202: =SUM(G202:H202) -> 186689.48 | J202: =IFERROR(VLOOKUP(F202,'LEAID Match'!$A$2:$B$227,2,FALSE),"") -> 3804140 | K202: =COUNTIF($A$2:$A$1757,A202) -> 8 | L202: {=_xlfn.IFS(B202=2015,G202/$P$13,B202=2016,G202/$P$14,B202=2017,G202/$P$15,B202=2018,G202/$P$16,B202=2019,G202/$P$17,B202=2019,G202/$P$18,B202=2020,G202/$P$18,B202=2021,G202/$P$19,B202=2022,G202/$P$20)} -> 0.0018493407
A203: 3804140 | B203: 2022 | C203: North Dakota | D203: ND | E203: North Dakota Teachers' Fund for Retirement | F203: Central Valley School | G203: 175188 | H203: {=_xlfn.IFS(B203=2015,L203*$P$3,B203=2016,L203*$P$4,B203=2017,L203*$P$5,B203=2018,L203*$P$6,B203=2019,L203*$P$7,B203=2020,L203*$P$8,B203=2021,L203*$P$9,B203=2022,L203*$P$10)} -> 3565.5248 | I203: =SUM(G203:H203) -> 178753.52 | J203: =IFERROR(VLOOKUP(F203,'LEAID Match'!$A$2:$B$227,2,FALSE),"") -> 3804140 | K203: =COUNTIF($A$2:$A$1757,A203) -> 8 | L203: {=_xlfn.IFS(B203=2015,G203/$P$13,B203=2016,G203/$P$14,B203=2017,G203/$P$15,B203=2018,G203/$P$16,B203=2019,G203/$P$17,B203=2019,G203/$P$18,B203=2020,G203/$P$18,B203=2021,G203/$P$19,B203=2022,G203/$P$20)} -> 0.0017460944
A204: 3800040 | B204: 2015 | C204: North Dakota | D204: ND | E204: North Dakota Teachers' Fund for Retirement | F204: Dakota Prairie School | G204: 224097 | H204: {=_xlfn.IFS(B204=2015,L204*$P$3,B204=2016,L204*$P$4,B204=2017,L204*$P$5,B204=2018,L204*$P$6,B204=2019,L204*$P$7,B204=2020,L204*$P$8,B204=2021,L204*$P$9,B204=2022,L204*$P$10)} -> 5066.4797 | I204: =SUM(G204:H204) -> 229163.48 | J204: =IFERROR(VLOOKUP(F204,'LEAID Match'!$A$2:$B$227,2,FALSE),"") -> 3800040 | K204: =COUNTIF($A$2:$A$1757,A204) -> 8 | L204: {=_xlfn.IFS(B204=2015,G204/$P$13,B204=2016,G204/$P$14,B204=2017,G204/$P$15,B204=2018,G204/$P$16,B204=2019,G204/$P$17,B204=2019,G204/$P$18,B204=2020,G204/$P$18,B204=2021,G204/$P$19,B204=2022,G204/$P$20)} -> 0.0028575746
... A569: 3809710 | B569: 2020 | C569: North Dakota | D569: ND | E569: North Dakota Teachers' Fund for Retirement | F569: Hope School | G569: 104620 | H569: {=_xlfn.IFS(B569=2015,L569*$P$3,B569=2016,L569*$P$4,B569=2017,L569*$P$5,B569=2018,L569*$P$6,B569=2019,L569*$P$7,B569=2020,L569*$P$8,B569=2021,L569*$P$9,B569=2022,L569*$P$10)} -> 2624.7085 | I569: =SUM(G569:H569) -> 107244.71 | J569: =IFERROR(VLOOKUP(F569,'LEAID Match'!$A$2:$B$227,2,FALSE),"") -> 3809710 | K569: =COUNTIF($A$2:$A$1757,A569) -> 7 | L569: {=_xlfn.IFS(B569=2015,G569/$P$13,B569=2016,G569/$P$14,B569=2017,G569/$P$15,B569=2018,G569/$P$16,B569=2019,G569/$P$17,B569=2019,G569/$P$18,B569=2020,G569/$P$18,B569=2021,G569/$P$19,B569=2022,G569/$P$20)} -> 0.0011245538
A570: 3809710 | B570: 2022 | C570: North Dakota | D570: ND | E570: North Dakota Teachers' Fund for Retirement | F570: Hope School | H570: {=_xlfn.IFS(B570=2015,L570*$P$3,B570=2016,L570*$P$4,B570=2017,L570*$P$5,B570=2018,L570*$P$6,B570=2019,L570*$P$7,B570=2020,L570*$P$8,B570=2021,L570*$P$9,B570=2022,L570*$P$10)} -> 0 | I570: =SUM(G570:H570) -> 0 | J570: =IFERROR(VLOOKUP(F570,'LEAID Match'!$A$2:$B$227,2,FALSE),"") -> 3809710 | K570: =COUNTIF($A$2:$A$1757,A570) -> 7 | L570: {=_xlfn.IFS(B570=2015,G570/$P$13,B570=2016,G570/$P$14,B570=2017,G570/$P$15,B570=2018,G570/$P$16,B570=2019,G570/$P$17,B570=2019,G570/$P$18,B570=2020,G570/$P$18,B570=2021,G570/$P$19,B570=2022,G570/$P$20)} -> 0
A571: 3800404 | B571: 2021 | C571: North Dakota | D571: ND | E571: North Dakota Teachers' Fund for Retirement | F571: Hope-Page Public School District | G571: 219662 | H571: {=_xlfn.IFS(B571=2015,L571*$P$3,B571=2016,L571*$P$4,B571=2017,L571*$P$5,B571=2018,L571*$P$6,B571=2019,L571*$P$7,B571=2020,L571*$P$8,B571=2021,L571*$P$9,B571=2022,L571*$P$10)} -> 6002.1089 | I571: =SUM(G571:H571) -> 225664.11 | J571: =IFERROR(VLOOKUP(F571,'LEAID Match'!$A$2:$B$227,2,FALSE),"") -> 3800404 | K571: =COUNTIF($A$2:$A$1757,A571) -> 2 | L571: {=_xlfn.IFS(B571=2015,G571/$P$13,B571=2016,G571/$P$14,B571=2017,G571/$P$15,B571=2018,G571/$P$16,B571=2019,G571/$P$17,B571=2019,G571/$P$18,B571=2020,G571/$P$18,B571=2021,G571/$P$19,B571=2022,G571/$P$20)} -> 0.0022354223
A572: 3800404 | B572: 2022 | C572: North Dakota | D572: ND | E572: North Dakota Teachers' Fund for Retirement | F572: Hope-Page Public School District | G572: 201877 | H572: {=_xlfn.IFS(B572=2015,L572*$P$3,B572=2016,L572*$P$4,B572=2017,L572*$P$5,B572=2018,L572*$P$6,B572=2019,L572*$P$7,B572=2020,L572*$P$8,B572=2021,L572*$P$9,B572=2022,L572*$P$10)} -> 4108.7144 | I572: =SUM(G572:H572) -> 205985.71 | J572: =IFERROR(VLOOKUP(F572,'LEAID Match'!$A$2:$B$227,2,FALSE),"") -> 3800404 | K572: =COUNTIF($A$2:$A$1757,A572) -> 2 | L572: {=_xlfn.IFS(B572=2015,G572/$P$13,B572=2016,G572/$P$14,B572=2017,G572/$P$15,B572=2018,G572/$P$16,B572=2019,G572/$P$17,B572=2019,G572/$P$18,B572=2020,G572/$P$18,B572=2021,G572/$P$19,B572=2022,G572/$P$20)} -> 0.002012103
A573: 3809810 | B573: 2015 | C573: North Dakota | D573: ND | E573: North Dakota Teachers' Fund for Retirement | F573: Horse Creek Elem. School | G573: 4399 | H573: {=_xlfn.IFS(B573=2015,L573*$P$3,B573=2016,L573*$P$4,B573=2017,L573*$P$5,B573=2018,L573*$P$6,B573=2019,L573*$P$7,B573=2020,L573*$P$8,B573=2021,L573*$P$9,B573=2022,L573*$P$10)} -> 99.454452 | I573: =SUM(G573:H573) -> 4498.4545 | J573: =IFERROR(VLOOKUP(F573,'LEAID Match'!$A$2:$B$227,2,FALSE),"") -> 3809810 | K573: =COUNTIF($A$2:$A$1757,A573) -> 8 | L573: {=_xlfn.IFS(B573=2015,G573/$P$13,B573=2016,G573/$P$14,B573=2017,G573/$P$15,B573=2018,G573/$P$16,B573=2019,G573/$P$17,B573=2019,G573/$P$18,B573=2020,G573/$P$18,B573=2021,G573/$P$19,B573=2022,G573/$P$20)} -> 5.6093882e-05
A574: 3809810 | B574: 2016 | C574: North Dakota | D574: ND | E574: North Dakota Teachers' Fund for Retirement | F574: Horse Creek Elem. School | G574: 3347 | H574: {=_xlfn.IFS(B574=2015,L574*$P$3,B574=2016,L574*$P$4,B574=2017,L574*$P$5,B574=2018,L574*$P$6,B574=2019,L574*$P$7,B574=2020,L574*$P$8,B574=2021,L574*$P$9,B574=2022,L574*$P$10)} -> 113.65426 | I574: =SUM(G574:H574) -> 3460.6543 | J574: =IFERROR(VLOOKUP(F574,'LEAID Match'!$A$2:$B$227,2,FALSE),"") -> 3809810 | K574: =COUNTIF($A$2:$A$1757,A574) -> 8 | L574: {=_xlfn.IFS(B574=2015,G574/$P$13,B574=2016,G574/$P$14,B574=2017,G574/$P$15,B574=2018,G574/$P$16,B574=2019,G574/$P$17,B574=2019,G574/$P$18,B574=2020,G574/$P$18,B574=2021,G574/$P$19,B574=2022,G574/$P$20)} -> 4.0403221e-05
A575: 3809810 | B575: 2017 | C575: North Dakota | D575: ND | E575: North Dakota Teachers' Fund for Retirement | F575: Horse Creek Elem. School | G575: 8441 | H575: {=_xlfn.IFS(B575=2015,L575*$P$3,B575=2016,L575*$P$4,B575=2017,L575*$P$5,B575=2018,L575*$P$6,B575=2019,L575*$P$7,B575=2020,L575*$P$8,B575=2021,L575*$P$9,B575=2022,L575*$P$10)} -> 273.55636 | I575: =SUM(G575:H575) -> 8714.5564 | J575: =IFERROR(VLOOKUP(F575,'LEAID Match'!$A$2:$B$227,2,FALSE),"") -> 3809810 | K575: =COUNTIF($A$2:$A$1757,A575) -> 8 | L575: {=_xlfn.IFS(B575=2015,G575/$P$13,B575=2016,G575/$P$14,B575=2017,G575/$P$15,B575=2018,G575/$P$16,B575=2019,G575/$P$17,B575=2019,G575/$P$18,B575=2020,G575/$P$18,B575=2021,G575/$P$19,B575=2022,G575/$P$20)} -> 9.8084029e-05
A576: 3809810 | B576: 2018 | C576: North Dakota | D576: ND | E576: North Dakota Teachers' Fund for Retirement | F576: Horse Creek Elem. School | G576: 4922 | H576: {=_xlfn.IFS(B576=2015,L576*$P$3,B576=2016,L576*$P$4,B576=2017,L576*$P$5,B576=2018,L576*$P$6,B576=2019,L576*$P$7,B576=2020,L576*$P$8,B576=2021,L576*$P$9,B576=2022,L576*$P$10)} -> 134.86767 | I576: =SUM(G576:H576) -> 5056.8677 | J576: =IFERROR(VLOOKUP(F576,'LEAID Match'!$A$2:$B$227,2,FALSE),"") -> 3809810 | K576: =COUNTIF($A$2:$A$1757,A576) -> 8 | L576: {=_xlfn.IFS(B576=2015,G576/$P$13,B576=2016,G576/$P$14,B576=2017,G576/$P$15,B576=2018,G576/$P$16,B576=2019,G576/$P$17,B576=2019,G576/$P$18,B576=2020,G576/$P$18,B576=2021,G576/$P$19,B576=2022,G576/$P$20)} -> 5.6786386e-05
A577: 3809810 | B577: 2019 | C577: North Dakota | D577: ND | E577: North Dakota Teachers' Fund for Retirement | F577: Horse Creek Elem. School | G577: 5113 | H577: {=_xlfn.IFS(B577=2015,L577*$P$3,B577=2016,L577*$P$4,B577=2017,L577*$P$5,B577=2018,L577*$P$6,B577=2019,L577*$P$7,B577=2020,L577*$P$8,B577=2021,L577*$P$9,B577=2022,L577*$P$10)} -> 118.67183 | I577: =SUM(G577:H577) -> 5231.6718 | J577: =IFERROR(VLOOKUP(F577,'LEAID Match'!$A$2:$B$227,2,FALSE),"") -> 3809810 | K577: =COUNTIF($A$2:$A$1757,A577) -> 8 | L577: {=_xlfn.IFS(B577=2015,G577/$P$13,B577=2016,G577/$P$14,B577=2017,G577/$P$15,B577=2018,G577/$P$16,B577=2019,G577/$P$17,B577=2019,G577/$P$18,B577=2020,G577/$P$18,B577=2021,G577/$P$19,B577=2022,G577/$P$20)} -> 5.7163697e-05
A578: 3809810 | B578: 2020 | C578: North Dakota | D578: ND | E578: North Dakota Teachers' Fund for Retirement | F578: Horse Creek Elem. School | G578: 5304 | H578: {=_xlfn.IFS(B578=2015,L578*$P$3,B578=2016,L578*$P$4,B578=2017,L578*$P$5,B578=2018,L578*$P$6,B578=2019,L578*$P$7,B578=2020,L578*$P$8,B578=2021,L578*$P$9,B578=2022,L578*$P$10)} -> 133.06685 | I578: =SUM(G578:H578) -> 5437.0668 | J578: =IFERROR(VLOOKUP(F578,'LEAID Match'!$A$2:$B$227,2,FALSE),"") -> 3809810 | K578: =COUNTIF($A$2:$A$1757,A578) -> 8 | L578: {=_xlfn.IFS(B578=2015,G578/$P$13,B578=2016,G578/$P$14,B578=2017,G578/$P$15,B578=2018,G578/$P$16,B578=2019,G578/$P$17,B578=2019,G578/$P$18,B578=2020,G578/$P$18,B578=2021,G578/$P$19,B578=2022,G578/$P$20)} -> 5.701236e-05
A579: 3809810 | B579: 2021 | C579: North Dakota | D579: ND | E579: North Dakota Teachers' Fund for Retirement | F579: Horse Creek Elem. School | G579: 5890 | H579: {=_xlfn.IFS(B579=2015,L579*$P$3,B579=2016,L579*$P$4,B579=2017,L579*$P$5,B579=2018,L579*$P$6,B579=2019,L579*$P$7,B579=2020,L579*$P$8,B579=2021,L579*$P$9,B579=2022,L579*$P$10)} -> 160.94009 | I579: =SUM(G579:H579) -> 6050.9401 | J579: =IFERROR(VLOOKUP(F579,'LEAID Match'!$A$2:$B$227,2,FALSE),"") -> 3809810 | K579: =COUNTIF($A$2:$A$1757,A579) -> 8 | L579: {=_xlfn.IFS(B579=2015,G579/$P$13,B579=2016,G579/$P$14,B579=2017,G579/$P$15,B579=2018,G579/$P$16,B579=2019,G579/$P$17,B579=2019,G579/$P$18,B579=2020,G579/$P$18,B579=2021,G579/$P$19,B579=2022,G579/$P$20)} -> 5.9940443e-05
A580: 3809810 | B580: 2022 | C580: North Dakota | D580: ND | E580: North Dakota Teachers' Fund for Retirement | F580: Horse Creek Elem. School | G580: 5431 | H580: {=_xlfn.IFS(B580=2015,L580*$P$3,B580=2016,L580*$P$4,B580=2017,L580*$P$5,B580=2018,L580*$P$6,B580=2019,L580*$P$7,B580=2020,L580*$P$8,B580=2021,L580*$P$9,B580=2022,L580*$P$10)} -> 110.53477 | I580: =SUM(G580:H580) -> 5541.5348 | J580: =IFERROR(VLOOKUP(F580,'LEAID Match'!$A$2:$B$227,2,FALSE),"") -> 3809810 | K580: =COUNTIF($A$2:$A$1757,A580) -> 8 | L580: {=_xlfn.IFS(B580=2015,G580/$P$13,B580=2016,G580/$P$14,B580=2017,G580/$P$15,B580=2018,G580/$P$16,B580=2019,G580/$P$17,B580=2019,G580/$P$18,B580=2020,G580/$P$18,B580=2021,G580/$P$19,B580=2022,G580/$P$20)} -> 5.4130641e-05
A581: 3800396 | B581: 2015 | C581: North Dakota | D581: ND | E581: North Dakota Teachers' Fund for Retirement | F581: James River Multidistrict Spec Ed Unit | G581: 159693 | H581: {=_xlfn.IFS(B581=2015,L581*$P$3,B581=2016,L581*$P$4,B581=2017,L581*$P$5,B581=2018,L581*$P$6,B581=2019,L581*$P$7,B581=2020,L581*$P$8,B581=2021,L581*$P$9,B581=2022,L581*$P$10)} -> 3610.4069 | I581: =SUM(G581:H581) -> 163303.41 | J581: =IFERROR(VLOOKUP(F581,'LEAID Match'!$A$2:$B$227,2,FALSE),"") -> 3800396 | K581: =COUNTIF($A$2:$A$1757,A581) -> 8 | L581: {=_xlfn.IFS(B581=2015,G581/$P$13,B581=2016,G581/$P$14,B581=2017,G581/$P$15,B581=2018,G581/$P$16,B581=2019,G581/$P$17,B581=2019,G581/$P$18,B581=2020,G581/$P$18,B581=2021,G581/$P$19,B581=2022,G581/$P$20)} -> 0.0020363265
A582: 3800396 | B582: 2016 | C582: North Dakota | D582: ND | E582: North Dakota Teachers' Fund for Retirement | F582: James River Multidistrict Spec Ed Unit | G582: 170348 | H582: {=_xlfn.IFS(B582=2015,L582*$P$3,B582=2016,L582*$P$4,B582=2017,L582*$P$5,B582=2018,L582*$P$6,B582=2019,L582*$P$7,B582=2020,L582*$P$8,B582=2021,L582*$P$9,B582=2022,L582*$P$10)} -> 5784.5162 | I582: =SUM(G582:H582) -> 176132.52 | J582: =IFERROR(VLOOKUP(F582,'LEAID Match'!$A$2:$B$227,2,FALSE),"") -> 3800396 | K582: =COUNTIF($A$2:$A$1757,A582) -> 8 | L582: {=_xlfn.IFS(B582=2015,G582/$P$13,B582=2016,G582/$P$14,B582=2017,G582/$P$15,B582=2018,G582/$P$16,B582=2019,G582/$P$17,B582=2019,G582/$P$18,B582=2020,G582/$P$18,B582=2021,G582/$P$19,B582=2022,G582/$P$20)} -> 0.0020563513
...

Sheet GASB 68 Data -->

Sheet 2015
A1: Year | B1: Employer Name | C1: Employer's Proportionate Share Allocation | D1: Statutory Required Contribution
A2: 2015 | B2: Hettinger School | C2: 0.0023907 | D2: 187484
A3: 2015 | B3: Hillsboro School | C3: 0.00379546 | D3: 297648
A4: 2015 | B4: Hope School | C4: 0.00096912 | D4: 76000
A5: 2015 | B5: Horse Creek Elem. School | C5: 5.609e-05 | D5: 4399
A6: 2015 | B6: James River Multidistrict Spec Ed Unit | C6: 0.00203633 | D6: 159693
A7: 2015 | B7: Jamestown School | C7: 0.02088696 | D7: 1637999
A8: 2015 | B8: Kenmare School | C8: 0.00269469 | D8: 211323
A9: 2015 | B9: Kensal School | C9: 0.00067714 | D9: 53103
A10: 2015 | B10: Kidder County School District | C10: 0.00343549 | D10: 269418
A11: 2015 | B11: Killdeer School | C11: 0.00414983 | D11: 325438
A12: 2015 | B12: Kindred School | C12: 0.00496501 | D12: 389367
A13: 2015 | B13: Kulm School | C13: 0.00170658 | D13: 133834
... A81: 2015 | B81: Bismarck Public Schools | C81: 0.10783616 | D81: 8456738
A82: 2015 | B82: Bismarck State College | C82: 0
A83: 2015 | B83: Blessed John Paul II Catholic Sch Network | C83: 5.018e-05 | D83: 3935
A84: 2015 | B84: Bottineau School | C84: 0.00599059 | D84: 469795
A85: 2015 | B85: Bowbells School | C85: 0.00084862 | D85: 66551
A86: 2015 | B86: Bowman School | C86: 0.00443419 | D86: 347738
A87: 2015 | B87: Burke Central School | C87: 0.00121295 | D87: 95122
A88: 2015 | B88: Burleigh County Spec. Ed. | C88: 0.00014215 | D88: 11148
A89: 2015 | B89: Carrington School | C89: 0.00463644 | D89: 363599
A90: 2015 | B90: Cavalier School | C90: 0.0034918 | D90: 273834
A91: 2015 | B91: Center Stanton School | C91: 0.00230316 | D91: 180619
A92: 2015 | B92: Central Cass School | C92: 0.00557285 | D92: 437035
A93: 2015 | B93: Central Elementary School | C93: 0.00010393 | D93: 8150
A94: 2015 | B94: Central Valley School | C94: 0.00200824 | D94: 157490
... A157: 2015 | B157: Pingree - Buchanan School | C157: 0.00125338 | D157: 98293
A158: 2015 | B158: Pleasant Valley Elem | C158: 0
A159: 2015 | B159: Powers Lake School | C159: 0.00165744 | D159: 129980
A160: 2015 | B160: Richardton-Taylor | C160: 0.00275564 | D160: 216103
A161: 2015 | B161: Richland School | C161: 0.00255007 | D161: 199982
A162: 2015 | B162: Robinson School | C162: 6.053e-05 | D162: 4747
A163: 2015 | B163: Rolette County | C163: 0
A164: 2015 | B164: Rolette School | C164: 0.00187669 | D164: 147174
A165: 2015 | B165: Roosevelt School | C165: 0.00061829 | D165: 48488
A166: 2015 | B166: Roughrider Area Career And Tech Center | C166: 0.00026034 | D166: 20416
A167: 2015 | B167: Roughrider Service Program | C167: 0.00031103 | D167: 24392
A168: 2015 | B168: Rugby School | C168: 0.00500036 | D168: 392139
A169: 2015 | B169: Rural Cass Spec Ed | C169: 0.00166809 | D169: 130815
A170: 2015 | B170: Sargent Central School | C170: 0.00220514 | D170: 172932
A171: 2015 | B171: Sawyer School | C171: 0.00143044 | D171: 112178
A172: 2015 | B172: Scranton School | C172: 0.00175288 | D172: 137465
A173: 2015 | B173: Se Region Career And Tech | C173: 0.00217814 | D173: 170814
A174: 2015 | B174: Selfridge School | C174: 0.0013262 | D174: 104003
A175: 2015 | B175: Sheyenne Valley Area Voc | C175: 0.00112896 | D175: 88535
... A221: 2015 | B221: Grand Totals: | C221: 1 | D221: 78422098
D223: =SUM(D2:D220) -> 78422100

Sheet 2016
A1: Year | B1: Employer Name | C1: Employer's Proportionate Share Allocation | D1: Statutory Required Contribution
A2: 2016 | B2: Alexander School | C2: 0.0018082264 | D2: 149793
A3: 2016 | B3: Anamoose School | C3: 0.0011110816 | D3: 92042
A4: 2016 | B4: Apple Creek Elem School | C4: 0.0005313226 | D4: 44015
A5: 2016 | B5: Ashley School | C5: 0.0014635934 | D5: 121244
A6: 2016 | B6: Bakker Elem School | C6: 5.30994e-05 | D6: 4399
A7: 2016 | B7: Barnes County North | C7: 0.0024426476 | D7: 202349
A8: 2016 | B8: Beach School | C8: 0.0032910704 | D8: 272632
A9: 2016 | B9: Belcourt School | C9: 0.012791303 | D9: 1059631
A10: 2016 | B10: Belfield Public School | C10: 0.0022790756 | D10: 188798
A11: 2016 | B11: Beulah School | C11: 0.0052676803 | D11: 436374
A12: 2016 | B12: Billings Co. School Dist. | C12: 0.0011667315 | D12: 96652
A13: 2016 | B13: Bismarck Public Schools | C13: 0.10654036 | D13: 8825796
A14: 2016 | B14: Bismarck State College | C14: 0
A15: 2016 | B15: Blessed John Paul II Catholic Sch Network | C15: 0
A16: 2016 | B16: Bottineau School | C16: 0.0057864088 | D16: 479346
A17: 2016 | B17: Bowbells School | C17: 0.0008520072 | D17: 70580
A18: 2016 | B18: Bowman School | C18: 0.0042451206 | D18: 351666
A19: 2016 | B19: Burke Central School | C19: 0.0014695981 | D19: 121741
A20: 2016 | B20: Burleigh County Spec. Ed. | C20: 0.0001322689 | D20: 10957
A21: 2016 | B21: Carrington School | C21: 0.0045614091 | D21: 377867
A22: 2016 | B22: Cavalier School | C22: 0.0034367967 | D22: 284704
A23: 2016 | B23: Center Stanton School | C23: 0.0022374025 | D23: 185346
A24: 2016 | B24: Central Cass School | C24: 0.0053225813 | D24: 440922
A25: 2016 | B25: Central Elementary School | C25: 9.68396e-05 | D25: 8022
A26: 2016 | B26: Central Valley School | C26: 0.0018948599 | D26: 156970
A27: 2016 | B27: Dakota Prairie School | C27: 0.0028724742 | D27: 237956
... A157: 2016 | B157: Pingree - Buchanan School | C157: 0.0012689965 | D157: 105124
A158: 2016 | B158: Pleasant Valley Elem | C158: 0 | D158: -
A159: 2016 | B159: Powers Lake School | C159: 0.0017365859 | D159: 143859
A160: 2016 | B160: Richardton-Taylor | C160: 0.0026397999 | D160: 218681
A161: 2016 | B161: Richland School | C161: 0.0022294717 | D161: 184689
A162: 2016 | B162: Robinson School | C162: 0 | D162: -
A163: 2016 | B163: Rolette County | C163: 0 | D163: -
A164: 2016 | B164: Rolette School | C164: 0.0018543398 | D164: 153613
A165: 2016 | B165: Roosevelt School | C165: 0.0006548723 | D165: 54250
A166: 2016 | B166: Roughrider Area Career And Tech Center | C166: 0.0001468699 | D166: 12167
A167: 2016 | B167: Roughrider Service Program | C167: 0.0004661696 | D167: 38617
A168: 2016 | B168: Rugby School | C168: 0.0049502824 | D168: 410081
A169: 2016 | B169: Rural Cass Spec Ed | C169: 0.0016670854 | D169: 138101
A170: 2016 | B170: Sargent Central School | C170: 0.002204354 | D170: 182609
A171: 2016 | B171: Sawyer School | C171: 0.0013489443 | D171: 111746
A172: 2016 | B172: Scranton School | C172: 0.0016684501 | D172: 138214
A173: 2016 | B173: Se Region Career And Tech | C173: 0.0021991312 | D173: 182176
A174: 2016 | B174: Selfridge School | C174: 0.0013455905 | D174: 111469
A175: 2016 | B175: Sheyenne Valley Area Voc | C175: 0.0011451072 | D175: 94861
... A221: 2016 | B221: Grand Totals: | C221: 1 | D221: 82839932
D223: =SUM(D2:D220) -> 82839931

Sheet 2017
A1: Year | B1: Employer Name | C1: Employer's Proportionate Share Allocation | D1: Statutory Required Contribution
A2: 2017 | B2: Alexander School | C2: 0.0017806399 | D2: 153240
A3: 2017 | B3: Anamoose School | C3: 0.0011321014 | D3: 97427
A4: 2017 | B4: Apple Creek Elem School | C4: 0.0005151764 | D4: 44335
A5: 2017 | B5: Ashley School | C5: 0.0014063328 | D5: 121027
A6: 2017 | B6: Bakker Elem School | C6: 5.62987e-05 | D6: 4845
A7: 2017 | B7: Barnes County North | C7: 0.0024012753 | D7: 206651
A8: 2017 | B8: Beach School | C8: 0.0030984007 | D8: 266645
A9: 2017 | B9: Belcourt School | C9: 0.012474897 | D9: 1073575
A10: 2017 | B10: Belfield Public School | C10: 0.0022096375 | D10: 190159
A11: 2017 | B11: Beulah School | C11: 0.0050863139 | D11: 437722
A12: 2017 | B12: Billings Co. School Dist. | C12: 0.0012333776 | D12: 106143
A13: 2017 | B13: Bismarck Public Schools | C13: 0.10790804 | D13: 9286444
A14: 2017 | B14: Bismarck State College | C14: 0
A15: 2017 | B15: Blessed John Paul II Catholic Sch Network | C15: 0
A16: 2017 | B16: Bottineau School | C16: 0.0053898062 | D16: 463841
A17: 2017 | B17: Bowbells School | C17: 0.0009296183 | D17: 80002
A18: 2017 | B18: Bowman School | C18: 0.0042070099 | D18: 362051
A19: 2017 | B19: Burke Central School | C19: 0.0013875068 | D19: 119407
A20: 2017 | B20: Burleigh County Spec. Ed. | C20: 0.0001417803 | D20: 12201
A21: 2017 | B21: Carrington School | C21: 0.0042749362 | D21: 367896
A22: 2017 | B22: Cavalier School | C22: 0.0033393501 | D22: 287381
A23: 2017 | B23: Center Stanton School | C23: 0.0022226779 | D23: 191281
A24: 2017 | B24: Central Cass School | C24: 0.0053879722 | D24: 463683
A25: 2017 | B25: Central Elementary School | C25: 9.11657e-05 | D25: 7846
A26: 2017 | B26: Central Valley School | C26: 0.0018835583 | D26: 162097
A27: 2017 | B27: Dakota Prairie School | C27: 0.0027978617 | D27: 240781
... A157: 2017 | B157: Pingree - Buchanan School | C157: 0.0012620413 | D157: 108610
A158: 2017 | B158: Pleasant Valley Elem | C158: 0
A159: 2017 | B159: Powers Lake School | C159: 0.001656461 | D159: 142553
A160: 2017 | B160: Richardton-Taylor | C160: 0.0026405936 | D160: 227246
A161: 2017 | B161: Richland School | C161: 0.0023303384 | D161: 200546
A162: 2017 | B162: Robinson School | C162: 0
A163: 2017 | B163: Rolette County | C163: 0
A164: 2017 | B164: Rolette School | C164: 0.0019429381 | D164: 167207
A165: 2017 | B165: Roosevelt School | C165: 0.0005284922 | D165: 45481
A166: 2017 | B166: Roughrider Area Career And Tech Center | C166: 0.0002049717 | D166: 17640
A167: 2017 | B167: Roughrider Service Program | C167: 0.000452437 | D167: 38936
A168: 2017 | B168: Rugby School | C168: 0.0049268855 | D168: 424002
A169: 2017 | B169: Rural Cass Spec Ed | C169: 0.0014503356 | D169: 124814
A170: 2017 | B170: Sargent Central School | C170: 0.0022636255 | D170: 194805
A171: 2017 | B171: Sawyer School | C171: 0.001079088 | D171: 92865
A172: 2017 | B172: Scranton School | C172: 0.0016676702 | D172: 143518
A173: 2017 | B173: Se Region Career And Tech | C173: 0.002224411 | D173: 191430
A174: 2017 | B174: Selfridge School | C174: 0.0013504457 | D174: 116218
A175: 2017 | B175: Sheyenne Valley Area Voc | C175: 0.0010770411 | D175: 92689
... A222: 2017 | B222: Grand Totals: | C222: 1 | D222: 86058868
D224: =SUM(D2:D221) -> 86058863

Sheet 2018
A1: Year | B1: Employer Name | C1: Employer's Proportionate Share Allocation | D1: Statutory Required Contribution
A2: 2018 | B2: Alexander School | C2: 0.0018056775 | D2: 156508
A3: 2018 | B3: Anamoose School | C3: 0.0011364838 | D3: 98506
A4: 2018 | B4: Apple Creek Elem School | C4: 0.0004451281 | D4: 38582
A5: 2018 | B5: Ashley School | C5: 0.0013933825 | D5: 120772
A6: 2018 | B6: Bakker Elem School | C6: 6.0311e-05 | D6: 5227
A7: 2018 | B7: Barnes County North | C7: 0.0022929762 | D7: 198745
A8: 2018 | B8: Beach School | C8: 0.003055944 | D8: 264876
A9: 2018 | B9: Belcourt School | C9: 0.012653409 | D9: 1096743
A10: 2018 | B10: Belfield Public School | C10: 0.0022847865 | D10: 198036
A11: 2018 | B11: Beulah School | C11: 0.005307094 | D11: 459996
A12: 2018 | B12: Billings Co. School Dist. | C12: 0.0012545235 | D12: 108737
A13: 2018 | B13: Bismarck Public Schools | C13: 0.10706402 | D13: 9279851
A14: 2018 | B14: Bismarck State College | C14: 0
A15: 2018 | B15: Blessed John Paul II Catholic Sch Network | C15: 0
A16: 2018 | B16: Bottineau School | C16: 0.0055666726 | D16: 482495
A17: 2018 | B17: Bowbells School | C17: 0.0008923249 | D17: 77343
A18: 2018 | B18: Bowman School | C18: 0.0042468449 | D18: 368098
A19: 2018 | B19: Burke Central School | C19: 0.0015325054 | D19: 132831
A20: 2018 | B20: Burleigh County Spec. Ed. | C20: 0.0001522871 | D20: 13200
A21: 2018 | B21: Carrington School | C21: 0.0043232212 | D21: 374718
A22: 2018 | B22: Cavalier School | C22: 0.0032760664 | D22: 283955
A23: 2018 | B23: Center Stanton School | C23: 0.0023119771 | D23: 200392
A24: 2018 | B24: Central Cass School | C24: 0.0053881875 | D24: 467025
A25: 2018 | B25: Central Elementary School | C25: 9.40373e-05 | D25: 8151
A26: 2018 | B26: Central Valley School | C26: 0.0019074831 | D26: 165332
A27: 2018 | B27: Dakota Prairie School | C27: 0.0029803638 | D27: 258325
... A123: 2018 | B123: Munich School | C123: 0.0014996072 | D123: 129980
A124: 2018 | B124: N Central Area Career And Tech Center | C124: 0
A125: 2018 | B125: Napoleon School | C125: 0.0022890714 | D125: 198407
A126: 2018 | B126: Naughton Rural School | C126: 0.0001393664 | D126: 12080
A127: 2018 | B127: Nd Center For Distance Education | C127: 0.0020156057 | D127: 174704
A128: 2018 | B128: Nd Dept Of Public Instruction | C128: 0.0003902183 | D128: 33822
A129: 2018 | B129: Nd School For Blind | C129: 0.0010572125 | D129: 91635
A130: 2018 | B130: Nd School For Deaf | C130: 0.0013983196 | D130: 121200
A131: 2018 | B131: Nd United | C131: 0.0004780184 | D131: 41433
A132: 2018 | B132: Nd Youth Correctional Cnt | C132: 0.0017965509 | D132: 155717
A133: 2018 | B133: Nedrose School | C133: 0.0040536633 | D133: 351354
A134: 2018 | B134: Nelson County | C134: 1.931e-05 | D134: 1674
A135: 2018 | B135: Nesson School | C135: 0.0026488198 | D135: 229588
A136: 2018 | B136: New England School | C136: 0.0021027815 | D136: 182260
... A156: 2018 | B156: Pingree - Buchanan School | C156: 0.0012339769 | D156: 106956
A157: 2018 | B157: Pleasant Valley Elem | C157: 0
A158: 2018 | B158: Powers Lake School | C158: 0.001718903 | D158: 148987
A159: 2018 | B159: Richardton-Taylor | C159: 0.0026796227 | D159: 232258
A160: 2018 | B160: Richland School | C160: 0.0022275701 | D160: 193076
A161: 2018 | B161: Robinson School | C161: 0
A162: 2018 | B162: Rolette County | C162: 0
A163: 2018 | B163: Rolette School | C163: 0.0018590847 | D163: 161137
A164: 2018 | B164: Roosevelt School | C164: 0.000575078 | D164: 49845
A165: 2018 | B165: Roughrider Area Career And Tech Center | C165: 0.0002039542 | D165: 17678
A166: 2018 | B166: Roughrider Service Program | C166: 0.0003810651 | D166: 33029
A167: 2018 | B167: Rugby School | C167: 0.0049154668 | D167: 426052
A168: 2018 | B168: Rural Cass Spec Ed | C168: 0.0017811925 | D168: 154386
A169: 2018 | B169: Sargent Central School | C169: 0.0023790992 | D169: 206210
A170: 2018 | B170: Sawyer School | C170: 0.0007607208 | D170: 65936
A171: 2018 | B171: Scranton School | C171: 0.0017020042 | D171: 147522
A172: 2018 | B172: Se Region Career And Tech | C172: 0.0022229832 | D172: 192679
A173: 2018 | B173: Selfridge School | C173: 0.0013852148 | D173: 120064
A174: 2018 | B174: Sheyenne Valley Area Voc | C174: 0.0011414881 | D174: 98939
... A222: 2018 | B222: Grand Totals: | C222: 1 | D222: 86675715
D224: =SUM(D2:D221) -> 86675705

Sheet 2019
A1: Year | B1: Employer Name | C1: Employer's Proportionate Share Allocation | D1: Statutory Required Contribution
A2: 2019 | B2: Alexander School | C2: 0.0020255003 | D2: 181171
A3: 2019 | B3: Anamoose School | C3: 0.0009855917 | D3: 88156
A4: 2019 | B4: Apple Creek Elem School | C4: 0.0004241743 | D4: 37940
A5: 2019 | B5: Ashley School | C5: 0.0013812935 | D5: 123550
A6: 2019 | B6: Bakker Elem School | C6: 6.20431e-05 | D6: 5549
A7: 2019 | B7: Barnes County North | C7: 0.0022560524 | D7: 201792
A8: 2019 | B8: Beach School | C8: 0.0030694385 | D8: 274546
A9: 2019 | B9: Belcourt School | C9: 0.01233157 | D9: 1102996
A10: 2019 | B10: Belfield Public School | C10: 0.0023347807 | D10: 208834
A11: 2019 | B11: Beulah School | C11: 0.0050677145 | D11: 453281
A12: 2019 | B12: Billings Co. School Dist. | C12: 0.0012097678 | D12: 108208
A13: 2019 | B13: Bismarck Public Schools | C13: 0.10586113 | D13: 9468736
A14: 2019 | B14: Bismarck State College | C14: 0
A15: 2019 | B15: Blessed John Paul II Catholic Sch Network | C15: 0
A16: 2019 | B16: Bottineau School | C16: 0.0054871056 | D16: 490794
A17: 2019 | B17: Bowbells School | C17: 0.0008732255 | D17: 78106
A18: 2019 | B18: Bowman School | C18: 0.0041982906 | D18: 375516
A19: 2019 | B19: Burke Central School | C19: 0.001430635 | D19: 127963
A20: 2019 | B20: Burleigh County Spec. Ed. | C20: 0.0001674181 | D20: 14975
A21: 2019 | B21: Carrington School | C21: 0.0041644826 | D21: 372492
A22: 2019 | B22: Cavalier School | C22: 0.0032912329 | D22: 294384
A23: 2019 | B23: Center Stanton School | C23: 0.0022615995 | D23: 202288
A24: 2019 | B24: Central Cass School | C24: 0.0056099057 | D24: 501777
A25: 2019 | B25: Central Elementary School | C25: 0
A26: 2019 | B26: Central Valley School | C26: 0.0019053708 | D26: 170426
A27: 2019 | B27: Dakota Prairie School | C27: 0.0029010482 | D27: 259484
A28: 2019 | B28: Devils Lake School | C28: 0.015425665 | D28: 1379747
A29: 2019 | B29: Dickinson School | C29: 0.031647584 | D29: 2830714
A30: 2019 | B30: Divide School | C30: 0.0035757553 | D30: 319833
A31: 2019 | B31: Drake School | C31: 0.0006898037 | D31: 61699
A32: 2019 | B32: Drayton School | C32: 0.0020198279 | D32: 180663
A33: 2019 | B33: Dunseith School | C33: 0.0047708456 | D33: 426728
A34: 2019 | B34: E Central Ctr Exc Childn | C34: 0.0011321875 | D34: 101268
A35: 2019 | B35: Earl Elem. School | C35: 3.70618e-05 | D35: 3315
A36: 2019 | B36: Edgeley School | C36: 0.0019607684 | D36: 175381
A37: 2019 | B37: Edmore School | C37: 0.0011109629 | D37: 99370
... A123: 2019 | B123: Munich School | C123: 0.0015425165 | D123: 137970
A124: 2019 | B124: N Central Area Career And Tech Center | C124: 0
A125: 2019 | B125: Napoleon School | C125: 0.0021579014 | D125: 193013
A126: 2019 | B126: Naughton Rural School | C126: 0.0001499159 | D126: 13409
A127: 2019 | B127: Nd Center For Distance Education | C127: 0.0020027652 | D127: 179137
A128: 2019 | B128: Nd Dept Of Public Instruction | C128: 0.0002640563 | D128: 23618
A129: 2019 | B129: Nd School For Blind | C129: 0.0009756961 | D129: 87271
A130: 2019 | B130: Nd School For Deaf | C130: 0.0013475661 | D130: 120533
A131: 2019 | B131: Nd United | C131: 0.0002211088 | D131: 19777
A132: 2019 | B132: Nd Youth Correctional Cnt | C132: 0.0016768434 | D132: 149985
A133: 2019 | B133: Nedrose School | C133: 0.004379179 | D133: 391695
A134: 2019 | B134: Nelson County | C134: 1.92735e-05 | D134: 1724
A135: 2019 | B135: Nesson School | C135: 0.0026198747 | D135: 234334
A136: 2019 | B136: New England School | C136: 0.0021187876 | D136: 189515
... A156: 2019 | B156: Pingree - Buchanan School | C156: 0.0010786672 | D156: 96481
A157: 2019 | B157: Pleasant Valley Elem | C157: 0
A158: 2019 | B158: Powers Lake School | C158: 0.0017397188 | D158: 155609
A159: 2019 | B159: Richardton-Taylor | C159: 0.0026191641 | D159: 234271
A160: 2019 | B160: Richland School | C160: 0.0022284975 | D160: 199328
A161: 2019 | B161: Robinson School | C161: 0
A162: 2019 | B162: Rolette County | C162: 0
A163: 2019 | B163: Rolette School | C163: 0.0017574452 | D163: 157194
A164: 2019 | B164: Roosevelt School | C164: 0.0005958869 | D164: 53299
A165: 2019 | B165: Roughrider Area Career And Tech Center | C165: 0.0002045163 | D165: 18293
A166: 2019 | B166: Roughrider Service Program | C166: 0.0002761286 | D166: 24698
A167: 2019 | B167: Rugby School | C167: 0.0049796854 | D167: 445407
A168: 2019 | B168: Rural Cass Spec Ed | C168: 0.0019194998 | D168: 171689
A169: 2019 | B169: Sargent Central School | C169: 0.0023081558 | D169: 206453
A170: 2019 | B170: Sawyer School | C170: 0.0008091776 | D170: 72377
A171: 2019 | B171: Scranton School | C171: 0.0017129682 | D171: 153216
A172: 2019 | B172: Se Region Career And Tech | C172: 0.0022644268 | D172: 202541
A173: 2019 | B173: Selfridge School | C173: 0.0013623897 | D173: 121859
A174: 2019 | B174: Sheyenne Valley Area Voc | C174: 0.0013287395 | D174: 118849
... A222: 2019 | B222: Grand Totals: | C222: 1 | D222: 89444881
D224: =SUM(D2:D221) -> 89444880

Sheet 2020
A1: Year | B1: Employer Name | C1: Employer's Proportionate Share Allocation | D1: Statutory Required Contribution
A2: 2020 | B2: Alexander School | C2: 0.0020781258 | D2: 193333
A3: 2020 | B3: Anamoose School | C3: 0.0009152008 | D3: 85143
A4: 2020 | B4: Apple Creek Elem School | C4: 0.0004293564 | D4: 39944
A5: 2020 | B5: Ashley School | C5: 0.0013508248 | D5: 125671
A6: 2020 | B6: Bakker Elem School | C6: 6.44137e-05 | D6: 5993
A7: 2020 | B7: Barnes County North | C7: 0.0023031533 | D7: 214268
A8: 2020 | B8: Beach School | C8: 0.0030102544 | D8: 280051
A9: 2020 | B9: Belcourt School | C9: 0.012487486 | D9: 1161741
A10: 2020 | B10: Belfield Public School | C10: 0.0021632708 | D10: 201254
A11: 2020 | B11: Beulah School | C11: 0.0051492958 | D11: 479052
A12: 2020 | B12: Billings Co. School Dist. | C12: 0.0013247364 | D12: 123243
A13: 2020 | B13: Bismarck Public Schools | C13: 0.10464261 | D13: 9735158
A14: 2020 | B14: Bismarck State College | C14: 0
A15: 2020 | B15: Blessed John Paul II Catholic Sch Network | C15: 0
A16: 2020 | B16: Bottineau School | C16: 0.0051648521 | D16: 480499
A17: 2020 | B17: Bowbells School | C17: 0.0008541637 | D17: 79465
A18: 2020 | B18: Bowman School | C18: 0.0044403698 | D18: 413098
A19: 2020 | B19: Burke Central School | C19: 0.0011626653 | D19: 108166
A20: 2020 | B20: Burleigh County Spec. Ed. | C20: 0.0001599626 | D20: 14882
A21: 2020 | B21: Carrington School | C21: 0.0039799494 | D21: 370264
A22: 2020 | B22: Cavalier School | C22: 0.0031679016 | D22: 294718
A23: 2020 | B23: Center Stanton School | C23: 0.0022338337 | D23: 207819
A24: 2020 | B24: Central Cass School | C24: 0.0059740047 | D24: 555776
A25: 2020 | B25: Central Regional Education Association | C25: 0.0010351589 | D25: 96303
A26: 2020 | B26: Central Elementary School | C26: 0
A27: 2020 | B27: Central Valley School | C27: 0.0018679788 | D27: 173783
A28: 2020 | B28: Dakota Prairie School | C28: 0.0030718659 | D28: 285783
A29: 2020 | B29: Devils Lake School | C29: 0.015543473 | D29: 1446047
A30: 2020 | B30: Dickinson School | C30: 0.031194016 | D30: 2902056
A31: 2020 | B31: Divide School | C31: 0.003848546 | D31: 358040
A32: 2020 | B32: Drake School | C32: 0.000666525 | D32: 62008
A33: 2020 | B33: Drayton School | C33: 0.0019502093 | D33: 181433
A34: 2020 | B34: Dunseith School | C34: 0.00483161 | D34: 449497
A35: 2020 | B35: E Central Ctr Exc Childn | C35: 0.000927604 | D35: 86297
A36: 2020 | B36: Earl Elem. School | C36: 3.64554e-05 | D36: 3392
A37: 2020 | B37: Edgeley School | C37: 0.0018388086 | D37: 171069
A38: 2020 | B38: Edmore School | C38: 0.0010695971 | D38: 99507
... A124: 2020 | B124: Munich School | C124: 0.0014518349 | D124: 135068
A125: 2020 | B125: N Central Area Career And Tech Center | C125: 0
A126: 2020 | B126: Napoleon School | C126: 0.001770988 | D126: 164759
A127: 2020 | B127: Naughton Rural School | C127: 0.0001483738 | D127: 13804
A128: 2020 | B128: Nd Center For Distance Education | C128: 0.0019737411 | D128: 183622
A129: 2020 | B129: Nd Dept Of Public Instruction | C129: 0.0002570209 | D129: 23911
A130: 2020 | B130: Nd School For Blind | C130: 0.0009706635 | D130: 90303
A131: 2020 | B131: Nd School For Deaf | C131: 0.0012793287 | D131: 119019
A132: 2020 | B132: Nd United | C132: 0.0001447148 | D132: 13463
A133: 2020 | B133: Nd Youth Correctional Cnt | C133: 0.0014418206 | D133: 134136
A134: 2020 | B134: Nedrose School | C134: 0.0043383802 | D134: 403610
A135: 2020 | B135: Nelson County | C135: 1.34334e-05 | D135: 1250
A136: 2020 | B136: Nesson School | C136: 0.0027968597 | D136: 260199
A137: 2020 | B137: New England School | C137: 0.0019256257 | D137: 179146
... A157: 2020 | B157: Pingree - Buchanan School | C157: 0.001205664 | D157: 112166
A158: 2020 | B158: Pleasant Valley Elem | C158: 0
A159: 2020 | B159: Powers Lake School | C159: 0.0018368058 | D159: 170883
A160: 2020 | B160: Richardton-Taylor | C160: 0.0027252947 | D160: 253541
A161: 2020 | B161: Richland School | C161: 0.0021974253 | D161: 204432
A162: 2020 | B162: Rolette School | C162: 0.0017409257 | D162: 161963
A163: 2020 | B163: Roosevelt School | C163: 0.0006222449 | D163: 57889
A164: 2020 | B164: Roughrider Area Career And Tech Center | C164: 0.0002722839 | D164: 25331
A165: 2020 | B165: Roughrider Service Program | C165: 0.0002709643 | D165: 25208
A166: 2020 | B166: Rugby School | C166: 0.0051833205 | D166: 482217
A167: 2020 | B167: Rural Cass Spec Ed | C167: 0.0020203403 | D167: 187957
A168: 2020 | B168: Sargent Central School | C168: 0.0023632252 | D168: 219857
A169: 2020 | B169: Sawyer School | C169: 0.0008240341 | D169: 76662
A170: 2020 | B170: Scranton School | C170: 0.0016307936 | D170: 151717
... A216: 2020 | B216: Wishek School | C216: 0.0016218324 | D216: 150883
A217: 2020 | B217: Wolford School | C217: 0
A218: 2020 | B218: Wyndmere School | C218: 0.0020317101 | D218: 189015
A219: 2020 | B219: Yellowstone Elem. School | C219: 0.0007211635 | D219: 67092
A220: 2020 | B220: Zeeland School | C220: 0.0006147481 | D220: 57192
A221: 2020 | B221: Grand Totals: | C221: 1 | D221: 93032453
D223: =SUM(D2:D220) -> 93032458

Sheet 2021
A1: Year | B1: Employer Name | C1: Employer's Proportionate Share Allocation | D1: Statutory Required Contribution
A2: 2021 | B2: Alexander School | C2: 0.0019884342 | D2: 195392
A3: 2021 | B3: Anamoose School | C3: 0.0009169696 | D3: 90105
A4: 2021 | B4: Apple Creek Elem School | C4: 0.0004601094 | D4: 45212
A5: 2021 | B5: Ashley School | C5: 0.0013870276 | D5: 136295
A6: 2021 | B6: Bakker Elem School | C6: 7.14612e-05 | D6: 7022
A7: 2021 | B7: Barnes County North | C7: 0.0022346593 | D7: 219587
A8: 2021 | B8: Beach School | C8: 0.0028023624 | D8: 275372
A9: 2021 | B9: Belcourt School | C9: 0.011984802 | D9: 1177677
A10: 2021 | B10: Belfield Public School | C10: 0.002046204 | D10: 201069
A11: 2021 | B11: Beulah School | C11: 0.0051379667 | D11: 504878
A12: 2021 | B12: Billings Co. School Dist. | C12: 0.0012774806 | D12: 125531
A13: 2021 | B13: Bismarck Public Schools | C13: 0.1047685 | D13: 10294993
A14: 2021 | B14: Bismarck State College | C14: 0
A15: 2021 | B15: Blessed John Paul II Catholic Sch Network | C15: 0
A16: 2021 | B16: Bottineau School | C16: 0.0052297432 | D16: 513897
A17: 2021 | B17: Bowbells School | C17: 0.0008860802 | D17: 87070
A18: 2021 | B18: Bowman School | C18: 0.0044356212 | D18: 435863
A19: 2021 | B19: Burke Central School | C19: 0.0012157112 | D19: 119461
A20: 2021 | B20: Burleigh County Spec. Ed. | C20: 0.0001564848 | D20: 15377
A21: 2021 | B21: Carrington School | C21: 0.0038735126 | D21: 380628
A22: 2021 | B22: Cavalier School | C22: 0.0032599173 | D22: 320333
A23: 2021 | B23: Center Stanton School | C23: 0.0022830447 | D23: 224342
A24: 2021 | B24: Central Cass School | C24: 0.0058675909 | D24: 576574
A25: 2021 | B25: Central Elementary School | C25: 0
A26: 2021 | B26: Central Regional Education Association | C26: 0.0010332162 | D26: 101528
A27: 2021 | B27: Central Valley School | C27: 0.0018493426 | D27: 181724
A28: 2021 | B28: Dakota Prairie School | C28: 0.0030004219 | D28: 294834
A29: 2021 | B29: Devils Lake School | C29: 0.015214688 | D29: 1495059
A30: 2021 | B30: Dickinson School | C30: 0.032548776 | D30: 3198380
A31: 2021 | B31: Divide School | C31: 0.0038192398 | D31: 375295
A32: 2021 | B32: Drake School | C32: 0.0006626015 | D32: 65110
A33: 2021 | B33: Drayton School | C33: 0.0020908981 | D33: 205460
A34: 2021 | B34: Dunseith School | C34: 0.0048883622 | D34: 480351
A35: 2021 | B35: E Central Ctr Exc Childn | C35: 0.0007839937 | D35: 77039
A36: 2021 | B36: Earl Elem. School | C36: 3.52927e-05 | D36: 3468
A37: 2021 | B37: Edgeley School | C37: 0.001795756 | D37: 176459
... A94: 2021 | B94: Little Heart Elem. School | C94: 0.0002302545 | D94: 22626
A95: 2021 | B95: Logan County | C95: 0
A96: 2021 | B96: Lone Tree Elem. School | C96: 0.0003778266 | D96: 37127
A97: 2021 | B97: Lonetree Spec Ed Unit | C97: 0.0001760371 | D97: 17298
A98: 2021 | B98: Maddock School | C98: 0.0011605434 | D98: 114040
A99: 2021 | B99: Mandan Public Schools | C99: 0.030244572 | D99: 2971959
A100: 2021 | B100: Mandaree School | C100: 0.0022867741 | D100: 224708
A101: 2021 | B101: Manning Elem School | C101: 0.0001558441 | D101: 15314
A102: 2021 | B102: Manvel Elem. School | C102: 0.0013541983 | D102: 133069
A103: 2021 | B103: Maple Valley School | C103: 0.0022770871 | D103: 223756
A104: 2021 | B104: Mapleton Elem. School | C104: 0.0014349148 | D104: 141001
A105: 2021 | B105: Marmarth Elem. School | C105: 0.0001807985 | D105: 17766
A106: 2021 | B106: Max School | C106: 0.0016164632 | D106: 158840
A107: 2021 | B107: May-Port C-G School | C107: 0.0035358422 | D107: 347447
... A120: 2021 | B120: Montpelier School | C120: 0.0010792085 | D120: 106048
A121: 2021 | B121: Morton County | C121: 0
A122: 2021 | B122: Mott-Regent School | C122: 0.0019157491 | D122: 188250
A123: 2021 | B123: Mt Pleasant School | C123: 0.0026813811 | D123: 263484
A124: 2021 | B124: Munich School | C124: 0.0013934575 | D124: 136927
A125: 2021 | B125: N Central Area Career And Tech Center | C125: 0
A126: 2021 | B126: Napoleon School | C126: 0.0020986639 | D126: 206224
A127: 2021 | B127: Naughton Rural School | C127: 0.0001969078 | D127: 19349
A128: 2021 | B128: Nd Center For Distance Education | C128: 0.002590704 | D128: 254573
A129: 2021 | B129: Nd Dept Of Public Instruction | C129: 0.0003109063 | D129: 30551
A130: 2021 | B130: Nd School For Blind | C130: 0.0008905389 | D130: 87508
A131: 2021 | B131: Nd School For Deaf | C131: 0.0012313235 | D131: 120995
A132: 2021 | B132: Nd United | C132: 0.0001397492 | D132: 13732
A133: 2021 | B133: Nd Youth Correctional Cnt | C133: 0.0006723413 | D133: 66067
A134: 2021 | B134: Nedrose School | C134: 0.0045613175 | D134: 448214
A135: 2021 | B135: Nelson County | C135: 1.36846e-05 | D135: 1345
A136: 2021 | B136: Nesson School | C136: 0.0030204823 | D136: 296805
A137: 2021 | B137: New England School | C137: 0.0019945789 | D137: 195996
... A151: 2021 | B151: Oliver - Mercer Spec Ed | C151: 0.0011233831 | D151: 110388
A152: 2021 | B152: Page School | C152: 0
A153: 2021 | B153: Park River Area School District | C153: 0.0028907084 | D153: 284053
A154: 2021 | B154: Parshall School | C154: 0.0024304926 | D154: 238830
A155: 2021 | B155: Peace Garden Spec Ed | C155: 0.0009159449 | D155: 90005
A156: 2021 | B156: Pembina Spec Ed Coop | C156: 0.0001717462 | D156: 16877
A157: 2021 | B157: Pingree - Buchanan School | C157: 0.0012096532 | D157: 118866
A158: 2021 | B158: Pleasant Valley Elem | C158: 0
A159: 2021 | B159: Powers Lake School | C159: 0.001861584 | D159: 182927
A160: 2021 | B160: Richardton-Taylor | C160: 0.0025245119 | D160: 248069
A161: 2021 | B161: Richland School | C161: 0.0021893271 | D161: 215132
A162: 2021 | B162: Rolette School | C162: 0.0017235487 | D162: 169363
A163: 2021 | B163: Roosevelt School | C163: 0.0005059066 | D163: 49713
A164: 2021 | B164: Roughrider Area Career And Tech Center | C164: 0.0003068795 | D164: 30155
A165: 2021 | B165: Roughrider Service Program | C165: 0.0002604283 | D165: 25591
A166: 2021 | B166: Rugby School | C166: 0.0051972415 | D166: 510703
A167: 2021 | B167: Rural Cass Spec Ed | C167: 0.0021508813 | D167: 211355
A168: 2021 | B168: Sargent Central School | C168: 0.0023478896 | D168: 230713
A169: 2021 | B169: Sawyer School | C169: 0.0008335026 | D169: 81903
A170: 2021 | B170: Scranton School | C170: 0.0016164293 | D170: 158837
... A216: 2021 | B216: Wishek School | C216: 0.0016803494 | D216: 165118
A217: 2021 | B217: Wolford School | C217: 0
A218: 2021 | B218: Wyndmere School | C218: 0.0018882097 | D218: 185543
A219: 2021 | B219: Yellowstone Elem. School | C219: 0.0007608671 | D219: 74766
A220: 2021 | B220: Zeeland School | C220: 0.0006232177 | D220: 61240
A221: 2021 | B221: Grand Totals: | C221: 1 | D221: 98264202
D223: =SUM(D2:D220) -> 98264206

Sheet 2022
A1: Year | B1: Employer Name | C1: Employer's Proportionate Share Allocation | D1: Statutory Required Contribution
A2: 2022 | B2: Alexander School | C2: 0.0021399356 | D2: 214703
A3: 2022 | B3: Anamoose School | C3: 0.0010195133 | D3: 102289
A4: 2022 | B4: Apple Creek Elem School | C4: 0.0005250609 | D4: 52680
A5: 2022 | B5: Ashley School | C5: 0.0013347904 | D5: 133921
A6: 2022 | B6: Bakker Elem School | C6: 6.5541e-05 | D6: 6576
A7: 2022 | B7: Barnes County North | C7: 0.0022206434 | D7: 222800
A8: 2022 | B8: Beach School | C8: 0.002920375 | D8: 293005
A9: 2022 | B9: Belcourt School | C9: 0.012709778 | D9: 1275189
A10: 2022 | B10: Belfield Public School | C10: 0.0018638605 | D10: 187004
A11: 2022 | B11: Beulah School | C11: 0.0049923666 | D11: 500891
A12: 2022 | B12: Billings Co. School Dist. | C12: 0.0012745353 | D12: 127876
A13: 2022 | B13: Bismarck Public Schools | C13: 0.10733713 | D13: 10769278
A14: 2022 | B14: Blessed John Paul II Catholic Sch Network | C14: 0
A15: 2022 | B15: Bottineau School | C15: 0.0052793431 | D15: 529684
A16: 2022 | B16: Bowbells School | C16: 0.0008817167 | D16: 88464
A17: 2022 | B17: Bowman School | C17: 0.0041788141 | D17: 419266
A18: 2022 | B18: Burke Central School | C18: 0.0011355444 | D18: 113931
A19: 2022 | B19: Burleigh County Spec. Ed. | C19: 0.0001560814 | D19: 15660
A20: 2022 | B20: Carrington School | C20: 0.003707231 | D20: 371951
A21: 2022 | B21: Cavalier School | C21: 0.0031834966 | D21: 319405
A22: 2022 | B22: Center Stanton School | C22: 0.0021765508 | D22: 218376
A23: 2022 | B23: Central Cass School | C23: 0.0059571772 | D23: 597692
A24: 2022 | B24: Central Elementary School | C24: 0
A25: 2022 | B25: Central Regional Education Association | C25: 0.0015732696 | D25: 157848
A26: 2022 | B26: Central Valley School | C26: 0.0017460968 | D26: 175188
A27: 2022 | B27: Dakota Prairie School | C27: 0.002884916 | D27: 289448
A28: 2022 | B28: Devils Lake School | C28: 0.014900779 | D28: 1495015
A29: 2022 | B29: Dickinson School | C29: 0.032124307 | D29: 3223075
A30: 2022 | B30: Divide School | C30: 0.0038707308 | D30: 388356
A31: 2022 | B31: Drake School | C31: 0.0007052203 | D31: 70756
A32: 2022 | B32: Drayton School | C32: 0.0018268245 | D32: 183288
A33: 2022 | B33: Dunseith School | C33: 0.0051555447 | D33: 517263
A34: 2022 | B34: E Central Ctr Exc Childn | C34: 0.0009036459 | D34: 90664
A35: 2022 | B35: Earl Elem. School | C35: 3.5328e-05 | D35: 3545
A36: 2022 | B36: Edgeley School | C36: 0.0018307861 | D36: 183685
... A56: 2022 | B56: Goodrich School | C56: 0.0002398939 | D56: 24069
A57: 2022 | B57: Grafton School | C57: 0
A58: 2022 | B58: Grafton School District | C58: 0.0060423401 | D58: 606236
A59: 2022 | B59: Grand Forks School | C59: 0.064753607 | D59: 6496817
A60: 2022 | B60: Great North West Cooperative | C60: 0.0002241314 | D60: 22487
A61: 2022 | B61: Grenora School | C61: 0.00195397 | D61: 196044
A62: 2022 | B62: Griggs County Central Sch | C62: 0.0020338524 | D62: 204059
A63: 2022 | B63: Gst Educational Services | C63: 0.0024387533 | D63: 244683
A64: 2022 | B64: Halliday School | C64: 0.0003745853 | D64: 37583
A65: 2022 | B65: Hankinson School | C65: 0.0021038992 | D65: 211087
A66: 2022 | B66: Harvey School | C66: 0.0029719202 | D66: 298177
A67: 2022 | B67: Hatton Eielson Psd | C67: 0.001669892 | D67: 167543
A68: 2022 | B68: Hazelton - Moffit School | C68: 0.0012636681 | D68: 126786
A69: 2022 | B69: Hazen School | C69: 0.0041194573 | D69: 413311
... A72: 2022 | B72: Hillsboro School | C72: 0.0037612548 | D72: 377372
A73: 2022 | B73: Hope School | C73: 0
A74: 2022 | B74: Hope-Page Public School District | C74: 0.0020121062 | D74: 201877
A75: 2022 | B75: Horse Creek Elem. School | C75: 5.41356e-05 | D75: 5431
A76: 2022 | B76: James River Multidistrict Spec Ed Unit | C76: 0.00149762 | D76: 150258
A77: 2022 | B77: Jamestown School | C77: 0.017885799 | D77: 1794506
A78: 2022 | B78: Kenmare School | C78: 0.002390422 | D78: 239834
A79: 2022 | B79: Kensal School | C79: 0.0003770462 | D79: 37830
A80: 2022 | B80: Kidder County School District | C80: 0.0027808484 | D80: 279006
A81: 2022 | B81: Killdeer School | C81: 0.0051828193 | D81: 519999
A82: 2022 | B82: Kindred School | C82: 0.0055573546 | D82: 557577
A83: 2022 | B83: Kulm School | C83: 0.0013314227 | D83: 133583
A84: 2022 | B84: Lake Region Spec Ed | C84: 0.0025101629 | D84: 251848
A85: 2022 | B85: Lakota School | C85: 0.0015791522 | D85: 158438
... A95: 2022 | B95: Little Heart Elem. School | C95: 0.0002227745 | D95: 22351
A96: 2022 | B96: Logan County | C96: 0
A97: 2022 | B97: Lone Tree Elem. School | C97: 0.000365687 | D97: 36690
A98: 2022 | B98: Lonetree Spec Ed Unit | C98: 0
A99: 2022 | B99: Maddock School | C99: 0.0011106008 | D99: 111428
A100: 2022 | B100: Mandan Public Schools | C100: 0.030349893 | D100: 3045046
A101: 2022 | B101: Mandaree School | C101: 0.0019850121 | D101: 199159
A102: 2022 | B102: Manning Elem School | C102: 0.000149739 | D102: 15024
A103: 2022 | B103: Manvel Elem. School | C103: 0.0013787766 | D103: 138335
A104: 2022 | B104: Maple Valley School | C104: 0.0021399545 | D104: 214705
A105: 2022 | B105: Mapleton Elem. School | C105: 0.001541352 | D105: 154646
A106: 2022 | B106: Marmarth Elem. School | C106: 0.0002054519 | D106: 20613
A107: 2022 | B107: Max School | C107: 0.0016100688 | D107: 161540
A108: 2022 | B108: May-Port C-G School | C108: 0.0036551347 | D108: 366725
A109: 2022 | B109: Mcclusky School | C109: 0.0009784027 | D109: 98164
A110: 2022 | B110: Mckenzie County | C110: 6.30757e-05 | D110: 6328
... A121: 2022 | B121: Montpelier School | C121: 0.0010413704 | D121: 104482
A122: 2022 | B122: Morton County | C122: 0
A123: 2022 | B123: Mott-Regent School | C123: 0.0017350335 | D123: 174078
A124: 2022 | B124: Mt Pleasant School | C124: 0.002520033 | D124: 252838
A125: 2022 | B125: Munich School | C125: 0.0013545401 | D125: 135903
A126: 2022 | B126: N Central Area Career And Tech Center | C126: 0
A127: 2022 | B127: Napoleon School | C127: 0.0020422979 | D127: 204906
A128: 2022 | B128: Naughton Rural School | C128: 0.0002049229 | D128: 20560
A129: 2022 | B129: Nd Center For Distance Education | C129: 0.0025329306 | D129: 254132
A130: 2022 | B130: Nd Dept Of Public Instruction | C130: 0.0003664525 | D130: 36767
A131: 2022 | B131: Nd School For Blind | C131: 0.0008902358 | D131: 89319
A132: 2022 | B132: Nd School For Deaf | C132: 0.0011218385 | D132: 112556
A133: 2022 | B133: Nd United | C133: 2.28865e-05 | D133: 2296
A134: 2022 | B134: Nd Youth Correctional Cnt | C134: 0.0003657896 | D134: 36700
A135: 2022 | B135: Nedrose School | C135: 0.0047476918 | D135: 476342
A136: 2022 | B136: Nelson County | C136: 1.3806e-05 | D136: 1385
A137: 2022 | B137: Nesson School | C137: 0.003160062 | D137: 317053
A138: 2022 | B138: New England School | C138: 0.0022081602 | D138: 221548
... A152: 2022 | B152: Oliver - Mercer Spec Ed | C152: 0.0013058109 | D152: 131014
A153: 2022 | B153: Page School | C153: 0
...

Sheet NCES Data -->

Sheet LEAID Match
A1: district_name
A2: Alexander School | B2: 3801760
A3: Anamoose School | B3: 3801950
A4: Apple Creek Elem School | B4: 3802014
A5: Ashley School | B5: 3802170
A6: Bakker Elem School | B6: 3802240
A7: Barnes County North | B7: 3800060
A8: Beach School | B8: 3802380
A9: Belcourt School | B9: 3802530
A10: Belfield Public School | B10: 3806210
A11: Beulah School | B11: 3800032
A12: Billings Co. School Dist. | B12: 3802840
A13: Bismarck Public Schools | B13: 3800014
A14: Bismarck State College
A15: Blessed John Paul II Catholic Sch Network
A16: Bottineau School | B16: 3803060
A17: Bowbells School | B17: 3803090
A18: Bowman School | B18: 3803200
A19: Burke Central School | B19: 3803590
A20: Burleigh County Spec. Ed. | B20: 3880120
A21: Carrington School | B21: 3800053
A22: Cavalier School | B22: 3800018
A23: Center Stanton School | B23: 3800052
A24: Central Cass School | B24: 3804090
A25: Central Elementary School | B25: 3800037
A26: Central Regional Education Association
A27: Central Valley School | B27: 3804140
A28: Dakota Prairie School | B28: 3800040
A29: Devils Lake School | B29: 3805040
A30: Dickinson School | B30: 3800038
A31: Divide School | B31: 3805160
A32: Drake School | B32: 3800029
A33: Drayton School | B33: 3805340
A34: Dunseith School | B34: 3805460
A35: E Central Ctr Exc Childn | B35: 3880260
A36: Earl Elem. School | B36: 3805670
A37: Edgeley School | B37: 3805850
A38: Edmore School | B38: 3805950
... A96: Little Heart Elem. School | B96: 3811540
A97: Logan County
A98: Lone Tree Elem. School | B98: 3811610
A99: Lonetree Spec Ed Unit | B99: 3880160
A100: Maddock School | B100: 3811700
A101: Mandan Public Schools | B101: 3811820
A102: Mandaree School | B102: 3811850
A103: Manning Elem School | B103: 3811970
A104: Manvel Elem. School | B104: 3812000
A105: Maple Valley School | B105: 3812020
A106: Mapleton Elem. School | B106: 3812030
A107: Marmarth Elem. School | B107: 3812120
A108: Max School | B108: 3812350
A109: May-Port C-G School | B109: 3800041
A110: Mcclusky School | B110: 3812430
A111: Mckenzie County
A112: Mckenzie County School | B112: 3812540
A113: Medina School | B113: 3812660
A114: Menoken Elem School | B114: 3812720
A115: Midkota | B115: 3800042
A116: Midway School | B116: 3812920
A117: Milnor School | B117: 3812930
A118: Minnewaukan School | B118: 3812990
A119: Minot School | B119: 3813030
A120: Minto School | B120: 3813050
A121: Mohall Lansford Sherwood | B121: 3800050
A122: Montpelier School | B122: 3813230
A123: Morton County
A124: Mott-Regent School | B124: 3800046
A125: Mt Pleasant School | B125: 3813400
A126: Munich School | B126: 3813440
A127: N Central Area Career And Tech Center
A128: Napoleon School | B128: 3813510
A129: Naughton Rural School | B129: 3800015
A130: Nd Center For Distance Education
A131: Nd Dept Of Public Instruction
A132: Nd School For Blind
A133: Nd School For Deaf | B133: 3800006
A134: Nd United
A135: Nd Youth Correctional Cnt
A136: Nedrose School | B136: 3813660
A137: Nelson County
A138: Nesson School | B138: 3813710
A139: New England School | B139: 3800027
A140: New Public School
A141: New Rockford Sheyenne School | B141: 3800059
A142: New Salem-Almont | B142: 3800392
A143: New Town School | B143: 3813920
A144: Newburg United District | B144: 3800825
A145: North Border School | B145: 3800054
A146: North Sargent School | B146: 3814290
A147: North Star | B147: 3800390
A148: North Valley Area Career | B148: 3880700
A149: Northern Cass School Dist | B149: 3800044
A150: Northern Plains Spec Ed | B150: 3880180
A151: Northwood School | B151: 3814340
A152: Oakes School | B152: 3814500
... A165: Robinson School | B165: 3815960
A166: Rolette County
A167: Rolette School | B167: 3816050
A168: Roosevelt School | B168: 3816090
A169: Roughrider Area Career And Tech Center | B169: 3800395
...
