Workbook

Sheet Summary
A1: LEAID | B1: Year | C1: State | D1: state_abv | E1: plan | F1: district_name | G1: employer_code | H1: district_contributions | I1: state_contributions | J1: total_contributions
A2: =K2 -> 2306780 | B2: 2015 | C2: Maine | D2: ME | E2: Maine Public Employees Retirement System - State Employee & Teacher Plan | F2: Isle Au Haut School Department | G2: T0802 | I2: 0 | J2: 0 | K2: =IFERROR(VLOOKUP(F2,'LEAID Match'!$A$2:$B$236,2,FALSE),"") -> 2306780
A3: =K3 -> 2306780 | B3: 2016 | C3: Maine | D3: ME | E3: Maine Public Employees Retirement System - State Employee & Teacher Plan | F3: Isle Au Haut School Department | G3: T0802 | I3: 0 | J3: 0 | K3: =IFERROR(VLOOKUP(F3,'LEAID Match'!$A$2:$B$236,2,FALSE),"") -> 2306780
A4: =K4 -> 2306780 | B4: 2017 | C4: Maine | D4: ME | E4: Maine Public Employees Retirement System - State Employee & Teacher Plan | F4: Isle Au Haut School Department | G4: T0802 | I4: 0 | J4: 0 | K4: =IFERROR(VLOOKUP(F4,'LEAID Match'!$A$2:$B$236,2,FALSE),"") -> 2306780
A5: =K5 -> 2306780 | B5: 2018 | C5: Maine | D5: ME | E5: Maine Public Employees Retirement System - State Employee & Teacher Plan | F5: Isle Au Haut School Department | G5: T0802 | I5: 0 | J5: 0 | K5: =IFERROR(VLOOKUP(F5,'LEAID Match'!$A$2:$B$236,2,FALSE),"") -> 2306780
A6: =K6 -> 2306780 | B6: 2019 | C6: Maine | D6: ME | E6: Maine Public Employees Retirement System - State Employee & Teacher Plan | F6: Isle Au Haut School Department | G6: T0802 | I6: 0 | J6: 0 | K6: =IFERROR(VLOOKUP(F6,'LEAID Match'!$A$2:$B$236,2,FALSE),"") -> 2306780
A7: =K7 -> 2306780 | B7: 2020 | C7: Maine | D7: ME | E7: Maine Public Employees Retirement System - State Employee & Teacher Plan | F7: Isle Au Haut School Department | G7: T0802 | I7: 0 | J7: 0 | K7: =IFERROR(VLOOKUP(F7,'LEAID Match'!$A$2:$B$236,2,FALSE),"") -> 2306780
A8: =K8 -> 2306780 | B8: 2021 | C8: Maine | D8: ME | E8: Maine Public Employees Retirement System - State Employee & Teacher Plan | F8: Isle Au Haut School Department | G8: T0802 | I8: 0 | J8: 0 | K8: =IFERROR(VLOOKUP(F8,'LEAID Match'!$A$2:$B$236,2,FALSE),"") -> 2306780
A9: =K9 -> 2306780 | B9: 2022 | C9: Maine | D9: ME | E9: Maine Public Employees Retirement System - State Employee & Teacher Plan | F9: Isle Au Haut School Department | G9: T0802 | I9: 0 | J9: 0 | K9: =IFERROR(VLOOKUP(F9,'LEAID Match'!$A$2:$B$236,2,FALSE),"") -> 2306780
A10: =K10 -> 2308340 | B10: 2015 | C10: Maine | D10: ME | E10: Maine Public Employees Retirement System - State Employee & Teacher Plan | F10: Monhegan Plantation School Department | G10: T0804 | I10: 0 | J10: 0 | K10: =IFERROR(VLOOKUP(F10,'LEAID Match'!$A$2:$B$236,2,FALSE),"") -> 2308340
A11: =K11 -> 2308340 | B11: 2016 | C11: Maine | D11: ME | E11: Maine Public Employees Retirement System - State Employee & Teacher Plan | F11: Monhegan Plantation School Department | G11: T0804 | I11: 0 | J11: 0 | K11: =IFERROR(VLOOKUP(F11,'LEAID Match'!$A$2:$B$236,2,FALSE),"") -> 2308340
A12: =K12 -> 2308340 | B12: 2017 | C12: Maine | D12: ME | E12: Maine Public Employees Retirement System - State Employee & Teacher Plan | F12: Monhegan Plantation School Department | G12: T0804 | I12: 0 | J12: 0 | K12: =IFERROR(VLOOKUP(F12,'LEAID Match'!$A$2:$B$236,2,FALSE),"") -> 2308340
A13: =K13 -> 2308340 | B13: 2018 | C13: Maine | D13: ME | E13: Maine Public Employees Retirement System - State Employee & Teacher Plan | F13: Monhegan Plantation School Department | G13: T0804 | I13: 0 | J13: 0 | K13: =IFERROR(VLOOKUP(F13,'LEAID Match'!$A$2:$B$236,2,FALSE),"") -> 2308340
... A17: =K17 -> 2308340 | B17: 2022 | C17: Maine | D17: ME | E17: Maine Public Employees Retirement System - State Employee & Teacher Plan | F17: Monhegan Plantation School Department | G17: T0804 | I17: 0 | J17: 0 | K17: =IFERROR(VLOOKUP(F17,'LEAID Match'!$A$2:$B$236,2,FALSE),"") -> 2308340
A18: =K18 -> 2304895 | B18: 2015 | C18: Maine | D18: ME | E18: Maine Public Employees Retirement System - State Employee & Teacher Plan | F18: CSD No. 13 Deer Isle - Stonington | G18: T0913 | H18: 12858 | I18: 246534.67 | J18: 259392.67 | K18: =IFERROR(VLOOKUP(F18,'LEAID Match'!$A$2:$B$236,2,FALSE),"") -> 2304895
A19: =K19 -> 2304895 | B19: 2016 | C19: Maine | D19: ME | E19: Maine Public Employees Retirement System - State Employee & Teacher Plan | F19: CSD No. 13 Deer Isle - Stonington | G19: T0913 | H19: 9376 | I19: 178187.15 | J19: 187563.15 | K19: =IFERROR(VLOOKUP(F19,'LEAID Match'!$A$2:$B$236,2,FALSE),"") -> 2304895
A20: =K20 -> 2304895 | B20: 2017 | C20: Maine | D20: ME | E20: Maine Public Employees Retirement System - State Employee & Teacher Plan | F20: CSD No. 13 Deer Isle - Stonington | G20: T0913 | H20: 9195 | I20: 175324.72 | J20: 184519.72 | K20: =IFERROR(VLOOKUP(F20,'LEAID Match'!$A$2:$B$236,2,FALSE),"") -> 2304895
A21: =K21 -> 2304895 | B21: 2018 | C21: Maine | D21: ME | E21: Maine Public Employees Retirement System - State Employee & Teacher Plan | F21: CSD No. 13 Deer Isle - Stonington | G21: T0913 | H21: 9751 | I21: 197645.88 | J21: 207396.88 | K21: =IFERROR(VLOOKUP(F21,'LEAID Match'!$A$2:$B$236,2,FALSE),"") -> 2304895
A22: =K22 -> 2304895 | B22: 2019 | C22: Maine | D22: ME | E22: Maine Public Employees Retirement System - State Employee & Teacher Plan | F22: CSD No. 13 Deer Isle - Stonington | G22: T0913 | H22: 7782 | I22: 166721.85 | J22: 174503.85 | K22: =IFERROR(VLOOKUP(F22,'LEAID Match'!$A$2:$B$236,2,FALSE),"") -> 2304895
A23: =K23 -> 2304895 | B23: 2020 | C23: Maine | D23: ME | E23: Maine Public Employees Retirement System - State Employee & Teacher Plan | F23: CSD No. 13 Deer Isle - Stonington | G23: T0913 | H23: 10566 | I23: 235430.84 | J23: 245996.84 | K23: =IFERROR(VLOOKUP(F23,'LEAID Match'!$A$2:$B$236,2,FALSE),"") -> 2304895
A24: =K24 -> 2304895 | B24: 2021 | C24: Maine | D24: ME | E24: Maine Public Employees Retirement System - State Employee & Teacher Plan | F24: CSD No. 13 Deer Isle - Stonington | G24: T0913 | H24: 35987 | I24: 604558.22 | J24: 640545.22 | K24: =IFERROR(VLOOKUP(F24,'LEAID Match'!$A$2:$B$236,2,FALSE),"") -> 2304895
A25: =K25 -> 2304895 | B25: 2022 | C25: Maine | D25: ME | E25: Maine Public Employees Retirement System - State Employee & Teacher Plan | F25: CSD No. 13 Deer Isle - Stonington | G25: T0913 | H25: 47998 | I25: 690929.9 | J25: 738927.9 | K25: =IFERROR(VLOOKUP(F25,'LEAID Match'!$A$2:$B$236,2,FALSE),"") -> 2304895
A26: =K26 -> 2308400 | B26: 2015 | C26: Maine | D26: ME | E26: Maine Public Employees Retirement System - State Employee & Teacher Plan | F26: CSD No. 17 Moosabec | G26: T0917 | H26: 32 | I26: 613.55651 | J26: 645.55651 | K26: =IFERROR(VLOOKUP(F26,'LEAID Match'!$A$2:$B$236,2,FALSE),"") -> 2308400
A27: =K27 -> 2308400 | B27: 2016 | C27: Maine | D27: ME | E27: Maine Public Employees Retirement System - State Employee & Teacher Plan | F27: CSD No. 17 Moosabec | G27: T0917 | H27: 24 | I27: 456.11045 | J27: 480.11045 | K27: =IFERROR(VLOOKUP(F27,'LEAID Match'!$A$2:$B$236,2,FALSE),"") -> 2308400
A28: =K28 -> 2308400 | B28: 2017 | C28: Maine | D28: ME | E28: Maine Public Employees Retirement System - State Employee & Teacher Plan | F28: CSD No. 17 Moosabec | G28: T0917 | H28: 1028 | I28: 19601.285 | J28: 20629.285 | K28: =IFERROR(VLOOKUP(F28,'LEAID Match'!$A$2:$B$236,2,FALSE),"") -> 2308400
A29: =K29 -> 2308400 | B29: 2018 | C29: Maine | D29: ME | E29: Maine Public Employees Retirement System - State Employee & Teacher Plan | F29: CSD No. 17 Moosabec | G29: T0917 | H29: 1986 | I29: 40254.818 | J29: 42240.818 | K29: =IFERROR(VLOOKUP(F29,'LEAID Match'!$A$2:$B$236,2,FALSE),"") -> 2308400
... A49: =K49 -> 2300053 | B49: 2022 | C49: Maine | D49: ME | E49: Maine Public Employees Retirement System - State Employee & Teacher Plan | F49: CSD No. 19 Five Town CSD | G49: T0919 | H49: 14224 | I49: 204754.09 | J49: 218978.09 | K49: =IFERROR(VLOOKUP(F49,'LEAID Match'!$A$2:$B$236,2,FALSE),"") -> 2300053
A50: =K50 -> 0 | B50: 2015 | C50: Maine | D50: ME | E50: Maine Public Employees Retirement System - State Employee & Teacher Plan | F50: Erskine Academy | G50: TAERS | I50: 0 | J50: 0 | K50: =IFERROR(VLOOKUP(F50,'LEAID Match'!$A$2:$B$236,2,FALSE),"") -> 0
A51: =K51 -> 0 | B51: 2016 | C51: Maine | D51: ME | E51: Maine Public Employees Retirement System - State Employee & Teacher Plan | F51: Erskine Academy | G51: TAERS | I51: 0 | J51: 0 | K51: =IFERROR(VLOOKUP(F51,'LEAID Match'!$A$2:$B$236,2,FALSE),"") -> 0
A52: =K52 -> 0 | B52: 2017 | C52: Maine | D52: ME | E52: Maine Public Employees Retirement System - State Employee & Teacher Plan | F52: Erskine Academy | G52: TAERS | I52: 0 | J52: 0 | K52: =IFERROR(VLOOKUP(F52,'LEAID Match'!$A$2:$B$236,2,FALSE),"") -> 0
A53: =K53 -> 0 | B53: 2018 | C53: Maine | D53: ME | E53: Maine Public Employees Retirement System - State Employee & Teacher Plan | F53: Erskine Academy | G53: TAERS | I53: 0 | J53: 0 | K53: =IFERROR(VLOOKUP(F53,'LEAID Match'!$A$2:$B$236,2,FALSE),"") -> 0
A54: =K54 -> 0 | B54: 2019 | C54: Maine | D54: ME | E54: Maine Public Employees Retirement System - State Employee & Teacher Plan | F54: Erskine Academy | G54: TAERS | I54: 0 | J54: 0 | K54: =IFERROR(VLOOKUP(F54,'LEAID Match'!$A$2:$B$236,2,FALSE),"") -> 0
A55: =K55 -> 0 | B55: 2020 | C55: Maine | D55: ME | E55: Maine Public Employees Retirement System - State Employee & Teacher Plan | F55: Erskine Academy | G55: TAERS | I55: 0 | J55: 0 | K55: =IFERROR(VLOOKUP(F55,'LEAID Match'!$A$2:$B$236,2,FALSE),"") -> 0
A56: =K56 -> 0 | B56: 2021 | C56: Maine | D56: ME | E56: Maine Public Employees Retirement System - State Employee & Teacher Plan | F56: Erskine Academy | G56: TAERS | I56: 0 | J56: 0 | K56: =IFERROR(VLOOKUP(F56,'LEAID Match'!$A$2:$B$236,2,FALSE),"") -> 0
A57: =K57 -> 0 | B57: 2022 | C57: Maine | D57: ME | E57: Maine Public Employees Retirement System - State Employee & Teacher Plan | F57: Erskine Academy | G57: TAERS | I57: 0 | J57: 0 | K57: =IFERROR(VLOOKUP(F57,'LEAID Match'!$A$2:$B$236,2,FALSE),"") -> 0
A58: =K58 -> 0 | B58: 2015 | C58: Maine | D58: ME | E58: Maine Public Employees Retirement System - State Employee & Teacher Plan | F58: Foxcroft Academy | G58: TAFOX | I58: 0 | J58: 0 | K58: =IFERROR(VLOOKUP(F58,'LEAID Match'!$A$2:$B$236,2,FALSE),"") -> 0
A59: =K59 -> 0 | B59: 2016 | C59: Maine | D59: ME | E59: Maine Public Employees Retirement System - State Employee & Teacher Plan | F59: Foxcroft Academy | G59: TAFOX | I59: 0 | J59: 0 | K59: =IFERROR(VLOOKUP(F59,'LEAID Match'!$A$2:$B$236,2,FALSE),"") -> 0
A60: =K60 -> 0 | B60: 2017 | C60: Maine | D60: ME | E60: Maine Public Employees Retirement System - State Employee & Teacher Plan | F60: Foxcroft Academy | G60: TAFOX | I60: 0 | J60: 0 | K60: =IFERROR(VLOOKUP(F60,'LEAID Match'!$A$2:$B$236,2,FALSE),"") -> 0
A61: =K61 -> 0 | B61: 2018 | C61: Maine | D61: ME | E61: Maine Public Employees Retirement System - State Employee & Teacher Plan | F61: Foxcroft Academy | G61: TAFOX | I61: 0 | J61: 0 | K61: =IFERROR(VLOOKUP(F61,'LEAID Match'!$A$2:$B$236,2,FALSE),"") -> 0
... A129: =K129 -> 0 | B129: 2022 | C129: Maine | D129: ME | E129: Maine Public Employees Retirement System - State Employee & Teacher Plan | F129: Washington Academy | G129: TAWAS | I129: 0 | J129: 0 | K129: =IFERROR(VLOOKUP(F129,'LEAID Match'!$A$2:$B$236,2,FALSE),"") -> 0
A130: =K130 -> 2302220 | B130: 2015 | C130: Maine | D130: ME | E130: Maine Public Employees Retirement System - State Employee & Teacher Plan | F130: Acton School Department | G130: TCACT | H130: 13906 | I130: 266628.65 | J130: 280534.65 | K130: =IFERROR(VLOOKUP(F130,'LEAID Match'!$A$2:$B$236,2,FALSE),"") -> 2302220
A131: =K131 -> 2302220 | B131: 2016 | C131: Maine | D131: ME | E131: Maine Public Employees Retirement System - State Employee & Teacher Plan | F131: Acton School Department | G131: TCACT | H131: 6230 | I131: 118398.67 | J131: 124628.67 | K131: =IFERROR(VLOOKUP(F131,'LEAID Match'!$A$2:$B$236,2,FALSE),"") -> 2302220
A132: =K132 -> 2302220 | B132: 2017 | C132: Maine | D132: ME | E132: Maine Public Employees Retirement System - State Employee & Teacher Plan | F132: Acton School Department | G132: TCACT | H132: 7571 | I132: 144359.27 | J132: 151930.27 | K132: =IFERROR(VLOOKUP(F132,'LEAID Match'!$A$2:$B$236,2,FALSE),"") -> 2302220
A133: =K133 -> 2302220 | B133: 2018 | C133: Maine | D133: ME | E133: Maine Public Employees Retirement System - State Employee & Teacher Plan | F133: Acton School Department | G133: TCACT | H133: 6256 | I133: 126804.7 | J133: 133060.7 | K133: =IFERROR(VLOOKUP(F133,'LEAID Match'!$A$2:$B$236,2,FALSE),"") -> 2302220
A134: =K134 -> 2302220 | B134: 2019 | C134: Maine | D134: ME | E134: Maine Public Employees Retirement System - State Employee & Teacher Plan | F134: Acton School Department | G134: TCACT | H134: 5858 | I134: 125502.01 | J134: 131360.01 | K134: =IFERROR(VLOOKUP(F134,'LEAID Match'!$A$2:$B$236,2,FALSE),"") -> 2302220
A135: =K135 -> 2302220 | B135: 2020 | C135: Maine | D135: ME | E135: Maine Public Employees Retirement System - State Employee & Teacher Plan | F135: Acton School Department | G135: TCACT | H135: 6799 | I135: 151494.82 | J135: 158293.82 | K135: =IFERROR(VLOOKUP(F135,'LEAID Match'!$A$2:$B$236,2,FALSE),"") -> 2302220
A136: =K136 -> 2302220 | B136: 2021 | C136: Maine | D136: ME | E136: Maine Public Employees Retirement System - State Employee & Teacher Plan | F136: Acton School Department | G136: TCACT | H136: 7419 | I136: 124634.38 | J136: 132053.38 | K136: =IFERROR(VLOOKUP(F136,'LEAID Match'!$A$2:$B$236,2,FALSE),"") -> 2302220
A137: =K137 -> 2302220 | B137: 2022 | C137: Maine | D137: ME | E137: Maine Public Employees Retirement System - State Employee & Teacher Plan | F137: Acton School Department | G137: TCACT | H137: 22592 | I137: 325211.22 | J137: 347803.22 | K137: =IFERROR(VLOOKUP(F137,'LEAID Match'!$A$2:$B$236,2,FALSE),"") -> 2302220
A138: =K138 -> 2314823 | B138: 2016 | C138: Maine | D138: ME | E138: Maine Public Employees Retirement System - State Employee & Teacher Plan | F138: Andover School Department | G138: TCAND | H138: 1506 | I138: 28620.931 | J138: 30126.931 | K138: =IFERROR(VLOOKUP(F138,'LEAID Match'!$A$2:$B$236,2,FALSE),"") -> 2314823
A139: =K139 -> 2314823 | B139: 2017 | C139: Maine | D139: ME | E139: Maine Public Employees Retirement System - State Employee & Teacher Plan | F139: Andover School Department | G139: TCAND | H139: 501 | I139: 9552.7664 | J139: 10053.766 | K139: =IFERROR(VLOOKUP(F139,'LEAID Match'!$A$2:$B$236,2,FALSE),"") -> 2314823
A140: =K140 -> 2314823 | B140: 2018 | C140: Maine | D140: ME | E140: Maine Public Employees Retirement System - State Employee & Teacher Plan | F140: Andover School Department | G140: TCAND | I140: 0 | J140: 0 | K140: =IFERROR(VLOOKUP(F140,'LEAID Match'!$A$2:$B$236,2,FALSE),"") -> 2314823
A141: =K141 -> 2314823 | B141: 2019 | C141: Maine | D141: ME | E141: Maine Public Employees Retirement System - State Employee & Teacher Plan | F141: Andover School Department | G141: TCAND | H141: 3084 | I141: 66071.728 | J141: 69155.728 | K141: =IFERROR(VLOOKUP(F141,'LEAID Match'!$A$2:$B$236,2,FALSE),"") -> 2314823
A142: =K142 -> 2314823 | B142: 2020 | C142: Maine | D142: ME | E142: Maine Public Employees Retirement System - State Employee & Teacher Plan | F142: Andover School Department | G142: TCAND | H142: 2732 | I142: 60874.225 | J142: 63606.225 | K142: =IFERROR(VLOOKUP(F142,'LEAID Match'!$A$2:$B$236,2,FALSE),"") -> 2314823
A143: =K143 -> 2314823 | B143: 2021 | C143: Maine | D143: ME | E143: Maine Public Employees Retirement System - State Employee & Teacher Plan | F143: Andover School Department | G143: TCAND | H143: 2637 | I143: 44299.887 | J143: 46936.887 | K143: =IFERROR(VLOOKUP(F143,'LEAID Match'!$A$2:$B$236,2,FALSE),"") -> 2314823
A144: =K144 -> 2314823 | B144: 2022 | C144: Maine | D144: ME | E144: Maine Public Employees Retirement System - State Employee & Teacher Plan | F144: Andover School Department | G144: TCAND | H144: 3812 | I144: 54873.636 | J144: 58685.636 | K144: =IFERROR(VLOOKUP(F144,'LEAID Match'!$A$2:$B$236,2,FALSE),"") -> 2314823
A145: =K145 -> 2314817 | B145: 2015 | C145: Maine | D145: ME | E145: Maine Public Employees Retirement System - State Employee & Teacher Plan | F145: Athens School Department | G145: TCATH | H145: 9146 | I145: 175362.12 | J145: 184508.12 | K145: =IFERROR(VLOOKUP(F145,'LEAID Match'!$A$2:$B$236,2,FALSE),"") -> 2314817
A146: =K146 -> 2314817 | B146: 2016 | C146: Maine | D146: ME | E146: Maine Public Employees Retirement System - State Employee & Teacher Plan | F146: Athens School Department | G146: TCATH | H146: 6038 | I146: 114749.79 | J146: 120787.79 | K146: =IFERROR(VLOOKUP(F146,'LEAID Match'!$A$2:$B$236,2,FALSE),"") -> 2314817
A147: =K147 -> 2314817 | B147: 2017 | C147: Maine | D147: ME | E147: Maine Public Employees Retirement System - State Employee & Teacher Plan | F147: Athens School Department | G147: TCATH | H147: 6864 | I147: 130878.62 | J147: 137742.62 | K147: =IFERROR(VLOOKUP(F147,'LEAID Match'!$A$2:$B$236,2,FALSE),"") -> 2314817
A148: =K148 -> 2314817 | B148: 2018 | C148: Maine | D148: ME | E148: Maine Public Employees Retirement System - State Employee & Teacher Plan | F148: Athens School Department | G148: TCATH | H148: 9962 | I148: 201922.71 | J148: 211884.71 | K148: =IFERROR(VLOOKUP(F148,'LEAID Match'!$A$2:$B$236,2,FALSE),"") -> 2314817
A149: =K149 -> 2314817 | B149: 2019 | C149: Maine | D149: ME | E149: Maine Public Employees Retirement System - State Employee & Teacher Plan | F149: Athens School Department | G149: TCATH | H149: 6820 | I149: 146111.93 | J149: 152931.93 | K149: =IFERROR(VLOOKUP(F149,'LEAID Match'!$A$2:$B$236,2,FALSE),"") -> 2314817
A150: =K150 -> 2314817 | B150: 2020 | C150: Maine | D150: ME | E150: Maine Public Employees Retirement System - State Employee & Teacher Plan | F150: Athens School Department | G150: TCATH | H150: 5885 | I150: 131129.14 | J150: 137014.14 | K150: =IFERROR(VLOOKUP(F150,'LEAID Match'!$A$2:$B$236,2,FALSE),"") -> 2314817
A151: =K151 -> 2314817 | B151: 2021 | C151: Maine | D151: ME | E151: Maine Public Employees Retirement System - State Employee & Teacher Plan | F151: Athens School Department | G151: TCATH | H151: 7275 | I151: 122215.27 | J151: 129490.27 | K151: =IFERROR(VLOOKUP(F151,'LEAID Match'!$A$2:$B$236,2,FALSE),"") -> 2314817
A152: =K152 -> 2314817 | B152: 2022 | C152: Maine | D152: ME | E152: Maine Public Employees Retirement System - State Employee & Teacher Plan | F152: Athens School Department | G152: TCATH | H152: 8163 | I152: 117506.16 | J152: 125669.16 | K152: =IFERROR(VLOOKUP(F152,'LEAID Match'!$A$2:$B$236,2,FALSE),"") -> 2314817
... A208: =K208 -> 2303870 | B208: 2022 | C208: Maine | D208: ME | E208: Maine Public Employees Retirement System - State Employee & Teacher Plan | F208: Calais School Department | G208: TCCAL | H208: 33056 | I208: 475840.22 | J208: 508896.22 | K208: =IFERROR(VLOOKUP(F208,'LEAID Match'!$A$2:$B$236,2,FALSE),"") -> 2303870
A209: =K209 -> 2304110 | B209: 2015 | C209: Maine | D209: ME | E209: Maine Public Employees Retirement System - State Employee & Teacher Plan | F209: Caswell School Department | G209: TCCAS | I209: 0 | J209: 0 | K209: =IFERROR(VLOOKUP(F209,'LEAID Match'!$A$2:$B$236,2,FALSE),"") -> 2304110
A210: =K210 -> 2304110 | B210: 2016 | C210: Maine | D210: ME | E210: Maine Public Employees Retirement System - State Employee & Teacher Plan | F210: Caswell School Department | G210: TCCAS | H210: 1082 | I210: 20562.98 | J210: 21644.98 | K210: =IFERROR(VLOOKUP(F210,'LEAID Match'!$A$2:$B$236,2,FALSE),"") -> 2304110
A211: =K211 -> 2304110 | B211: 2017 | C211: Maine | D211: ME | E211: Maine Public Employees Retirement System - State Employee & Teacher Plan | F211: Caswell School Department | G211: TCCAS | I211: 0 | J211: 0 | K211: =IFERROR(VLOOKUP(F211,'LEAID Match'!$A$2:$B$236,2,FALSE),"") -> 2304110
A212: =K212 -> 2304110 | B212: 2018 | C212: Maine | D212: ME | E212: Maine Public Employees Retirement System - State Employee & Teacher Plan | F212: Caswell School Department | G212: TCCAS | H212: 1596 | I212: 32349.793 | J212: 33945.793 | K212: =IFERROR(VLOOKUP(F212,'LEAID Match'!$A$2:$B$236,2,FALSE),"") -> 2304110
A213: =K213 -> 2304110 | B213: 2019 | C213: Maine | D213: ME | E213: Maine Public Employees Retirement System - State Employee & Teacher Plan | F213: Caswell School Department | G213: TCCAS | H213: 1785 | I213: 38241.905 | J213: 40026.905 | K213: =IFERROR(VLOOKUP(F213,'LEAID Match'!$A$2:$B$236,2,FALSE),"") -> 2304110
A214: =K214 -> 2304110 | B214: 2020 | C214: Maine | D214: ME | E214: Maine Public Employees Retirement System - State Employee & Teacher Plan | F214: Caswell School Department | G214: TCCAS | H214: 2914 | I214: 64929.535 | J214: 67843.535 | K214: =IFERROR(VLOOKUP(F214,'LEAID Match'!$A$2:$B$236,2,FALSE),"") -> 2304110
A215: =K215 -> 2304110 | B215: 2021 | C215: Maine | D215: ME | E215: Maine Public Employees Retirement System - State Employee & Teacher Plan | F215: Caswell School Department | G215: TCCAS | H215: 1984 | I215: 33329.911 | J215: 35313.911 | K215: =IFERROR(VLOOKUP(F215,'LEAID Match'!$A$2:$B$236,2,FALSE),"") -> 2304110
A216: =K216 -> 2304110 | B216: 2022 | C216: Maine | D216: ME | E216: Maine Public Employees Retirement System - State Employee & Teacher Plan | F216: Caswell School Department | G216: TCCAS | H216: 5231 | I216: 75300.102 | J216: 80531.102 | K216: =IFERROR(VLOOKUP(F216,'LEAID Match'!$A$2:$B$236,2,FALSE),"") -> 2304110
A217: =K217 -> 2303930 | B217: 2015 | C217: Maine | D217: ME | E217: Maine Public Employees Retirement System - State Employee & Teacher Plan | F217: Cape Elizabeth School Department | G217: TCCEL | H217: 14584 | I217: 279628.38 | J217: 294212.38 | K217: =IFERROR(VLOOKUP(F217,'LEAID Match'!$A$2:$B$236,2,FALSE),"") -> 2303930
A218: =K218 -> 2303930 | B218: 2016 | C218: Maine | D218: ME | E218: Maine Public Employees Retirement System - State Employee & Teacher Plan | F218: Cape Elizabeth School Department | G218: TCCEL | H218: 14382 | I218: 273324.19 | J218: 287706.19 | K218: =IFERROR(VLOOKUP(F218,'LEAID Match'!$A$2:$B$236,2,FALSE),"") -> 2303930
A219: =K219 -> 2303930 | B219: 2017 | C219: Maine | D219: ME | E219: Maine Public Employees Retirement System - State Employee & Teacher Plan | F219: Cape Elizabeth School Department | G219: TCCEL | H219: 17389 | I219: 331562.98 | J219: 348951.98 | K219: =IFERROR(VLOOKUP(F219,'LEAID Match'!$A$2:$B$236,2,FALSE),"") -> 2303930
A220: =K220 -> 2303930 | B220: 2018 | C220: Maine | D220: ME | E220: Maine Public Employees Retirement System - State Employee & Teacher Plan | F220: Cape Elizabeth School Department | G220: TCCEL | H220: 21108 | I220: 427844.25 | J220: 448952.25 | K220: =IFERROR(VLOOKUP(F220,'LEAID Match'!$A$2:$B$236,2,FALSE),"") -> 2303930
A221: =K221 -> 2303930 | B221: 2019 | C221: Maine | D221: ME | E221: Maine Public Employees Retirement System - State Employee & Teacher Plan | F221: Cape Elizabeth School Department | G221: TCCEL | H221: 23281 | I221: 498772.99 | J221: 522053.99 | K221: =IFERROR(VLOOKUP(F221,'LEAID Match'!$A$2:$B$236,2,FALSE),"") -> 2303930
A222: =K222 -> 2303930 | B222: 2020 | C222: Maine | D222: ME | E222: Maine Public Employees Retirement System - State Employee & Teacher Plan | F222: Cape Elizabeth School Department | G222: TCCEL | H222: 28284 | I222: 630222.02 | J222: 658506.02 | K222: =IFERROR(VLOOKUP(F222,'LEAID Match'!$A$2:$B$236,2,FALSE),"") -> 2303930
A223: =K223 -> 2303930 | B223: 2021 | C223: Maine | D223: ME | E223: Maine Public Employees Retirement System - State Employee & Teacher Plan | F223: Cape Elizabeth School Department | G223: TCCEL | H223: 29693 | I223: 498823.11 | J223: 528516.11 | K223: =IFERROR(VLOOKUP(F223,'LEAID Match'!$A$2:$B$236,2,FALSE),"") -> 2303930
A224: =K224 -> 2303930 | B224: 2022 | C224: Maine | D224: ME | E224: Maine Public Employees Retirement System - State Employee & Teacher Plan | F224: Cape Elizabeth School Department | G224: TCCEL | H224: 12754 | I224: 183593.48 | J224: 196347.48 | K224: =IFERROR(VLOOKUP(F224,'LEAID Match'!$A$2:$B$236,2,FALSE),"") -> 2303930
A225: =K225 -> 2314771 | B225: 2015 | C225: Maine | D225: ME | E225: Maine Public Employees Retirement System - State Employee & Teacher Plan | F225: Chebeague Island School Department | G225: TCCHE | I225: 0 | J225: 0 | K225: =IFERROR(VLOOKUP(F225,'LEAID Match'!$A$2:$B$236,2,FALSE),"") -> 2314771
A226: =K226 -> 2314771 | B226: 2016 | C226: Maine | D226: ME | E226: Maine Public Employees Retirement System - State Employee & Teacher Plan | F226: Chebeague Island School Department | G226: TCCHE | I226: 0 | J226: 0 | K226: =IFERROR(VLOOKUP(F226,'LEAID Match'!$A$2:$B$236,2,FALSE),"") -> 2314771
A227: =K227 -> 2314771 | B227: 2017 | C227: Maine | D227: ME | E227: Maine Public Employees Retirement System - State Employee & Teacher Plan | F227: Chebeague Island School Department | G227: TCCHE | I227: 0 | J227: 0 | K227: =IFERROR(VLOOKUP(F227,'LEAID Match'!$A$2:$B$236,2,FALSE),"") -> 2314771
A228: =K228 -> 2314771 | B228: 2018 | C228: Maine | D228: ME | E228: Maine Public Employees Retirement System - State Employee & Teacher Plan | F228: Chebeague Island School Department | G228: TCCHE | I228: 0 | J228: 0 | K228: =IFERROR(VLOOKUP(F228,'LEAID Match'!$A$2:$B$236,2,FALSE),"") -> 2314771
A229: =K229 -> 2314771 | B229: 2019 | C229: Maine | D229: ME | E229: Maine Public Employees Retirement System - State Employee & Teacher Plan | F229: Chebeague Island School Department | G229: TCCHE | I229: 0 | J229: 0 | K229: =IFERROR(VLOOKUP(F229,'LEAID Match'!$A$2:$B$236,2,FALSE),"") -> 2314771
A230: =K230 -> 2314771 | B230: 2020 | C230: Maine | D230: ME | E230: Maine Public Employees Retirement System - State Employee & Teacher Plan | F230: Chebeague Island School Department | G230: TCCHE | I230: 0 | J230: 0 | K230: =IFERROR(VLOOKUP(F230,'LEAID Match'!$A$2:$B$236,2,FALSE),"") -> 2314771
A231: =K231 -> 2314771 | B231: 2021 | C231: Maine | D231: ME | E231: Maine Public Employees Retirement System - State Employee & Teacher Plan | F231: Chebeague Island School Department | G231: TCCHE | I231: 0 | J231: 0 | K231: =IFERROR(VLOOKUP(F231,'LEAID Match'!$A$2:$B$236,2,FALSE),"") -> 2314771
A232: =K232 -> 2314771 | B232: 2022 | C232: Maine | D232: ME | E232: Maine Public Employees Retirement System - State Employee & Teacher Plan | F232: Chebeague Island School Department | G232: TCCHE | I232: 0 | J232: 0 | K232: =IFERROR(VLOOKUP(F232,'LEAID Match'!$A$2:$B$236,2,FALSE),"") -> 2314771
A233: =K233 -> 2314814 | B233: 2015 | C233: Maine | D233: ME | E233: Maine Public Employees Retirement System - State Employee & Teacher Plan | F233: Cherryfield School Department | G233: TCCHR | H233: 4056 | I233: 77768.287 | J233: 81824.287 | K233: =IFERROR(VLOOKUP(F233,'LEAID Match'!$A$2:$B$236,2,FALSE),"") -> 2314814
A234: =K234 -> 2314814 | B234: 2016 | C234: Maine | D234: ME | E234: Maine Public Employees Retirement System - State Employee & Teacher Plan | F234: Cherryfield School Department | G234: TCCHR | H234: 3679 | I234: 69917.932 | J234: 73596.932 | K234: =IFERROR(VLOOKUP(F234,'LEAID Match'!$A$2:$B$236,2,FALSE),"") -> 2314814
A235: =K235 -> 2314814 | B235: 2017 | C235: Maine | D235: ME | E235: Maine Public Employees Retirement System - State Employee & Teacher Plan | F235: Cherryfield School Department | G235: TCCHR | H235: 3666 | I235: 69901.081 | J235: 73567.081 | K235: =IFERROR(VLOOKUP(F235,'LEAID Match'!$A$2:$B$236,2,FALSE),"") -> 2314814
A236: =K236 -> 2314814 | B236: 2018 | C236: Maine | D236: ME | E236: Maine Public Employees Retirement System - State Employee & Teacher Plan | F236: Cherryfield School Department | G236: TCCHR | H236: 2137 | I236: 43315.481 | J236: 45452.481 | K236: =IFERROR(VLOOKUP(F236,'LEAID Match'!$A$2:$B$236,2,FALSE),"") -> 2314814
A237: =K237 -> 2314814 | B237: 2019 | C237: Maine | D237: ME | E237: Maine Public Employees Retirement System - State Employee & Teacher Plan | F237: Cherryfield School Department | G237: TCCHR | H237: 3135 | I237: 67164.354 | J237: 70299.354 | K237: =IFERROR(VLOOKUP(F237,'LEAID Match'!$A$2:$B$236,2,FALSE),"") -> 2314814
A238: =K238 -> 2314814 | B238: 2020 | C238: Maine | D238: ME | E238: Maine Public Employees Retirement System - State Employee & Teacher Plan | F238: Cherryfield School Department | G238: TCCHR | H238: 11605 | I238: 258581.76 | J238: 270186.76 | K238: =IFERROR(VLOOKUP(F238,'LEAID Match'!$A$2:$B$236,2,FALSE),"") -> 2314814
A239: =K239 -> 2314814 | B239: 2021 | C239: Maine | D239: ME | E239: Maine Public Employees Retirement System - State Employee & Teacher Plan | F239: Cherryfield School Department | G239: TCCHR | H239: 9144 | I239: 153613.26 | J239: 162757.26 | K239: =IFERROR(VLOOKUP(F239,'LEAID Match'!$A$2:$B$236,2,FALSE),"") -> 2314814
A240: =K240 -> 2314814 | B240: 2022 | C240: Maine | D240: ME | E240: Maine Public Employees Retirement System - State Employee & Teacher Plan | F240: Cherryfield School Department | G240: TCCHR | H240: 18625 | I240: 268106.37 | J240: 286731.37 | K240: =IFERROR(VLOOKUP(F240,'LEAID Match'!$A$2:$B$236,2,FALSE),"") -> 2314814
A241: =K241 -> 2304860 | B241: 2015 | C241: Maine | D241: ME | E241: Maine Public Employees Retirement System - State Employee & Teacher Plan | F241: Dayton School Department | G241: TCDAY | H241: 3815 | I241: 73147.44 | J241: 76962.44 | K241: =IFERROR(VLOOKUP(F241,'LEAID Match'!$A$2:$B$236,2,FALSE),"") -> 2304860
A242: =K242 -> 2304860 | B242: 2016 | C242: Maine | D242: ME | E242: Maine Public Employees Retirement System - State Employee & Teacher Plan | F242: Dayton School Department | G242: TCDAY | H242: 4241 | I242: 80598.518 | J242: 84839.518 | K242: =IFERROR(VLOOKUP(F242,'LEAID Match'!$A$2:$B$236,2,FALSE),"") -> 2304860
A243: =K243 -> 2304860 | B243: 2017 | C243: Maine | D243: ME | E243: Maine Public Employees Retirement System - State Employee & Teacher Plan | F243: Dayton School Department | G243: TCDAY | H243: 6105 | I243: 116406.46 | J243: 122511.46 | K243: =IFERROR(VLOOKUP(F243,'LEAID Match'!$A$2:$B$236,2,FALSE),"") -> 2304860
A244: =K244 -> 2304860 | B244: 2018 | C244: Maine | D244: ME | E244: Maine Public Employees Retirement System - State Employee & Teacher Plan | F244: Dayton School Department | G244: TCDAY | H244: 6488 | I244: 131507.18 | J244: 137995.18 | K244: =IFERROR(VLOOKUP(F244,'LEAID Match'!$A$2:$B$236,2,FALSE),"") -> 2304860
...

Sheet GASB Data -->

Sheet 2015
A1: Year | B1: district_name | C1: employer_code | D1: district_contributions | F1: state_contributions | G1: total_contributions
A2: 2015 | B2: Isle Au Haut School Department | C2: T0802 | E2: =D2/$D$242 -> 0 | F2: =E2*$D$244 -> 0 | G2: =SUM(F2,D2) -> 0
A3: 2015 | B3: Monhegan Plantation School Department | C3: T0804 | E3: =D3/$D$242 -> 0 | F3: =E3*$D$244 -> 0 | G3: =SUM(F3,D3) -> 0
A4: 2015 | B4: CSD No. 13 Deer Isle - Stonington | C4: T0913 | D4: 12858 | E4: =D4/$D$242 -> 0.001676563 | F4: =E4*$D$244 -> 246534.67 | G4: =SUM(F4,D4) -> 259392.67
A5: 2015 | B5: CSD No. 17 Moosabec | C5: T0917 | D5: 32 | E5: =D5/$D$242 -> 4.1725009e-06 | F5: =E5*$D$244 -> 613.55651 | G5: =SUM(F5,D5) -> 645.55651
A6: 2015 | B6: CSD No. 18 Wells - Ogunquit | C6: T0918 | D6: 17509 | E6: =D6/$D$242 -> 0.0022830099 | F6: =E6*$D$244 -> 335711.28 | G6: =SUM(F6,D6) -> 353220.28
A7: 2015 | B7: CSD No. 19 Five Town CSD | C7: T0919 | D7: 14959 | E7: =D7/$D$242 -> 0.0019505138 | F7: =E7*$D$244 -> 286818.49 | G7: =SUM(F7,D7) -> 301777.49
A8: 2015 | B8: Erskine Academy | C8: TAERS | E8: =D8/$D$242 -> 0 | F8: =E8*$D$244 -> 0 | G8: =SUM(F8,D8) -> 0
A9: 2015 | B9: Foxcroft Academy | C9: TAFOX | E9: =D9/$D$242 -> 0 | F9: =E9*$D$244 -> 0 | G9: =SUM(F9,D9) -> 0
A10: 2015 | B10: Fryeburg Academy | C10: TAFRY | E10: =D10/$D$242 -> 0 | F10: =E10*$D$244 -> 0 | G10: =SUM(F10,D10) -> 0
A11: 2015 | B11: George Stevens Academy | C11: TAGEO | E11: =D11/$D$242 -> 0 | F11: =E11*$D$244 -> 0 | G11: =SUM(F11,D11) -> 0
A12: 2015 | B12: Gould Academy | C12: TAGOU | E12: =D12/$D$242 -> 0 | F12: =E12*$D$244 -> 0 | G12: =SUM(F12,D12) -> 0
A13: 2015 | B13: Lee Academy | C13: TALEE | E13: =D13/$D$242 -> 0 | F13: =E13*$D$244 -> 0 | G13: =SUM(F13,D13) -> 0
A14: 2015 | B14: Lincoln Academy | C14: TALIN | E14: =D14/$D$242 -> 0 | F14: =E14*$D$244 -> 0 | G14: =SUM(F14,D14) -> 0
A15: 2015 | B15: Maine Central Institute | C15: TAMCI | E15: =D15/$D$242 -> 0 | F15: =E15*$D$244 -> 0 | G15: =SUM(F15,D15) -> 0
A16: 2015 | B16: Thornton Academy | C16: TATHO | E16: =D16/$D$242 -> 0 | F16: =E16*$D$244 -> 0 | G16: =SUM(F16,D16) -> 0
A17: 2015 | B17: Washington Academy | C17: TAWAS | E17: =D17/$D$242 -> 0 | F17: =E17*$D$244 -> 0 | G17: =SUM(F17,D17) -> 0
A18: 2015 | B18: Acton School Department | C18: TCACT | D18: 13906 | E18: =D18/$D$242 -> 0.0018132124 | F18: =E18*$D$244 -> 266628.65 | G18: =SUM(F18,D18) -> 280534.65
A19: 2015 | B19: Athens School Department | C19: TCATH | D19: 9146 | E19: =D19/$D$242 -> 0.0011925529 | F19: =E19*$D$244 -> 175362.12 | G19: =SUM(F19,D19) -> 184508.12
A20: 2015 | B20: Auburn School Department | C20: TCAUB | D20: 194316 | E20: =D20/$D$242 -> 0.02533699 | F20: =E20*$D$244 -> 3725745.2 | G20: =SUM(F20,D20) -> 3920061.2
A21: 2015 | B21: Augusta School Department | C21: TCAUG | D21: 171249 | E21: =D21/$D$242 -> 0.022329269 | F21: =E21*$D$244 -> 3283466.8 | G21: =SUM(F21,D21) -> 3454715.8
A22: 2015 | B22: Bangor School Department | C22: TCBAN | D22: 169568 | E22: =D22/$D$242 -> 0.022110082 | F22: =E22*$D$244 -> 3251235.9 | G22: =SUM(F22,D22) -> 3420803.9
A23: 2015 | B23: Biddeford School Department | C23: TCBID | D23: 129653 | E23: =D23/$D$242 -> 0.016905539 | F23: =E23*$D$244 -> 2485920.1 | G23: =SUM(F23,D23) -> 2615573.1
A24: 2015 | B24: Brewer School Department | C24: TCBRE | D24: 21487 | E24: =D24/$D$242 -> 0.002801704 | F24: =E24*$D$244 -> 411984.02 | G24: =SUM(F24,D24) -> 433471.02
A25: 2015 | B25: Brunswick School Department | C25: TCBRU | D25: 59783 | E25: =D25/$D$242 -> 0.0077951444 | F25: =E25*$D$244 -> 1146257.8 | G25: =SUM(F25,D25) -> 1206040.8
A26: 2015 | B26: Calais School Department | C26: TCCAL | D26: 21273 | E26: =D26/$D$242 -> 0.0027738004 | F26: =E26*$D$244 -> 407880.86 | G26: =SUM(F26,D26) -> 429153.86
A27: 2015 | B27: Caswell School Department | C27: TCCAS | E27: =D27/$D$242 -> 0 | F27: =E27*$D$244 -> 0 | G27: =SUM(F27,D27) -> 0
A28: 2015 | B28: Cape Elizabeth School Department | C28: TCCEL | D28: 14584 | E28: =D28/$D$242 -> 0.0019016173 | F28: =E28*$D$244 -> 279628.38 | G28: =SUM(F28,D28) -> 294212.38
A29: 2015 | B29: Chebeague Island School Department | C29: TCCHE | E29: =D29/$D$242 -> 0 | F29: =E29*$D$244 -> 0 | G29: =SUM(F29,D29) -> 0
A30: 2015 | B30: Cherryfield School Department | C30: TCCHR | D30: 4056 | E30: =D30/$D$242 -> 0.00052886449 | F30: =E30*$D$244 -> 77768.287 | G30: =SUM(F30,D30) -> 81824.287
A31: 2015 | B31: Dayton School Department | C31: TCDAY | D31: 3815 | E31: =D31/$D$242 -> 0.00049744034 | F31: =E31*$D$244 -> 73147.44 | G31: =SUM(F31,D31) -> 76962.44
A32: 2015 | B32: Easton School Department | C32: TCEAS | E32: =D32/$D$242 -> 0 | F32: =E32*$D$244 -> 0 | G32: =SUM(F32,D32) -> 0
A33: 2015 | B33: Ellsworth School Department | C33: TCELL | D33: 22182 | E33: =D33/$D$242 -> 0.0028923255 | F33: =E33*$D$244 -> 425309.7 | G33: =SUM(F33,D33) -> 447491.7
A34: 2015 | B34: East Millinocket School Department | C34: TCEML | D34: 12222 | E34: =D34/$D$242 -> 0.0015936346 | F34: =E34*$D$244 -> 234340.24 | G34: =SUM(F34,D34) -> 246562.24
A35: 2015 | B35: Eustis School Department | C35: TCEUS | D35: 5047 | E35: =D35/$D$242 -> 0.00065808162 | F35: =E35*$D$244 -> 96769.366 | G35: =SUM(F35,D35) -> 101816.37
A36: 2015 | B36: Falmouth School Department | C36: TCFAL | D36: 11326 | E36: =D36/$D$242 -> 0.0014768045 | F36: =E36*$D$244 -> 217160.66 | G36: =SUM(F36,D36) -> 228486.66
A37: 2015 | B37: Fayette School Department | C37: TCFAY | D37: 5236 | E37: =D37/$D$242 -> 0.00068272546 | F37: =E37*$D$244 -> 100393.18 | G37: =SUM(F37,D37) -> 105629.18
A38: 2015 | B38: Glenburn School Department | C38: TCGLE | D38: 9927 | E38: =D38/$D$242 -> 0.001294388 | F38: =E38*$D$244 -> 190336.73 | G38: =SUM(F38,D38) -> 200263.73
A39: 2015 | B39: Gorham School Department | C39: TCGOR | D39: 52421 | E39: =D39/$D$242 -> 0.0068352084 | F39: =E39*$D$244 -> 1005101.4 | G39: =SUM(F39,D39) -> 1057522.4
A40: 2015 | B40: Hancock School Department | C40: TCHAN | D40: 6164 | E40: =D40/$D$242 -> 0.00080372798 | F40: =E40*$D$244 -> 118186.32 | G40: =SUM(F40,D40) -> 124350.32
A41: 2015 | B41: Hermon School Department | C41: TCHER | D41: 24319 | E41: =D41/$D$242 -> 0.0031709703 | F41: =E41*$D$244 -> 466283.77 | G41: =SUM(F41,D41) -> 490602.77
A42: 2015 | B42: Islesboro School Department | C42: TCISL | D42: 2828 | E42: =D42/$D$242 -> 0.00036874477 | F42: =E42*$D$244 -> 54223.056 | G42: =SUM(F42,D42) -> 57051.056
A43: 2015 | B43: Kittery School Department | C43: TCKIT | D43: 27547 | E43: =D43/$D$242 -> 0.0035918713 | F43: =E43*$D$244 -> 528176.29 | G43: =SUM(F43,D43) -> 555723.29
A44: 2015 | B44: Lamoine School Department | C44: TCLAM | D44: 2.765 | E44: =D44/$D$242 -> 3.6053015e-07 | F44: =E44*$D$244 -> 53.015117 | G44: =SUM(F44,D44) -> 55.780117
... A52: 2015 | B52: Millinocket School Department | C52: TCMIL | D52: 37236 | E52: =D52/$D$242 -> 0.0048552263 | F52: =E52*$D$244 -> 713949.69 | G52: =SUM(F52,D52) -> 751185.69
A53: 2015 | B53: Maine School of Science and Mathematics | C53: TCMSM | E53: =D53/$D$242 -> 0 | F53: =E53*$D$244 -> 0 | G53: =SUM(F53,D53) -> 0
A54: 2015 | B54: Otis School Department | C54: TCOTI | D54: 2488 | E54: =D54/$D$242 -> 0.00032441194 | F54: =E54*$D$244 -> 47704.019 | G54: =SUM(F54,D54) -> 50192.019
A55: 2015 | B55: Portland School Department | C55: TCPOR | D55: 524224 | E55: =D55/$D$242 -> 0.06835391 | F55: =E55*$D$244 -> 10051283 | G55: =SUM(F55,D55) -> 10575507
A56: 2015 | B56: Saco School Department | C56: TCSAC | D56: 52735 | E56: =D56/$D$242 -> 0.0068761511 | F56: =E56*$D$244 -> 1011122 | G56: =SUM(F56,D56) -> 1063857
A57: 2015 | B57: Sanford School Department | C57: TCSAN | D57: 162938 | E57: =D57/$D$242 -> 0.021245592 | F57: =E57*$D$244 -> 3124114.7 | G57: =SUM(F57,D57) -> 3287052.7
A58: 2015 | B58: Scarborough School Department | C58: TCSCA | D58: 64828 | E58: =D58/$D$242 -> 0.0084529652 | F58: =E58*$D$244 -> 1242988.8 | G58: =SUM(F58,D58) -> 1307816.8
A59: 2015 | B59: South Portland School Department | C59: TCSPO | D59: 147215 | E59: =D59/$D$242 -> 0.01919546 | F59: =E59*$D$244 -> 2822647.5 | G59: =SUM(F59,D59) -> 2969862.5
A60: 2015 | B60: Veazie School Department | C60: TCVEA | D60: 2480 | E60: =D60/$D$242 -> 0.00032336882 | F60: =E60*$D$244 -> 47550.629 | G60: =SUM(F60,D60) -> 50030.629
A61: 2015 | B61: Westbrook School Department | C61: TCWES | D61: 152899 | E61: =D61/$D$242 -> 0.0199366 | F61: =E61*$D$244 -> 2931630.5 | G61: =SUM(F61,D61) -> 3084529.5
A62: 2015 | B62: Winthrop School Department | C62: TCWIN | D62: 13876 | E62: =D62/$D$242 -> 0.0018093007 | F62: =E62*$D$244 -> 266053.44 | G62: =SUM(F62,D62) -> 279929.44
A63: 2015 | B63: Wiscasset School Department | C63: TCWIS | D63: 20665 | E63: =D63/$D$242 -> 0.0026945228 | F63: =E63*$D$244 -> 396223.29 | G63: =SUM(F63,D63) -> 416888.29
A64: 2015 | B64: Yarmouth School Department | C64: TCYAR | D64: 9107 | E64: =D64/$D$242 -> 0.0011874677 | F64: =E64*$D$244 -> 174614.35 | G64: =SUM(F64,D64) -> 183721.35
A65: 2015 | B65: York School Department | C65: TCYOR | D65: 21131 | E65: =D65/$D$242 -> 0.0027552849 | F65: =E65*$D$244 -> 405158.21 | G65: =SUM(F65,D65) -> 426289.21
... A69: 2015 | B69: RSU No. 6 - MSAD 6 Bar Mills | C69: TD006 | D69: 61293 | E69: =D69/$D$242 -> 0.0079920343 | F69: =E69*$D$244 -> 1175210 | G69: =SUM(F69,D69) -> 1236503
A70: 2015 | B70: MSAD 7 North Haven | C70: TD007 | E70: =D70/$D$242 -> 0 | F70: =E70*$D$244 -> 0 | G70: =SUM(F70,D70) -> 0
A71: 2015 | B71: MSAD 8 Vinalhaven | C71: TD008 | D71: 4942 | E71: =D71/$D$242 -> 0.00064439061 | F71: =E71*$D$244 -> 94756.133 | G71: =SUM(F71,D71) -> 99698.133
A72: 2015 | B72: RSU No. 9 - MSAD 9 Farmington | C72: TD009 | D72: 135114 | E72: =D72/$D$242 -> 0.017617603 | F72: =E72*$D$244 -> 2590627.3 | G72: =SUM(F72,D72) -> 2725741.3
A73: 2015 | B73: RSU No. 11 - MSAD 11 Gardiner | C73: TD011 | D73: 85832 | E73: =D73/$D$242 -> 0.011191691 | F73: =E73*$D$244 -> 1645711.9 | G73: =SUM(F73,D73) -> 1731543.9
A74: 2015 | B74: MSAD 12 Jackman | C74: TD012 | D74: 4746 | E74: =D74/$D$242 -> 0.00061883404 | F74: =E74*$D$244 -> 90998.1 | G74: =SUM(F74,D74) -> 95744.1
A75: 2015 | B75: MSAD 13 Bingham | C75: TD013 | D75: 15223 | E75: =D75/$D$242 -> 0.0019849369 | F75: =E75*$D$244 -> 291880.34 | G75: =SUM(F75,D75) -> 307103.34
A76: 2015 | B76: RSU No. 15 - MSAD 15 Gray | C76: TD015 | D76: 57607 | E76: =D76/$D$242 -> 0.0075114143 | F76: =E76*$D$244 -> 1104535.9 | G76: =SUM(F76,D76) -> 1162142.9
A77: 2015 | B77: RSU No. 17 - MSAD 17 South Paris | C77: TD017 | D77: 72166 | E77: =D77/$D$242 -> 0.0094097718 | F77: =E77*$D$244 -> 1383685 | G77: =SUM(F77,D77) -> 1455851
A78: 2015 | B78: MSAD 20 Fort Fairfield | C78: TD020 | D78: 11952 | E78: =D78/$D$242 -> 0.0015584291 | F78: =E78*$D$244 -> 229163.36 | G78: =SUM(F78,D78) -> 241115.36
A79: 2015 | B79: RSU No. 22 - MSAD 22 Hampden | C79: TD022 | D79: 48881 | E79: =D79/$D$242 -> 0.0063736255 | F79: =E79*$D$244 -> 937226.74 | G79: =SUM(F79,D79) -> 986107.74
A80: 2015 | B80: MSAD 23 Carmel | C80: TD023 | D80: 31315 | E80: =D80/$D$242 -> 0.0040831833 | F80: =E80*$D$244 -> 600422.56 | G80: =SUM(F80,D80) -> 631737.56
A81: 2015 | B81: MSAD 24 Van Buren | C81: TD024 | D81: 15079 | E81: =D81/$D$242 -> 0.0019661607 | F81: =E81*$D$244 -> 289119.33 | G81: =SUM(F81,D81) -> 304198.33
A82: 2015 | B82: MSAD 27 Fort Kent | C82: TD027 | D82: 56255 | E82: =D82/$D$242 -> 0.0073351262 | F82: =E82*$D$244 -> 1078613.2 | G82: =SUM(F82,D82) -> 1134868.2
... A84: 2015 | B84: RSU No. 29 - MSAD 29 Houlton | C84: TD029 | D84: 57253 | E84: =D84/$D$242 -> 0.007465256 | F84: =E84*$D$244 -> 1097748.5 | G84: =SUM(F84,D84) -> 1155001.5
A85: 2015 | B85: MSAD 32 Ashland | C85: TD032 | E85: =D85/$D$242 -> 0 | F85: =E85*$D$244 -> 0 | G85: =SUM(F85,D85) -> 0
A86: 2015 | B86: MSAD 33 Saint Agatha | C86: TD033 | D86: 6139 | E86: =D86/$D$242 -> 0.00080046822 | F86: =E86*$D$244 -> 117706.98 | G86: =SUM(F86,D86) -> 123845.98
A87: 2015 | B87: RSU No. 35 - MSAD 35 Eliot | C87: TD035 | D87: 17717 | E87: =D87/$D$242 -> 0.0023101312 | F87: =E87*$D$244 -> 339699.4 | G87: =SUM(F87,D87) -> 357416.4
A88: 2015 | B88: MSAD 37 Harrington | C88: TD037 | D88: 26396 | E88: =D88/$D$242 -> 0.0034417917 | F88: =E88*$D$244 -> 506107.42 | G88: =SUM(F88,D88) -> 532503.42
A89: 2015 | B89: RSU No. 40 - MSAD 40 Waldoboro | C89: TD040 | D89: 91643 | E89: =D89/$D$242 -> 0.011949391 | F89: =E89*$D$244 -> 1757130 | G89: =SUM(F89,D89) -> 1848773
A90: 2015 | B90: MSAD 42 Mars Hill | C90: TD042 | D90: 14877 | E90: =D90/$D$242 -> 0.0019398217 | F90: =E90*$D$244 -> 285246.26 | G90: =SUM(F90,D90) -> 300123.26
A91: 2015 | B91: RSU No. 44 - MSAD 44 Bethel | C91: TD044 | D91: 59958 | E91: =D91/$D$242 -> 0.0078179628 | F91: =E91*$D$244 -> 1149613.2 | G91: =SUM(F91,D91) -> 1209571.2
A92: 2015 | B92: MSAD 45 Washburn | C92: TD045 | D92: 13867 | E92: =D92/$D$242 -> 0.0018081272 | F92: =E92*$D$244 -> 265880.88 | G92: =SUM(F92,D92) -> 279747.88
A93: 2015 | B93: RSU No. 49 - MSAD 49 Fairfield | C93: TD049 | D93: 96385 | E93: =D93/$D$242 -> 0.012567703 | F93: =E93*$D$244 -> 1848051.4 | G93: =SUM(F93,D93) -> 1944436.4
A94: 2015 | B94: RSU No. 51 - MSAD 51 Cumberland Center | C94: TD051 | D94: 37406 | E94: =D94/$D$242 -> 0.0048773928 | F94: =E94*$D$244 -> 717209.21 | G94: =SUM(F94,D94) -> 754615.21
A95: 2015 | B95: RSU No. 52 - MSAD 52 Turner | C95: TD052 | D95: 33130 | E95: =D95/$D$242 -> 0.0043198423 | F95: =E95*$D$244 -> 635222.72 | G95: =SUM(F95,D95) -> 668352.72
A96: 2015 | B96: MSAD 53 Pittsfield | C96: TD053 | D96: 54877 | E96: =D96/$D$242 -> 0.0071554478 | F96: =E96*$D$244 -> 1052191.9 | G96: =SUM(F96,D96) -> 1107068.9
A97: 2015 | B97: RSU No. 54 - MSAD 54 Skowhegan | C97: TD054 | D97: 156900 | E97: =D97/$D$242 -> 0.020458293 | F97: =E97*$D$244 -> 3008344.3 | G97: =SUM(F97,D97) -> 3165244.3
... A104: 2015 | B104: RSU No. 64 - MSAD 64 East Corinth | C104: TD064 | D104: 46892 | E104: =D104/$D$242 -> 0.0061142785 | F104: =E104*$D$244 -> 899090.37 | G104: =SUM(F104,D104) -> 945982.37
A105: 2015 | B105: MSAD 65 Matinicus | C105: TD065 | E105: =D105/$D$242 -> 0 | F105: =E105*$D$244 -> 0 | G105: =SUM(F105,D105) -> 0
A106: 2015 | B106: RSU No. 67 - MSAD 67 Lincoln | C106: TD067 | D106: 32548 | E106: =D106/$D$242 -> 0.004243955 | F106: =E106*$D$244 -> 624063.66 | G106: =SUM(F106,D106) -> 656611.66
A107: 2015 | B107: MSAD 68 Dover-Foxcroft | C107: TD068 | D107: 40564 | E107: =D107/$D$242 -> 0.0052891664 | F107: =E107*$D$244 -> 777759.57 | G107: =SUM(F107,D107) -> 818323.57
A108: 2015 | B108: RSU No. 72 - MSAD 72 Fryeburg | C108: TD072 | D108: 18903 | E108: =D108/$D$242 -> 0.0024647745 | F108: =E108*$D$244 -> 362439.33 | G108: =SUM(F108,D108) -> 381342.33
A109: 2015 | B109: MSAD 74 North Anson | C109: TD074 | D109: 56499 | E109: =D109/$D$242 -> 0.0073669415 | F109: =E109*$D$244 -> 1083291.5 | G109: =SUM(F109,D109) -> 1139790.5
A110: 2015 | B110: RSU No. 75 - MSAD 75 Topsham | C110: TD075 | D110: 97996 | E110: =D110/$D$242 -> 0.012777762 | F110: =E110*$D$244 -> 1878940.1 | G110: =SUM(F110,D110) -> 1976936.1
A111: 2015 | B111: Pleasant Point School | C111: TIE001 | D111: 40429 | E111: =D111/$D$242 -> 0.0052715637 | F111: =E111*$D$244 -> 775171.13 | G111: =SUM(F111,D111) -> 815600.13
A112: 2015 | B112: Indian Township | C112: TIE002 | D112: 60142 | E112: =D112/$D$242 -> 0.0078419546 | F112: =E112*$D$244 -> 1153141.1 | G112: =SUM(F112,D112) -> 1213283.1
A113: 2015 | B113: Indian Island | C113: TIE003 | D113: 24945 | E113: =D113/$D$242 -> 0.0032525948 | F113: =E113*$D$244 -> 478286.47 | G113: =SUM(F113,D113) -> 503231.47
A114: 2015 | B114: Maine Indian Education | C114: TIE004 | D114: 10202 | E114: =D114/$D$242 -> 0.0013302454 | F114: =E114*$D$244 -> 195609.48 | G114: =SUM(F114,D114) -> 205811.48
A115: 2015 | B115: Region No. 2 Southern Aroostook County | C115: TR002 | E115: =D115/$D$242 -> 0 | F115: =E115*$D$244 -> 0 | G115: =SUM(F115,D115) -> 0
A116: 2015 | B116: Region No. 3 Northern Penobscot County | C116: TR003 | E116: =D116/$D$242 -> 0 | F116: =E116*$D$244 -> 0 | G116: =SUM(F116,D116) -> 0
A117: 2015 | B117: Region No. 4 Southern Penobscot County | C117: TR004 | D117: 11229 | E117: =D117/$D$242 -> 0.0014641566 | F117: =E117*$D$244 -> 215300.81 | G117: =SUM(F117,D117) -> 226529.81
...

Sheet 2016
A1: Year | B1: district_name | C1: employer_code | D1: district_contributions | F1: state_contributions | G1: total_contributions
A2: 2016 | B2: Isle Au Haut School Department | C2: T0802 | E2: =D2/$D$248 -> 0 | F2: =E2*$D$250 -> 0 | G2: =SUM(D2,F2) -> 0
A3: 2016 | B3: Monhegan Plantation School Department | C3: T0804 | E3: =D3/$D$248 -> 0 | F3: =E3*$D$250 -> 0 | G3: =SUM(D3,F3) -> 0
A4: 2016 | B4: CSD No. 13 Deer Isle - Stonington | C4: T0913 | D4: 9376 | E4: =D4/$D$248 -> 0.0015887615 | F4: =E4*$D$250 -> 178187.15 | G4: =SUM(D4,F4) -> 187563.15
A5: 2016 | B5: CSD No. 17 Moosabec | C5: T0917 | D5: 24 | E5: =D5/$D$248 -> 4.0667958e-06 | F5: =E5*$D$250 -> 456.11045 | G5: =SUM(D5,F5) -> 480.11045
A6: 2016 | B6: CSD No. 18 Wells - Ogunquit | C6: T0918 | D6: 12861 | E6: =D6/$D$248 -> 0.0021792942 | F6: =E6*$D$250 -> 244418.19 | G6: =SUM(D6,F6) -> 257279.19
A7: 2016 | B7: CSD No. 19 Five Town CSD | C7: T0919 | D7: 9438 | E7: =D7/$D$248 -> 0.0015992674 | F7: =E7*$D$250 -> 179365.44 | G7: =SUM(D7,F7) -> 188803.44
A8: 2016 | B8: Erskine Academy | C8: TAERS | E8: =D8/$D$248 -> 0 | F8: =E8*$D$250 -> 0 | G8: =SUM(D8,F8) -> 0
A9: 2016 | B9: Foxcroft Academy | C9: TAFOX | E9: =D9/$D$248 -> 0 | F9: =E9*$D$250 -> 0 | G9: =SUM(D9,F9) -> 0
A10: 2016 | B10: Fryeburg Academy | C10: TAFRY | E10: =D10/$D$248 -> 0 | F10: =E10*$D$250 -> 0 | G10: =SUM(D10,F10) -> 0
A11: 2016 | B11: George Stevens Academy | C11: TAGEO | E11: =D11/$D$248 -> 0 | F11: =E11*$D$250 -> 0 | G11: =SUM(D11,F11) -> 0
A12: 2016 | B12: Gould Academy | C12: TAGOU | E12: =D12/$D$248 -> 0 | F12: =E12*$D$250 -> 0 | G12: =SUM(D12,F12) -> 0
A13: 2016 | B13: Lee Academy | C13: TALEE | E13: =D13/$D$248 -> 0 | F13: =E13*$D$250 -> 0 | G13: =SUM(D13,F13) -> 0
A14: 2016 | B14: Lincoln Academy | C14: TALIN | E14: =D14/$D$248 -> 0 | F14: =E14*$D$250 -> 0 | G14: =SUM(D14,F14) -> 0
A15: 2016 | B15: Maine Central Institute | C15: TAMCI | E15: =D15/$D$248 -> 0 | F15: =E15*$D$250 -> 0 | G15: =SUM(D15,F15) -> 0
A16: 2016 | B16: Thornton Academy | C16: TATHO | E16: =D16/$D$248 -> 0 | F16: =E16*$D$250 -> 0 | G16: =SUM(D16,F16) -> 0
A17: 2016 | B17: Washington Academy | C17: TAWAS | E17: =D17/$D$248 -> 0 | F17: =E17*$D$250 -> 0 | G17: =SUM(D17,F17) -> 0
A18: 2016 | B18: Acton School Department | C18: TCACT | D18: 6230 | E18: =D18/$D$248 -> 0.0010556724 | F18: =E18*$D$250 -> 118398.67 | G18: =SUM(D18,F18) -> 124628.67
A19: 2016 | B19: Andover School Department | C19: TCAND | D19: 1506 | E19: =D19/$D$248 -> 0.00025519143 | F19: =E19*$D$250 -> 28620.931 | G19: =SUM(D19,F19) -> 30126.931
A20: 2016 | B20: Athens School Department | C20: TCATH | D20: 6038 | E20: =D20/$D$248 -> 0.001023138 | F20: =E20*$D$250 -> 114749.79 | G20: =SUM(D20,F20) -> 120787.79
A21: 2016 | B21: Auburn School Department | C21: TCAUB | D21: 149677 | E21: =D21/$D$248 -> 0.025362741 | F21: =E21*$D$250 -> 2844551.9 | G21: =SUM(D21,F21) -> 2994228.9
A22: 2016 | B22: Augusta School Department | C22: TCAUG | D22: 120746 | E22: =D22/$D$248 -> 0.020460388 | F22: =E22*$D$250 -> 2294729.7 | G22: =SUM(D22,F22) -> 2415475.7
A23: 2016 | B23: Bangor School Department | C23: TCBAN | D23: 141709 | E23: =D23/$D$248 -> 0.024012565 | F23: =E23*$D$250 -> 2693123.2 | G23: =SUM(D23,F23) -> 2834832.2
A24: 2016 | B24: Biddeford School Department | C24: TCBID | D24: 113337 | E24: =D24/$D$248 -> 0.019204935 | F24: =E24*$D$250 -> 2153924.6 | G24: =SUM(D24,F24) -> 2267261.6
A25: 2016 | B25: Brewer School Department | C25: TCBRE | D25: 11388 | E25: =D25/$D$248 -> 0.0019296946 | F25: =E25*$D$250 -> 216424.41 | G25: =SUM(D25,F25) -> 227812.41
A26: 2016 | B26: Brunswick School Department | C26: TCBRU | D26: 52062 | E26: =D26/$D$248 -> 0.0088218967 | F26: =E26*$D$250 -> 989417.6 | G26: =SUM(D26,F26) -> 1041479.6
A27: 2016 | B27: Calais School Department | C27: TCCAL | D27: 17726 | E27: =D27/$D$248 -> 0.0030036676 | F27: =E27*$D$250 -> 336875.58 | G27: =SUM(D27,F27) -> 354601.58
A28: 2016 | B28: Caswell School Department | C28: TCCAS | D28: 1082 | E28: =D28/$D$248 -> 0.00018334471 | F28: =E28*$D$250 -> 20562.98 | G28: =SUM(D28,F28) -> 21644.98
A29: 2016 | B29: Cape Elizabeth School Department | C29: TCCEL | D29: 14382 | E29: =D29/$D$248 -> 0.0024370274 | F29: =E29*$D$250 -> 273324.19 | G29: =SUM(D29,F29) -> 287706.19
A30: 2016 | B30: Chebeague Island School Department | C30: TCCHE | E30: =D30/$D$248 -> 0 | F30: =E30*$D$250 -> 0 | G30: =SUM(D30,F30) -> 0
A31: 2016 | B31: Cherryfield School Department | C31: TCCHR | D31: 3679 | E31: =D31/$D$248 -> 0.0006234059 | F31: =E31*$D$250 -> 69917.932 | G31: =SUM(D31,F31) -> 73596.932
A32: 2016 | B32: Dayton School Department | C32: TCDAY | D32: 4241 | E32: =D32/$D$248 -> 0.0007186367 | F32: =E32*$D$250 -> 80598.518 | G32: =SUM(D32,F32) -> 84839.518
A33: 2016 | B33: Easton School Department | C33: TCEAS | E33: =D33/$D$248 -> 0 | F33: =E33*$D$250 -> 0 | G33: =SUM(D33,F33) -> 0
A34: 2016 | B34: Ellsworth School Department | C34: TCELL | D34: 37977 | E34: =D34/$D$248 -> 0.0064351959 | F34: =E34*$D$250 -> 721737.78 | G34: =SUM(D34,F34) -> 759714.78
A35: 2016 | B35: East Millinocket School Department | C35: TCEML | D35: 9934 | E35: =D35/$D$248 -> 0.0016833145 | F35: =E35*$D$250 -> 188791.72 | G35: =SUM(D35,F35) -> 198725.72
A36: 2016 | B36: Eustis School Department | C36: TCEUS | D36: 3827 | E36: =D36/$D$248 -> 0.00064848447 | F36: =E36*$D$250 -> 72730.613 | G36: =SUM(D36,F36) -> 76557.613
A37: 2016 | B37: Falmouth School Department | C37: TCFAL | D37: 6047 | E37: =D37/$D$248 -> 0.0010246631 | F37: =E37*$D$250 -> 114920.83 | G37: =SUM(D37,F37) -> 120967.83
A38: 2016 | B38: Fayette School Department | C38: TCFAY | D38: 2276 | E38: =D38/$D$248 -> 0.0003856678 | F38: =E38*$D$250 -> 43254.475 | G38: =SUM(D38,F38) -> 45530.475
A39: 2016 | B39: Glenburn School Department | C39: TCGLE | D39: 6722 | E39: =D39/$D$248 -> 0.0011390417 | F39: =E39*$D$250 -> 127748.94 | G39: =SUM(D39,F39) -> 134470.94
A40: 2016 | B40: Gorham School Department | C40: TCGOR | D40: 41508 | E40: =D40/$D$248 -> 0.0070335233 | F40: =E40*$D$250 -> 788843.03 | G40: =SUM(D40,F40) -> 830351.03
A41: 2016 | B41: Hancock School Department | C41: TCHAN | D41: 5852 | E41: =D41/$D$248 -> 0.00099162037 | F41: =E41*$D$250 -> 111214.93 | G41: =SUM(D41,F41) -> 117066.93
A42: 2016 | B42: Hermon School Department | C42: TCHER | D42: 18044 | E42: =D42/$D$248 -> 0.0030575526 | F42: =E42*$D$250 -> 342919.04 | G42: =SUM(D42,F42) -> 360963.04
A43: 2016 | B43: Islesboro School Department | C43: TCISL | D43: 2174 | E43: =D43/$D$248 -> 0.00036838392 | F43: =E43*$D$250 -> 41316.005 | G43: =SUM(D43,F43) -> 43490.005
A44: 2016 | B44: Kittery School Department | C44: TCKIT | D44: 20611 | E44: =D44/$D$248 -> 0.0034925303 | F44: =E44*$D$250 -> 391703.86 | G44: =SUM(D44,F44) -> 412314.86
A45: 2016 | B45: Lamoine School Department | C45: TCLAM | D45: 2100 | E45: =D45/$D$248 -> 0.00035584463 | F45: =E45*$D$250 -> 39909.665 | G45: =SUM(D45,F45) -> 42009.665
... A53: 2016 | B53: Millinocket School Department | C53: TCMIL | D53: 42155 | E53: =D53/$D$248 -> 0.0071431573 | F53: =E53*$D$250 -> 801139.01 | G53: =SUM(D53,F53) -> 843294.01
A54: 2016 | B54: Maine School of Science and Mathematics | C54: TCMSM | E54: =D54/$D$248 -> 0 | F54: =E54*$D$250 -> 0 | G54: =SUM(D54,F54) -> 0
A55: 2016 | B55: Northport School Department | C55: TCNOR | D55: 1097 | E55: =D55/$D$248 -> 0.00018588646 | F55: =E55*$D$250 -> 20848.049 | G55: =SUM(D55,F55) -> 21945.049
A56: 2016 | B56: Otis School Department | C56: TCOTI | D56: 2120 | E56: =D56/$D$248 -> 0.00035923363 | F56: =E56*$D$250 -> 40289.757 | G56: =SUM(D56,F56) -> 42409.757
A57: 2016 | B57: Portland School Department | C57: TCPOR | D57: 353568 | E57: =D57/$D$248 -> 0.059912035 | F57: =E57*$D$250 -> 6719419.2 | G57: =SUM(D57,F57) -> 7072987.2
A58: 2016 | B58: Saco School Department | C58: TCSAC | D58: 44486 | E58: =D58/$D$248 -> 0.0075381448 | F58: =E58*$D$250 -> 845438.74 | G58: =SUM(D58,F58) -> 889924.74
A59: 2016 | B59: Sanford School Department | C59: TCSAN | D59: 150079 | E59: =D59/$D$248 -> 0.02543086 | F59: =E59*$D$250 -> 2852191.7 | G59: =SUM(D59,F59) -> 3002270.7
A60: 2016 | B60: Scarborough School Department | C60: TCSCA | D60: 41719 | E60: =D60/$D$248 -> 0.0070692772 | F60: =E60*$D$250 -> 792853 | G60: =SUM(D60,F60) -> 834572
A61: 2016 | B61: South Portland School Department | C61: TCSPO | D61: 113317 | E61: =D61/$D$248 -> 0.019201546 | F61: =E61*$D$250 -> 2153544.5 | G61: =SUM(D61,F61) -> 2266861.5
A62: 2016 | B62: Saint George Municipal School Unit | C62: TCSTG | D62: 5825 | E62: =D62/$D$248 -> 0.00098704522 | F62: =E62*$D$250 -> 110701.81 | G62: =SUM(D62,F62) -> 116526.81
A63: 2016 | B63: Veazie School Department | C63: TCVEA | D63: 1938 | E63: =D63/$D$248 -> 0.00032839376 | F63: =E63*$D$250 -> 36830.919 | G63: =SUM(D63,F63) -> 38768.919
A64: 2016 | B64: West Bath School Department | C64: TCWBA | D64: 12609 | E64: =D64/$D$248 -> 0.0021365928 | F64: =E64*$D$250 -> 239629.03 | G64: =SUM(D64,F64) -> 252238.03
A65: 2016 | B65: Westbrook School Department | C65: TCWES | D65: 116239 | E65: =D65/$D$248 -> 0.019696678 | F65: =E65*$D$250 -> 2209076 | G65: =SUM(D65,F65) -> 2325315
A66: 2016 | B66: Winthrop School Department | C66: TCWIN | D66: 10530 | E66: =D66/$D$248 -> 0.0017843066 | F66: =E66*$D$250 -> 200118.46 | G66: =SUM(D66,F66) -> 210648.46
... A73: 2016 | B73: RSU No. 6 - Bar Mills | C73: TD006 | D73: 46016 | E73: =D73/$D$248 -> 0.0077974031 | F73: =E73*$D$250 -> 874515.78 | G73: =SUM(D73,F73) -> 920531.78
A74: 2016 | B74: MSAD 7 North Haven | C74: TD007 | E74: =D74/$D$248 -> 0 | F74: =E74*$D$250 -> 0 | G74: =SUM(D74,F74) -> 0
A75: 2016 | B75: MSAD 8 Vinalhaven | C75: TD008 | D75: 5152 | E75: =D75/$D$248 -> 0.00087300549 | F75: =E75*$D$250 -> 97911.711 | G75: =SUM(D75,F75) -> 103063.71
A76: 2016 | B76: RSU No. 9 - Farmington | C76: TD009 | D76: 101726 | E76: =D76/$D$248 -> 0.017237453 | F76: =E76*$D$250 -> 1933262.2 | G76: =SUM(D76,F76) -> 2034988.2
A77: 2016 | B77: RSU No. 11 - Gardiner | C77: TD011 | D77: 46842 | E77: =D77/$D$248 -> 0.0079373686 | F77: =E77*$D$250 -> 890213.58 | G77: =SUM(D77,F77) -> 937055.58
A78: 2016 | B78: MSAD 12 Jackman | C78: TD012 | D78: 7299 | E78: =D78/$D$248 -> 0.0012368143 | F78: =E78*$D$250 -> 138714.59 | G78: =SUM(D78,F78) -> 146013.59
A79: 2016 | B79: MSAD 13 Bingham | C79: TD013 | D79: 13207 | E79: =D79/$D$248 -> 0.0022379238 | F79: =E79*$D$250 -> 250993.78 | G79: =SUM(D79,F79) -> 264200.78
A80: 2016 | B80: RSU No. 15 - Gray | C80: TD015 | D80: 44050 | E80: =D80/$D$248 -> 0.0074642647 | F80: =E80*$D$250 -> 837152.73 | G80: =SUM(D80,F80) -> 881202.73
A81: 2016 | B81: RSU No. 17 - South Paris | C81: TD017 | D81: 93376 | E81: =D81/$D$248 -> 0.015822547 | F81: =E81*$D$250 -> 1774573.7 | G81: =SUM(D81,F81) -> 1867949.7
A82: 2016 | B82: MSAD 20 Fort Fairfield | C82: TD020 | D82: 14735 | E82: =D82/$D$248 -> 0.0024968431 | F82: =E82*$D$250 -> 280032.81 | G82: =SUM(D82,F82) -> 294767.81
A83: 2016 | B83: RSU No. 22 - Hampden | C83: TD022 | D83: 42586 | E83: =D83/$D$248 -> 0.0072161902 | F83: =E83*$D$250 -> 809329.99 | G83: =SUM(D83,F83) -> 851915.99
A84: 2016 | B84: MSAD 23 Carmel | C84: TD023 | D84: 24548 | E84: =D84/$D$248 -> 0.0041596543 | F84: =E84*$D$250 -> 466524.98 | G84: =SUM(D84,F84) -> 491072.98
A85: 2016 | B85: MSAD 24 Van Buren | C85: TD024 | D85: 5425 | E85: =D85/$D$248 -> 0.00091926529 | F85: =E85*$D$250 -> 103099.97 | G85: =SUM(D85,F85) -> 108524.97
A86: 2016 | B86: MSAD 27 Fort Kent | C86: TD027 | D86: 42679 | E86: =D86/$D$248 -> 0.007231949 | F86: =E86*$D$250 -> 811097.42 | G86: =SUM(D86,F86) -> 853776.42
... A88: 2016 | B88: RSU No. 29 - Houlton | C88: TD029 | D88: 45998 | E88: =D88/$D$248 -> 0.007794353 | F88: =E88*$D$250 -> 874173.69 | G88: =SUM(D88,F88) -> 920171.69
A89: 2016 | B89: MSAD 32 Ashland | C89: TD032 | E89: =D89/$D$248 -> 0 | F89: =E89*$D$250 -> 0 | G89: =SUM(D89,F89) -> 0
A90: 2016 | B90: MSAD 33 Saint Agatha | C90: TD033 | D90: 6034 | E90: =D90/$D$248 -> 0.0010224602 | F90: =E90*$D$250 -> 114673.77 | G90: =SUM(D90,F90) -> 120707.77
A91: 2016 | B91: RSU No. 35 - Eliot | C91: TD035 | D91: 19120 | E91: =D91/$D$248 -> 0.0032398806 | F91: =E91*$D$250 -> 363368 | G91: =SUM(D91,F91) -> 382488
A92: 2016 | B92: MSAD 37 Harrington | C92: TD037 | D92: 45758 | E92: =D92/$D$248 -> 0.007753685 | F92: =E92*$D$250 -> 869612.59 | G92: =SUM(D92,F92) -> 915370.59
A93: 2016 | B93: RSU No. 40 - Waldoboro | C93: TD040 | D93: 72522 | E93: =D93/$D$248 -> 0.01228884 | F93: =E93*$D$250 -> 1378251.8 | G93: =SUM(D93,F93) -> 1450773.8
A94: 2016 | B94: MSAD 42 Mars Hill | C94: TD042 | D94: 9060 | E94: =D94/$D$248 -> 0.0015352154 | F94: =E94*$D$250 -> 172181.7 | G94: =SUM(D94,F94) -> 181241.7
A95: 2016 | B95: RSU No. 44 - Bethel | C95: TD044 | D95: 48224 | E95: =D95/$D$248 -> 0.0081715483 | F95: =E95*$D$250 -> 916477.94 | G95: =SUM(D95,F95) -> 964701.94
A96: 2016 | B96: MSAD 45 Washburn | C96: TD045 | D96: 10553 | E96: =D96/$D$248 -> 0.001788204 | F96: =E96*$D$250 -> 200555.57 | G96: =SUM(D96,F96) -> 211108.57
A97: 2016 | B97: RSU No. 49 - Fairfield | C97: TD049 | D97: 69659 | E97: =D97/$D$248 -> 0.011803705 | F97: =E97*$D$250 -> 1323841.6 | G97: =SUM(D97,F97) -> 1393500.6
A98: 2016 | B98: RSU No. 51 - Cumberland Center | C98: TD051 | D98: 38186 | E98: =D98/$D$248 -> 0.006470611 | F98: =E98*$D$250 -> 725709.74 | G98: =SUM(D98,F98) -> 763895.74
A99: 2016 | B99: RSU No. 52 - Turner | C99: TD052 | D99: 25238 | E99: =D99/$D$248 -> 0.0042765746 | F99: =E99*$D$250 -> 479638.15 | G99: =SUM(D99,F99) -> 504876.15
A100: 2016 | B100: MSAD 53 Pittsfield | C100: TD053 | D100: 29617 | E100: =D100/$D$248 -> 0.0050185954 | F100: =E100*$D$250 -> 562859.31 | G100: =SUM(D100,F100) -> 592476.31
A101: 2016 | B101: RSU No. 54 - Skowhegan | C101: TD054 | D101: 121760 | E101: =D101/$D$248 -> 0.020632211 | F101: =E101*$D$250 -> 2314000.4 | G101: =SUM(D101,F101) -> 2435760.4
... A108: 2016 | B108: RSU No. 64 - East Corinth | C108: TD064 | D108: 44095 | E108: =D108/$D$248 -> 0.00747189 | F108: =E108*$D$250 -> 838007.94 | G108: =SUM(D108,F108) -> 882102.94
A109: 2016 | B109: MSAD 65 Matinicus | C109: TD065 | E109: =D109/$D$248 -> 0 | F109: =E109*$D$250 -> 0 | G109: =SUM(D109,F109) -> 0
A110: 2016 | B110: RSU No. 67 - Lincoln | C110: TD067 | D110: 21373 | E110: =D110/$D$248 -> 0.0036216511 | F110: =E110*$D$250 -> 406185.36 | G110: =SUM(D110,F110) -> 427558.36
A111: 2016 | B111: MSAD 68 Dover-Foxcroft | C111: TD068 | D111: 32463 | E111: =D111/$D$248 -> 0.0055008496 | F111: =E111*$D$250 -> 616946.4 | G111: =SUM(D111,F111) -> 649409.4
A112: 2016 | B112: RSU No. 72 - Fryeburg | C112: TD072 | D112: 15348 | E112: =D112/$D$248 -> 0.0026007159 | F112: =E112*$D$250 -> 291682.64 | G112: =SUM(D112,F112) -> 307030.64
A113: 2016 | B113: MSAD 74 North Anson | C113: TD074 | D113: 39469 | E113: =D113/$D$248 -> 0.0066880151 | F113: =E113*$D$250 -> 750092.65 | G113: =SUM(D113,F113) -> 789561.65
A114: 2016 | B114: RSU No. 75 - Topsham | C114: TD075 | D114: 80375 | E114: =D114/$D$248 -> 0.01361953 | F114: =E114*$D$250 -> 1527494.9 | G114: =SUM(D114,F114) -> 1607869.9
A115: 2016 | B115: Pleasant Point School | C115: TIE001 | D115: 42850 | E115: =D115/$D$248 -> 0.0072609249 | F115: =E115*$D$250 -> 814347.21 | G115: =SUM(D115,F115) -> 857197.21
A116: 2016 | B116: Indian Township | C116: TIE002 | D116: 33507 | E116: =D116/$D$248 -> 0.0056777552 | F116: =E116*$D$250 -> 636787.21 | G116: =SUM(D116,F116) -> 670294.21
A117: 2016 | B117: Indian Island | C117: TIE003 | D117: 26683 | E117: =D117/$D$248 -> 0.0045214296 | F117: =E117*$D$250 -> 507099.8 | G117: =SUM(D117,F117) -> 533782.8
A118: 2016 | B118: Maine Indian Education | C118: TIE004 | D118: 8005 | E118: =D118/$D$248 -> 0.0013564458 | F118: =E118*$D$250 -> 152131.84 | G118: =SUM(D118,F118) -> 160136.84
A119: 2016 | B119: Region No. 2 Southern Aroostook County | C119: TR002 | E119: =D119/$D$248 -> 0 | F119: =E119*$D$250 -> 0 | G119: =SUM(D119,F119) -> 0
A120: 2016 | B120: Region No. 3 Northern Penobscot County | C120: TR003 | E120: =D120/$D$248 -> 0 | F120: =E120*$D$250 -> 0 | G120: =SUM(D120,F120) -> 0
...

Sheet 2017
A1: Year | B1: district_name | C1: employer_code | D1: district_contributions | F1: state_contributions | G1: total_contributions
A2: 2017 | B2: Isle Au Haut School Department | C2: T0802 | E2: =D2/$D$249 -> 0 | F2: =E2*$D$251 -> 0 | G2: =SUM(F2,D2) -> 0
A3: 2017 | B3: Monhegan Plantation School Department | C3: T0804 | E3: =D3/$D$249 -> 0 | F3: =E3*$D$251 -> 0 | G3: =SUM(F3,D3) -> 0
A4: 2017 | B4: CSD No. 13 Deer Isle - Stonington | C4: T0913 | D4: 9195 | E4: =D4/$D$249 -> 0.0015103763 | F4: =E4*$D$251 -> 175324.72 | G4: =SUM(F4,D4) -> 184519.72
A5: 2017 | B5: CSD No. 17 Moosabec | C5: T0917 | D5: 1028 | E5: =D5/$D$249 -> 0.0001688599 | F5: =E5*$D$251 -> 19601.285 | G5: =SUM(F5,D5) -> 20629.285
A6: 2017 | B6: CSD No. 18 Wells - Ogunquit | C6: T0918 | D6: 17994 | E6: =D6/$D$249 -> 0.0029557053 | F6: =E6*$D$251 -> 343098.76 | G6: =SUM(F6,D6) -> 361092.76
A7: 2017 | B7: CSD No. 19 Five Town CSD | C7: T0919 | D7: 6281 | E7: =D7/$D$249 -> 0.0010317209 | F7: =E7*$D$251 -> 119762.33 | G7: =SUM(F7,D7) -> 126043.33
A8: 2017 | B8: Erskine Academy | C8: TAERS | E8: =D8/$D$249 -> 0 | F8: =E8*$D$251 -> 0 | G8: =SUM(F8,D8) -> 0
A9: 2017 | B9: Foxcroft Academy | C9: TAFOX | E9: =D9/$D$249 -> 0 | F9: =E9*$D$251 -> 0 | G9: =SUM(F9,D9) -> 0
A10: 2017 | B10: Fryeburg Academy | C10: TAFRY | E10: =D10/$D$249 -> 0 | F10: =E10*$D$251 -> 0 | G10: =SUM(F10,D10) -> 0
A11: 2017 | B11: George Stevens Academy | C11: TAGEO | E11: =D11/$D$249 -> 0 | F11: =E11*$D$251 -> 0 | G11: =SUM(F11,D11) -> 0
A12: 2017 | B12: Gould Academy | C12: TAGOU | E12: =D12/$D$249 -> 0 | F12: =E12*$D$251 -> 0 | G12: =SUM(F12,D12) -> 0
A13: 2017 | B13: Lee Academy | C13: TALEE | E13: =D13/$D$249 -> 0 | F13: =E13*$D$251 -> 0 | G13: =SUM(F13,D13) -> 0
A14: 2017 | B14: Lincoln Academy | C14: TALIN | E14: =D14/$D$249 -> 0 | F14: =E14*$D$251 -> 0 | G14: =SUM(F14,D14) -> 0
A15: 2017 | B15: Maine Central Institute | C15: TAMCI | E15: =D15/$D$249 -> 0 | F15: =E15*$D$251 -> 0 | G15: =SUM(F15,D15) -> 0
A16: 2017 | B16: Thornton Academy | C16: TATHO | E16: =D16/$D$249 -> 0 | F16: =E16*$D$251 -> 0 | G16: =SUM(F16,D16) -> 0
A17: 2017 | B17: Washington Academy | C17: TAWAS | E17: =D17/$D$249 -> 0 | F17: =E17*$D$251 -> 0 | G17: =SUM(F17,D17) -> 0
A18: 2017 | B18: Acton School Department | C18: TCACT | D18: 7571 | E18: =D18/$D$249 -> 0.001243617 | F18: =E18*$D$251 -> 144359.27 | G18: =SUM(F18,D18) -> 151930.27
A19: 2017 | B19: Andover School Department | C19: TCAND | D19: 501 | E19: =D19/$D$249 -> 8.2294563e-05 | F19: =E19*$D$251 -> 9552.7664 | G19: =SUM(F19,D19) -> 10053.766
A20: 2017 | B20: Athens School Department | C20: TCATH | D20: 6864 | E20: =D20/$D$249 -> 0.0011274848 | F20: =E20*$D$251 -> 130878.62 | G20: =SUM(F20,D20) -> 137742.62
A21: 2017 | B21: Auburn School Department | C21: TCAUB | D21: 172871 | E21: =D21/$D$249 -> 0.028395895 | F21: =E21*$D$251 -> 3296200.1 | G21: =SUM(F21,D21) -> 3469071.1
A22: 2017 | B22: Augusta School Department | C22: TCAUG | D22: 118907 | E22: =D22/$D$249 -> 0.019531736 | F22: =E22*$D$251 -> 2267247.1 | G22: =SUM(F22,D22) -> 2386154.1
A23: 2017 | B23: Bangor School Department | C23: TCBAN | D23: 160631 | E23: =D23/$D$249 -> 0.026385345 | F23: =E23*$D$251 -> 3062815.2 | G23: =SUM(F23,D23) -> 3223446.2
A24: 2017 | B24: Biddeford School Department | C24: TCBID | D24: 77698 | E24: =D24/$D$249 -> 0.01276272 | F24: =E24*$D$251 -> 1481498.7 | G24: =SUM(F24,D24) -> 1559196.7
A25: 2017 | B25: Brewer School Department | C25: TCBRE | D25: 18591 | E25: =D25/$D$249 -> 0.0030537689 | F25: =E25*$D$251 -> 354481.99 | G25: =SUM(F25,D25) -> 373072.99
A26: 2017 | B26: Brunswick School Department | C26: TCBRU | D26: 38866 | E26: =D26/$D$249 -> 0.0063841527 | F26: =E26*$D$251 -> 741073.49 | G26: =SUM(F26,D26) -> 779939.49
A27: 2017 | B27: Calais School Department | C27: TCCAL | D27: 17406 | E27: =D27/$D$249 -> 0.0028591201 | F27: =E27*$D$251 -> 331887.13 | G27: =SUM(F27,D27) -> 349293.13
A28: 2017 | B28: Caswell School Department | C28: TCCAS | E28: =D28/$D$249 -> 0 | F28: =E28*$D$251 -> 0 | G28: =SUM(F28,D28) -> 0
A29: 2017 | B29: Cape Elizabeth School Department | C29: TCCEL | D29: 17389 | E29: =D29/$D$249 -> 0.0028563277 | F29: =E29*$D$251 -> 331562.98 | G29: =SUM(F29,D29) -> 348951.98
A30: 2017 | B30: Chebeague Island School Department | C30: TCCHE | E30: =D30/$D$249 -> 0 | F30: =E30*$D$251 -> 0 | G30: =SUM(F30,D30) -> 0
A31: 2017 | B31: Cherryfield School Department | C31: TCCHR | D31: 3666 | E31: =D31/$D$249 -> 0.00060217938 | F31: =E31*$D$251 -> 69901.081 | G31: =SUM(F31,D31) -> 73567.081
A32: 2017 | B32: Dayton School Department | C32: TCDAY | D32: 6105 | E32: =D32/$D$249 -> 0.001002811 | F32: =E32*$D$251 -> 116406.46 | G32: =SUM(F32,D32) -> 122511.46
A33: 2017 | B33: Easton School Department | C33: TCEAS | E33: =D33/$D$249 -> 0 | F33: =E33*$D$251 -> 0 | G33: =SUM(F33,D33) -> 0
A34: 2017 | B34: Ellsworth School Department | C34: TCELL | D34: 30143 | E34: =D34/$D$249 -> 0.0049513074 | F34: =E34*$D$251 -> 574748.58 | G34: =SUM(F34,D34) -> 604891.58
A35: 2017 | B35: East Millinocket School Department | C35: TCEML | D35: 10111 | E35: =D35/$D$249 -> 0.001660839 | F35: =E35*$D$251 -> 192790.46 | G35: =SUM(F35,D35) -> 202901.46
A36: 2017 | B36: Eustis School Department | C36: TCEUS | D36: 2739 | E36: =D36/$D$249 -> 0.0004499098 | F36: =E36*$D$251 -> 52225.603 | G36: =SUM(F36,D36) -> 54964.603
A37: 2017 | B37: Falmouth School Department | C37: TCFAL | D37: 10653 | E37: =D37/$D$249 -> 0.0017498682 | F37: =E37*$D$251 -> 203124.99 | G37: =SUM(F37,D37) -> 213777.99
A38: 2017 | B38: Fayette School Department | C38: TCFAY | D38: 2535 | E38: =D38/$D$249 -> 0.00041640063 | F38: =E38*$D$251 -> 48335.854 | G38: =SUM(F38,D38) -> 50870.854
A39: 2017 | B39: Glenburn School Department | C39: TCGLE | D39: 6933 | E39: =D39/$D$249 -> 0.0011388188 | F39: =E39*$D$251 -> 132194.27 | G39: =SUM(F39,D39) -> 139127.27
A40: 2017 | B40: Gorham School Department | C40: TCGOR | D40: 41590 | E40: =D40/$D$249 -> 0.0068315985 | F40: =E40*$D$251 -> 793013.08 | G40: =SUM(F40,D40) -> 834603.08
A41: 2017 | B41: Hancock School Department | C41: TCHAN | D41: 6212 | E41: =D41/$D$249 -> 0.0010203869 | F41: =E41*$D$251 -> 118446.68 | G41: =SUM(F41,D41) -> 124658.68
A42: 2017 | B42: Hermon School Department | C42: TCHER | D42: 18347 | E42: =D42/$D$249 -> 0.0030136893 | F42: =E42*$D$251 -> 349829.55 | G42: =SUM(F42,D42) -> 368176.55
A43: 2017 | B43: Islesboro School Department | C43: TCISL | D43: 2465 | E43: =D43/$D$249 -> 0.00040490239 | F43: =E43*$D$251 -> 47001.136 | G43: =SUM(F43,D43) -> 49466.136
A44: 2017 | B44: Kittery School Department | C44: TCKIT | D44: 26706 | E44: =D44/$D$249 -> 0.0043867437 | F44: =E44*$D$251 -> 509213.93 | G44: =SUM(F44,D44) -> 535919.93
A45: 2017 | B45: Lamoine School Department | C45: TCLAM | D45: 6695 | E45: =D45/$D$249 -> 0.0010997247 | F45: =E45*$D$251 -> 127656.23 | G45: =SUM(F45,D45) -> 134351.23
... A53: 2017 | B53: Millinocket School Department | C53: TCMIL | D53: 52612 | E53: =D53/$D$249 -> 0.0086420789 | F53: =E53*$D$251 -> 1003173.9 | G53: =SUM(F53,D53) -> 1055785.9
A54: 2017 | B54: Maine School of Science and Mathematics | C54: TCMSM | E54: =D54/$D$249 -> 0 | F54: =E54*$D$251 -> 0 | G54: =SUM(F54,D54) -> 0
A55: 2017 | B55: Northport School Department | C55: TCNOR | D55: 2714 | E55: =D55/$D$249 -> 0.00044580328 | F55: =E55*$D$251 -> 51748.918 | G55: =SUM(F55,D55) -> 54462.918
A56: 2017 | B56: Otis School Department | C56: TCOTI | D56: 1068 | E56: =D56/$D$249 -> 0.00017543033 | F56: =E56*$D$251 -> 20363.981 | G56: =SUM(F56,D56) -> 21431.981
A57: 2017 | B57: Portland School Department | C57: TCPOR | D57: 313846 | E57: =D57/$D$249 -> 0.051552534 | F57: =E57*$D$251 -> 5984226.6 | G57: =SUM(F57,D57) -> 6298072.6
A58: 2017 | B58: Saco School Department | C58: TCSAC | D58: 51933 | E58: =D58/$D$249 -> 0.008530546 | F58: =E58*$D$251 -> 990227.18 | G58: =SUM(F58,D58) -> 1042160.2
A59: 2017 | B59: Sanford School Department | C59: TCSAN | D59: 123155 | E59: =D59/$D$249 -> 0.020229515 | F59: =E59*$D$251 -> 2348245.4 | G59: =SUM(F59,D59) -> 2471400.4
A60: 2017 | B60: Scarborough School Department | C60: TCSCA | D60: 46493 | E60: =D60/$D$249 -> 0.0076369683 | F60: =E60*$D$251 -> 886500.53 | G60: =SUM(F60,D60) -> 932993.53
A61: 2017 | B61: South Portland School Department | C61: TCSPO | D61: 129099 | E61: =D61/$D$249 -> 0.02120588 | F61: =E61*$D$251 -> 2461582 | G61: =SUM(F61,D61) -> 2590681
A62: 2017 | B62: Saint George Municipal School Unit | C62: TCSTG | D62: 4633 | E62: =D62/$D$249 -> 0.00076101938 | F62: =E62*$D$251 -> 88339.255 | G62: =SUM(F62,D62) -> 92972.255
A63: 2017 | B63: Veazie School Department | C63: TCVEA | D63: 2601 | E63: =D63/$D$249 -> 0.00042724183 | F63: =E63*$D$251 -> 49594.302 | G63: =SUM(F63,D63) -> 52195.302
A64: 2017 | B64: West Bath School Department | C64: TCWBA | D64: 2354 | E64: =D64/$D$249 -> 0.00038666946 | F64: =E64*$D$251 -> 44884.655 | G64: =SUM(F64,D64) -> 47238.655
A65: 2017 | B65: Westbrook School Department | C65: TCWES | D65: 135882 | E65: =D65/$D$249 -> 0.022320059 | F65: =E65*$D$251 -> 2590916.2 | G65: =SUM(F65,D65) -> 2726798.2
A66: 2017 | B66: Winthrop School Department | C66: TCWIN | D66: 19780 | E66: =D66/$D$249 -> 0.0032490748 | F66: =E66*$D$251 -> 377153.13 | G66: =SUM(F66,D66) -> 396933.13
... A88: 2017 | B88: RSU No. 29 - Houlton | C88: TD029 | D88: 49452 | E88: =D88/$D$249 -> 0.0081230154 | F88: =E88*$D$251 -> 942920.96 | G88: =SUM(F88,D88) -> 992372.96
A89: 2017 | B89: MSAD 32 Ashland | C89: TD032 | E89: =D89/$D$249 -> 0 | F89: =E89*$D$251 -> 0 | G89: =SUM(F89,D89) -> 0
A90: 2017 | B90: MSAD 33 Saint Agatha | C90: TD033 | D90: 6654 | E90: =D90/$D$249 -> 0.0010929901 | F90: =E90*$D$251 -> 126874.47 | G90: =SUM(F90,D90) -> 133528.47
A91: 2017 | B91: RSU No. 35 - Eliot | C91: TD035 | D91: 16492 | E91: =D91/$D$249 -> 0.0027089859 | F91: =E91*$D$251 -> 314459.53 | G91: =SUM(F91,D91) -> 330951.53
A92: 2017 | B92: MSAD 37 Harrington | C92: TD037 | D92: 45855 | E92: =D92/$D$249 -> 0.00753217 | F92: =E92*$D$251 -> 874335.53 | G92: =SUM(F92,D92) -> 920190.53
A93: 2017 | B93: RSU No. 40 - Waldoboro | C93: TD040 | D93: 68383 | E93: =D93/$D$249 -> 0.011232633 | F93: =E93*$D$251 -> 1303885.9 | G93: =SUM(F93,D93) -> 1372268.9
A94: 2017 | B94: MSAD 42 Mars Hill | C94: TD042 | D94: 6809 | E94: =D94/$D$249 -> 0.0011184505 | F94: =E94*$D$251 -> 129829.91 | G94: =SUM(F94,D94) -> 136638.91
A95: 2017 | B95: RSU No. 44 - Bethel | C95: TD044 | D95: 60269 | E95: =D95/$D$249 -> 0.0098998224 | F95: =E95*$D$251 -> 1149173 | G95: =SUM(F95,D95) -> 1209442
A96: 2017 | B96: MSAD 45 Washburn | C96: TD045 | D96: 11612 | E96: =D96/$D$249 -> 0.0019073941 | F96: =E96*$D$251 -> 221410.62 | G96: =SUM(F96,D96) -> 233022.62
A97: 2017 | B97: RSU No. 49 - Fairfield | C97: TD049 | D97: 75801 | E97: =D97/$D$249 -> 0.012451118 | F97: =E97*$D$251 -> 1445327.8 | G97: =SUM(F97,D97) -> 1521128.8
A98: 2017 | B98: RSU No. 51 - Cumberland Center | C98: TD051 | D98: 34140 | E98: =D98/$D$249 -> 0.005607857 | F98: =E98*$D$251 -> 650960.97 | G98: =SUM(F98,D98) -> 685100.97
A99: 2017 | B99: RSU No. 52 - Turner | C99: TD052 | D99: 28066 | E99: =D99/$D$249 -> 0.0046101381 | F99: =E99*$D$251 -> 535145.59 | G99: =SUM(F99,D99) -> 563211.59
A100: 2017 | B100: MSAD 53 Pittsfield | C100: TD053 | D100: 35437 | E100: =D100/$D$249 -> 0.005820903 | F100: =E100*$D$251 -> 675691.38 | G100: =SUM(F100,D100) -> 711128.38
A101: 2017 | B101: RSU No. 54 - Skowhegan | C101: TD054 | D101: 125314 | E101: =D101/$D$249 -> 0.020584153 | F101: =E101*$D$251 -> 2389411.9 | G101: =SUM(F101,D101) -> 2514725.9
... A108: 2017 | B108: RSU No. 64 - East Corinth | C108: TD064 | D108: 29690 | E108: =D108/$D$249 -> 0.0048768974 | F108: =E108*$D$251 -> 566111.04 | G108: =SUM(F108,D108) -> 595801.04
A109: 2017 | B109: MSAD 65 Matinicus | C109: TD065 | E109: =D109/$D$249 -> 0 | F109: =E109*$D$251 -> 0 | G109: =SUM(F109,D109) -> 0
A110: 2017 | B110: RSU No. 67 - Lincoln | C110: TD067 | D110: 27812 | E110: =D110/$D$249 -> 0.0045684159 | F110: =E110*$D$251 -> 530302.47 | G110: =SUM(F110,D110) -> 558114.47
A111: 2017 | B111: MSAD 68 Dover-Foxcroft | C111: TD068 | D111: 35871 | E111: =D111/$D$249 -> 0.0058921922 | F111: =E111*$D$251 -> 683966.63 | G111: =SUM(F111,D111) -> 719837.63
A112: 2017 | B112: RSU No. 72 - Fryeburg | C112: TD072 | D112: 17454 | E112: =D112/$D$249 -> 0.0028670046 | F112: =E112*$D$251 -> 332802.36 | G112: =SUM(F112,D112) -> 350256.36
A113: 2017 | B113: MSAD 74 North Anson | C113: TD074 | D113: 34030 | E113: =D113/$D$249 -> 0.0055897884 | F113: =E113*$D$251 -> 648863.55 | G113: =SUM(F113,D113) -> 682893.55
A114: 2017 | B114: RSU No. 75 - Topsham | C114: TD075 | D114: 85347 | E114: =D114/$D$249 -> 0.01401915 | F114: =E114*$D$251 -> 1627345.2 | G114: =SUM(F114,D114) -> 1712692.2
A115: 2017 | B115: Pleasant Point School | C115: TIE001 | D115: 44364 | E115: =D115/$D$249 -> 0.0072872575 | F115: =E115*$D$251 -> 845906.04 | G115: =SUM(F115,D115) -> 890270.04
A116: 2017 | B116: Indian Township | C116: TIE002 | D116: 22098 | E116: =D116/$D$249 -> 0.0036298308 | F116: =E116*$D$251 -> 421351.36 | G116: =SUM(F116,D116) -> 443449.36
A117: 2017 | B117: Indian Island | C117: TIE003 | D117: 25388 | E117: =D117/$D$249 -> 0.0041702482 | F117: =E117*$D$251 -> 484083.1 | G117: =SUM(F117,D117) -> 509471.1
A118: 2017 | B118: Maine Indian Education | C118: TIE004 | D118: 8543 | E118: =D118/$D$249 -> 0.0014032783 | F118: =E118*$D$251 -> 162892.78 | G118: =SUM(F118,D118) -> 171435.78
A119: 2017 | B119: Region No. 2 Southern Aroostook County | C119: TR002 | E119: =D119/$D$249 -> 0 | F119: =E119*$D$251 -> 0 | G119: =SUM(F119,D119) -> 0
A120: 2017 | B120: Region No. 3 Northern Penobscot County | C120: TR003 | E120: =D120/$D$249 -> 0 | F120: =E120*$D$251 -> 0 | G120: =SUM(F120,D120) -> 0
A121: 2017 | B121: Region No. 4 United Technologies Center | C121: TR004 | D121: 8729 | E121: =D121/$D$249 -> 0.0014338308 | F121: =E121*$D$251 -> 166439.32 | G121: =SUM(F121,D121) -> 175168.32
A122: 2017 | B122: Region No. 7 Waldo County | C122: TR007 | D122: 1099 | E122: =D122/$D$249 -> 0.0001805224 | F122: =E122*$D$251 -> 20955.07 | G122: =SUM(F122,D122) -> 22054.07
A123: 2017 | B123: Region No. 8 Mid-Coast School of Technology | C123: TR008 | D123: 150 | E123: =D123/$D$249 -> 2.4639091e-05 | F123: =E123*$D$251 -> 2860.1097 | G123: =SUM(F123,D123) -> 3010.1097
A124: 2017 | B124: Region No. 9 School of Applied Technology | C124: TR009 | D124: 401 | E124: =D124/$D$249 -> 6.5868502e-05 | F124: =E124*$D$251 -> 7646.0266 | G124: =SUM(F124,D124) -> 8047.0266
A125: 2017 | B125: Region No. 10 Cumberland Sagadahoc County | C125: TR010 | E125: =D125/$D$249 -> 0 | F125: =E125*$D$251 -> 0 | G125: =SUM(F125,D125) -> 0
A126: 2017 | B126: Region No. 11 Oxford Hill Technical School | C126: TR011 | D126: 104 | E126: =D126/$D$249 -> 1.7083103e-05 | F126: =E126*$D$251 -> 1983.0094 | G126: =SUM(F126,D126) -> 2087.0094
A127: 2017 | B127: Regional School Unit No. 1 | C127: TS001 | D127: 52106 | E127: =D127/$D$249 -> 0.0085589631 | F127: =E127*$D$251 -> 993525.84 | G127: =SUM(F127,D127) -> 1045631.8
A128: 2017 | B128: Regional School Unit No. 2 | C128: TS002 | D128: 44572 | E128: =D128/$D$249 -> 0.0073214237 | F128: =E128*$D$251 -> 849872.06 | G128: =SUM(F128,D128) -> 894444.06
A129: 2017 | B129: Regional School Unit No. 4 | C129: TS004 | D129: 39300 | E129: =D129/$D$249 -> 0.0064554418 | F129: =E129*$D$251 -> 749348.74 | G129: =SUM(F129,D129) -> 788648.74
A130: 2017 | B130: Regional School Unit No. 5 | C130: TS005 | D130: 11727 | E130: =D130/$D$249 -> 0.0019262841 | F130: =E130*$D$251 -> 223603.38 | G130: =SUM(F130,D130) -> 235330.38
A131: 2017 | B131: Regional School Unit No. 10 | C131: TS010 | D131: 138674 | E131: =D131/$D$249 -> 0.022778675 | F131: =E131*$D$251 -> 2644152.3 | G131: =SUM(F131,D131) -> 2782826.3
A132: 2017 | B132: Regional School Unit No. 12 | C132: TS012 | D132: 71190 | E132: =D132/$D$249 -> 0.011693712 | F132: =E132*$D$251 -> 1357408.1 | G132: =SUM(F132,D132) -> 1428598.1
A133: 2017 | B133: Regional School Unit No. 13 | C133: TS013 | D133: 73584 | E133: =D133/$D$249 -> 0.012086952 | F133: =E133*$D$251 -> 1403055.4 | G133: =SUM(F133,D133) -> 1476639.4
A134: 2017 | B134: Regional School Unit No. 14 | C134: TS014 | D134: 72129 | E134: =D134/$D$249 -> 0.011847953 | F134: =E134*$D$251 -> 1375312.3 | G134: =SUM(F134,D134) -> 1447441.3
...

Sheet 2018
A1: Year | B1: district_name | C1: employer_code | D1: district_contributions | F1: state_contributions | G1: total_contributions
A2: 2018 | B2: Isle Au Haut School Department | C2: T0802 | E2: =D2/$D$250 -> 0 | F2: =E2*$D$252 -> 0 | G2: =SUM(D2,F2) -> 0
A3: 2018 | B3: Monhegan Plantation School Department | C3: T0804 | E3: =D3/$D$250 -> 0 | F3: =E3*$D$252 -> 0 | G3: =SUM(D3,F3) -> 0
A4: 2018 | B4: CSD No. 13 Deer Isle - Stonington | C4: T0913 | D4: 9751 | E4: =D4/$D$250 -> 0.0015319433 | F4: =E4*$D$252 -> 197645.88 | G4: =SUM(D4,F4) -> 207396.88
A5: 2018 | B5: CSD No. 17 Moosabec | C5: T0917 | D5: 1986 | E5: =D5/$D$250 -> 0.00031201307 | F5: =E5*$D$252 -> 40254.818 | G5: =SUM(D5,F5) -> 42240.818
A6: 2018 | B6: CSD No. 18 Wells - Ogunquit | C6: T0918 | D6: 19357 | E6: =D6/$D$250 -> 0.0030411062 | F6: =E6*$D$252 -> 392352.72 | G6: =SUM(D6,F6) -> 411709.72
A7: 2018 | B7: CSD No. 19 Five Town CSD | C7: T0919 | D7: 8720 | E7: =D7/$D$250 -> 0.0013699667 | F7: =E7*$D$252 -> 176748.24 | G7: =SUM(D7,F7) -> 185468.24
A8: 2018 | B8: Erskine Academy | C8: TAERS | E8: =D8/$D$250 -> 0 | F8: =E8*$D$252 -> 0 | G8: =SUM(D8,F8) -> 0
A9: 2018 | B9: Foxcroft Academy | C9: TAFOX | E9: =D9/$D$250 -> 0 | F9: =E9*$D$252 -> 0 | G9: =SUM(D9,F9) -> 0
A10: 2018 | B10: Fryeburg Academy | C10: TAFRY | E10: =D10/$D$250 -> 0 | F10: =E10*$D$252 -> 0 | G10: =SUM(D10,F10) -> 0
A11: 2018 | B11: George Stevens Academy | C11: TAGEO | E11: =D11/$D$250 -> 0 | F11: =E11*$D$252 -> 0 | G11: =SUM(D11,F11) -> 0
A12: 2018 | B12: Gould Academy | C12: TAGOU | E12: =D12/$D$250 -> 0 | F12: =E12*$D$252 -> 0 | G12: =SUM(D12,F12) -> 0
A13: 2018 | B13: Lee Academy | C13: TALEE | E13: =D13/$D$250 -> 0 | F13: =E13*$D$252 -> 0 | G13: =SUM(D13,F13) -> 0
A14: 2018 | B14: Lincoln Academy | C14: TALIN | E14: =D14/$D$250 -> 0 | F14: =E14*$D$252 -> 0 | G14: =SUM(D14,F14) -> 0
A15: 2018 | B15: Maine Central Institute | C15: TAMCI | E15: =D15/$D$250 -> 0 | F15: =E15*$D$252 -> 0 | G15: =SUM(D15,F15) -> 0
A16: 2018 | B16: Thornton Academy | C16: TATHO | E16: =D16/$D$250 -> 0 | F16: =E16*$D$252 -> 0 | G16: =SUM(D16,F16) -> 0
A17: 2018 | B17: Washington Academy | C17: TAWAS | E17: =D17/$D$250 -> 0 | F17: =E17*$D$252 -> 0 | G17: =SUM(D17,F17) -> 0
A18: 2018 | B18: Acton School Department | C18: TCACT | D18: 6256 | E18: =D18/$D$250 -> 0.00098285688 | F18: =E18*$D$252 -> 126804.7 | G18: =SUM(D18,F18) -> 133060.7
A19: 2018 | B19: Andover School Department | C19: TCAND | E19: =D19/$D$250 -> 0 | F19: =E19*$D$252 -> 0 | G19: =SUM(D19,F19) -> 0
A20: 2018 | B20: Athens School Department | C20: TCATH | D20: 9962 | E20: =D20/$D$250 -> 0.0015650927 | F20: =E20*$D$252 -> 201922.71 | G20: =SUM(D20,F20) -> 211884.71
A21: 2018 | B21: Auburn School Department | C21: TCAUB | D21: 136597 | E21: =D21/$D$250 -> 0.021460246 | F21: =E21*$D$252 -> 2768724.7 | G21: =SUM(D21,F21) -> 2905321.7
A22: 2018 | B22: Augusta School Department | C22: TCAUG | D22: 135720 | E22: =D22/$D$250 -> 0.021322464 | F22: =E22*$D$252 -> 2750948.6 | G22: =SUM(D22,F22) -> 2886668.6
A23: 2018 | B23: Bangor School Department | C23: TCBAN | D23: 188548 | E23: =D23/$D$250 -> 0.029622075 | F23: =E23*$D$252 -> 3821734.8 | G23: =SUM(D23,F23) -> 4010282.8
A24: 2018 | B24: Biddeford School Department | C24: TCBID | D24: 122133 | E24: =D24/$D$250 -> 0.019187861 | F24: =E24*$D$252 -> 2475549.7 | G24: =SUM(D24,F24) -> 2597682.7
A25: 2018 | B25: Brewer School Department | C25: TCBRE | D25: 26765 | E25: =D25/$D$250 -> 0.0042049495 | F25: =E25*$D$252 -> 542507.65 | G25: =SUM(D25,F25) -> 569272.65
A26: 2018 | B26: Brunswick School Department | C26: TCBRU | D26: 32833 | E26: =D26/$D$250 -> 0.0051582704 | F26: =E26*$D$252 -> 665501.72 | G26: =SUM(D26,F26) -> 698334.72
A27: 2018 | B27: Calais School Department | C27: TCCAL | D27: 20400 | E27: =D27/$D$250 -> 0.0032049681 | F27: =E27*$D$252 -> 413493.59 | G27: =SUM(D27,F27) -> 433893.59
A28: 2018 | B28: Caswell School Department | C28: TCCAS | D28: 1596 | E28: =D28/$D$250 -> 0.00025074162 | F28: =E28*$D$252 -> 32349.793 | G28: =SUM(D28,F28) -> 33945.793
A29: 2018 | B29: Cape Elizabeth School Department | C29: TCCEL | D29: 21108 | E29: =D29/$D$250 -> 0.0033161993 | F29: =E29*$D$252 -> 427844.25 | G29: =SUM(D29,F29) -> 448952.25
A30: 2018 | B30: Chebeague Island School Department | C30: TCCHE | E30: =D30/$D$250 -> 0 | F30: =E30*$D$252 -> 0 | G30: =SUM(D30,F30) -> 0
A31: 2018 | B31: Cherryfield School Department | C31: TCCHR | D31: 2137 | E31: =D31/$D$250 -> 0.00033573612 | F31: =E31*$D$252 -> 43315.481 | G31: =SUM(D31,F31) -> 45452.481
A32: 2018 | B32: Dayton School Department | C32: TCDAY | D32: 6488 | E32: =D32/$D$250 -> 0.0010193055 | F32: =E32*$D$252 -> 131507.18 | G32: =SUM(D32,F32) -> 137995.18
A33: 2018 | B33: Easton School Department | C33: TCEAS | E33: =D33/$D$250 -> 0 | F33: =E33*$D$252 -> 0 | G33: =SUM(D33,F33) -> 0
A34: 2018 | B34: Ellsworth School Department | C34: TCELL | D34: 40646 | E34: =D34/$D$250 -> 0.0063857418 | F34: =E34*$D$252 -> 823865.72 | G34: =SUM(D34,F34) -> 864511.72
A35: 2018 | B35: East Millinocket School Department | C35: TCEML | D35: 12214 | E35: =D35/$D$250 -> 0.0019188961 | F35: =E35*$D$252 -> 247569.15 | G35: =SUM(D35,F35) -> 259783.15
A36: 2018 | B36: Eustis School Department | C36: TCEUS | D36: 5170 | E36: =D36/$D$250 -> 0.00081223946 | F36: =E36*$D$252 -> 104792.25 | G36: =SUM(D36,F36) -> 109962.25
A37: 2018 | B37: Falmouth School Department | C37: TCFAL | D37: 12558 | E37: =D37/$D$250 -> 0.0019729406 | F37: =E37*$D$252 -> 254541.79 | G37: =SUM(D37,F37) -> 267099.79
A38: 2018 | B38: Fayette School Department | C38: TCFAY | D38: 2454 | E38: =D38/$D$250 -> 0.00038553881 | F38: =E38*$D$252 -> 49740.847 | G38: =SUM(D38,F38) -> 52194.847
A39: 2018 | B39: Glenburn School Department | C39: TCGLE | D39: 7970 | E39: =D39/$D$250 -> 0.001252137 | F39: =E39*$D$252 -> 161546.27 | G39: =SUM(D39,F39) -> 169516.27
A40: 2018 | B40: Gorham School Department | C40: TCGOR | D40: 40533 | E40: =D40/$D$250 -> 0.0063679888 | F40: =E40*$D$252 -> 821575.29 | G40: =SUM(D40,F40) -> 862108.29
A41: 2018 | B41: Hancock School Department | C41: TCHAN | D41: 9078 | E41: =D41/$D$250 -> 0.0014262108 | F41: =E41*$D$252 -> 184004.65 | G41: =SUM(D41,F41) -> 193082.65
A42: 2018 | B42: Hermon School Department | C42: TCHER | D42: 23259 | E42: =D42/$D$250 -> 0.0036541349 | F42: =E42*$D$252 -> 471443.51 | G42: =SUM(D42,F42) -> 494702.51
A43: 2018 | B43: Islesboro School Department | C43: TCISL | D43: 2816 | E43: =D43/$D$250 -> 0.00044241128 | F43: =E43*$D$252 -> 57078.331 | G43: =SUM(D43,F43) -> 59894.331
A44: 2018 | B44: Kittery School Department | C44: TCKIT | D44: 30698 | E44: =D44/$D$250 -> 0.0048228485 | F44: =E44*$D$252 -> 622226.78 | G44: =SUM(D44,F44) -> 652924.78
A45: 2018 | B45: Lamoine School Department | C45: TCLAM | D45: 3552 | E45: =D45/$D$250 -> 0.0005580415 | F45: =E45*$D$252 -> 71996.532 | G45: =SUM(D45,F45) -> 75548.532
... A48: 2018 | B48: Lisbon School Department | C48: TCLIS | D48: 49420 | E48: =D48/$D$250 -> 0.0077641923 | F48: =E48*$D$252 -> 1001708.5 | G48: =SUM(D48,F48) -> 1051128.5
A49: 2018 | B49: Long Island School Department | C49: TCLON | E49: =D49/$D$250 -> 0 | F49: =E49*$D$252 -> 0 | G49: =SUM(D49,F49) -> 0
A50: 2018 | B50: Madawaska School Department | C50: TCMAD | D50: 17586 | E50: =D50/$D$250 -> 0.002762871 | F50: =E50*$D$252 -> 356455.8 | G50: =SUM(D50,F50) -> 374041.8
A51: 2018 | B51: Maine Education Association | C51: TCMEA | E51: =D51/$D$250 -> 0 | F51: =E51*$D$252 -> 0 | G51: =SUM(D51,F51) -> 0
A52: 2018 | B52: Medway School Department | C52: TCMED | D52: 4813 | E52: =D52/$D$250 -> 0.00075615252 | F52: =E52*$D$252 -> 97556.111 | G52: =SUM(D52,F52) -> 102369.11
A53: 2018 | B53: Millinocket School Department | C53: TCMIL | D53: 54434 | E53: =D53/$D$250 -> 0.0085519232 | F53: =E53*$D$252 -> 1103338.7 | G53: =SUM(D53,F53) -> 1157772.7
A54: 2018 | B54: Maine School of Science and Mathematics | C54: TCMSM | E54: =D54/$D$250 -> 0 | F54: =E54*$D$252 -> 0 | G54: =SUM(D54,F54) -> 0
A55: 2018 | B55: Northport School Department | C55: TCNOR | D55: 3902 | E55: =D55/$D$250 -> 0.0006130287 | F55: =E55*$D$252 -> 79090.785 | G55: =SUM(D55,F55) -> 82992.785
A56: 2018 | B56: Otis School Department | C56: TCOTI | D56: 1638 | E56: =D56/$D$250 -> 0.00025734008 | F56: =E56*$D$252 -> 33201.103 | G56: =SUM(D56,F56) -> 34839.103
A57: 2018 | B57: Portland School Department | C57: TCPOR | D57: 390494 | E57: =D57/$D$250 -> 0.061349059 | F57: =E57*$D$252 -> 7915037.6 | G57: =SUM(D57,F57) -> 8305531.6
A58: 2018 | B58: Saco School Department | C58: TCSAC | D58: 45314 | E58: =D58/$D$250 -> 0.0071191139 | F58: =E58*$D$252 -> 918482.78 | G58: =SUM(D58,F58) -> 963796.78
A59: 2018 | B59: Sanford School Department | C59: TCSAN | D59: 101192 | E59: =D59/$D$250 -> 0.015897899 | F59: =E59*$D$252 -> 2051090.4 | G59: =SUM(D59,F59) -> 2152282.4
A60: 2018 | B60: Scarborough School Department | C60: TCSCA | D60: 49678 | E60: =D60/$D$250 -> 0.0078047257 | F60: =E60*$D$252 -> 1006938 | G60: =SUM(D60,F60) -> 1056616
A61: 2018 | B61: South Portland School Department | C61: TCSPO | D61: 117562 | E61: =D61/$D$250 -> 0.018469728 | F61: =E61*$D$252 -> 2382898.7 | G61: =SUM(D61,F61) -> 2500460.7
A62: 2018 | B62: Saint George Municipal School Unit | C62: TCSTG | D62: 3469 | E62: =D62/$D$250 -> 0.00054500168 | F62: =E62*$D$252 -> 70314.18 | G62: =SUM(D62,F62) -> 73783.18
A63: 2018 | B63: Veazie School Department | C63: TCVEA | D63: 5792 | E63: =D63/$D$250 -> 0.00090995956 | F63: =E63*$D$252 -> 117399.75 | G63: =SUM(D63,F63) -> 123191.75
A64: 2018 | B64: West Bath School Department | C64: TCWBA | D64: 5168 | E64: =D64/$D$250 -> 0.00081192525 | F64: =E64*$D$252 -> 104751.71 | G64: =SUM(D64,F64) -> 109919.71
A65: 2018 | B65: Westbrook School Department | C65: TCWES | D65: 141805 | E65: =D65/$D$250 -> 0.022278456 | F65: =E65*$D$252 -> 2874287.2 | G65: =SUM(D65,F65) -> 3016092.2
A66: 2018 | B66: Winthrop School Department | C66: TCWIN | D66: 29214 | E66: =D66/$D$250 -> 0.0045897028 | F66: =E66*$D$252 -> 592147.15 | G66: =SUM(D66,F66) -> 621361.15
... A108: 2018 | B108: RSU No. 64 - East Corinth | C108: TD064 | D108: 28607 | E108: =D108/$D$250 -> 0.0044943393 | F108: =E108*$D$252 -> 579843.69 | G108: =SUM(D108,F108) -> 608450.69
A109: 2018 | B109: MSAD 65 Matinicus | C109: TD065 | E109: =D109/$D$250 -> 0 | F109: =E109*$D$252 -> 0 | G109: =SUM(D109,F109) -> 0
A110: 2018 | B110: RSU No. 67 - Lincoln | C110: TD067 | D110: 22820 | E110: =D110/$D$250 -> 0.0035851653 | F110: =E110*$D$252 -> 462545.29 | G110: =SUM(D110,F110) -> 485365.29
A111: 2018 | B111: MSAD 68 Dover-Foxcroft | C111: TD068 | D111: 42478 | E111: =D111/$D$250 -> 0.0066735605 | F111: =E111*$D$252 -> 860999.06 | G111: =SUM(D111,F111) -> 903477.06
A112: 2018 | B112: RSU No. 72 - Fryeburg | C112: TD072 | D112: 20400 | E112: =D112/$D$250 -> 0.0032049681 | F112: =E112*$D$252 -> 413493.59 | G112: =SUM(D112,F112) -> 433893.59
A113: 2018 | B113: MSAD 74 North Anson | C113: TD074 | D113: 48478 | E113: =D113/$D$250 -> 0.0076161982 | F113: =E113*$D$252 -> 982614.83 | G113: =SUM(D113,F113) -> 1031092.8
A114: 2018 | B114: RSU No. 75 - Topsham | C114: TD075 | D114: 88843 | E114: =D114/$D$250 -> 0.013957793 | F114: =E114*$D$252 -> 1800784.9 | G114: =SUM(D114,F114) -> 1889627.9
A115: 2018 | B115: Pleasant Point School | C115: TIE001 | D115: 40874 | E115: =D115/$D$250 -> 0.006421562 | F115: =E115*$D$252 -> 828487.12 | G115: =SUM(D115,F115) -> 869361.12
A116: 2018 | B116: Indian Township | C116: TIE002 | D116: 43744 | E116: =D116/$D$250 -> 0.006872457 | F116: =E116*$D$252 -> 886659.99 | G116: =SUM(D116,F116) -> 930403.99
A117: 2018 | B117: Indian Island | C117: TIE003 | D117: 28580 | E117: =D117/$D$250 -> 0.0044900974 | F117: =E117*$D$252 -> 579296.42 | G117: =SUM(D117,F117) -> 607876.42
A118: 2018 | B118: Maine Indian Education | C118: TIE004 | D118: 9394 | E118: =D118/$D$250 -> 0.0014758564 | F118: =E118*$D$252 -> 190409.75 | G118: =SUM(D118,F118) -> 199803.75
A119: 2018 | B119: Region No. 2 Southern Aroostook County | C119: TR002 | E119: =D119/$D$250 -> 0 | F119: =E119*$D$252 -> 0 | G119: =SUM(D119,F119) -> 0
A120: 2018 | B120: Region No. 3 Northern Penobscot County | C120: TR003 | E120: =D120/$D$250 -> 0 | F120: =E120*$D$252 -> 0 | G120: =SUM(D120,F120) -> 0
A121: 2018 | B121: Region No. 4 United Technologies Center | C121: TR004 | D121: 9845 | E121: =D121/$D$250 -> 0.0015467113 | F121: =E121*$D$252 -> 199551.2 | G121: =SUM(D121,F121) -> 209396.2
A122: 2018 | B122: Region No. 7 Waldo County | C122: TR007 | D122: 148 | E122: =D122/$D$250 -> 2.3251729e-05 | F122: =E122*$D$252 -> 2999.8555 | G122: =SUM(D122,F122) -> 3147.8555
A123: 2018 | B123: Region No. 8 Mid-Coast School of Technology | C123: TR008 | E123: =D123/$D$250 -> 0 | F123: =E123*$D$252 -> 0 | G123: =SUM(D123,F123) -> 0
A124: 2018 | B124: Region No. 9 School of Applied Technology | C124: TR009 | D124: 133 | E124: =D124/$D$250 -> 2.0895135e-05 | F124: =E124*$D$252 -> 2695.8161 | G124: =SUM(D124,F124) -> 2828.8161
A125: 2018 | B125: Region No. 10 Cumberland Sagadahoc County | C125: TR010 | E125: =D125/$D$250 -> 0 | F125: =E125*$D$252 -> 0 | G125: =SUM(D125,F125) -> 0
A126: 2018 | B126: Region No. 11 Oxford Hill Technical School | C126: TR011 | E126: =D126/$D$250 -> 0 | F126: =E126*$D$252 -> 0 | G126: =SUM(D126,F126) -> 0
A127: 2018 | B127: Regional School Unit No. 1 | C127: TS001 | D127: 54486 | E127: =D127/$D$250 -> 0.0085600927 | F127: =E127*$D$252 -> 1104392.7 | G127: =SUM(D127,F127) -> 1158878.7
A128: 2018 | B128: Regional School Unit No. 2 | C128: TS002 | D128: 43811 | E128: =D128/$D$250 -> 0.0068829832 | F128: =E128*$D$252 -> 888018.03 | G128: =SUM(D128,F128) -> 931829.03
A129: 2018 | B129: Regional School Unit No. 4 | C129: TS004 | D129: 41581 | E129: =D129/$D$250 -> 0.0065326362 | F129: =E129*$D$252 -> 842817.51 | G129: =SUM(D129,F129) -> 884398.51
A130: 2018 | B130: Regional School Unit No. 5 | C130: TS005 | D130: 16911 | E130: =D130/$D$250 -> 0.0026568243 | F130: =E130*$D$252 -> 342774.03 | G130: =SUM(D130,F130) -> 359685.03
A131: 2018 | B131: Regional School Unit No. 10 | C131: TS010 | D131: 131047 | E131: =D131/$D$250 -> 0.020588306 | F131: =E131*$D$252 -> 2656230.1 | G131: =SUM(D131,F131) -> 2787277.1
A132: 2018 | B132: Regional School Unit No. 12 | C132: TS012 | D132: 84955 | E132: =D132/$D$250 -> 0.013346964 | F132: =E132*$D$252 -> 1721977.9 | G132: =SUM(D132,F132) -> 1806932.9
A133: 2018 | B133: Regional School Unit No. 13 | C133: TS013 | D133: 74605 | E133: =D133/$D$250 -> 0.011720914 | F133: =E133*$D$252 -> 1512190.7 | G133: =SUM(D133,F133) -> 1586795.7
A134: 2018 | B134: Regional School Unit No. 14 | C134: TS014 | D134: 70568 | E134: =D134/$D$250 -> 0.011086676 | F134: =E134*$D$252 -> 1430363.5 | G134: =SUM(D134,F134) -> 1500931.5
A135: 2018 | B135: Regional School Unit No. 16 | C135: TS016 | D135: 56312 | E135: =D135/$D$250 -> 0.0088469687 | F135: =E135*$D$252 -> 1141404.5 | G135: =SUM(D135,F135) -> 1197716.5
A136: 2018 | B136: Regional School Unit No. 18 | C136: TS018 | D136: 59827 | E136: =D136/$D$250 -> 0.0093991973 | F136: =E136*$D$252 -> 1212651 | G136: =SUM(D136,F136) -> 1272478
A137: 2018 | B137: Regional School Unit No. 19 | C137: TS019 | D137: 134717 | E137: =D137/$D$250 -> 0.021164886 | F137: =E137*$D$252 -> 2730618.5 | G137: =SUM(D137,F137) -> 2865335.5
A138: 2018 | B138: Regional School Unit No. 20 | C138: TS020 | D138: 26641 | E138: =D138/$D$250 -> 0.0041854684 | F138: =E138*$D$252 -> 539994.26 | G138: =SUM(D138,F138) -> 566635.26
... A151: 2018 | B151: Regional School Unit No. 78 | C151: TS078 | D151: 9206 | E151: =D151/$D$250 -> 0.0014463204 | F151: =E151*$D$252 -> 186599.12 | G151: =SUM(D151,F151) -> 195805.12
A152: 2018 | B152: School Agent - Carrabassett | C152: TSA001 | E152: =D152/$D$250 -> 0 | F152: =E152*$D$252 -> 0 | G152: =SUM(D152,F152) -> 0
A153: 2018 | B153: School Agent - Coplin Plantation | C153: TSA002 | E153: =D153/$D$250 -> 0 | F153: =E153*$D$252 -> 0 | G153: =SUM(D153,F153) -> 0
A154: 2018 | B154: School Agent - Pleasant Ridge Plantation | C154: TSA003 | E154: =D154/$D$250 -> 0 | F154: =E154*$D$252 -> 0 | G154: =SUM(D154,F154) -> 0
A155: 2018 | B155: AOS No. 43 Central Office | C155: TT043 | E155: =D155/$D$250 -> 0 | F155: =E155*$D$252 -> 0 | G155: =SUM(D155,F155) -> 0
...

Sheet 2019
A1: Year | B1: district_name | C1: employer_code | D1: district_contributions | F1: state_contributions | G1: total_contributions
A2: 2019 | B2: Isle Au Haut School Department | C2: T0802 | E2: =D2/$D$253 -> 0 | F2: =E2*$D$255 -> 0 | G2: =SUM(F2,D2) -> 0
A3: 2019 | B3: Monhegan Plantation School Department | C3: T0804 | E3: =D3/$D$253 -> 0 | F3: =E3*$D$255 -> 0 | G3: =SUM(F3,D3) -> 0
A4: 2019 | B4: CSD No. 13 Deer Isle - Stonington | C4: T0913 | D4: 7782 | E4: =D4/$D$253 -> 0.0012576669 | F4: =E4*$D$255 -> 166721.85 | G4: =SUM(F4,D4) -> 174503.85
A5: 2019 | B5: CSD No. 17 Moosabec | C5: T0917 | D5: 1945 | E5: =D5/$D$253 -> 0.00031433592 | F5: =E5*$D$255 -> 41669.751 | G5: =SUM(F5,D5) -> 43614.751
A6: 2019 | B6: CSD No. 18 Wells - Ogunquit | C6: T0918 | D6: 26369 | E6: =D6/$D$253 -> 0.0042615546 | F6: =E6*$D$255 -> 564930.42 | G6: =SUM(F6,D6) -> 591299.42
A7: 2019 | B7: CSD No. 19 Five Town CSD | C7: T0919 | D7: 6981 | E7: =D7/$D$253 -> 0.0011282154 | F7: =E7*$D$255 -> 149561.2 | G7: =SUM(F7,D7) -> 156542.2
A8: 2019 | B8: Erskine Academy | C8: TAERS | E8: =D8/$D$253 -> 0 | F8: =E8*$D$255 -> 0 | G8: =SUM(F8,D8) -> 0
A9: 2019 | B9: Foxcroft Academy | C9: TAFOX | E9: =D9/$D$253 -> 0 | F9: =E9*$D$255 -> 0 | G9: =SUM(F9,D9) -> 0
A10: 2019 | B10: Fryeburg Academy | C10: TAFRY | E10: =D10/$D$253 -> 0 | F10: =E10*$D$255 -> 0 | G10: =SUM(F10,D10) -> 0
A11: 2019 | B11: George Stevens Academy | C11: TAGEO | E11: =D11/$D$253 -> 0 | F11: =E11*$D$255 -> 0 | G11: =SUM(F11,D11) -> 0
A12: 2019 | B12: Gould Academy | C12: TAGOU | E12: =D12/$D$253 -> 0 | F12: =E12*$D$255 -> 0 | G12: =SUM(F12,D12) -> 0
A13: 2019 | B13: Lee Academy | C13: TALEE | E13: =D13/$D$253 -> 0 | F13: =E13*$D$255 -> 0 | G13: =SUM(F13,D13) -> 0
A14: 2019 | B14: Lincoln Academy | C14: TALIN | E14: =D14/$D$253 -> 0 | F14: =E14*$D$255 -> 0 | G14: =SUM(F14,D14) -> 0
A15: 2019 | B15: Maine Central Institute | C15: TAMCI | E15: =D15/$D$253 -> 0 | F15: =E15*$D$255 -> 0 | G15: =SUM(F15,D15) -> 0
A16: 2019 | B16: Thornton Academy | C16: TATHO | E16: =D16/$D$253 -> 0 | F16: =E16*$D$255 -> 0 | G16: =SUM(F16,D16) -> 0
A17: 2019 | B17: Washington Academy | C17: TAWAS | E17: =D17/$D$253 -> 0 | F17: =E17*$D$255 -> 0 | G17: =SUM(F17,D17) -> 0
A18: 2019 | B18: Acton School Department | C18: TCACT | D18: 5858 | E18: =D18/$D$253 -> 0.00094672483 | F18: =E18*$D$255 -> 125502.01 | G18: =SUM(F18,D18) -> 131360.01
A19: 2019 | B19: Andover School Department | C19: TCAND | D19: 3084 | E19: =D19/$D$253 -> 0.00049841232 | F19: =E19*$D$255 -> 66071.728 | G19: =SUM(F19,D19) -> 69155.728
A20: 2019 | B20: Athens School Department | C20: TCATH | D20: 6820 | E20: =D20/$D$253 -> 0.0011021959 | F20: =E20*$D$255 -> 146111.93 | G20: =SUM(F20,D20) -> 152931.93
A21: 2019 | B21: Auburn School Department | C21: TCAUB | D21: 137736 | E21: =D21/$D$253 -> 0.022259831 | F21: =E21*$D$255 -> 2950861.1 | G21: =SUM(F21,D21) -> 3088597.1
A22: 2019 | B22: Augusta School Department | C22: TCAUG | D22: 127715 | E22: =D22/$D$253 -> 0.020640314 | F22: =E22*$D$255 -> 2736170.8 | G22: =SUM(F22,D22) -> 2863885.8
A23: 2019 | B23: Bangor School Department | C23: TCBAN | D23: 202991 | E23: =D23/$D$253 -> 0.032805842 | F23: =E23*$D$255 -> 4348886.6 | G23: =SUM(F23,D23) -> 4551877.6
A24: 2019 | B24: Biddeford School Department | C24: TCBID | D24: 78470 | E24: =D24/$D$253 -> 0.012681717 | F24: =E24*$D$255 -> 1681144.1 | G24: =SUM(F24,D24) -> 1759614.1
A25: 2019 | B25: Brewer School Department | C25: TCBRE | D25: 29387 | E25: =D25/$D$253 -> 0.0047493005 | F25: =E25*$D$255 -> 629588.16 | G25: =SUM(F25,D25) -> 658975.16
A26: 2019 | B26: Brunswick School Department | C26: TCBRU | D26: 33599 | E26: =D26/$D$253 -> 0.0054300115 | F26: =E26*$D$255 -> 719826.2 | G26: =SUM(F26,D26) -> 753425.2
A27: 2019 | B27: Calais School Department | C27: TCCAL | D27: 18582 | E27: =D27/$D$253 -> 0.0030030797 | F27: =E27*$D$255 -> 398101.44 | G27: =SUM(F27,D27) -> 416683.44
A28: 2019 | B28: Caswell School Department | C28: TCCAS | D28: 1785 | E28: =D28/$D$253 -> 0.00028847795 | F28: =E28*$D$255 -> 38241.905 | G28: =SUM(F28,D28) -> 40026.905
A29: 2019 | B29: Cape Elizabeth School Department | C29: TCCEL | D29: 23281 | E29: =D29/$D$253 -> 0.0037624959 | F29: =E29*$D$255 -> 498772.99 | G29: =SUM(F29,D29) -> 522053.99
A30: 2019 | B30: Chebeague Island School Department | C30: TCCHE | E30: =D30/$D$253 -> 0 | F30: =E30*$D$255 -> 0 | G30: =SUM(F30,D30) -> 0
A31: 2019 | B31: Cherryfield School Department | C31: TCCHR | D31: 3135 | E31: =D31/$D$253 -> 0.00050665455 | F31: =E31*$D$255 -> 67164.354 | G31: =SUM(F31,D31) -> 70299.354
A32: 2019 | B32: Dayton School Department | C32: TCDAY | D32: 3465 | E32: =D32/$D$253 -> 0.00055998661 | F32: =E32*$D$255 -> 74234.286 | G32: =SUM(F32,D32) -> 77699.286
A33: 2019 | B33: Easton School Department | C33: TCEAS | E33: =D33/$D$253 -> 0 | F33: =E33*$D$255 -> 0 | G33: =SUM(F33,D33) -> 0
A34: 2019 | B34: Ellsworth School Department | C34: TCELL | D34: 40465 | E34: =D34/$D$253 -> 0.0065396416 | F34: =E34*$D$255 -> 866923.63 | G34: =SUM(F34,D34) -> 907388.63
A35: 2019 | B35: East Millinocket School Department | C35: TCEML | D35: 11306 | E35: =D35/$D$253 -> 0.0018271886 | F35: =E35*$D$255 -> 242220.16 | G35: =SUM(F35,D35) -> 253526.16
A36: 2019 | B36: Eustis School Department | C36: TCEUS | D36: 6238 | E36: =D36/$D$253 -> 0.0010081375 | F36: =E36*$D$255 -> 133643.14 | G36: =SUM(F36,D36) -> 139881.14
A37: 2019 | B37: Falmouth School Department | C37: TCFAL | D37: 8211 | E37: =D37/$D$253 -> 0.0013269986 | F37: =E37*$D$255 -> 175912.76 | G37: =SUM(F37,D37) -> 184123.76
A38: 2019 | B38: Fayette School Department | C38: TCFAY | D38: 2184 | E38: =D38/$D$253 -> 0.00035296125 | F38: =E38*$D$255 -> 46790.096 | G38: =SUM(F38,D38) -> 48974.096
A39: 2019 | B39: Glenburn School Department | C39: TCGLE | D39: 8316 | E39: =D39/$D$253 -> 0.0013439679 | F39: =E39*$D$255 -> 178162.29 | G39: =SUM(F39,D39) -> 186478.29
A40: 2019 | B40: Gorham School Department | C40: TCGOR | D40: 40776 | E40: =D40/$D$253 -> 0.006589903 | F40: =E40*$D$255 -> 873586.51 | G40: =SUM(F40,D40) -> 914362.51
A41: 2019 | B41: Hancock School Department | C41: TCHAN | D41: 9444 | E41: =D41/$D$253 -> 0.0015262665 | F41: =E41*$D$255 -> 202328.6 | G41: =SUM(F41,D41) -> 211772.6
A42: 2019 | B42: Hermon School Department | C42: TCHER | D42: 19260 | E42: =D42/$D$253 -> 0.0031126528 | F42: =E42*$D$255 -> 412626.94 | G42: =SUM(F42,D42) -> 431886.94
A43: 2019 | B43: Islesboro School Department | C43: TCISL | D43: 2039 | E43: =D43/$D$253 -> 0.00032952747 | F43: =E43*$D$255 -> 43683.61 | G43: =SUM(F43,D43) -> 45722.61
A44: 2019 | B44: Kittery School Department | C44: TCKIT | D44: 30474 | E44: =D44/$D$253 -> 0.0049249731 | F44: =E44*$D$255 -> 652876.09 | G44: =SUM(F44,D44) -> 683350.09
A45: 2019 | B45: Lamoine School Department | C45: TCLAM | D45: 3419 | E45: =D45/$D$253 -> 0.00055255244 | F45: =E45*$D$255 -> 73248.78 | G45: =SUM(F45,D45) -> 76667.78
... A48: 2019 | B48: Lisbon School Department | C48: TCLIS | D48: 41514 | E48: =D48/$D$253 -> 0.0067091729 | F48: =E48*$D$255 -> 889397.45 | G48: =SUM(F48,D48) -> 930911.45
A49: 2019 | B49: Long Island School Department | C49: TCLON | E49: =D49/$D$253 -> 0 | F49: =E49*$D$255 -> 0 | G49: =SUM(F49,D49) -> 0
A50: 2019 | B50: Madawaska School Department | C50: TCMAD | D50: 17324 | E50: =D50/$D$253 -> 0.0027997714 | F50: =E50*$D$255 -> 371150.01 | G50: =SUM(F50,D50) -> 388474.01
A51: 2019 | B51: Maine Education Association | C51: TCMEA | D51: 7976 | E51: =D51/$D$253 -> 0.0012890197 | F51: =E51*$D$255 -> 170878.11 | G51: =SUM(F51,D51) -> 178854.11
A52: 2019 | B52: Medway School Department | C52: TCMED | D52: 6018 | E52: =D52/$D$253 -> 0.0009725828 | F52: =E52*$D$255 -> 128929.85 | G52: =SUM(F52,D52) -> 134947.85
A53: 2019 | B53: Millinocket School Department | C53: TCMIL | D53: 26407 | E53: =D53/$D$253 -> 0.0042676959 | F53: =E53*$D$255 -> 565744.53 | G53: =SUM(F53,D53) -> 592151.53
A54: 2019 | B54: Maine Ocean School | C54: TCMOS | E54: =D54/$D$253 -> 0 | F54: =E54*$D$255 -> 0 | G54: =SUM(F54,D54) -> 0
A55: 2019 | B55: Maine School of Science and Mathematics | C55: TCMSM | E55: =D55/$D$253 -> 0 | F55: =E55*$D$255 -> 0 | G55: =SUM(F55,D55) -> 0
A56: 2019 | B56: Northport School Department | C56: TCNOR | D56: 3110 | E56: =D56/$D$253 -> 0.00050261424 | F56: =E56*$D$255 -> 66628.753 | G56: =SUM(F56,D56) -> 69738.753
A57: 2019 | B57: Otis School Department | C57: TCOTI | E57: =D57/$D$253 -> 0 | F57: =E57*$D$255 -> 0 | G57: =SUM(F57,D57) -> 0
A58: 2019 | B58: Portland School Department | C58: TCPOR | D58: 327731 | E58: =D58/$D$253 -> 0.052965359 | F58: =E58*$D$255 -> 7021320.9 | G58: =SUM(F58,D58) -> 7349051.9
A59: 2019 | B59: Saco School Department | C59: TCSAC | D59: 43453 | E59: =D59/$D$253 -> 0.0070225391 | F59: =E59*$D$255 -> 930938.65 | G59: =SUM(F59,D59) -> 974391.65
A60: 2019 | B60: Sanford School Department | C60: TCSAN | D60: 127910 | E60: =D60/$D$253 -> 0.020671829 | F60: =E60*$D$255 -> 2740348.5 | G60: =SUM(F60,D60) -> 2868258.5
A61: 2019 | B61: Scarborough School Department | C61: TCSCA | D61: 49617 | E61: =D61/$D$253 -> 0.0080187173 | F61: =E61*$D$255 -> 1062996.4 | G61: =SUM(F61,D61) -> 1112613.4
A62: 2019 | B62: Sebago Public Schools | C62: TCSEB | D62: 3294 | E62: =D62/$D$253 -> 0.0005323509 | F62: =E62*$D$255 -> 70570.776 | G62: =SUM(F62,D62) -> 73864.776
A63: 2019 | B63: South Portland School Department | C63: TCSPO | D63: 123522 | E63: =D63/$D$253 -> 0.019962674 | F63: =E63*$D$255 -> 2646339.8 | G63: =SUM(F63,D63) -> 2769861.8
A64: 2019 | B64: Saint George Municipal School Unit | C64: TCSTG | D64: 5270 | E64: =D64/$D$253 -> 0.0008516968 | F64: =E64*$D$255 -> 112904.67 | G64: =SUM(F64,D64) -> 118174.67
A65: 2019 | B65: Veazie School Department | C65: TCVEA | D65: 3273 | E65: =D65/$D$253 -> 0.00052895704 | F65: =E65*$D$255 -> 70120.871 | G65: =SUM(F65,D65) -> 73393.871
A66: 2019 | B66: West Bath School Department | C66: TCWBA | D66: 4327 | E66: =D66/$D$253 -> 0.0006992964 | F66: =E66*$D$255 -> 92701.806 | G66: =SUM(F66,D66) -> 97028.806
A67: 2019 | B67: Westbrook School Department | C67: TCWES | D67: 138680 | E67: =D67/$D$253 -> 0.022412393 | F67: =E67*$D$255 -> 2971085.4 | G67: =SUM(F67,D67) -> 3109765.4
A68: 2019 | B68: Winthrop School Department | C68: TCWIN | D68: 21579 | E68: =D68/$D$253 -> 0.0034874317 | F68: =E68*$D$255 -> 462309.28 | G68: =SUM(F68,D68) -> 483888.28
A69: 2019 | B69: Wiscasset School Department | C69: TCWIS | D69: 24612 | E69: =D69/$D$253 -> 0.0039776018 | F69: =E69*$D$255 -> 527288.38 | G69: =SUM(F69,D69) -> 551900.38
... A75: 2019 | B75: RSU No. 6 - Bar Mills | C75: TD006 | D75: 43206 | E75: =D75/$D$253 -> 0.0069826209 | F75: =E75*$D$255 -> 925646.92 | G75: =SUM(F75,D75) -> 968852.92
A76: 2019 | B76: MSAD 7 North Haven | C76: TD007 | E76: =D76/$D$253 -> 0 | F76: =E76*$D$255 -> 0 | G76: =SUM(F76,D76) -> 0
A77: 2019 | B77: MSAD 8 Vinalhaven | C77: TD008 | D77: 6165 | E77: =D77/$D$253 -> 0.0009963398 | F77: =E77*$D$255 -> 132079.18 | G77: =SUM(F77,D77) -> 138244.18
A78: 2019 | B78: RSU No. 9 - Farmington | C78: TD009 | D78: 105864 | E78: =D78/$D$253 -> 0.017108924 | F78: =E78*$D$255 -> 2268034.2 | G78: =SUM(F78,D78) -> 2373898.2
A79: 2019 | B79: RSU No. 11 - Gardiner | C79: TD011 | D79: 46551 | E79: =D79/$D$253 -> 0.007523214 | F79: =E79*$D$255 -> 997310.32 | G79: =SUM(F79,D79) -> 1043861.3
A80: 2019 | B80: MSAD 12 Jackman | C80: TD012 | D80: 1370 | E80: =D80/$D$253 -> 0.00022140885 | F80: =E80*$D$255 -> 29350.93 | G80: =SUM(F80,D80) -> 30720.93
A81: 2019 | B81: MSAD 13 Bingham | C81: TD013 | D81: 11475 | E81: =D81/$D$253 -> 0.0018545011 | F81: =E81*$D$255 -> 245840.82 | G81: =SUM(F81,D81) -> 257315.82
A82: 2019 | B82: RSU No. 15 - Gray | C82: TD015 | D82: 55128 | E82: =D82/$D$253 -> 0.0089093627 | F82: =E82*$D$255 -> 1181064.3 | G82: =SUM(F82,D82) -> 1236192.3
A83: 2019 | B83: RSU No. 17 - South Paris | C83: TD017 | D83: 78884 | E83: =D83/$D$253 -> 0.012748624 | F83: =E83*$D$255 -> 1690013.7 | G83: =SUM(F83,D83) -> 1768897.7
A84: 2019 | B84: MSAD 20 Fort Fairfield | C84: TD020 | D84: 20104 | E84: =D84/$D$253 -> 0.0032490536 | F84: =E84*$D$255 -> 430708.83 | G84: =SUM(F84,D84) -> 450812.83
A85: 2019 | B85: RSU No. 22 - Hampden | C85: TD022 | D85: 46186 | E85: =D85/$D$253 -> 0.0074642255 | F85: =E85*$D$255 -> 989490.55 | G85: =SUM(F85,D85) -> 1035676.5
A86: 2019 | B86: MSAD 23 Carmel | C86: TD023 | D86: 28097 | E86: =D86/$D$253 -> 0.0045408207 | F86: =E86*$D$255 -> 601951.15 | G86: =SUM(F86,D86) -> 630048.15
A87: 2019 | B87: MSAD 24 Van Buren | C87: TD024 | D87: 16697 | E87: =D87/$D$253 -> 0.0026984405 | F87: =E87*$D$255 -> 357717.14 | G87: =SUM(F87,D87) -> 374414.14
A88: 2019 | B88: MSAD 27 Fort Kent | C88: TD027 | D88: 57665 | E88: =D88/$D$253 -> 0.009319373 | F88: =E88*$D$255 -> 1235417.1 | G88: =SUM(F88,D88) -> 1293082.1
... A110: 2019 | B110: RSU No. 64 - East Corinth | C110: TD064 | D110: 31132 | E110: =D110/$D$253 -> 0.005031314 | F110: =E110*$D$255 -> 666973.1 | G110: =SUM(F110,D110) -> 698105.1
A111: 2019 | B111: MSAD 65 Matinicus | C111: TD065 | E111: =D111/$D$253 -> 0 | F111: =E111*$D$255 -> 0 | G111: =SUM(F111,D111) -> 0
A112: 2019 | B112: RSU No. 67 - Lincoln | C112: TD067 | D112: 25632 | E112: =D112/$D$253 -> 0.0041424464 | F112: =E112*$D$255 -> 549140.9 | G112: =SUM(F112,D112) -> 574772.9
A113: 2019 | B113: MSAD 68 Dover-Foxcroft | C113: TD068 | D113: 42015 | E113: =D113/$D$253 -> 0.0067901406 | F113: =E113*$D$255 -> 900130.89 | G113: =SUM(F113,D113) -> 942145.89
A114: 2019 | B114: RSU No. 72 - Fryeburg | C114: TD072 | D114: 22408 | E114: =D114/$D$253 -> 0.0036214083 | F114: =E114*$D$255 -> 480069.81 | G114: =SUM(F114,D114) -> 502477.81
A115: 2019 | B115: MSAD 74 North Anson | C115: TD074 | D115: 46593 | E115: =D115/$D$253 -> 0.0075300017 | F115: =E115*$D$255 -> 998210.13 | G115: =SUM(F115,D115) -> 1044803.1
A116: 2019 | B116: RSU No. 75 - Topsham | C116: TD075 | D116: 99554 | E116: =D116/$D$253 -> 0.016089151 | F116: =E116*$D$255 -> 2132848.5 | G116: =SUM(F116,D116) -> 2232402.5
A117: 2019 | B117: Pleasant Point School | C117: TIE001 | D117: 37777 | E117: =D117/$D$253 -> 0.0061052277 | F117: =E117*$D$255 -> 809335.82 | G117: =SUM(F117,D117) -> 847112.82
A118: 2019 | B118: Indian Township | C118: TIE002 | D118: 40396 | E118: =D118/$D$253 -> 0.0065284903 | F118: =E118*$D$255 -> 865445.37 | G118: =SUM(F118,D118) -> 905841.37
A119: 2019 | B119: Indian Island | C119: TIE003 | D119: 21347 | E119: =D119/$D$253 -> 0.0034499377 | F119: =E119*$D$255 -> 457338.91 | G119: =SUM(F119,D119) -> 478685.91
A120: 2019 | B120: Maine Indian Education | C120: TIE004 | D120: 9582 | E120: =D120/$D$253 -> 0.001548569 | F120: =E120*$D$255 -> 205285.12 | G120: =SUM(F120,D120) -> 214867.12
A121: 2019 | B121: Region No. 2 Southern Aroostook County | C121: TR002 | E121: =D121/$D$253 -> 0 | F121: =E121*$D$255 -> 0 | G121: =SUM(F121,D121) -> 0
A122: 2019 | B122: Region No. 3 Northern Penobscot County | C122: TR003 | E122: =D122/$D$253 -> 0 | F122: =E122*$D$255 -> 0 | G122: =SUM(F122,D122) -> 0
A123: 2019 | B123: Region No. 4 United Technologies Center | C123: TR004 | D123: 5189 | E123: =D123/$D$253 -> 0.0008386062 | F123: =E123*$D$255 -> 111169.32 | G123: =SUM(F123,D123) -> 116358.32
A124: 2019 | B124: Region No. 7 Waldo County | C124: TR007 | D124: 950 | E124: =D124/$D$253 -> 0.00015353168 | F124: =E124*$D$255 -> 20352.835 | G124: =SUM(F124,D124) -> 21302.835
A125: 2019 | B125: Region No. 8 Mid-Coast School of Technology | C125: TR008 | E125: =D125/$D$253 -> 0 | F125: =E125*$D$255 -> 0 | G125: =SUM(F125,D125) -> 0
A126: 2019 | B126: Region No. 9 School of Applied Technology | C126: TR009 | D126: 149 | E126: =D126/$D$253 -> 2.4080232e-05 | F126: =E126*$D$255 -> 3192.1814 | G126: =SUM(F126,D126) -> 3341.1814
A127: 2019 | B127: Region No. 10 Cumberland Sagadahoc County | C127: TR010 | D127: 4160 | E127: =D127/$D$253 -> 0.00067230715 | F127: =E127*$D$255 -> 89123.991 | G127: =SUM(F127,D127) -> 93283.991
A128: 2019 | B128: Region No. 11 Oxford Hill Technical School | C128: TR011 | E128: =D128/$D$253 -> 0 | F128: =E128*$D$255 -> 0 | G128: =SUM(F128,D128) -> 0
...

Sheet 2020
A1: Year | B1: district_name | C1: employer_code | D1: district_contributions | F1: state_contributions | G1: total_contributions
A2: 2020 | B2: Isle Au Haut School Department | C2: T0802 | E2: =D2/$D$254 -> 0 | F2: =E2*$D$256 -> 0 | G2: =SUM(F2,D2) -> 0
A3: 2020 | B3: Monhegan Plantation School Department | C3: T0804 | E3: =D3/$D$254 -> 0 | F3: =E3*$D$256 -> 0 | G3: =SUM(F3,D3) -> 0
A4: 2020 | B4: CSD No. 13 Deer Isle - Stonington | C4: T0913 | D4: 10566 | E4: =D4/$D$254 -> 0.0013523296 | F4: =E4*$D$256 -> 235430.84 | G4: =SUM(F4,D4) -> 245996.84
A5: 2020 | B5: CSD No. 17 Moosabec | C5: T0917 | D5: 3914 | E5: =D5/$D$254 -> 0.00050094814 | F5: =E5*$D$256 -> 87211.463 | G5: =SUM(F5,D5) -> 91125.463
A6: 2020 | B6: CSD No. 18 Wells - Ogunquit | C6: T0918 | D6: 42431 | E6: =D6/$D$254 -> 0.0054306925 | F6: =E6*$D$256 -> 945444.45 | G6: =SUM(F6,D6) -> 987875.45
A7: 2020 | B7: CSD No. 19 Five Town CSD | C7: T0919 | D7: 8218 | E7: =D7/$D$254 -> 0.0010518119 | F7: =E7*$D$256 -> 183112.88 | G7: =SUM(F7,D7) -> 191330.88
A8: 2020 | B8: Erskine Academy | C8: TAERS | E8: =D8/$D$254 -> 0 | F8: =E8*$D$256 -> 0 | G8: =SUM(F8,D8) -> 0
A9: 2020 | B9: Foxcroft Academy | C9: TAFOX | E9: =D9/$D$254 -> 0 | F9: =E9*$D$256 -> 0 | G9: =SUM(F9,D9) -> 0
A10: 2020 | B10: Fryeburg Academy | C10: TAFRY | E10: =D10/$D$254 -> 0 | F10: =E10*$D$256 -> 0 | G10: =SUM(F10,D10) -> 0
A11: 2020 | B11: George Stevens Academy | C11: TAGEO | E11: =D11/$D$254 -> 0 | F11: =E11*$D$256 -> 0 | G11: =SUM(F11,D11) -> 0
A12: 2020 | B12: Gould Academy | C12: TAGOU | E12: =D12/$D$254 -> 0 | F12: =E12*$D$256 -> 0 | G12: =SUM(F12,D12) -> 0
A13: 2020 | B13: Lee Academy | C13: TALEE | E13: =D13/$D$254 -> 0 | F13: =E13*$D$256 -> 0 | G13: =SUM(F13,D13) -> 0
A14: 2020 | B14: Lincoln Academy | C14: TALIN | E14: =D14/$D$254 -> 0 | F14: =E14*$D$256 -> 0 | G14: =SUM(F14,D14) -> 0
A15: 2020 | B15: Maine Central Institute | C15: TAMCI | E15: =D15/$D$254 -> 0 | F15: =E15*$D$256 -> 0 | G15: =SUM(F15,D15) -> 0
A16: 2020 | B16: Thornton Academy | C16: TATHO | E16: =D16/$D$254 -> 0 | F16: =E16*$D$256 -> 0 | G16: =SUM(F16,D16) -> 0
A17: 2020 | B17: Washington Academy | C17: TAWAS | E17: =D17/$D$254 -> 0 | F17: =E17*$D$256 -> 0 | G17: =SUM(F17,D17) -> 0
A18: 2020 | B18: Acton School Department | C18: TCACT | D18: 6799 | E18: =D18/$D$254 -> 0.00087019581 | F18: =E18*$D$256 -> 151494.82 | G18: =SUM(F18,D18) -> 158293.82
A19: 2020 | B19: Andover School Department | C19: TCAND | D19: 2732 | E19: =D19/$D$254 -> 0.00034966539 | F19: =E19*$D$256 -> 60874.225 | G19: =SUM(F19,D19) -> 63606.225
A20: 2020 | B20: Athens School Department | C20: TCATH | D20: 5885 | E20: =D20/$D$254 -> 0.00075321405 | F20: =E20*$D$256 -> 131129.14 | G20: =SUM(F20,D20) -> 137014.14
A21: 2020 | B21: Auburn School Department | C21: TCAUB | D21: 151327 | E21: =D21/$D$254 -> 0.01936816 | F21: =E21*$D$256 -> 3371857.2 | G21: =SUM(F21,D21) -> 3523184.2
A22: 2020 | B22: Augusta School Department | C22: TCAUG | D22: 160360 | E22: =D22/$D$254 -> 0.020524283 | F22: =E22*$D$256 -> 3573129.8 | G22: =SUM(F22,D22) -> 3733489.8
A23: 2020 | B23: Bangor School Department | C23: TCBAN | D23: 241833 | E23: =D23/$D$254 -> 0.030951914 | F23: =E23*$D$256 -> 5388505.3 | G23: =SUM(F23,D23) -> 5630338.3
A24: 2020 | B24: Biddeford School Department | C24: TCBID | D24: 103675 | E24: =D24/$D$254 -> 0.013269238 | F24: =E24*$D$256 -> 2310078.8 | G24: =SUM(F24,D24) -> 2413753.8
A25: 2020 | B25: Brewer School Department | C25: TCBRE | D25: 28032 | E25: =D25/$D$254 -> 0.0035877819 | F25: =E25*$D$256 -> 624606.98 | G25: =SUM(F25,D25) -> 652638.98
A26: 2020 | B26: Brunswick School Department | C26: TCBRU | D26: 37494 | E26: =D26/$D$254 -> 0.0047988119 | F26: =E26*$D$256 -> 835438.57 | G26: =SUM(F26,D26) -> 872932.57
A27: 2020 | B27: Calais School Department | C27: TCCAL | D27: 28321 | E27: =D27/$D$254 -> 0.0036247706 | F27: =E27*$D$256 -> 631046.46 | G27: =SUM(F27,D27) -> 659367.46
A28: 2020 | B28: Caswell School Department | C28: TCCAS | D28: 2914 | E28: =D28/$D$254 -> 0.00037295935 | F28: =E28*$D$256 -> 64929.535 | G28: =SUM(F28,D28) -> 67843.535
A29: 2020 | B29: Cape Elizabeth School Department | C29: TCCEL | D29: 28284 | E29: =D29/$D$254 -> 0.0036200351 | F29: =E29*$D$256 -> 630222.02 | G29: =SUM(F29,D29) -> 658506.02
A30: 2020 | B30: Chebeague Island School Department | C30: TCCHE | E30: =D30/$D$254 -> 0 | F30: =E30*$D$256 -> 0 | G30: =SUM(F30,D30) -> 0
A31: 2020 | B31: Cherryfield School Department | C31: TCCHR | D31: 11605 | E31: =D31/$D$254 -> 0.00148531 | F31: =E31*$D$256 -> 258581.76 | G31: =SUM(F31,D31) -> 270186.76
A32: 2020 | B32: Dayton School Department | C32: TCDAY | D32: 4509 | E32: =D32/$D$254 -> 0.00057710147 | F32: =E32*$D$256 -> 100469.21 | G32: =SUM(F32,D32) -> 104978.21
A33: 2020 | B33: Easton School Department | C33: TCEAS | E33: =D33/$D$254 -> 0 | F33: =E33*$D$256 -> 0 | G33: =SUM(F33,D33) -> 0
A34: 2020 | B34: Ellsworth School Department | C34: TCELL | D34: 39080 | E34: =D34/$D$254 -> 0.0050018021 | F34: =E34*$D$256 -> 870777.71 | G34: =SUM(F34,D34) -> 909857.71
A35: 2020 | B35: East Millinocket School Department | C35: TCEML | D35: 19808 | E35: =D35/$D$254 -> 0.002535202 | F35: =E35*$D$256 -> 441360.41 | G35: =SUM(F35,D35) -> 461168.41
A36: 2020 | B36: Eustis School Department | C36: TCEUS | D36: 5475 | E36: =D36/$D$254 -> 0.00070073865 | F36: =E36*$D$256 -> 121993.55 | G36: =SUM(F36,D36) -> 127468.55
A37: 2020 | B37: Falmouth School Department | C37: TCFAL | D37: 2472 | E37: =D37/$D$254 -> 0.0003163883 | F37: =E37*$D$256 -> 55080.924 | G37: =SUM(F37,D37) -> 57552.924
A38: 2020 | B38: Fayette School Department | C38: TCFAY | D38: 2266 | E38: =D38/$D$254 -> 0.00029002261 | F38: =E38*$D$256 -> 50490.847 | G38: =SUM(F38,D38) -> 52756.847
A39: 2020 | B39: Glenburn School Department | C39: TCGLE | D39: 8343 | E39: =D39/$D$254 -> 0.0010678105 | F39: =E39*$D$256 -> 185898.12 | G39: =SUM(F39,D39) -> 194241.12
A40: 2020 | B40: Gorham School Department | C40: TCGOR | D40: 41687 | E40: =D40/$D$254 -> 0.0053354689 | F40: =E40*$D$256 -> 928866.69 | G40: =SUM(F40,D40) -> 970553.69
A41: 2020 | B41: Hancock School Department | C41: TCHAN | D41: 7729 | E41: =D41/$D$254 -> 0.00098922539 | F41: =E41*$D$256 -> 172217.01 | G41: =SUM(F41,D41) -> 179946.01
A42: 2020 | B42: Hermon School Department | C42: TCHER | D42: 21969 | E42: =D42/$D$254 -> 0.0028117858 | F42: =E42*$D$256 -> 489511.66 | G42: =SUM(F42,D42) -> 511480.66
A43: 2020 | B43: Islesboro School Department | C43: TCISL | D43: 1224 | E43: =D43/$D$254 -> 0.00015665828 | F43: =E43*$D$256 -> 27273.079 | G43: =SUM(F43,D43) -> 28497.079
A44: 2020 | B44: Kittery School Department | C44: TCKIT | D44: 19217 | E44: =D44/$D$254 -> 0.0024595607 | F44: =E44*$D$256 -> 428191.79 | G44: =SUM(F44,D44) -> 447408.79
A45: 2020 | B45: Lamoine School Department | C45: TCLAM | D45: 4550 | E45: =D45/$D$254 -> 0.00058234901 | F45: =E45*$D$256 -> 101382.77 | G45: =SUM(F45,D45) -> 105932.77
... A49: 2020 | B49: Limestone Public Schools | C49: TCLMS | D49: 5319 | E49: =D49/$D$254 -> 0.0006807724 | F49: =E49*$D$256 -> 118517.57 | G49: =SUM(F49,D49) -> 123836.57
A50: 2020 | B50: Long Island School Department | C50: TCLON | E50: =D50/$D$254 -> 0 | F50: =E50*$D$256 -> 0 | G50: =SUM(F50,D50) -> 0
A51: 2020 | B51: Madawaska School Department | C51: TCMAD | D51: 32617 | E51: =D51/$D$254 -> 0.0041746105 | F51: =E51*$D$256 -> 726769.61 | G51: =SUM(F51,D51) -> 759386.61
A52: 2020 | B52: Maine Education Association | C52: TCMEA | D52: 12691 | E52: =D52/$D$254 -> 0.0016243058 | F52: =E52*$D$256 -> 282779.94 | G52: =SUM(F52,D52) -> 295470.94
A53: 2020 | B53: Medway School Department | C53: TCMED | D53: 8605 | E53: =D53/$D$254 -> 0.0011013436 | F53: =E53*$D$256 -> 191735.98 | G53: =SUM(F53,D53) -> 200340.98
A54: 2020 | B54: Millinocket School Department | C54: TCMIL | D54: 23879 | E54: =D54/$D$254 -> 0.0030562444 | F54: =E54*$D$256 -> 532070.14 | G54: =SUM(F54,D54) -> 555949.14
A55: 2020 | B55: Maine Ocean School | C55: TCMOS | E55: =D55/$D$254 -> 0 | F55: =E55*$D$256 -> 0 | G55: =SUM(F55,D55) -> 0
A56: 2020 | B56: Maine School of Science and Mathematics | C56: TCMSM | E56: =D56/$D$254 -> 0 | F56: =E56*$D$256 -> 0 | G56: =SUM(F56,D56) -> 0
A57: 2020 | B57: Northport School Department | C57: TCNOR | D57: 3947 | E57: =D57/$D$254 -> 0.00050517177 | F57: =E57*$D$256 -> 87946.766 | G57: =SUM(F57,D57) -> 91893.766
A58: 2020 | B58: Otis School Department | C58: TCOTI | D58: 2516 | E58: =D58/$D$254 -> 0.00032201981 | F58: =E58*$D$256 -> 56061.328 | G58: =SUM(F58,D58) -> 58577.328
A59: 2020 | B59: Portland School Department | C59: TCPOR | D59: 720980 | E59: =D59/$D$254 -> 0.092277361 | F59: =E59*$D$256 -> 16064824 | G59: =SUM(F59,D59) -> 16785804
A60: 2020 | B60: Saco School Department | C60: TCSAC | D60: 58375 | E60: =D60/$D$254 -> 0.0074713459 | F60: =E60*$D$256 -> 1300707.5 | G60: =SUM(F60,D60) -> 1359082.5
A61: 2020 | B61: Sanford School Department | C61: TCSAN | D61: 126478 | E61: =D61/$D$254 -> 0.016187767 | F61: =E61*$D$256 -> 2818173.6 | G61: =SUM(F61,D61) -> 2944651.6
A62: 2020 | B62: Scarborough School Department | C62: TCSCA | D62: 60779 | E62: =D62/$D$254 -> 0.0077790309 | F62: =E62*$D$256 -> 1354273.2 | G62: =SUM(F62,D62) -> 1415052.2
A63: 2020 | B63: Sebago Public Schools | C63: TCSEB | D63: 3158 | E63: =D63/$D$254 -> 0.00040418861 | F63: =E63*$D$256 -> 70366.326 | G63: =SUM(F63,D63) -> 73524.326
A64: 2020 | B64: South Portland School Department | C64: TCSPO | D64: 143721 | E64: =D64/$D$254 -> 0.018394678 | F64: =E64*$D$256 -> 3202380.8 | G64: =SUM(F64,D64) -> 3346101.8
A65: 2020 | B65: Saint George Municipal School Unit | C65: TCSTG | D65: 9127 | E65: =D65/$D$254 -> 0.0011681537 | F65: =E65*$D$256 -> 203367.15 | G65: =SUM(F65,D65) -> 212494.15
A66: 2020 | B66: Veazie School Department | C66: TCVEA | D66: 3537 | E66: =D66/$D$254 -> 0.00045269637 | F66: =E66*$D$256 -> 78811.176 | G66: =SUM(F66,D66) -> 82348.176
A67: 2020 | B67: West Bath School Department | C67: TCWBA | D67: 7702 | E67: =D67/$D$254 -> 0.00098576969 | F67: =E67*$D$256 -> 171615.4 | G67: =SUM(F67,D67) -> 179317.4
A68: 2020 | B68: Westbrook School Department | C68: TCWES | D68: 180315 | E68: =D68/$D$254 -> 0.023078299 | F68: =E68*$D$256 -> 4017765.7 | G68: =SUM(F68,D68) -> 4198080.7
... A76: 2020 | B76: RSU No. 6 - Bar Mills | C76: TD006 | D76: 59564 | E76: =D76/$D$254 -> 0.0076235245 | F76: =E76*$D$256 -> 1327200.7 | G76: =SUM(F76,D76) -> 1386764.7
A77: 2020 | B77: MSAD 7 North Haven | C77: TD007 | E77: =D77/$D$254 -> 0 | F77: =E77*$D$256 -> 0 | G77: =SUM(F77,D77) -> 0
A78: 2020 | B78: MSAD 8 Vinalhaven | C78: TD008 | D78: 7353 | E78: =D78/$D$254 -> 0.0009411016 | F78: =E78*$D$256 -> 163839.01 | G78: =SUM(F78,D78) -> 171192.01
A79: 2020 | B79: RSU No. 9 - Farmington | C79: TD009 | D79: 133316 | E79: =D79/$D$254 -> 0.017062954 | F79: =E79*$D$256 -> 2970537.4 | G79: =SUM(F79,D79) -> 3103853.4
A80: 2020 | B80: RSU No. 11 - Gardiner | C80: TD011 | D80: 48228 | E80: =D80/$D$254 -> 0.0061726436 | F80: =E80*$D$256 -> 1074612.8 | G80: =SUM(F80,D80) -> 1122840.8
A81: 2020 | B81: MSAD 12 Jackman | C81: TD012 | D81: 2223 | E81: =D81/$D$254 -> 0.00028451909 | F81: =E81*$D$256 -> 49532.724 | G81: =SUM(F81,D81) -> 51755.724
A82: 2020 | B82: MSAD 13 Bingham | C82: TD013 | D82: 20116 | E82: =D82/$D$254 -> 0.0025746226 | F82: =E82*$D$256 -> 448223.24 | G82: =SUM(F82,D82) -> 468339.24
A83: 2020 | B83: RSU No. 15 - Gray | C83: TD015 | D83: 69308 | E83: =D83/$D$254 -> 0.0088706474 | F83: =E83*$D$256 -> 1544315.8 | G83: =SUM(F83,D83) -> 1613623.8
A84: 2020 | B84: RSU No. 17 - South Paris | C84: TD017 | D84: 71527 | E84: =D84/$D$254 -> 0.0091546545 | F84: =E84*$D$256 -> 1593759.4 | G84: =SUM(F84,D84) -> 1665286.4
A85: 2020 | B85: MSAD 20 Fort Fairfield | C85: TD020 | D85: 26831 | E85: =D85/$D$254 -> 0.0034340673 | F85: =E85*$D$256 -> 597846.38 | G85: =SUM(F85,D85) -> 624677.38
A86: 2020 | B86: RSU No. 22 - Hampden | C86: TD022 | D86: 61237 | E86: =D86/$D$254 -> 0.0078376498 | F86: =E86*$D$256 -> 1364478.4 | G86: =SUM(F86,D86) -> 1425715.4
A87: 2020 | B87: MSAD 23 Carmel | C87: TD023 | D87: 34097 | E87: =D87/$D$254 -> 0.0043640339 | F87: =E87*$D$256 -> 759746.87 | G87: =SUM(F87,D87) -> 793843.87
A88: 2020 | B88: MSAD 24 Van Buren | C88: TD024 | D88: 22790 | E88: =D88/$D$254 -> 0.0029168646 | F88: =E88*$D$256 -> 507805.12 | G88: =SUM(F88,D88) -> 530595.12
A89: 2020 | B89: MSAD 27 Fort Kent | C89: TD027 | D89: 48518 | E89: =D89/$D$254 -> 0.0062097603 | F89: =E89*$D$256 -> 1081074.5 | G89: =SUM(F89,D89) -> 1129592.5
... A111: 2020 | B111: RSU No. 64 - East Corinth | C111: TD064 | D111: 37420 | E111: =D111/$D$254 -> 0.0047893407 | F111: =E111*$D$256 -> 833789.71 | G111: =SUM(F111,D111) -> 871209.71
A112: 2020 | B112: MSAD 65 Matinicus | C112: TD065 | E112: =D112/$D$254 -> 0 | F112: =E112*$D$256 -> 0 | G112: =SUM(F112,D112) -> 0
A113: 2020 | B113: RSU No. 67 - Lincoln | C113: TD067 | D113: 32147 | E113: =D113/$D$254 -> 0.0041144558 | F113: =E113*$D$256 -> 716297.11 | G113: =SUM(F113,D113) -> 748444.11
A114: 2020 | B114: MSAD 68 Dover-Foxcroft | C114: TD068 | D114: 40043 | E114: =D114/$D$254 -> 0.0051250553 | F114: =E114*$D$256 -> 892235.21 | G114: =SUM(F114,D114) -> 932278.21
A115: 2020 | B115: RSU No. 72 - Fryeburg | C115: TD072 | D115: 26938 | E115: =D115/$D$254 -> 0.0034477621 | F115: =E115*$D$256 -> 600230.55 | G115: =SUM(F115,D115) -> 627168.55
A116: 2020 | B116: MSAD 74 North Anson | C116: TD074 | D116: 58502 | E116: =D116/$D$254 -> 0.0074876004 | F116: =E116*$D$256 -> 1303537.3 | G116: =SUM(F116,D116) -> 1362039.3
A117: 2020 | B117: RSU No. 75 - Topsham | C117: TD075 | D117: 66442 | E117: =D117/$D$254 -> 0.0085038315 | F117: =E117*$D$256 -> 1480455.8 | G117: =SUM(F117,D117) -> 1546897.8
A118: 2020 | B118: Pleasant Point School | C118: TIE001 | D118: 51159 | E118: =D118/$D$254 -> 0.0065477787 | F118: =E118*$D$256 -> 1139921.1 | G118: =SUM(F118,D118) -> 1191080.1
A119: 2020 | B119: Indian Township | C119: TIE002 | D119: 44713 | E119: =D119/$D$254 -> 0.005722763 | F119: =E119*$D$256 -> 996291.8 | G119: =SUM(F119,D119) -> 1041004.8
A120: 2020 | B120: Indian Island | C120: TIE003 | D120: 31704 | E120: =D120/$D$254 -> 0.0040577567 | F120: =E120*$D$256 -> 706426.22 | G120: =SUM(F120,D120) -> 738130.22
A121: 2020 | B121: Maine Indian Education | C121: TIE004 | D121: 13127 | E121: =D121/$D$254 -> 0.0016801089 | F121: =E121*$D$256 -> 292494.86 | G121: =SUM(F121,D121) -> 305621.86
A122: 2020 | B122: Region No. 2 Southern Aroostook County | C122: TR002 | E122: =D122/$D$254 -> 0 | F122: =E122*$D$256 -> 0 | G122: =SUM(F122,D122) -> 0
A123: 2020 | B123: Region No. 3 Northern Penobscot County | C123: TR003 | E123: =D123/$D$254 -> 0 | F123: =E123*$D$256 -> 0 | G123: =SUM(F123,D123) -> 0
A124: 2020 | B124: Region No. 4 United Technologies Center | C124: TR004 | D124: 6261 | E124: =D124/$D$254 -> 0.00080133784 | F124: =E124*$D$256 -> 139507.15 | G124: =SUM(F124,D124) -> 145768.15
A125: 2020 | B125: Region No. 7 Waldo County | C125: TR007 | D125: 1011 | E125: =D125/$D$254 -> 0.00012939667 | F125: =E125*$D$256 -> 22527.028 | G125: =SUM(F125,D125) -> 23538.028
A126: 2020 | B126: Region No. 8 Mid-Coast School of Technology | C126: TR008 | E126: =D126/$D$254 -> 0 | F126: =E126*$D$256 -> 0 | G126: =SUM(F126,D126) -> 0
A127: 2020 | B127: Region No. 9 School of Applied Technology | C127: TR009 | D127: 1595 | E127: =D127/$D$254 -> 0.00020414213 | F127: =E127*$D$256 -> 35539.674 | G127: =SUM(F127,D127) -> 37134.674
A128: 2020 | B128: Region No. 10 Cumberland Sagadahoc County | C128: TR010 | D128: 2387 | E128: =D128/$D$254 -> 0.00030550925 | F128: =E128*$D$256 -> 53186.96 | G128: =SUM(F128,D128) -> 55573.96
A129: 2020 | B129: Region No. 11 Oxford Hill Technical School | C129: TR011 | D129: 468 | E129: =D129/$D$254 -> 5.9898756e-05 | F129: =E129*$D$256 -> 10427.942 | G129: =SUM(F129,D129) -> 10895.942
A130: 2020 | B130: Regional School Unit No. 1 | C130: TS001 | D130: 68037 | E130: =D130/$D$254 -> 0.0087079736 | F130: =E130*$D$256 -> 1515995.5 | G130: =SUM(F130,D130) -> 1584032.5
A131: 2020 | B131: Regional School Unit No. 2 | C131: TS002 | D131: 57414 | E131: =D131/$D$254 -> 0.0073483486 | F131: =E131*$D$256 -> 1279294.6 | G131: =SUM(F131,D131) -> 1336708.6
...

Sheet 2021
A1: Year | B1: district_name | C1: employer_code | D1: district_contributions | F1: state_contributions | G1: total_contributions
A2: 2021 | B2: Isle Au Haut School Department | C2: T0802 | E2: =D2/$D$254 -> 0 | F2: =E2*$D$257 -> 0 | G2: =SUM(F2,D2) -> 0
A3: 2021 | B3: Monhegan Plantation School Department | C3: T0804 | E3: =D3/$D$254 -> 0 | F3: =E3*$D$257 -> 0 | G3: =SUM(F3,D3) -> 0
A4: 2021 | B4: CSD No. 13 Deer Isle - Stonington | C4: T0913 | D4: 35987 | E4: =D4/$D$254 -> 0.0033796795 | F4: =E4*$D$257 -> 604558.22 | G4: =SUM(F4,D4) -> 640545.22
A5: 2021 | B5: CSD No. 17 Moosabec | C5: T0917 | D5: 1902 | E5: =D5/$D$254 -> 0.00017862424 | F5: =E5*$D$257 -> 31952.364 | G5: =SUM(F5,D5) -> 33854.364
A6: 2021 | B6: CSD No. 18 Wells - Ogunquit | C6: T0918 | D6: 41449 | E6: =D6/$D$254 -> 0.0038926373 | F6: =E6*$D$257 -> 696316.28 | G6: =SUM(F6,D6) -> 737765.28
A7: 2021 | B7: CSD No. 19 Five Town CSD | C7: T0919 | D7: 20514 | E7: =D7/$D$254 -> 0.0019265498 | F7: =E7*$D$257 -> 344621.87 | G7: =SUM(F7,D7) -> 365135.87
A8: 2021 | B8: Erskine Academy | C8: TAERS | E8: =D8/$D$254 -> 0 | F8: =E8*$D$257 -> 0 | G8: =SUM(F8,D8) -> 0
A9: 2021 | B9: Foxcroft Academy | C9: TAFOX | E9: =D9/$D$254 -> 0 | F9: =E9*$D$257 -> 0 | G9: =SUM(F9,D9) -> 0
A10: 2021 | B10: Fryeburg Academy | C10: TAFRY | E10: =D10/$D$254 -> 0 | F10: =E10*$D$257 -> 0 | G10: =SUM(F10,D10) -> 0
A11: 2021 | B11: George Stevens Academy | C11: TAGEO | E11: =D11/$D$254 -> 0 | F11: =E11*$D$257 -> 0 | G11: =SUM(F11,D11) -> 0
A12: 2021 | B12: Gould Academy | C12: TAGOU | E12: =D12/$D$254 -> 0 | F12: =E12*$D$257 -> 0 | G12: =SUM(F12,D12) -> 0
A13: 2021 | B13: Lee Academy | C13: TALEE | E13: =D13/$D$254 -> 0 | F13: =E13*$D$257 -> 0 | G13: =SUM(F13,D13) -> 0
A14: 2021 | B14: Lincoln Academy | C14: TALIN | E14: =D14/$D$254 -> 0 | F14: =E14*$D$257 -> 0 | G14: =SUM(F14,D14) -> 0
A15: 2021 | B15: Maine Central Institute | C15: TAMCI | E15: =D15/$D$254 -> 0 | F15: =E15*$D$257 -> 0 | G15: =SUM(F15,D15) -> 0
A16: 2021 | B16: Thornton Academy | C16: TATHO | E16: =D16/$D$254 -> 0 | F16: =E16*$D$257 -> 0 | G16: =SUM(F16,D16) -> 0
A17: 2021 | B17: Washington Academy | C17: TAWAS | E17: =D17/$D$254 -> 0 | F17: =E17*$D$257 -> 0 | G17: =SUM(F17,D17) -> 0
A18: 2021 | B18: Acton School Department | C18: TCACT | D18: 7419 | E18: =D18/$D$254 -> 0.00069674723 | F18: =E18*$D$257 -> 124634.38 | G18: =SUM(F18,D18) -> 132053.38
A19: 2021 | B19: Andover School Department | C19: TCAND | D19: 2637 | E19: =D19/$D$254 -> 0.00024765096 | F19: =E19*$D$257 -> 44299.887 | G19: =SUM(F19,D19) -> 46936.887
A20: 2021 | B20: Athens School Department | C20: TCATH | D20: 7275 | E20: =D20/$D$254 -> 0.00068322362 | F20: =E20*$D$257 -> 122215.27 | G20: =SUM(F20,D20) -> 129490.27
A21: 2021 | B21: Auburn School Department | C21: TCAUB | D21: 144530 | E21: =D21/$D$254 -> 0.013573376 | F21: =E21*$D$257 -> 2428010.1 | G21: =SUM(F21,D21) -> 2572540.1
A22: 2021 | B22: Augusta School Department | C22: TCAUG | D22: 210150 | E22: =D22/$D$254 -> 0.019736006 | F22: =E22*$D$257 -> 3530383.5 | G22: =SUM(F22,D22) -> 3740533.5
A23: 2021 | B23: Bangor School Department | C23: TCBAN | D23: 231167 | E23: =D23/$D$254 -> 0.021709795 | F23: =E23*$D$257 -> 3883455.4 | G23: =SUM(F23,D23) -> 4114622.4
A24: 2021 | B24: Biddeford School Department | C24: TCBID | D24: 198056 | E24: =D24/$D$254 -> 0.018600211 | F24: =E24*$D$257 -> 3327212.1 | G24: =SUM(F24,D24) -> 3525268.1
A25: 2021 | B25: Brewer School Department | C25: TCBRE | D25: 59539 | E25: =D25/$D$254 -> 0.0055915397 | F25: =E25*$D$257 -> 1000216.5 | G25: =SUM(F25,D25) -> 1059755.5
A26: 2021 | B26: Brunswick School Department | C26: TCBRU | D26: 62332 | E26: =D26/$D$254 -> 0.0058538412 | F26: =E26*$D$257 -> 1047137.1 | G26: =SUM(F26,D26) -> 1109469.1
A27: 2021 | B27: Calais School Department | C27: TCCAL | D27: 34635 | E27: =D27/$D$254 -> 0.0032527079 | F27: =E27*$D$257 -> 581845.5 | G27: =SUM(F27,D27) -> 616480.5
A28: 2021 | B28: Caswell School Department | C28: TCCAS | D28: 1984 | E28: =D28/$D$254 -> 0.00018632518 | F28: =E28*$D$257 -> 33329.911 | G28: =SUM(F28,D28) -> 35313.911
A29: 2021 | B29: Cape Elizabeth School Department | C29: TCCEL | D29: 29693 | E29: =D29/$D$254 -> 0.0027885854 | F29: =E29*$D$257 -> 498823.11 | G29: =SUM(F29,D29) -> 528516.11
A30: 2021 | B30: Chebeague Island School Department | C30: TCCHE | E30: =D30/$D$254 -> 0 | F30: =E30*$D$257 -> 0 | G30: =SUM(F30,D30) -> 0
A31: 2021 | B31: Cherryfield School Department | C31: TCCHR | D31: 9144 | E31: =D31/$D$254 -> 0.0008587487 | F31: =E31*$D$257 -> 153613.26 | G31: =SUM(F31,D31) -> 162757.26
A32: 2021 | B32: Dayton School Department | C32: TCDAY | D32: 7639 | E32: =D32/$D$254 -> 0.00071740828 | F32: =E32*$D$257 -> 128330.24 | G32: =SUM(F32,D32) -> 135969.24
A33: 2021 | B33: Easton School Department | C33: TCEAS | D33: 2462 | E33: =D33/$D$254 -> 0.00023121602 | F33: =E33*$D$257 -> 41360.001 | G33: =SUM(F33,D33) -> 43822.001
A34: 2021 | B34: Ellsworth School Department | C34: TCELL | D34: 146108 | E34: =D34/$D$254 -> 0.013721572 | F34: =E34*$D$257 -> 2454519.5 | G34: =SUM(F34,D34) -> 2600627.5
A35: 2021 | B35: East Millinocket School Department | C35: TCEML | D35: 19433 | E35: =D35/$D$254 -> 0.0018250288 | F35: =E35*$D$257 -> 326461.78 | G35: =SUM(F35,D35) -> 345894.78
A36: 2021 | B36: Eustis School Department | C36: TCEUS | D36: 12131 | E36: =D36/$D$254 -> 0.0011392695 | F36: =E36*$D$257 -> 203792.92 | G36: =SUM(F36,D36) -> 215923.92
A37: 2021 | B37: Falmouth School Department | C37: TCFAL | D37: 50376 | E37: =D37/$D$254 -> 0.0047310066 | F37: =E37*$D$257 -> 846284.08 | G37: =SUM(F37,D37) -> 896660.08
A38: 2021 | B38: Fayette School Department | C38: TCFAY | D38: 3091 | E38: =D38/$D$254 -> 0.00029028787 | F38: =E38*$D$257 -> 51926.792 | G38: =SUM(F38,D38) -> 55017.792
A39: 2021 | B39: Glenburn School Department | C39: TCGLE | D39: 8500 | E39: =D39/$D$254 -> 0.00079826815 | F39: =E39*$D$257 -> 142794.48 | G39: =SUM(F39,D39) -> 151294.48
A40: 2021 | B40: Gorham School Department | C40: TCGOR | D40: 47795 | E40: =D40/$D$254 -> 0.0044886149 | F40: =E40*$D$257 -> 802924.95 | G40: =SUM(F40,D40) -> 850719.95
A41: 2021 | B41: Hancock School Department | C41: TCHAN | D41: 22993 | E41: =D41/$D$254 -> 0.0021593623 | F41: =E41*$D$257 -> 386267.46 | G41: =SUM(F41,D41) -> 409260.46
A42: 2021 | B42: Hermon School Department | C42: TCHER | D42: 50305 | E42: =D42/$D$254 -> 0.0047243388 | F42: =E42*$D$257 -> 845091.32 | G42: =SUM(F42,D42) -> 895396.32
... A49: 2021 | B49: Limestone Public Schools | C49: TCLMS | D49: 12173 | E49: =D49/$D$254 -> 0.0011432139 | F49: =E49*$D$257 -> 204498.49 | G49: =SUM(F49,D49) -> 216671.49
A50: 2021 | B50: Long Island School Department | C50: TCLON | E50: =D50/$D$254 -> 0 | F50: =E50*$D$257 -> 0 | G50: =SUM(F50,D50) -> 0
A51: 2021 | B51: Madawaska School Department | C51: TCMAD | D51: 27815 | E51: =D51/$D$254 -> 0.0026122151 | F51: =E51*$D$257 -> 467273.93 | G51: =SUM(F51,D51) -> 495088.93
A52: 2021 | B52: Maine Education Association | C52: TCMEA | D52: 12774 | E52: =D52/$D$254 -> 0.0011996562 | F52: =E52*$D$257 -> 214594.9 | G52: =SUM(F52,D52) -> 227368.9
A53: 2021 | B53: Medway School Department | C53: TCMED | D53: 14717 | E53: =D53/$D$254 -> 0.0013821309 | F53: =E53*$D$257 -> 247236.04 | G53: =SUM(F53,D53) -> 261953.04
A54: 2021 | B54: Millinocket School Department | C54: TCMIL | D54: 28848 | E54: =D54/$D$254 -> 0.0027092282 | F54: =E54*$D$257 -> 484627.66 | G54: =SUM(F54,D54) -> 513475.66
A55: 2021 | B55: Maine Ocean School | C55: TCMOS | D55: 514 | E55: =D55/$D$254 -> 4.8271745e-05 | F55: =E55*$D$257 -> 8634.8661 | G55: =SUM(F55,D55) -> 9148.8661
A56: 2021 | B56: Maine School of Science and Mathematics | C56: TCMSM | E56: =D56/$D$254 -> 0 | F56: =E56*$D$257 -> 0 | G56: =SUM(F56,D56) -> 0
A57: 2021 | B57: Northport School Department | C57: TCNOR | D57: 10474 | E57: =D57/$D$254 -> 0.00098365419 | F57: =E57*$D$257 -> 175956.4 | G57: =SUM(F57,D57) -> 186430.4
A58: 2021 | B58: Otis School Department | C58: TCOTI | D58: 2039 | E58: =D58/$D$254 -> 0.00019149044 | F58: =E58*$D$257 -> 34253.875 | G58: =SUM(F58,D58) -> 36292.875
A59: 2021 | B59: Portland School Department | C59: TCPOR | D59: 1165383 | E59: =D59/$D$254 -> 0.10944566 | F59: =E59*$D$257 -> 19577677 | G59: =SUM(F59,D59) -> 20743060
A60: 2021 | B60: Saco School Department | C60: TCSAC | D60: 44254 | E60: =D60/$D$254 -> 0.0041560657 | F60: =E60*$D$257 -> 743438.45 | G60: =SUM(F60,D60) -> 787692.45
A61: 2021 | B61: Sanford School Department | C61: TCSAN | D61: 149373 | E61: =D61/$D$254 -> 0.014028201 | F61: =E61*$D$257 -> 2509369.4 | G61: =SUM(F61,D61) -> 2658742.4
A62: 2021 | B62: Scarborough School Department | C62: TCSCA | D62: 142045 | E62: =D62/$D$254 -> 0.01334 | F62: =E62*$D$257 -> 2386263.7 | G62: =SUM(F62,D62) -> 2528308.7
A63: 2021 | B63: Sebago Public Schools | C63: TCSEB | D63: 16409 | E63: =D63/$D$254 -> 0.0015410332 | F63: =E63*$D$257 -> 275660.54 | G63: =SUM(F63,D63) -> 292069.54
A64: 2021 | B64: South Portland School Department | C64: TCSPO | D64: 205342 | E64: =D64/$D$254 -> 0.019284468 | F64: =E64*$D$257 -> 3449612.2 | G64: =SUM(F64,D64) -> 3654954.2
A65: 2021 | B65: Saint George Municipal School Unit | C65: TCSTG | D65: 9580 | E65: =D65/$D$254 -> 0.00089969516 | F65: =E65*$D$257 -> 160937.78 | G65: =SUM(F65,D65) -> 170517.78
A66: 2021 | B66: Veazie School Department | C66: TCVEA | D66: 10387 | E66: =D66/$D$254 -> 0.00097548368 | F66: =E66*$D$257 -> 174494.85 | G66: =SUM(F66,D66) -> 184881.85
A67: 2021 | B67: West Bath School Department | C67: TCWBA | D67: 7998 | E67: =D67/$D$254 -> 0.00075112337 | F67: =E67*$D$257 -> 134361.2 | G67: =SUM(F67,D67) -> 142359.2
A68: 2021 | B68: Westbrook School Department | C68: TCWES | D68: 222052 | E68: =D68/$D$254 -> 0.020853769 | F68: =E68*$D$257 -> 3730329.4 | G68: =SUM(F68,D68) -> 3952381.4
... A76: 2021 | B76: RSU No. 6 - Bar Mills | C76: TD006 | D76: 91356 | E76: =D76/$D$254 -> 0.0085795983 | F76: =E76*$D$257 -> 1534721.5 | G76: =SUM(F76,D76) -> 1626077.5
A77: 2021 | B77: MSAD 7 North Haven | C77: TD007 | E77: =D77/$D$254 -> 0 | F77: =E77*$D$257 -> 0 | G77: =SUM(F77,D77) -> 0
A78: 2021 | B78: MSAD 8 Vinalhaven | C78: TD008 | D78: 7903 | E78: =D78/$D$254 -> 0.00074220155 | F78: =E78*$D$257 -> 132765.27 | G78: =SUM(F78,D78) -> 140668.27
A79: 2021 | B79: RSU No. 9 - Farmington | C79: TD009 | D79: 139558 | E79: =D79/$D$254 -> 0.013106436 | F79: =E79*$D$257 -> 2344483.7 | G79: =SUM(F79,D79) -> 2484041.7
A80: 2021 | B80: RSU No. 11 - Gardiner | C80: TD011 | D80: 79519 | E80: =D80/$D$254 -> 0.0074679394 | F80: =E80*$D$257 -> 1335867.5 | G80: =SUM(F80,D80) -> 1415386.5
A81: 2021 | B81: MSAD 12 Jackman | C81: TD012 | E81: =D81/$D$254 -> 0 | F81: =E81*$D$257 -> 0 | G81: =SUM(F81,D81) -> 0
A82: 2021 | B82: MSAD 13 Bingham | C82: TD013 | D82: 18213 | E82: =D82/$D$254 -> 0.0017104539 | F82: =E82*$D$257 -> 305966.57 | G82: =SUM(F82,D82) -> 324179.57
A83: 2021 | B83: RSU No. 15 - Gray | C83: TD015 | D83: 71646 | E83: =D83/$D$254 -> 0.0067285553 | F83: =E83*$D$257 -> 1203606.3 | G83: =SUM(F83,D83) -> 1275252.3
A84: 2021 | B84: RSU No. 17 - South Paris | C84: TD017 | D84: 82826 | E84: =D84/$D$254 -> 0.0077785127 | F84: =E84*$D$257 -> 1391423 | G84: =SUM(F84,D84) -> 1474249
A85: 2021 | B85: MSAD 20 Fort Fairfield | C85: TD020 | D85: 31273 | E85: =D85/$D$254 -> 0.0029369694 | F85: =E85*$D$257 -> 525366.09 | G85: =SUM(F85,D85) -> 556639.09
A86: 2021 | B86: RSU No. 22 - Hampden | C86: TD022 | D86: 89206 | E86: =D86/$D$254 -> 0.0083776834 | F86: =E86*$D$257 -> 1498602.9 | G86: =SUM(F86,D86) -> 1587808.9
A87: 2021 | B87: MSAD 23 Carmel | C87: TD023 | D87: 36953 | E87: =D87/$D$254 -> 0.0034704004 | F87: =E87*$D$257 -> 620786.4 | G87: =SUM(F87,D87) -> 657739.4
A88: 2021 | B88: MSAD 24 Van Buren | C88: TD024 | D88: 26094 | E88: =D88/$D$254 -> 0.0024505893 | F88: =E88*$D$257 -> 438362.25 | G88: =SUM(F88,D88) -> 464456.25
A89: 2021 | B89: MSAD 27 Fort Kent | C89: TD027 | D89: 54111 | E89: =D89/$D$254 -> 0.0050817751 | F89: =E89*$D$257 -> 909029.65 | G89: =SUM(F89,D89) -> 963140.65
A90: 2021 | B90: MSAD 28 Camden | C90: TD028 | D90: 21904 | E90: =D90/$D$254 -> 0.0020570901 | F90: =E90*$D$257 -> 367972.97 | G90: =SUM(F90,D90) -> 389876.97
A91: 2021 | B91: RSU No. 29 - Houlton | C91: TD029 | D91: 72420 | E91: =D91/$D$254 -> 0.0068012447 | F91: =E91*$D$257 -> 1216609 | G91: =SUM(F91,D91) -> 1289029
A92: 2021 | B92: MSAD 32 Ashland | C92: TD032 | D92: 14535 | E92: =D92/$D$254 -> 0.0013650385 | F92: =E92*$D$257 -> 244178.56 | G92: =SUM(F92,D92) -> 258713.56
A93: 2021 | B93: MSAD 33 Saint Agatha | C93: TD033 | D93: 12707 | E93: =D93/$D$254 -> 0.0011933639 | F93: =E93*$D$257 -> 213469.35 | G93: =SUM(F93,D93) -> 226176.35
... A111: 2021 | B111: RSU No. 64 - East Corinth | C111: TD064 | D111: 53632 | E111: =D111/$D$254 -> 0.0050367903 | F111: =E111*$D$257 -> 900982.76 | G111: =SUM(F111,D111) -> 954614.76
A112: 2021 | B112: MSAD 65 Matinicus | C112: TD065 | E112: =D112/$D$254 -> 0 | F112: =E112*$D$257 -> 0 | G112: =SUM(F112,D112) -> 0
A113: 2021 | B113: RSU No. 67 - Lincoln | C113: TD067 | D113: 50206 | E113: =D113/$D$254 -> 0.0047150413 | F113: =E113*$D$257 -> 843428.19 | G113: =SUM(F113,D113) -> 893634.19
A114: 2021 | B114: MSAD 68 Dover-Foxcroft | C114: TD068 | D114: 51813 | E114: =D114/$D$254 -> 0.0048659609 | F114: =E114*$D$257 -> 870424.74 | G114: =SUM(F114,D114) -> 922237.74
A115: 2021 | B115: RSU No. 72 - Fryeburg | C115: TD072 | D115: 22590 | E115: =D115/$D$254 -> 0.002121515 | F115: =E115*$D$257 -> 379497.33 | G115: =SUM(F115,D115) -> 402087.33
A116: 2021 | B116: MSAD 74 North Anson | C116: TD074 | D116: 62963 | E116: =D116/$D$254 -> 0.0059131009 | F116: =E116*$D$257 -> 1057737.5 | G116: =SUM(F116,D116) -> 1120700.5
A117: 2021 | B117: RSU No. 75 - Topsham | C117: TD075 | D117: 111720 | E117: =D117/$D$254 -> 0.010492061 | F117: =E117*$D$257 -> 1876823.4 | G117: =SUM(F117,D117) -> 1988543.4
A118: 2021 | B118: Pleasant Point School | C118: TIE001 | D118: 38623 | E118: =D118/$D$254 -> 0.0036272366 | F118: =E118*$D$257 -> 648841.31 | G118: =SUM(F118,D118) -> 687464.31
A119: 2021 | B119: Indian Township | C119: TIE002 | D119: 44510 | E119: =D119/$D$254 -> 0.0041801077 | F119: =E119*$D$257 -> 747739.09 | G119: =SUM(F119,D119) -> 792249.09
A120: 2021 | B120: Indian Island | C120: TIE003 | D120: 36290 | E120: =D120/$D$254 -> 0.0034081354 | F120: =E120*$D$257 -> 609648.43 | G120: =SUM(F120,D120) -> 645938.43
A121: 2021 | B121: Maine Indian Education | C121: TIE004 | D121: 13431 | E121: =D121/$D$254 -> 0.0012613576 | F121: =E121*$D$257 -> 225632.08 | G121: =SUM(F121,D121) -> 239063.08
A122: 2021 | B122: Region No. 2 Southern Aroostook County | C122: TR002 | E122: =D122/$D$254 -> 0 | F122: =E122*$D$257 -> 0 | G122: =SUM(F122,D122) -> 0
A123: 2021 | B123: Region No. 3 Northern Penobscot County | C123: TR003 | E123: =D123/$D$254 -> 0 | F123: =E123*$D$257 -> 0 | G123: =SUM(F123,D123) -> 0
A124: 2021 | B124: Region No. 4 United Technologies Center | C124: TR004 | D124: 9744 | E124: =D124/$D$254 -> 0.00091509704 | F124: =E124*$D$257 -> 163692.87 | G124: =SUM(F124,D124) -> 173436.87
A125: 2021 | B125: Region No. 7 Waldo County | C125: TR007 | D125: 758 | E125: =D125/$D$254 -> 7.1186736e-05 | F125: =E125*$D$257 -> 12733.908 | G125: =SUM(F125,D125) -> 13491.908
A126: 2021 | B126: Region No. 8 Mid-Coast School of Technology | C126: TR008 | E126: =D126/$D$254 -> 0 | F126: =E126*$D$257 -> 0 | G126: =SUM(F126,D126) -> 0
A127: 2021 | B127: Region No. 9 School of Applied Technology | C127: TR009 | D127: 1479 | E127: =D127/$D$254 -> 0.00013889866 | F127: =E127*$D$257 -> 24846.239 | G127: =SUM(F127,D127) -> 26325.239
A128: 2021 | B128: Region No. 10 Cumberland Sagadahoc County | C128: TR010 | E128: =D128/$D$254 -> 0 | F128: =E128*$D$257 -> 0 | G128: =SUM(F128,D128) -> 0
A129: 2021 | B129: Region No. 11 Oxford Hill Technical School | C129: TR011 | D129: 992 | E129: =D129/$D$254 -> 9.3162589e-05 | F129: =E129*$D$257 -> 16664.956 | G129: =SUM(F129,D129) -> 17656.956
A130: 2021 | B130: Regional School Unit No. 1 | C130: TS001 | D130: 152465 | E130: =D130/$D$254 -> 0.014318583 | F130: =E130*$D$257 -> 2561313 | G130: =SUM(F130,D130) -> 2713778
...

Sheet 2022
A1: Year | B1: district_name | C1: employer_code | D1: district_contributions | F1: state_contributions | G1: total_contributions
A2: 2022 | B2: Isle Au Haut School Department | C2: T0802 | E2: =D2/$D$255 -> 0 | F2: =E2*$D$257 -> 0 | G2: =SUM(F2,D2) -> 0
A3: 2022 | B3: Monhegan Plantation School Department | C3: T0804 | E3: =D3/$D$255 -> 0 | F3: =E3*$D$257 -> 0 | G3: =SUM(F3,D3) -> 0
A4: 2022 | B4: CSD No. 13 Deer Isle - Stonington | C4: T0913 | D4: 47998 | E4: =D4/$D$255 -> 0.003557292 | F4: =E4*$D$257 -> 690929.9 | G4: =SUM(F4,D4) -> 738927.9
A5: 2022 | B5: CSD No. 17 Moosabec | C5: T0917 | D5: 2592 | E5: =D5/$D$255 -> 0.00019210177 | F5: =E5*$D$257 -> 37311.769 | G5: =SUM(F5,D5) -> 39903.769
A6: 2022 | B6: CSD No. 18 Wells - Ogunquit | C6: T0918 | D6: 83037 | E6: =D6/$D$255 -> 0.0061541492 | F6: =E6*$D$257 -> 1195315.4 | G6: =SUM(F6,D6) -> 1278352.4
A7: 2022 | B7: CSD No. 19 Five Town CSD | C7: T0919 | D7: 14224 | E7: =D7/$D$255 -> 0.0010541881 | F7: =E7*$D$257 -> 204754.09 | G7: =SUM(F7,D7) -> 218978.09
A8: 2022 | B8: Erskine Academy | C8: TAERS | E8: =D8/$D$255 -> 0 | F8: =E8*$D$257 -> 0 | G8: =SUM(F8,D8) -> 0
A9: 2022 | B9: Foxcroft Academy | C9: TAFOX | E9: =D9/$D$255 -> 0 | F9: =E9*$D$257 -> 0 | G9: =SUM(F9,D9) -> 0
A10: 2022 | B10: Fryeburg Academy | C10: TAFRY | E10: =D10/$D$255 -> 0 | F10: =E10*$D$257 -> 0 | G10: =SUM(F10,D10) -> 0
A11: 2022 | B11: George Stevens Academy | C11: TAGEO | E11: =D11/$D$255 -> 0 | F11: =E11*$D$257 -> 0 | G11: =SUM(F11,D11) -> 0
A12: 2022 | B12: Gould Academy | C12: TAGOU | E12: =D12/$D$255 -> 0 | F12: =E12*$D$257 -> 0 | G12: =SUM(F12,D12) -> 0
A13: 2022 | B13: Lee Academy | C13: TALEE | E13: =D13/$D$255 -> 0 | F13: =E13*$D$257 -> 0 | G13: =SUM(F13,D13) -> 0
A14: 2022 | B14: Lincoln Academy | C14: TALIN | E14: =D14/$D$255 -> 0 | F14: =E14*$D$257 -> 0 | G14: =SUM(F14,D14) -> 0
A15: 2022 | B15: Maine Central Institute | C15: TAMCI | E15: =D15/$D$255 -> 0 | F15: =E15*$D$257 -> 0 | G15: =SUM(F15,D15) -> 0
A16: 2022 | B16: Thornton Academy | C16: TATHO | E16: =D16/$D$255 -> 0 | F16: =E16*$D$257 -> 0 | G16: =SUM(F16,D16) -> 0
A17: 2022 | B17: Washington Academy | C17: TAWAS | E17: =D17/$D$255 -> 0 | F17: =E17*$D$257 -> 0 | G17: =SUM(F17,D17) -> 0
A18: 2022 | B18: Acton School Department | C18: TCACT | D18: 22592 | E18: =D18/$D$255 -> 0.0016743685 | F18: =E18*$D$257 -> 325211.22 | G18: =SUM(F18,D18) -> 347803.22
A19: 2022 | B19: Andover School Department | C19: TCAND | D19: 3812 | E19: =D19/$D$255 -> 0.00028252004 | F19: =E19*$D$257 -> 54873.636 | G19: =SUM(F19,D19) -> 58685.636
A20: 2022 | B20: Athens School Department | C20: TCATH | D20: 8163 | E20: =D20/$D$255 -> 0.00060498718 | F20: =E20*$D$257 -> 117506.16 | G20: =SUM(F20,D20) -> 125669.16
A21: 2022 | B21: Auburn School Department | C21: TCAUB | D21: 360830 | E21: =D21/$D$255 -> 0.026742316 | F21: =E21*$D$257 -> 5194138 | G21: =SUM(F21,D21) -> 5554968
A22: 2022 | B22: Augusta School Department | C22: TCAUG | D22: 280236 | E22: =D22/$D$255 -> 0.020769225 | F22: =E22*$D$257 -> 4033989.6 | G22: =SUM(F22,D22) -> 4314225.6
A23: 2022 | B23: Bangor School Department | C23: TCBAN | D23: 230934 | E23: =D23/$D$255 -> 0.01711529 | F23: =E23*$D$257 -> 3324288.6 | G23: =SUM(F23,D23) -> 3555222.6
A24: 2022 | B24: Biddeford School Department | C24: TCBID | D24: 184309 | E24: =D24/$D$255 -> 0.013659755 | F24: =E24*$D$257 -> 2653123 | G24: =SUM(F24,D24) -> 2837432
A25: 2022 | B25: Brewer School Department | C25: TCBRE | D25: 49938 | E25: =D25/$D$255 -> 0.0037010719 | F25: =E25*$D$257 -> 718856.15 | G25: =SUM(F25,D25) -> 768794.15
A26: 2022 | B26: Brunswick School Department | C26: TCBRU | D26: 171057 | E26: =D26/$D$255 -> 0.012677605 | F26: =E26*$D$257 -> 2462360.9 | G26: =SUM(F26,D26) -> 2633417.9
A27: 2022 | B27: Calais School Department | C27: TCCAL | D27: 33056 | E27: =D27/$D$255 -> 0.0024498905 | F27: =E27*$D$257 -> 475840.22 | G27: =SUM(F27,D27) -> 508896.22
A28: 2022 | B28: Caswell School Department | C28: TCCAS | D28: 5231 | E28: =D28/$D$255 -> 0.00038768687 | F28: =E28*$D$257 -> 75300.102 | G28: =SUM(F28,D28) -> 80531.102
A29: 2022 | B29: Cape Elizabeth School Department | C29: TCCEL | D29: 12754 | E29: =D29/$D$255 -> 0.00094524151 | F29: =E29*$D$257 -> 183593.48 | G29: =SUM(F29,D29) -> 196347.48
A30: 2022 | B30: Chebeague Island School Department | C30: TCCHE | E30: =D30/$D$255 -> 0 | F30: =E30*$D$257 -> 0 | G30: =SUM(F30,D30) -> 0
A31: 2022 | B31: Cherryfield School Department | C31: TCCHR | D31: 18625 | E31: =D31/$D$255 -> 0.0013803609 | F31: =E31*$D$257 -> 268106.37 | G31: =SUM(F31,D31) -> 286731.37
A32: 2022 | B32: Dayton School Department | C32: TCDAY | D32: 9390 | E32: =D32/$D$255 -> 0.00069592424 | F32: =E32*$D$257 -> 135168.79 | G32: =SUM(F32,D32) -> 144558.79
A33: 2022 | B33: Easton School Department | C33: TCEAS | D33: 3144 | E33: =D33/$D$255 -> 0.00023301233 | F33: =E33*$D$257 -> 45257.794 | G33: =SUM(F33,D33) -> 48401.794
A34: 2022 | B34: Ellsworth School Department | C34: TCELL | D34: 162855 | E34: =D34/$D$255 -> 0.012069728 | F34: =E34*$D$257 -> 2344293.3 | G34: =SUM(F34,D34) -> 2507148.3
A35: 2022 | B35: East Millinocket School Department | C35: TCEML | D35: 16467 | E35: =D35/$D$255 -> 0.0012204243 | F35: =E35*$D$257 -> 237042.02 | G35: =SUM(F35,D35) -> 253509.02
A36: 2022 | B36: Eustis School Department | C36: TCEUS | D36: 10867 | E36: =D36/$D$255 -> 0.00080538964 | F36: =E36*$D$257 -> 156430.17 | G36: =SUM(F36,D36) -> 167297.17
A37: 2022 | B37: Falmouth School Department | C37: TCFAL | D37: 22762 | E37: =D37/$D$255 -> 0.0016869678 | F37: =E37*$D$257 -> 327658.37 | G37: =SUM(F37,D37) -> 350420.37
A38: 2022 | B38: Fayette School Department | C38: TCFAY | D38: 3168 | E38: =D38/$D$255 -> 0.00023479105 | F38: =E38*$D$257 -> 45603.274 | G38: =SUM(F38,D38) -> 48771.274
A39: 2022 | B39: Glenburn School Department | C39: TCGLE | D39: 14252 | E39: =D39/$D$255 -> 0.0010562633 | F39: =E39*$D$257 -> 205157.15 | G39: =SUM(F39,D39) -> 219409.15
A40: 2022 | B40: Gorham School Department | C40: TCGOR | D40: 107817 | E40: =D40/$D$255 -> 0.0079906777 | F40: =E40*$D$257 -> 1552022.8 | G40: =SUM(F40,D40) -> 1659839.8
A41: 2022 | B41: Hancock School Department | C41: TCHAN | D41: 22012 | E41: =D41/$D$255 -> 0.0016313828 | F41: =E41*$D$257 -> 316862.14 | G41: =SUM(F41,D41) -> 338874.14
A42: 2022 | B42: Hermon School Department | C42: TCHER | D42: 50124 | E42: =D42/$D$255 -> 0.0037148569 | F42: =E42*$D$257 -> 721533.61 | G42: =SUM(F42,D42) -> 771657.61
... A49: 2022 | B49: Limestone Public Schools | C49: TCLMS | D49: 19781 | E49: =D49/$D$255 -> 0.0014660359 | F49: =E49*$D$257 -> 284746.96 | G49: =SUM(F49,D49) -> 304527.96
A50: 2022 | B50: Long Island School Department | C50: TCLON | E50: =D50/$D$255 -> 0 | F50: =E50*$D$257 -> 0 | G50: =SUM(F50,D50) -> 0
A51: 2022 | B51: Madawaska School Department | C51: TCMAD | D51: 37474 | E51: =D51/$D$255 -> 0.0027773232 | F51: =E51*$D$257 -> 539437.21 | G51: =SUM(F51,D51) -> 576911.21
A52: 2022 | B52: Maine Education Association | C52: TCMEA | D52: 13008 | E52: =D52/$D$255 -> 0.0009640663 | F52: =E52*$D$257 -> 187249.81 | G52: =SUM(F52,D52) -> 200257.81
A53: 2022 | B53: Medway School Department | C53: TCMED | D53: 15920 | E53: =D53/$D$255 -> 0.0011798843 | F53: =E53*$D$257 -> 229167.97 | G53: =SUM(F53,D53) -> 245087.97
A54: 2022 | B54: Millinocket School Department | C54: TCMIL | D54: 36456 | E54: =D54/$D$255 -> 0.0027018758 | F54: =E54*$D$257 -> 524783.13 | G54: =SUM(F54,D54) -> 561239.13
A55: 2022 | B55: Maine Ocean School | C55: TCMOS | E55: =D55/$D$255 -> 0 | F55: =E55*$D$257 -> 0 | G55: =SUM(F55,D55) -> 0
A56: 2022 | B56: Maine School of Science and Mathematics | C56: TCMSM | E56: =D56/$D$255 -> 0 | F56: =E56*$D$257 -> 0 | G56: =SUM(F56,D56) -> 0
A57: 2022 | B57: Northport School Department | C57: TCNOR | D57: 11880 | E57: =D57/$D$255 -> 0.00088046645 | F57: =E57*$D$257 -> 171012.28 | G57: =SUM(F57,D57) -> 182892.28
A58: 2022 | B58: Otis School Department | C58: TCOTI | E58: =D58/$D$255 -> 0 | F58: =E58*$D$257 -> 0 | G58: =SUM(F58,D58) -> 0
A59: 2022 | B59: Portland School Department | C59: TCPOR | D59: 760122 | E59: =D59/$D$255 -> 0.056335178 | F59: =E59*$D$257 -> 10941935 | G59: =SUM(F59,D59) -> 11702057
A60: 2022 | B60: Saco School Department | C60: TCSAC | D60: 45269 | E60: =D60/$D$255 -> 0.0033550367 | F60: =E60*$D$257 -> 651646.02 | G60: =SUM(F60,D60) -> 696915.02
A61: 2022 | B61: Sanford School Department | C61: TCSAN | D61: 374791 | E61: =D61/$D$255 -> 0.027777012 | F61: =E61*$D$257 -> 5395106.2 | G61: =SUM(F61,D61) -> 5769897.2
A62: 2022 | B62: Scarborough School Department | C62: TCSCA | D62: 132275 | E62: =D62/$D$255 -> 0.0098033417 | F62: =E62*$D$257 -> 1904095 | G62: =SUM(F62,D62) -> 2036370
A63: 2022 | B63: Sebago Public Schools | C63: TCSEB | D63: 13626 | E63: =D63/$D$255 -> 0.0010098683 | F63: =E63*$D$257 -> 196145.9 | G63: =SUM(F63,D63) -> 209771.9
A64: 2022 | B64: South Portland School Department | C64: TCSPO | D64: 280541 | E64: =D64/$D$255 -> 0.02079183 | F64: =E64*$D$257 -> 4038380 | G64: =SUM(F64,D64) -> 4318921
A65: 2022 | B65: Saint George Municipal School Unit | C65: TCSTG | D65: 3569 | E65: =D65/$D$255 -> 0.0002645105 | F65: =E65*$D$257 -> 51375.658 | G65: =SUM(F65,D65) -> 54944.658
A66: 2022 | B66: Veazie School Department | C66: TCVEA | D66: 11361 | E66: =D66/$D$255 -> 0.00084200163 | F66: =E66*$D$257 -> 163541.29 | G66: =SUM(F66,D66) -> 174902.29
A67: 2022 | B67: West Bath School Department | C67: TCWBA | D67: 8392 | E67: =D67/$D$255 -> 0.00062195913 | F67: =E67*$D$257 -> 120802.61 | G67: =SUM(F67,D67) -> 129194.61
A68: 2022 | B68: Westbrook School Department | C68: TCWES | D68: 370574 | E68: =D68/$D$255 -> 0.027464476 | F68: =E68*$D$257 -> 5334402.6 | G68: =SUM(F68,D68) -> 5704976.6
A69: 2022 | B69: Winthrop School Department | C69: TCWIN | D69: 72846 | E69: =D69/$D$255 -> 0.0053988602 | F69: =E69*$D$257 -> 1048616.2 | G69: =SUM(F69,D69) -> 1121462.2
A70: 2022 | B70: Wiscasset School Department | C70: TCWIS | D70: 33269 | E70: =D70/$D$255 -> 0.0024656766 | F70: =E70*$D$257 -> 478906.35 | G70: =SUM(F70,D70) -> 512175.35
... A76: 2022 | B76: RSU No. 6 - Bar Mills | C76: TD006 | D76: 274801 | E76: =D76/$D$255 -> 0.020366419 | F76: =E76*$D$257 -> 3955752.9 | G76: =SUM(F76,D76) -> 4230553.9
A77: 2022 | B77: MSAD 7 North Haven | C77: TD007 | E77: =D77/$D$255 -> 0 | F77: =E77*$D$257 -> 0 | G77: =SUM(F77,D77) -> 0
A78: 2022 | B78: MSAD 8 Vinalhaven | C78: TD008 | D78: 8469 | E78: =D78/$D$255 -> 0.00062766586 | F78: =E78*$D$257 -> 121911.02 | G78: =SUM(F78,D78) -> 130380.02
A79: 2022 | B79: RSU No. 9 - Farmington | C79: TD009 | D79: 178158 | E79: =D79/$D$255 -> 0.013203884 | F79: =E79*$D$257 -> 2564579.6 | G79: =SUM(F79,D79) -> 2742737.6
A80: 2022 | B80: RSU No. 11 - Gardiner | C80: TD011 | D80: 150479 | E80: =D80/$D$255 -> 0.011152501 | F80: =E80*$D$257 -> 2166141.1 | G80: =SUM(F80,D80) -> 2316620.1
A81: 2022 | B81: MSAD 12 Jackman | C81: TD012 | D81: 2973 | E81: =D81/$D$255 -> 0.00022033895 | F81: =E81*$D$257 -> 42796.254 | G81: =SUM(F81,D81) -> 45769.254
A82: 2022 | B82: MSAD 13 Bingham | C82: TD013 | D82: 29327 | E82: =D82/$D$255 -> 0.0021735219 | F82: =E82*$D$257 -> 422161.37 | G82: =SUM(F82,D82) -> 451488.37
A83: 2022 | B83: RSU No. 15 - Gray | C83: TD015 | D83: 111668 | E83: =D83/$D$255 -> 0.0082760882 | F83: =E83*$D$257 -> 1607457.8 | G83: =SUM(F83,D83) -> 1719125.8
A84: 2022 | B84: RSU No. 17 - South Paris | C84: TD017 | D84: 111947 | E84: =D84/$D$255 -> 0.0082967658 | F84: =E84*$D$257 -> 1611474 | G84: =SUM(F84,D84) -> 1723421
A85: 2022 | B85: MSAD 20 Fort Fairfield | C85: TD020 | D85: 46758 | E85: =D85/$D$255 -> 0.0034653914 | F85: =E85*$D$257 -> 673080.13 | G85: =SUM(F85,D85) -> 719838.13
A86: 2022 | B86: RSU No. 22 - Hampden | C86: TD022 | D86: 84721 | E86: =D86/$D$255 -> 0.0062789561 | F86: =E86*$D$257 -> 1219556.5 | G86: =SUM(F86,D86) -> 1304277.5
A87: 2022 | B87: MSAD 23 Carmel | C87: TD023 | D87: 67134 | E87: =D87/$D$255 -> 0.0049755248 | F87: =E87*$D$257 -> 966392.1 | G87: =SUM(F87,D87) -> 1033526.1
A88: 2022 | B88: MSAD 24 Van Buren | C88: TD024 | D88: 23988 | E88: =D88/$D$255 -> 0.0017778307 | F88: =E88*$D$257 -> 345306.61 | G88: =SUM(F88,D88) -> 369294.61
A89: 2022 | B89: MSAD 27 Fort Kent | C89: TD027 | D89: 82124 | E89: =D89/$D$255 -> 0.0060864837 | F89: =E89*$D$257 -> 1182172.7 | G89: =SUM(F89,D89) -> 1264296.7
... A111: 2022 | B111: RSU No. 64 - East Corinth | C111: TD064 | D111: 64761 | E111: =D111/$D$255 -> 0.0047996539 | F111: =E111*$D$257 -> 932232.83 | G111: =SUM(F111,D111) -> 996993.83
A112: 2022 | B112: MSAD 65 Matinicus | C112: TD065 | E112: =D112/$D$255 -> 0 | F112: =E112*$D$257 -> 0 | G112: =SUM(F112,D112) -> 0
A113: 2022 | B113: RSU No. 67 - Lincoln | C113: TD067 | D113: 63517 | E113: =D113/$D$255 -> 0.0047074569 | F113: =E113*$D$257 -> 914325.48 | G113: =SUM(F113,D113) -> 977842.48
A114: 2022 | B114: MSAD 68 Dover-Foxcroft | C114: TD068 | D114: 64497 | E114: =D114/$D$255 -> 0.0047800879 | F114: =E114*$D$257 -> 928432.56 | G114: =SUM(F114,D114) -> 992929.56
A115: 2022 | B115: RSU No. 72 - Fryeburg | C115: TD072 | D115: 62593 | E115: =D115/$D$255 -> 0.0046389761 | F115: =E115*$D$257 -> 901024.53 | G115: =SUM(F115,D115) -> 963617.53
A116: 2022 | B116: MSAD 74 North Anson | C116: TD074 | D116: 82856 | E116: =D116/$D$255 -> 0.0061407347 | F116: =E116*$D$257 -> 1192709.9 | G116: =SUM(F116,D116) -> 1275565.9
A117: 2022 | B117: RSU No. 75 - Topsham | C117: TD075 | D117: 209312 | E117: =D117/$D$255 -> 0.015512811 | F117: =E117*$D$257 -> 3013040.5 | G117: =SUM(F117,D117) -> 3222352.5
A118: 2022 | B118: Pleasant Point School | C118: TIE001 | D118: 54903 | E118: =D118/$D$255 -> 0.0040690446 | F118: =E118*$D$257 -> 790327.19 | G118: =SUM(F118,D118) -> 845230.19
A119: 2022 | B119: Indian Township | C119: TIE002 | D119: 80049 | E119: =D119/$D$255 -> 0.0059326986 | F119: =E119*$D$257 -> 1152303.2 | G119: =SUM(F119,D119) -> 1232352.2
A120: 2022 | B120: Indian Island | C120: TIE003 | D120: 53310 | E120: =D120/$D$255 -> 0.003950982 | F120: =E120*$D$257 -> 767396 | G120: =SUM(F120,D120) -> 820706
A121: 2022 | B121: Maine Indian Education | C121: TIE004 | D121: 13115 | E121: =D121/$D$255 -> 0.00097199642 | F121: =E121*$D$257 -> 188790.07 | G121: =SUM(F121,D121) -> 201905.07
A122: 2022 | B122: Region No. 2 Southern Aroostook County | C122: TR002 | E122: =D122/$D$255 -> 0 | F122: =E122*$D$257 -> 0 | G122: =SUM(F122,D122) -> 0
A123: 2022 | B123: Region No. 3 Northern Penobscot County | C123: TR003 | E123: =D123/$D$255 -> 0 | F123: =E123*$D$257 -> 0 | G123: =SUM(F123,D123) -> 0
A124: 2022 | B124: Region No. 4 United Technologies Center | C124: TR004 | E124: =D124/$D$255 -> 0 | F124: =E124*$D$257 -> 0 | G124: =SUM(F124,D124) -> 0
A125: 2022 | B125: Region No. 7 Waldo County | C125: TR007 | D125: 200 | E125: =D125/$D$255 -> 1.4822668e-05 | F125: =E125*$D$257 -> 2878.9945 | G125: =SUM(F125,D125) -> 3078.9945
A126: 2022 | B126: Region No. 8 Mid-Coast School of Technology | C126: TR008 | D126: 90 | E126: =D126/$D$255 -> 6.6702004e-06 | F126: =E126*$D$257 -> 1295.5475 | G126: =SUM(F126,D126) -> 1385.5475
A127: 2022 | B127: Region No. 9 School of Applied Technology | C127: TR009 | D127: 1539 | E127: =D127/$D$255 -> 0.00011406043 | F127: =E127*$D$257 -> 22153.863 | G127: =SUM(F127,D127) -> 23692.863
A128: 2022 | B128: Region No. 10 Cumberland Sagadahoc County | C128: TR010 | E128: =D128/$D$255 -> 0 | F128: =E128*$D$257 -> 0 | G128: =SUM(F128,D128) -> 0
A129: 2022 | B129: Region No. 11 Oxford Hill Technical School | C129: TR011 | E129: =D129/$D$255 -> 0 | F129: =E129*$D$257 -> 0 | G129: =SUM(F129,D129) -> 0
A130: 2022 | B130: Regional School Unit No. 1 | C130: TS001 | D130: 191582 | E130: =D130/$D$255 -> 0.014198781 | F130: =E130*$D$257 -> 2757817.7 | G130: =SUM(F130,D130) -> 2949399.7
A131: 2022 | B131: Regional School Unit No. 2 | C131: TS002 | D131: 89671 | E131: =D131/$D$255 -> 0.0066458171 | F131: =E131*$D$257 -> 1290811.6 | G131: =SUM(F131,D131) -> 1380482.6
A132: 2022 | B132: Regional School Unit No. 4 | C132: TS004 | D132: 89922 | E132: =D132/$D$255 -> 0.0066644196 | F132: =E132*$D$257 -> 1294424.7 | G132: =SUM(F132,D132) -> 1384346.7
...

Sheet NCES Data -->

Sheet LEAID Match
A1: district_name | B1: LEAID | C1: count
A2: Limestone Public Schools | B2: 2314842 | C2: =COUNTIF($B$2:$B$199,B2) -> 1
A3: Maine Ocean School | B3: 2314840 | C3: =COUNTIF($B$2:$B$199,B3) -> 1
A4: Regional School Unit No. 89 | B4: 2314838 | C4: =COUNTIF($B$2:$B$199,B4) -> 1
A5: Sebago Public Schools | B5: 2314837 | C5: =COUNTIF($B$2:$B$199,B5) -> 1
A6: Regional School Unit No. 56 | B6: 2314833 | C6: =COUNTIF($B$2:$B$199,B6) -> 1
A7: Northport School Department | B7: 2314824 | C7: =COUNTIF($B$2:$B$199,B7) -> 1
A8: Andover School Department | B8: 2314823 | C8: =COUNTIF($B$2:$B$199,B8) -> 1
A9: Regional School Unit No. 71 | B9: 2314822 | C9: =COUNTIF($B$2:$B$199,B9) -> 1
A10: Saint George Municipal School Unit | B10: 2314820 | C10: =COUNTIF($B$2:$B$199,B10) -> 1
A11: Eustis School Department | B11: 2314818 | C11: =COUNTIF($B$2:$B$199,B11) -> 1
A12: Athens School Department | B12: 2314817 | C12: =COUNTIF($B$2:$B$199,B12) -> 1
A13: RSU No. 22 - Hampden | B13: 2314815 | C13: =COUNTIF($B$2:$B$199,B13) -> 1
... A199: Fayette School Department | B199: 2300008 | C199: =COUNTIF($B$2:$B$199,B199) -> 1
A200: AOS No. 43 Howland
A201: AOS No. 43 Milo
A202: AOS No. 77 Lubec
A203: AOS No. 81 Holden
A204: AOS No. 90 Lee
A205: AOS No. 91 Swans Island
A206: AOS No. 95 Allagash
A207: AOS No. 95 Fort Kent
A208: AOS No. 95 St. John Valley
A209: Erskine Academy
A210: Foxcroft Academy
A211: Fryeburg Academy
... A236: Western Maine Regional Service Center
