Workbook

Sheet Summary
A1: LEAID | B1: Year | C1: State | D1: state_abv | E1: plan | F1: standardized_employer_name | G1: employer_id | H1: 1996_contribution | I1: 1996_employer_allocation | J1: pre-1996_employer_contribution | K1: pre_1996_state_contribution | M1: district_contributions | N1: state_contributions | O1: total_contributions | P1: LEAID Match | Q1: count | R1: District Contributions
A2: =P2 -> 1809370 | B2: 2015 | C2: Indiana | D2: IN | E2: Teachers' Retirement Fund 1996 Account & Pre-1996 | F2: WEST CLARK COMM SCHOOLS | G2: 10000 | H2: 894023 | I2: 0.004347372 | J2: 25262.578 | K2: 3676207.3 | M2: =SUM(H2,J2) -> 919285.58 | N2: =K2 -> 3676207.3 | O2: =SUM(M2:N2) -> 4595492.9 | P2: =VLOOKUP(F2,'LEAID Match'!$A$2:$B$436,2,FALSE) -> 1809370 | Q2: =COUNTIF($P$2:$P$3691,P2) -> 9 | R2: 2015 | S2: =SUMIF($B$2:$B$3691,$R2,$H$2:$H$3691) -> 205646770 | T2: =SUMIF($B$2:$B$3691,$R2,$J$2:$J$3691) -> 5811000 | U2: =SUM(S2:T2) -> 211457770
A3: =P3 -> 1809370 | B3: 2016 | C3: Indiana | D3: IN | E3: Teachers' Retirement Fund 1996 Account & Pre-1997 | F3: WEST CLARK COMM SCHOOLS | G3: 10000 | H3: 964405 | I3: 0.0044749576 | J3: 22589.586 | K3: 3971524.9 | M3: =SUM(H3,J3) -> 986994.59 | N3: =K3 -> 3971524.9 | O3: =SUM(M3:N3) -> 4958519.5 | P3: =VLOOKUP(F3,'LEAID Match'!$A$2:$B$436,2,FALSE) -> 1809370 | Q3: =COUNTIF($P$2:$P$3691,P3) -> 9 | R3: 2016 | S3: =SUMIF($B$2:$B$3691,$R3,$H$2:$H$3691) -> 215511537 | T3: =SUMIF($B$2:$B$3691,$R3,$J$2:$J$3691) -> 5048000 | U3: =SUM(S3:T3) -> 220559537
A4: =P4 -> 1809370 | B4: 2017 | C4: Indiana | D4: IN | E4: Teachers' Retirement Fund 1996 Account & Pre-1998 | F4: WEST CLARK COMM SCHOOLS | G4: 10000 | H4: 1062167 | I4: 0.0046771757 | J4: 21164.22 | K4: 4073820 | M4: =SUM(H4,J4) -> 1083331.2 | N4: =K4 -> 4073820 | O4: =SUM(M4:N4) -> 5157151.3 | P4: =VLOOKUP(F4,'LEAID Match'!$A$2:$B$436,2,FALSE) -> 1809370 | Q4: =COUNTIF($P$2:$P$3691,P4) -> 9 | R4: 2017 | S4: =SUMIF($B$2:$B$3691,$R4,$H$2:$H$3691) -> 227095809 | T4: =SUMIF($B$2:$B$3691,$R4,$J$2:$J$3691) -> 4525000 | U4: =SUM(S4:T4) -> 231620809
A5: =P5 -> 1809370 | B5: 2018 | C5: Indiana | D5: IN | E5: Teachers' Retirement Fund 1996 Account & Pre-1999 | F5: WEST CLARK COMM SCHOOLS | G5: 10000 | H5: 1144527 | I5: 0.0048555079 | J5: 20237.757 | K5: 2894322 | M5: =SUM(H5,J5) -> 1164764.8 | N5: =K5 -> 2894322 | O5: =SUM(M5:N5) -> 4059086.8 | P5: =VLOOKUP(F5,'LEAID Match'!$A$2:$B$436,2,FALSE) -> 1809370 | Q5: =COUNTIF($P$2:$P$3691,P5) -> 9 | R5: 2018 | S5: =SUMIF($B$2:$B$3691,$R5,$H$2:$H$3691) -> 235717254 | T5: =SUMIF($B$2:$B$3691,$R5,$J$2:$J$3691) -> 4168000 | U5: =SUM(S5:T5) -> 239885254
A6: =P6 -> 1809370 | B6: 2019 | C6: Indiana | D6: IN | E6: Teachers' Retirement Fund 1996 Account & Pre-2000 | F6: WEST CLARK COMM SCHOOLS | G6: 10000 | H6: 1104819 | I6: 0.0028106535 | J6: 9851.3407 | K6: 2652975.9 | M6: =SUM(H6,J6) -> 1114670.3 | N6: =K6 -> 2652975.9 | O6: =SUM(M6:N6) -> 3767646.2 | P6: =VLOOKUP(F6,'LEAID Match'!$A$2:$B$436,2,FALSE) -> 1809370 | Q6: =COUNTIF($P$2:$P$3691,P6) -> 9 | R6: 2019 | S6: =SUMIF($B$2:$B$3691,$R6,$H$2:$H$3691) -> 393082599 | T6: =SUMIF($B$2:$B$3691,$R6,$J$2:$J$3691) -> 3505000 | U6: =SUM(S6:T6) -> 396587599
A7: =P7 -> 1809370 | B7: 2020 | C7: Indiana | D7: IN | E7: Teachers' Retirement Fund 1996 Account & Pre-2001 | F7: WEST CLARK COMM SCHOOLS | G7: 10000 | H7: 811264 | I7: 0.0042986508 | J7: 10127.621 | K7: 2971761 | M7: =SUM(H7,J7) -> 821391.62 | N7: =K7 -> 2971761 | O7: =SUM(M7:N7) -> 3793152.6 | P7: =VLOOKUP(F7,'LEAID Match'!$A$2:$B$436,2,FALSE) -> 1809370 | Q7: =COUNTIF($P$2:$P$3691,P7) -> 9 | R7: 2020 | S7: =SUMIF($B$2:$B$3691,$R7,$H$2:$H$3691) -> 188725262 | T7: =SUMIF($B$2:$B$3691,$R7,$J$2:$J$3691) -> 2356000 | U7: =SUM(S7:T7) -> 191081262
A8: =P8 -> 1809370 | B8: 2021 | C8: Indiana | D8: IN | E8: Teachers' Retirement Fund 1996 Account & Pre-2002 | F8: WEST CLARK COMM SCHOOLS | G8: 10000 | H8: 100924 | I8: 0.00049857395 | J8: 1123.7857 | K8: 3696082 | M8: =SUM(H8,J8) -> 102047.79 | N8: =K8 -> 3696082 | O8: =SUM(M8:N8) -> 3798129.8 | P8: =VLOOKUP(F8,'LEAID Match'!$A$2:$B$436,2,FALSE) -> 1809370 | Q8: =COUNTIF($P$2:$P$3691,P8) -> 9 | R8: 2021 | S8: =SUMIF($B$2:$B$3691,$R8,$H$2:$H$3691) -> 202425339 | T8: =SUMIF($B$2:$B$3691,$R8,$J$2:$J$3691) -> 2254000 | U8: =SUM(S8:T8) -> 204679339
A9: =P9 -> 1809370 | B9: 2022 | C9: Indiana | D9: IN | E9: Teachers' Retirement Fund 1996 Account & Pre-2003 | F9: WEST CLARK COMM SCHOOLS | G9: 10000 | H9: - | I9: 0 | J9: 0 | K9: 3496950 | M9: =SUM(H9,J9) -> 0 | N9: =K9 -> 3496950 | O9: =SUM(M9:N9) -> 3496950 | P9: =VLOOKUP(F9,'LEAID Match'!$A$2:$B$436,2,FALSE) -> 1809370 | Q9: =COUNTIF($P$2:$P$3691,P9) -> 9 | R9: 2022 | S9: =SUMIF($B$2:$B$3691,$R9,$H$2:$H$3691) -> 210606752 | T9: =SUMIF($B$2:$B$3691,$R9,$J$2:$J$3691) -> 2205000 | U9: =SUM(S9:T9) -> 212811752
A10: =P10 -> 1809370 | B10: 2023 | C10: Indiana | D10: IN | E10: Teachers' Retirement Fund 1996 Account & Pre-2004 | F10: WEST CLARK COMM SCHOOLS | G10: 10000 | H10: - | I10: 0 | J10: 0 | K10: 7589120 | M10: =SUM(H10,J10) -> 0 | N10: =K10 -> 7589120 | O10: =SUM(M10:N10) -> 7589120 | P10: =VLOOKUP(F10,'LEAID Match'!$A$2:$B$436,2,FALSE) -> 1809370 | Q10: =COUNTIF($P$2:$P$3691,P10) -> 9
A11: =P11 -> 1800212 | B11: 2021 | C11: Indiana | D11: IN | E11: Teachers' Retirement Fund 1996 Account & Pre-2005 | F11: BORDEN-HENRYVILLE SCHOOL CORPOATION | G11: 10001 | H11: 269530 | I11: 0.0013315033 | J11: 3001.2084 | K11: 430762 | M11: =SUM(H11,J11) -> 272531.21 | N11: =K11 -> 430762 | O11: =SUM(M11:N11) -> 703293.21 | P11: =VLOOKUP(F11,'LEAID Match'!$A$2:$B$436,2,FALSE) -> 1800212 | Q11: =COUNTIF($P$2:$P$3691,P11) -> 3 | R11: State Contributions
A12: =P12 -> 1800212 | B12: 2022 | C12: Indiana | D12: IN | E12: Teachers' Retirement Fund 1996 Account & Pre-2006 | F12: BORDEN-HENRYVILLE SCHOOL CORPOATION | G12: 10001 | H12: 367374 | I12: 0.00174436 | J12: 3846.3139 | K12: 276438 | M12: =SUM(H12,J12) -> 371220.31 | N12: =K12 -> 276438 | O12: =SUM(M12:N12) -> 647658.31 | P12: =VLOOKUP(F12,'LEAID Match'!$A$2:$B$436,2,FALSE) -> 1800212 | Q12: =COUNTIF($P$2:$P$3691,P12) -> 3 | R12: 2015 | S12: =SUMIF($B$2:$B$3691,R12,$K$2:$K$3691) -> 8.45616e+08
A13: =P13 -> 1800212 | B13: 2023 | C13: Indiana | D13: IN | E13: Teachers' Retirement Fund 1996 Account & Pre-2007 | F13: BORDEN-HENRYVILLE SCHOOL CORPOATION | G13: 10001 | H13: 435453 | I13: 0.0017807635 | J13: 4393.1436 | K13: 1316238 | M13: =SUM(H13,J13) -> 439846.14 | N13: =K13 -> 1316238 | O13: =SUM(M13:N13) -> 1756084.1 | P13: =VLOOKUP(F13,'LEAID Match'!$A$2:$B$436,2,FALSE) -> 1800212 | Q13: =COUNTIF($P$2:$P$3691,P13) -> 3 | R13: 2016 | S13: =SUMIF($B$2:$B$3691,R13,$K$2:$K$3691) -> 8.875e+08
A14: =P14 -> 1800213 | B14: 2021 | C14: Indiana | D14: IN | E14: Teachers' Retirement Fund 1996 Account & Pre-2008 | F14: SILVER CREEK SCHOOL CORPORATION | G14: 10002 | H14: 466345 | I14: 0.0023037877 | J14: 5192.7374 | K14: 656612 | M14: =SUM(H14,J14) -> 471537.74 | N14: =K14 -> 656612 | O14: =SUM(M14:N14) -> 1128149.7 | P14: =VLOOKUP(F14,'LEAID Match'!$A$2:$B$436,2,FALSE) -> 1800213 | Q14: =COUNTIF($P$2:$P$3691,P14) -> 3 | R14: 2017 | S14: =SUMIF($B$2:$B$3691,R14,$K$2:$K$3691) -> 8.71e+08
A15: =P15 -> 1800213 | B15: 2022 | C15: Indiana | D15: IN | E15: Teachers' Retirement Fund 1996 Account & Pre-2009 | F15: SILVER CREEK SCHOOL CORPORATION | G15: 10002 | H15: 576146 | I15: 0.0027356483 | J15: 6032.1045 | K15: 755670 | M15: =SUM(H15,J15) -> 582178.1 | N15: =K15 -> 755670 | O15: =SUM(M15:N15) -> 1337848.1 | P15: =VLOOKUP(F15,'LEAID Match'!$A$2:$B$436,2,FALSE) -> 1800213 | Q15: =COUNTIF($P$2:$P$3691,P15) -> 3 | R15: 2018 | S15: =SUMIF($B$2:$B$3691,R15,$K$2:$K$3691) -> 917900000
A16: =P16 -> 1800213 | B16: 2023 | C16: Indiana | D16: IN | E16: Teachers' Retirement Fund 1996 Account & Pre-2010 | F16: SILVER CREEK SCHOOL CORPORATION | G16: 10002 | H16: 682899 | I16: 0.0027926817 | J16: 6889.5457 | K16: 3113149 | M16: =SUM(H16,J16) -> 689788.55 | N16: =K16 -> 3113149 | O16: =SUM(M16:N16) -> 3802937.5 | P16: =VLOOKUP(F16,'LEAID Match'!$A$2:$B$436,2,FALSE) -> 1800213 | Q16: =COUNTIF($P$2:$P$3691,P16) -> 3 | R16: 2019 | S16: =SUMIF($B$2:$B$3691,R16,$K$2:$K$3691) -> 9.439e+08
A17: =P17 -> 1801920 | B17: 2015 | C17: Indiana | D17: IN | E17: Teachers' Retirement Fund 1996 Account & Pre-2011 | F17: CLARKSVILLE COMM SCHOOL CORP | G17: 10013 | H17: 322792 | I17: 0.0015696429 | J17: 9121.1951 | K17: 1327315.2 | M17: =SUM(H17,J17) -> 331913.2 | N17: =K17 -> 1327315.2 | O17: =SUM(M17:N17) -> 1659228.4 | P17: =VLOOKUP(F17,'LEAID Match'!$A$2:$B$436,2,FALSE) -> 1801920 | Q17: =COUNTIF($P$2:$P$3691,P17) -> 9 | R17: 2020 | S17: =SUMIF($B$2:$B$3691,R17,$K$2:$K$3691) -> 971132000
A18: =P18 -> 1801920 | B18: 2016 | C18: Indiana | D18: IN | E18: Teachers' Retirement Fund 1996 Account & Pre-2012 | F18: CLARKSVILLE COMM SCHOOL CORP | G18: 10013 | H18: 335892 | I18: 0.0015585801 | J18: 7867.7125 | K18: 1383239.9 | M18: =SUM(H18,J18) -> 343759.71 | N18: =K18 -> 1383239.9 | O18: =SUM(M18:N18) -> 1726999.6 | P18: =VLOOKUP(F18,'LEAID Match'!$A$2:$B$436,2,FALSE) -> 1801920 | Q18: =COUNTIF($P$2:$P$3691,P18) -> 9 | R18: 2021 | S18: =SUMIF($B$2:$B$3691,R18,$K$2:$K$3691) -> 1598375000
A19: =P19 -> 1801920 | B19: 2017 | C19: Indiana | D19: IN | E19: Teachers' Retirement Fund 1996 Account & Pre-2013 | F19: CLARKSVILLE COMM SCHOOL CORP | G19: 10013 | H19: 330165 | I19: 0.0014538577 | J19: 6578.7063 | K19: 1266310.1 | M19: =SUM(H19,J19) -> 336743.71 | N19: =K19 -> 1266310.1 | O19: =SUM(M19:N19) -> 1603053.8 | P19: =VLOOKUP(F19,'LEAID Match'!$A$2:$B$436,2,FALSE) -> 1801920 | Q19: =COUNTIF($P$2:$P$3691,P19) -> 9 | R19: 2022 | S19: =SUMIF($B$2:$B$3691,R19,$K$2:$K$3691) -> 1550410326
A20: =P20 -> 1801920 | B20: 2018 | C20: Indiana | D20: IN | E20: Teachers' Retirement Fund 1996 Account & Pre-2014 | F20: CLARKSVILLE COMM SCHOOL CORP | G20: 10013 | H20: 467389 | I20: 0.0019828375 | J20: 8264.4665 | K20: 1243846 | M20: =SUM(H20,J20) -> 475653.47 | N20: =K20 -> 1243846 | O20: =SUM(M20:N20) -> 1719499.5 | P20: =VLOOKUP(F20,'LEAID Match'!$A$2:$B$436,2,FALSE) -> 1801920 | Q20: =COUNTIF($P$2:$P$3691,P20) -> 9
A21: =P21 -> 1801920 | B21: 2019 | C21: Indiana | D21: IN | E21: Teachers' Retirement Fund 1996 Account & Pre-2015 | F21: CLARKSVILLE COMM SCHOOL CORP | G21: 10013 | H21: 318654 | I21: 0.00081065405 | J21: 2841.3424 | K21: 765176.36 | M21: =SUM(H21,J21) -> 321495.34 | N21: =K21 -> 765176.36 | O21: =SUM(M21:N21) -> 1086671.7 | P21: =VLOOKUP(F21,'LEAID Match'!$A$2:$B$436,2,FALSE) -> 1801920 | Q21: =COUNTIF($P$2:$P$3691,P21) -> 9
A22: =P22 -> 1801920 | B22: 2020 | C22: Indiana | D22: IN | E22: Teachers' Retirement Fund 1996 Account & Pre-2016 | F22: CLARKSVILLE COMM SCHOOL CORP | G22: 10013 | H22: 229561 | I22: 0.0012163766 | J22: 2865.7834 | K22: 1287430 | M22: =SUM(H22,J22) -> 232426.78 | N22: =K22 -> 1287430 | O22: =SUM(M22:N22) -> 1519856.8 | P22: =VLOOKUP(F22,'LEAID Match'!$A$2:$B$436,2,FALSE) -> 1801920 | Q22: =COUNTIF($P$2:$P$3691,P22) -> 9 | R22: GASB 67 Figures | S22: District Contributions | T22: State Contributions
A23: =P23 -> 1801920 | B23: 2021 | C23: Indiana | D23: IN | E23: Teachers' Retirement Fund 1996 Account & Pre-2017 | F23: CLARKSVILLE COMM SCHOOL CORP | G23: 10013 | H23: 226616 | I23: 0.0011195041 | J23: 2523.3623 | K23: 2019707 | M23: =SUM(H23,J23) -> 229139.36 | N23: =K23 -> 2019707 | O23: =SUM(M23:N23) -> 2248846.4 | P23: =VLOOKUP(F23,'LEAID Match'!$A$2:$B$436,2,FALSE) -> 1801920 | Q23: =COUNTIF($P$2:$P$3691,P23) -> 9 | R23: 2015 | S23: 211574000 | T23: 845616000
A24: =P24 -> 1801920 | B24: 2022 | C24: Indiana | D24: IN | E24: Teachers' Retirement Fund 1996 Account & Pre-2018 | F24: CLARKSVILLE COMM SCHOOL CORP | G24: 10013 | H24: 235236 | I24: 0.0011169442 | J24: 2462.8621 | K24: 1949331 | M24: =SUM(H24,J24) -> 237698.86 | N24: =K24 -> 1949331 | O24: =SUM(M24:N24) -> 2187029.9 | P24: =VLOOKUP(F24,'LEAID Match'!$A$2:$B$436,2,FALSE) -> 1801920 | Q24: =COUNTIF($P$2:$P$3691,P24) -> 9 | R24: 2016 | S24: 220674000 | T24: 887500000
A25: =P25 -> 1801920 | B25: 2023 | C25: Indiana | D25: IN | E25: Teachers' Retirement Fund 1996 Account & Pre-2019 | F25: CLARKSVILLE COMM SCHOOL CORP | G25: 10013 | H25: 250626 | I25: 0.0010249226 | J25: 2528.4841 | K25: 5067601 | M25: =SUM(H25,J25) -> 253154.48 | N25: =K25 -> 5067601 | O25: =SUM(M25:N25) -> 5320755.5 | P25: =VLOOKUP(F25,'LEAID Match'!$A$2:$B$436,2,FALSE) -> 1801920 | Q25: =COUNTIF($P$2:$P$3691,P25) -> 9 | R25: 2017 | S25: 231732000 | T25: 871000000
A26: =P26 -> 1803940 | B26: 2015 | C26: Indiana | D26: IN | E26: Teachers' Retirement Fund 1996 Account & Pre-2020 | F26: GREATER CLARK CO SCHOOLS | G26: 10016 | H26: 2474633 | I26: 0.012033415 | J26: 69926.177 | K26: 10175649 | M26: =SUM(H26,J26) -> 2544559.2 | N26: =K26 -> 10175649 | O26: =SUM(M26:N26) -> 12720208 | P26: =VLOOKUP(F26,'LEAID Match'!$A$2:$B$436,2,FALSE) -> 1803940 | Q26: =COUNTIF($P$2:$P$3691,P26) -> 9 | R26: 2018 | S26: 239987000 | T26: 917900000
A27: =P27 -> 1803940 | B27: 2016 | C27: Indiana | D27: IN | E27: Teachers' Retirement Fund 1996 Account & Pre-2021 | F27: GREATER CLARK CO SCHOOLS | G27: 10016 | H27: 2532561 | I27: 0.011751394 | J27: 59321.037 | K27: 10429362 | M27: =SUM(H27,J27) -> 2591882 | N27: =K27 -> 10429362 | O27: =SUM(M27:N27) -> 13021244 | P27: =VLOOKUP(F27,'LEAID Match'!$A$2:$B$436,2,FALSE) -> 1803940 | Q27: =COUNTIF($P$2:$P$3691,P27) -> 9 | R27: 2019 | S27: 396677000 | T27: 943900000
A28: =P28 -> 1803940 | B28: 2017 | C28: Indiana | D28: IN | E28: Teachers' Retirement Fund 1996 Account & Pre-2022 | F28: GREATER CLARK CO SCHOOLS | G28: 10016 | H28: 2564127 | I28: 0.011290948 | J28: 51091.54 | K28: 9834415.8 | M28: =SUM(H28,J28) -> 2615218.5 | N28: =K28 -> 9834415.8 | O28: =SUM(M28:N28) -> 12449634 | P28: =VLOOKUP(F28,'LEAID Match'!$A$2:$B$436,2,FALSE) -> 1803940 | Q28: =COUNTIF($P$2:$P$3691,P28) -> 9 | R28: 2020 | S28: 191145000 | T28: 971132000
A29: =P29 -> 1803940 | B29: 2018 | C29: Indiana | D29: IN | E29: Teachers' Retirement Fund 1996 Account & Pre-2023 | F29: GREATER CLARK CO SCHOOLS | G29: 10016 | H29: 2582134 | I29: 0.01095437 | J29: 45657.814 | K29: 10231189 | M29: =SUM(H29,J29) -> 2627791.8 | N29: =K29 -> 10231189 | O29: =SUM(M29:N29) -> 12858981 | P29: =VLOOKUP(F29,'LEAID Match'!$A$2:$B$436,2,FALSE) -> 1803940 | Q29: =COUNTIF($P$2:$P$3691,P29) -> 9 | R29: 2021 | S29: 204743000 | T29: 1598375000
A30: =P30 -> 1803940 | B30: 2019 | C30: Indiana | D30: IN | E30: Teachers' Retirement Fund 1996 Account & Pre-2024 | F30: GREATER CLARK CO SCHOOLS | G30: 10016 | H30: 2653384 | I30: 0.0067501945 | J30: 23659.432 | K30: 6371508.6 | M30: =SUM(H30,J30) -> 2677043.4 | N30: =K30 -> 6371508.6 | O30: =SUM(M30:N30) -> 9048552 | P30: =VLOOKUP(F30,'LEAID Match'!$A$2:$B$436,2,FALSE) -> 1803940 | Q30: =COUNTIF($P$2:$P$3691,P30) -> 9 | R30: 2022 | S30: 212870000 | T30: 1550410000
A31: =P31 -> 1803940 | B31: 2020 | C31: Indiana | D31: IN | E31: Teachers' Retirement Fund 1996 Account & Pre-2025 | F31: GREATER CLARK CO SCHOOLS | G31: 10016 | H31: 1923174 | I31: 0.010190337 | J31: 24008.434 | K31: 10595827 | M31: =SUM(H31,J31) -> 1947182.4 | N31: =K31 -> 10595827 | O31: =SUM(M31:N31) -> 12543009 | P31: =VLOOKUP(F31,'LEAID Match'!$A$2:$B$436,2,FALSE) -> 1803940 | Q31: =COUNTIF($P$2:$P$3691,P31) -> 9
A32: =P32 -> 1803940 | B32: 2021 | C32: Indiana | D32: IN | E32: Teachers' Retirement Fund 1996 Account & Pre-2026 | F32: GREATER CLARK CO SCHOOLS | G32: 10016 | H32: 2091906 | I32: 0.01033421 | J32: 23293.31 | K32: 16913365 | M32: =SUM(H32,J32) -> 2115199.3 | N32: =K32 -> 16913365 | O32: =SUM(M32:N32) -> 19028564 | P32: =VLOOKUP(F32,'LEAID Match'!$A$2:$B$436,2,FALSE) -> 1803940 | Q32: =COUNTIF($P$2:$P$3691,P32) -> 9 | R32: Check
A33: =P33 -> 1803940 | B33: 2022 | C33: Indiana | D33: IN | E33: Teachers' Retirement Fund 1996 Account & Pre-2027 | F33: GREATER CLARK CO SCHOOLS | G33: 10016 | H33: 2081418 | I33: 0.0098829595 | J33: 21791.926 | K33: 16249541 | M33: =SUM(H33,J33) -> 2103209.9 | N33: =K33 -> 16249541 | O33: =SUM(M33:N33) -> 18352751 | P33: =VLOOKUP(F33,'LEAID Match'!$A$2:$B$436,2,FALSE) -> 1803940 | Q33: =COUNTIF($P$2:$P$3691,P33) -> 9 | R33: 2015 | S33: =U2-S23 -> -116230 | T33: =S12-T23 -> -1.9073486e-06
A34: =P34 -> 1803940 | B34: 2023 | C34: Indiana | D34: IN | E34: Teachers' Retirement Fund 1996 Account & Pre-2028 | F34: GREATER CLARK CO SCHOOLS | G34: 10016 | H34: 2389147 | I34: 0.0097702985 | J34: 24103.326 | K34: 41947252 | M34: =SUM(H34,J34) -> 2413250.3 | N34: =K34 -> 41947252 | O34: =SUM(M34:N34) -> 44360502 | P34: =VLOOKUP(F34,'LEAID Match'!$A$2:$B$436,2,FALSE) -> 1803940 | Q34: =COUNTIF($P$2:$P$3691,P34) -> 9 | R34: 2016 | S34: =U3-S24 -> -114463 | T34: =S13-T24 -> -9.5367432e-07
A35: =P35 -> 1800080 | B35: 2018 | C35: Indiana | D35: IN | E35: Teachers' Retirement Fund 1996 Account & Pre-2029 | F35: WILSON EDUCATION CENTER | G35: 10017 | H35: 0 | I35: 0 | J35: 0 | K35: 30382 | M35: =SUM(H35,J35) -> 0 | N35: =K35 -> 30382 | O35: =SUM(M35:N35) -> 30382 | P35: =VLOOKUP(F35,'LEAID Match'!$A$2:$B$436,2,FALSE) -> 1800080 | Q35: =COUNTIF($P$2:$P$3691,P35) -> 5 | R35: 2017 | S35: =U4-S25 -> -111191 | T35: =S14-T25 -> -2.1457672e-06
A36: =P36 -> 1800080 | B36: 2020 | C36: Indiana | D36: IN | E36: Teachers' Retirement Fund 1996 Account & Pre-2030 | F36: WILSON EDUCATION CENTER | G36: 10017 | H36: 0 | I36: 0 | J36: 0 | K36: 13693 | M36: =SUM(H36,J36) -> 0 | N36: =K36 -> 13693 | O36: =SUM(M36:N36) -> 13693 | P36: =VLOOKUP(F36,'LEAID Match'!$A$2:$B$436,2,FALSE) -> 1800080 | Q36: =COUNTIF($P$2:$P$3691,P36) -> 5 | R36: 2018 | S36: =U5-S26 -> -101746 | T36: =S15-T26 -> 0
A37: =P37 -> 1800080 | B37: 2021 | C37: Indiana | D37: IN | E37: Teachers' Retirement Fund 1996 Account & Pre-2031 | F37: WILSON EDUCATION CENTER | G37: 10017 | K37: 21738 | M37: =SUM(H37,J37) -> 0 | N37: =K37 -> 21738 | O37: =SUM(M37:N37) -> 21738 | P37: =VLOOKUP(F37,'LEAID Match'!$A$2:$B$436,2,FALSE) -> 1800080 | Q37: =COUNTIF($P$2:$P$3691,P37) -> 5 | R37: 2019 | S37: =U6-S27 -> -89401 | T37: =S16-T27 -> -1.9073486e-06
A38: =P38 -> 1800080 | B38: 2022 | C38: Indiana | D38: IN | E38: Teachers' Retirement Fund 1996 Account & Pre-2032 | F38: WILSON EDUCATION CENTER | G38: 10017 | K38: 21396 | M38: =SUM(H38,J38) -> 0 | N38: =K38 -> 21396 | O38: =SUM(M38:N38) -> 21396 | P38: =VLOOKUP(F38,'LEAID Match'!$A$2:$B$436,2,FALSE) -> 1800080 | Q38: =COUNTIF($P$2:$P$3691,P38) -> 5 | R38: 2020 | S38: =U7-S28 -> -63738 | T38: =S17-T28 -> 0
A39: =P39 -> 1800080 | B39: 2023 | C39: Indiana | D39: IN | E39: Teachers' Retirement Fund 1996 Account & Pre-2033 | F39: WILSON EDUCATION CENTER | G39: 10017 | H39: 4050 | I39: 1.6562275e-05 | J39: 40.859132 | K39: 425618 | M39: =SUM(H39,J39) -> 4090.8591 | N39: =K39 -> 425618 | O39: =SUM(M39:N39) -> 429708.86 | P39: =VLOOKUP(F39,'LEAID Match'!$A$2:$B$436,2,FALSE) -> 1800080 | Q39: =COUNTIF($P$2:$P$3691,P39) -> 5 | R39: 2021 | S39: =U8-S29 -> -63661 | T39: =S18-T29 -> 0
A40: =P40 -> 1800060 | B40: 2015 | C40: Indiana | D40: IN | E40: Teachers' Retirement Fund 1996 Account & Pre-2034 | F40: ADAMS CENTRAL COMM SCHOOLS | G40: 1005 | H40: 254564 | I40: 0.0012378702 | J40: 7193.2635 | K40: 1046762.8 | M40: =SUM(H40,J40) -> 261757.26 | N40: =K40 -> 1046762.8 | O40: =SUM(M40:N40) -> 1308520.1 | P40: =VLOOKUP(F40,'LEAID Match'!$A$2:$B$436,2,FALSE) -> 1800060 | Q40: =COUNTIF($P$2:$P$3691,P40) -> 9 | R40: 2022 | S40: =U9-S30 -> -58248 | T40: =S19-T30 -> 326
A41: =P41 -> 1800060 | B41: 2016 | C41: Indiana | D41: IN | E41: Teachers' Retirement Fund 1996 Account & Pre-2035 | F41: ADAMS CENTRAL COMM SCHOOLS | G41: 1005 | H41: 258057 | I41: 0.0011974162 | J41: 6044.5568 | K41: 1062706.9 | M41: =SUM(H41,J41) -> 264101.56 | N41: =K41 -> 1062706.9 | O41: =SUM(M41:N41) -> 1326808.4 | P41: =VLOOKUP(F41,'LEAID Match'!$A$2:$B$436,2,FALSE) -> 1800060 | Q41: =COUNTIF($P$2:$P$3691,P41) -> 9
A42: =P42 -> 1800060 | B42: 2017 | C42: Indiana | D42: IN | E42: Teachers' Retirement Fund 1996 Account & Pre-2036 | F42: ADAMS CENTRAL COMM SCHOOLS | G42: 1005 | H42: 260743 | I42: 0.001148163 | J42: 5195.4375 | K42: 1000050 | M42: =SUM(H42,J42) -> 265938.44 | N42: =K42 -> 1000050 | O42: =SUM(M42:N42) -> 1265988.4 | P42: =VLOOKUP(F42,'LEAID Match'!$A$2:$B$436,2,FALSE) -> 1800060 | Q42: =COUNTIF($P$2:$P$3691,P42) -> 9
A43: =P43 -> 1800060 | B43: 2018 | C43: Indiana | D43: IN | E43: Teachers' Retirement Fund 1996 Account & Pre-2037 | F43: ADAMS CENTRAL COMM SCHOOLS | G43: 1005 | H43: 284657 | I43: 0.0012076206 | J43: 5033.3625 | K43: 1051363 | M43: =SUM(H43,J43) -> 289690.36 | N43: =K43 -> 1051363 | O43: =SUM(M43:N43) -> 1341053.4 | P43: =VLOOKUP(F43,'LEAID Match'!$A$2:$B$436,2,FALSE) -> 1800060 | Q43: =COUNTIF($P$2:$P$3691,P43) -> 9
A44: =P44 -> 1800060 | B44: 2019 | C44: Indiana | D44: IN | E44: Teachers' Retirement Fund 1996 Account & Pre-2038 | F44: ADAMS CENTRAL COMM SCHOOLS | G44: 1005 | H44: 297694 | I44: 0.00075733192 | J44: 2654.4484 | K44: 714845.6 | M44: =SUM(H44,J44) -> 300348.45 | N44: =K44 -> 714845.6 | O44: =SUM(M44:N44) -> 1015194 | P44: =VLOOKUP(F44,'LEAID Match'!$A$2:$B$436,2,FALSE) -> 1800060 | Q44: =COUNTIF($P$2:$P$3691,P44) -> 9
A45: =P45 -> 1800060 | B45: 2020 | C45: Indiana | D45: IN | E45: Teachers' Retirement Fund 1996 Account & Pre-2039 | F45: ADAMS CENTRAL COMM SCHOOLS | G45: 1005 | H45: 239809 | I45: 0.0012706778 | J45: 2993.7169 | K45: 1148655 | M45: =SUM(H45,J45) -> 242802.72 | N45: =K45 -> 1148655 | O45: =SUM(M45:N45) -> 1391457.7 | P45: =VLOOKUP(F45,'LEAID Match'!$A$2:$B$436,2,FALSE) -> 1800060 | Q45: =COUNTIF($P$2:$P$3691,P45) -> 9
A46: =P46 -> 1800060 | B46: 2021 | C46: Indiana | D46: IN | E46: Teachers' Retirement Fund 1996 Account & Pre-2040 | F46: ADAMS CENTRAL COMM SCHOOLS | G46: 1005 | H46: 267406 | I46: 0.0013210105 | J46: 2977.5577 | K46: 1833176 | M46: =SUM(H46,J46) -> 270383.56 | N46: =K46 -> 1833176 | O46: =SUM(M46:N46) -> 2103559.6 | P46: =VLOOKUP(F46,'LEAID Match'!$A$2:$B$436,2,FALSE) -> 1800060 | Q46: =COUNTIF($P$2:$P$3691,P46) -> 9
A47: =P47 -> 1800060 | B47: 2022 | C47: Indiana | D47: IN | E47: Teachers' Retirement Fund 1996 Account & Pre-2041 | F47: ADAMS CENTRAL COMM SCHOOLS | G47: 1005 | H47: 285548 | I47: 0.001355835 | J47: 2989.6161 | K47: 1733204 | M47: =SUM(H47,J47) -> 288537.62 | N47: =K47 -> 1733204 | O47: =SUM(M47:N47) -> 2021741.6 | P47: =VLOOKUP(F47,'LEAID Match'!$A$2:$B$436,2,FALSE) -> 1800060 | Q47: =COUNTIF($P$2:$P$3691,P47) -> 9
A48: =P48 -> 1800060 | B48: 2023 | C48: Indiana | D48: IN | E48: Teachers' Retirement Fund 1996 Account & Pre-2042 | F48: ADAMS CENTRAL COMM SCHOOLS | G48: 1005 | H48: 325863 | I48: 0.0013326006 | J48: 3287.5257 | K48: 4263375 | M48: =SUM(H48,J48) -> 329150.53 | N48: =K48 -> 4263375 | O48: =SUM(M48:N48) -> 4592525.5 | P48: =VLOOKUP(F48,'LEAID Match'!$A$2:$B$436,2,FALSE) -> 1800060 | Q48: =COUNTIF($P$2:$P$3691,P48) -> 9
A49: =P49 -> 1810260 | B49: 2015 | C49: Indiana | D49: IN | E49: Teachers' Retirement Fund 1996 Account & Pre-2043 | F49: SOUTH ADAMS SCHOOLS | G49: 1006 | H49: 238738 | I49: 0.001160913 | J49: 6746.0652 | K49: 981686.57 | M49: =SUM(H49,J49) -> 245484.07 | N49: =K49 -> 981686.57 | O49: =SUM(M49:N49) -> 1227170.6 | P49: =VLOOKUP(F49,'LEAID Match'!$A$2:$B$436,2,FALSE) -> 1810260 | Q49: =COUNTIF($P$2:$P$3691,P49) -> 9
A50: =P50 -> 1810260 | B50: 2016 | C50: Indiana | D50: IN | E50: Teachers' Retirement Fund 1996 Account & Pre-2044 | F50: SOUTH ADAMS SCHOOLS | G50: 1006 | H50: 236383 | I50: 0.0010968462 | J50: 5536.8794 | K50: 973450.96 | M50: =SUM(H50,J50) -> 241919.88 | N50: =K50 -> 973450.96 | O50: =SUM(M50:N50) -> 1215370.8 | P50: =VLOOKUP(F50,'LEAID Match'!$A$2:$B$436,2,FALSE) -> 1810260 | Q50: =COUNTIF($P$2:$P$3691,P50) -> 9
A51: =P51 -> 1810260 | B51: 2017 | C51: Indiana | D51: IN | E51: Teachers' Retirement Fund 1996 Account & Pre-2045 | F51: SOUTH ADAMS SCHOOLS | G51: 1006 | H51: 240447 | I51: 0.001058791 | J51: 4791.0293 | K51: 922206.97 | M51: =SUM(H51,J51) -> 245238.03 | N51: =K51 -> 922206.97 | O51: =SUM(M51:N51) -> 1167445 | P51: =VLOOKUP(F51,'LEAID Match'!$A$2:$B$436,2,FALSE) -> 1810260 | Q51: =COUNTIF($P$2:$P$3691,P51) -> 9
A52: =P52 -> 1810260 | B52: 2018 | C52: Indiana | D52: IN | E52: Teachers' Retirement Fund 1996 Account & Pre-2046 | F52: SOUTH ADAMS SCHOOLS | G52: 1006 | H52: 249440 | I52: 0.001058217 | J52: 4410.6484 | K52: 1493790 | M52: =SUM(H52,J52) -> 253850.65 | N52: =K52 -> 1493790 | O52: =SUM(M52:N52) -> 1747640.6 | P52: =VLOOKUP(F52,'LEAID Match'!$A$2:$B$436,2,FALSE) -> 1810260 | Q52: =COUNTIF($P$2:$P$3691,P52) -> 9
... A431: =P431 -> 1800070 | B431: 2019 | C431: Indiana | D431: IN | E431: Teachers' Retirement Fund 1996 Account & Pre-2425 | F431: EAST CENTRAL INDIANA EDUC SERVICE CENTER INC. | G431: 21011 | H431: 3757 | I431: 9.5577876e-06 | J431: 33.500046 | K431: 9021.5957 | M431: =SUM(H431,J431) -> 3790.5 | N431: =K431 -> 9021.5957 | O431: =SUM(M431:N431) -> 12812.096 | P431: =VLOOKUP(F431,'LEAID Match'!$A$2:$B$436,2,FALSE) -> 1800070 | Q431: =COUNTIF($P$2:$P$3691,P431) -> 9
A432: =P432 -> 1800070 | B432: 2020 | C432: Indiana | D432: IN | E432: Teachers' Retirement Fund 1996 Account & Pre-2426 | F432: EAST CENTRAL INDIANA EDUC SERVICE CENTER INC. | G432: 21011 | H432: $ - | I432: 0 | J432: 0 | K432: 3302 | M432: =SUM(H432,J432) -> 0 | N432: =K432 -> 3302 | O432: =SUM(M432:N432) -> 3302 | P432: =VLOOKUP(F432,'LEAID Match'!$A$2:$B$436,2,FALSE) -> 1800070 | Q432: =COUNTIF($P$2:$P$3691,P432) -> 9
A433: =P433 -> 1800070 | B433: 2021 | C433: Indiana | D433: IN | E433: Teachers' Retirement Fund 1996 Account & Pre-2427 | F433: EAST CENTRAL INDIANA EDUC SERVICE CENTER INC. | G433: 21011 | H433: 4771 | I433: 2.3569184e-05 | J433: 53.12494 | K433: 5275 | M433: =SUM(H433,J433) -> 4824.1249 | N433: =K433 -> 5275 | O433: =SUM(M433:N433) -> 10099.125 | P433: =VLOOKUP(F433,'LEAID Match'!$A$2:$B$436,2,FALSE) -> 1800070 | Q433: =COUNTIF($P$2:$P$3691,P433) -> 9
A434: =P434 -> 1800070 | B434: 2022 | C434: Indiana | D434: IN | E434: Teachers' Retirement Fund 1996 Account & Pre-2428 | F434: EAST CENTRAL INDIANA EDUC SERVICE CENTER INC. | G434: 21011 | H434: 9890 | I434: 4.6959558e-05 | J434: 103.54583 | K434: 5116 | M434: =SUM(H434,J434) -> 9993.5458 | N434: =K434 -> 5116 | O434: =SUM(M434:N434) -> 15109.546 | P434: =VLOOKUP(F434,'LEAID Match'!$A$2:$B$436,2,FALSE) -> 1800070 | Q434: =COUNTIF($P$2:$P$3691,P434) -> 9
A435: =P435 -> 1800070 | B435: 2023 | C435: Indiana | D435: IN | E435: Teachers' Retirement Fund 1996 Account & Pre-2429 | F435: EAST CENTRAL INDIANA EDUC SERVICE CENTER INC. | G435: 21011 | H435: 16131 | I435: 6.5966927e-05 | J435: 162.74041 | K435: 18634 | M435: =SUM(H435,J435) -> 16293.74 | N435: =K435 -> 18634 | O435: =SUM(M435:N435) -> 34927.74 | P435: =VLOOKUP(F435,'LEAID Match'!$A$2:$B$436,2,FALSE) -> 1800070 | Q435: =COUNTIF($P$2:$P$3691,P435) -> 9
A436: =P436 -> 1807410 | B436: 2015 | C436: Indiana | D436: IN | E436: Teachers' Retirement Fund 1996 Account & Pre-2430 | F436: NEW ALBANY-FLOYD CO CONS SCHOOLS | G436: 22001 | H436: 2323102 | I436: 0.011296564 | J436: 65644.336 | K436: 9552555.7 | M436: =SUM(H436,J436) -> 2388746.3 | N436: =K436 -> 9552555.7 | O436: =SUM(M436:N436) -> 11941302 | P436: =VLOOKUP(F436,'LEAID Match'!$A$2:$B$436,2,FALSE) -> 1807410 | Q436: =COUNTIF($P$2:$P$3691,P436) -> 9
A437: =P437 -> 1807410 | B437: 2016 | C437: Indiana | D437: IN | E437: Teachers' Retirement Fund 1996 Account & Pre-2431 | F437: NEW ALBANY-FLOYD CO CONS SCHOOLS | G437: 22001 | H437: 2474254 | I437: 0.011480842 | J437: 57955.293 | K437: 10189248 | M437: =SUM(H437,J437) -> 2532209.3 | N437: =K437 -> 10189248 | O437: =SUM(M437:N437) -> 12721457 | P437: =VLOOKUP(F437,'LEAID Match'!$A$2:$B$436,2,FALSE) -> 1807410 | Q437: =COUNTIF($P$2:$P$3691,P437) -> 9
A438: =P438 -> 1807410 | B438: 2017 | C438: Indiana | D438: IN | E438: Teachers' Retirement Fund 1996 Account & Pre-2432 | F438: NEW ALBANY-FLOYD CO CONS SCHOOLS | G438: 22001 | H438: 2692105 | I438: 0.01185449 | J438: 53641.567 | K438: 10325261 | M438: =SUM(H438,J438) -> 2745746.6 | N438: =K438 -> 10325261 | O438: =SUM(M438:N438) -> 13071007 | P438: =VLOOKUP(F438,'LEAID Match'!$A$2:$B$436,2,FALSE) -> 1807410 | Q438: =COUNTIF($P$2:$P$3691,P438) -> 9
A439: =P439 -> 1807410 | B439: 2018 | C439: Indiana | D439: IN | E439: Teachers' Retirement Fund 1996 Account & Pre-2433 | F439: NEW ALBANY-FLOYD CO CONS SCHOOLS | G439: 22001 | H439: 2670434 | I439: 0.011328971 | J439: 47219.152 | K439: 10905478 | M439: =SUM(H439,J439) -> 2717653.2 | N439: =K439 -> 10905478 | O439: =SUM(M439:N439) -> 13623131 | P439: =VLOOKUP(F439,'LEAID Match'!$A$2:$B$436,2,FALSE) -> 1807410 | Q439: =COUNTIF($P$2:$P$3691,P439) -> 9
A440: =P440 -> 1807410 | B440: 2019 | C440: Indiana | D440: IN | E440: Teachers' Retirement Fund 1996 Account & Pre-2434 | F440: NEW ALBANY-FLOYD CO CONS SCHOOLS | G440: 22001 | H440: 2569312 | I440: 0.0065363158 | J440: 22909.787 | K440: 6169628.5 | M440: =SUM(H440,J440) -> 2592221.8 | N440: =K440 -> 6169628.5 | O440: =SUM(M440:N440) -> 8761850.3 | P440: =VLOOKUP(F440,'LEAID Match'!$A$2:$B$436,2,FALSE) -> 1807410 | Q440: =COUNTIF($P$2:$P$3691,P440) -> 9
A441: =P441 -> 1807410 | B441: 2020 | C441: Indiana | D441: IN | E441: Teachers' Retirement Fund 1996 Account & Pre-2435 | F441: NEW ALBANY-FLOYD CO CONS SCHOOLS | G441: 22001 | H441: 2288232 | I441: 0.012124673 | J441: 28565.728 | K441: 11784978 | M441: =SUM(H441,J441) -> 2316797.7 | N441: =K441 -> 11784978 | O441: =SUM(M441:N441) -> 14101776 | P441: =VLOOKUP(F441,'LEAID Match'!$A$2:$B$436,2,FALSE) -> 1807410 | Q441: =COUNTIF($P$2:$P$3691,P441) -> 9
A442: =P442 -> 1807410 | B442: 2021 | C442: Indiana | D442: IN | E442: Teachers' Retirement Fund 1996 Account & Pre-2436 | F442: NEW ALBANY-FLOYD CO CONS SCHOOLS | G442: 22001 | H442: 2187244 | I442: 0.010805189 | J442: 24354.895 | K442: 18640569 | M442: =SUM(H442,J442) -> 2211598.9 | N442: =K442 -> 18640569 | O442: =SUM(M442:N442) -> 20852168 | P442: =VLOOKUP(F442,'LEAID Match'!$A$2:$B$436,2,FALSE) -> 1807410 | Q442: =COUNTIF($P$2:$P$3691,P442) -> 9
A443: =P443 -> 1807410 | B443: 2022 | C443: Indiana | D443: IN | E443: Teachers' Retirement Fund 1996 Account & Pre-2437 | F443: NEW ALBANY-FLOYD CO CONS SCHOOLS | G443: 22001 | H443: 2376220 | I443: 0.011282734 | J443: 24878.429 | K443: 18740120 | M443: =SUM(H443,J443) -> 2401098.4 | N443: =K443 -> 18740120 | O443: =SUM(M443:N443) -> 21141218 | P443: =VLOOKUP(F443,'LEAID Match'!$A$2:$B$436,2,FALSE) -> 1807410 | Q443: =COUNTIF($P$2:$P$3691,P443) -> 9
A444: =P444 -> 1807410 | B444: 2023 | C444: Indiana | D444: IN | E444: Teachers' Retirement Fund 1996 Account & Pre-2438 | F444: NEW ALBANY-FLOYD CO CONS SCHOOLS | G444: 22001 | H444: 2763448 | I444: 0.011300984 | J444: 27879.527 | K444: 50061088 | M444: =SUM(H444,J444) -> 2791327.5 | N444: =K444 -> 50061088 | O444: =SUM(M444:N444) -> 52852416 | P444: =VLOOKUP(F444,'LEAID Match'!$A$2:$B$436,2,FALSE) -> 1807410 | Q444: =COUNTIF($P$2:$P$3691,P444) -> 9
... A527: =P527 -> 0 | B527: 2020 | C527: Indiana | D527: IN | E527: Teachers' Retirement Fund 1996 Account & Pre-2521 | F527: GIBSON-PIKE-WARRICK CORP | G527: 26016 | H527: 0 | I527: 0 | J527: 0 | K527: 382140 | M527: =SUM(H527,J527) -> 0 | N527: =K527 -> 382140 | O527: =SUM(M527:N527) -> 382140 | P527: =VLOOKUP(F527,'LEAID Match'!$A$2:$B$436,2,FALSE) -> 0 | Q527: =COUNTIF($P$2:$P$3691,P527) -> 371
A528: =P528 -> 0 | B528: 2021 | C528: Indiana | D528: IN | E528: Teachers' Retirement Fund 1996 Account & Pre-2522 | F528: GIBSON-PIKE-WARRICK CORP | G528: 26016 | K528: 613137 | M528: =SUM(H528,J528) -> 0 | N528: =K528 -> 613137 | O528: =SUM(M528:N528) -> 613137 | P528: =VLOOKUP(F528,'LEAID Match'!$A$2:$B$436,2,FALSE) -> 0 | Q528: =COUNTIF($P$2:$P$3691,P528) -> 371
A529: =P529 -> 0 | B529: 2022 | C529: Indiana | D529: IN | E529: Teachers' Retirement Fund 1996 Account & Pre-2523 | F529: GIBSON-PIKE-WARRICK CORP | G529: 26016 | K529: 690708 | M529: =SUM(H529,J529) -> 0 | N529: =K529 -> 690708 | O529: =SUM(M529:N529) -> 690708 | P529: =VLOOKUP(F529,'LEAID Match'!$A$2:$B$436,2,FALSE) -> 0 | Q529: =COUNTIF($P$2:$P$3691,P529) -> 371
A530: =P530 -> 0 | B530: 2023 | C530: Indiana | D530: IN | E530: Teachers' Retirement Fund 1996 Account & Pre-2524 | F530: GIBSON-PIKE-WARRICK CORP | G530: 26016 | K530: 1497496 | M530: =SUM(H530,J530) -> 0 | N530: =K530 -> 1497496 | O530: =SUM(M530:N530) -> 1497496 | P530: =VLOOKUP(F530,'LEAID Match'!$A$2:$B$436,2,FALSE) -> 0 | Q530: =COUNTIF($P$2:$P$3691,P530) -> 371
A531: =P531 -> 1806390 | B531: 2015 | C531: Indiana | D531: IN | E531: Teachers' Retirement Fund 1996 Account & Pre-2525 | F531: MARION COMMUNITY SCHOOLS | G531: 27011 | H531: 861436 | I531: 0.0041889109 | J531: 24341.761 | K531: 3542210.1 | M531: =SUM(H531,J531) -> 885777.76 | N531: =K531 -> 3542210.1 | O531: =SUM(M531:N531) -> 4427987.9 | P531: =VLOOKUP(F531,'LEAID Match'!$A$2:$B$436,2,FALSE) -> 1806390 | Q531: =COUNTIF($P$2:$P$3691,P531) -> 9
A532: =P532 -> 1806390 | B532: 2016 | C532: Indiana | D532: IN | E532: Teachers' Retirement Fund 1996 Account & Pre-2526 | F532: MARION COMMUNITY SCHOOLS | G532: 27011 | H532: 800074 | I532: 0.0037124416 | J532: 18740.405 | K532: 3294791.9 | M532: =SUM(H532,J532) -> 818814.41 | N532: =K532 -> 3294791.9 | O532: =SUM(M532:N532) -> 4113606.3 | P532: =VLOOKUP(F532,'LEAID Match'!$A$2:$B$436,2,FALSE) -> 1806390 | Q532: =COUNTIF($P$2:$P$3691,P532) -> 9
A533: =P533 -> 1806390 | B533: 2017 | C533: Indiana | D533: IN | E533: Teachers' Retirement Fund 1996 Account & Pre-2527 | F533: MARION COMMUNITY SCHOOLS | G533: 27011 | H533: 794834 | I533: 0.0034999941 | J533: 15837.473 | K533: 3048494.9 | M533: =SUM(H533,J533) -> 810671.47 | N533: =K533 -> 3048494.9 | O533: =SUM(M533:N533) -> 3859166.4 | P533: =VLOOKUP(F533,'LEAID Match'!$A$2:$B$436,2,FALSE) -> 1806390 | Q533: =COUNTIF($P$2:$P$3691,P533) -> 9
A534: =P534 -> 1806390 | B534: 2018 | C534: Indiana | D534: IN | E534: Teachers' Retirement Fund 1996 Account & Pre-2528 | F534: MARION COMMUNITY SCHOOLS | G534: 27011 | H534: 855834 | I534: 0.0036307652 | J534: 15133.029 | K534: 5833622 | M534: =SUM(H534,J534) -> 870967.03 | N534: =K534 -> 5833622 | O534: =SUM(M534:N534) -> 6704589 | P534: =VLOOKUP(F534,'LEAID Match'!$A$2:$B$436,2,FALSE) -> 1806390 | Q534: =COUNTIF($P$2:$P$3691,P534) -> 9
A535: =P535 -> 1806390 | B535: 2019 | C535: Indiana | D535: IN | E535: Teachers' Retirement Fund 1996 Account & Pre-2529 | F535: MARION COMMUNITY SCHOOLS | G535: 27011 | H535: 890011 | I535: 0.0022641832 | J535: 7935.962 | K535: 2137162.5 | M535: =SUM(H535,J535) -> 897946.96 | N535: =K535 -> 2137162.5 | O535: =SUM(M535:N535) -> 3035109.4 | P535: =VLOOKUP(F535,'LEAID Match'!$A$2:$B$436,2,FALSE) -> 1806390 | Q535: =COUNTIF($P$2:$P$3691,P535) -> 9
A536: =P536 -> 1806390 | B536: 2020 | C536: Indiana | D536: IN | E536: Teachers' Retirement Fund 1996 Account & Pre-2530 | F536: MARION COMMUNITY SCHOOLS | G536: 27011 | H536: 636412 | I536: 0.0033721612 | J536: 7944.8117 | K536: 6064428 | M536: =SUM(H536,J536) -> 644356.81 | N536: =K536 -> 6064428 | O536: =SUM(M536:N536) -> 6708784.8 | P536: =VLOOKUP(F536,'LEAID Match'!$A$2:$B$436,2,FALSE) -> 1806390 | Q536: =COUNTIF($P$2:$P$3691,P536) -> 9
A537: =P537 -> 1806390 | B537: 2021 | C537: Indiana | D537: IN | E537: Teachers' Retirement Fund 1996 Account & Pre-2531 | F537: MARION COMMUNITY SCHOOLS | G537: 27011 | H537: 662217 | I537: 0.0032714136 | J537: 7373.7662 | K537: 9753444 | M537: =SUM(H537,J537) -> 669590.77 | N537: =K537 -> 9753444 | O537: =SUM(M537:N537) -> 10423035 | P537: =VLOOKUP(F537,'LEAID Match'!$A$2:$B$436,2,FALSE) -> 1806390 | Q537: =COUNTIF($P$2:$P$3691,P537) -> 9
A538: =P538 -> 1806390 | B538: 2022 | C538: Indiana | D538: IN | E538: Teachers' Retirement Fund 1996 Account & Pre-2532 | F538: MARION COMMUNITY SCHOOLS | G538: 27011 | H538: 703380 | I538: 0.003339779 | J538: 7364.2126 | K538: 9455642 | M538: =SUM(H538,J538) -> 710744.21 | N538: =K538 -> 9455642 | O538: =SUM(M538:N538) -> 10166386 | P538: =VLOOKUP(F538,'LEAID Match'!$A$2:$B$436,2,FALSE) -> 1806390 | Q538: =COUNTIF($P$2:$P$3691,P538) -> 9
A539: =P539 -> 1806390 | B539: 2023 | C539: Indiana | D539: IN | E539: Teachers' Retirement Fund 1996 Account & Pre-2533 | F539: MARION COMMUNITY SCHOOLS | G539: 27011 | H539: 754929 | I539: 0.0030872448 | J539: 7616.233 | K539: 22686048 | M539: =SUM(H539,J539) -> 762545.23 | N539: =K539 -> 22686048 | O539: =SUM(M539:N539) -> 23448593 | P539: =VLOOKUP(F539,'LEAID Match'!$A$2:$B$436,2,FALSE) -> 1806390 | Q539: =COUNTIF($P$2:$P$3691,P539) -> 9
A540: =P540 -> 1806240 | B540: 2015 | C540: Indiana | D540: IN | E540: Teachers' Retirement Fund 1996 Account & Pre-2534 | F540: MADISON GRANT UNITED SCHOOL CORP | G540: 27014 | H540: 255588 | I540: 0.0012428496 | J540: 7222.1989 | K540: 1050973.5 | M540: =SUM(H540,J540) -> 262810.2 | N540: =K540 -> 1050973.5 | O540: =SUM(M540:N540) -> 1313783.7 | P540: =VLOOKUP(F540,'LEAID Match'!$A$2:$B$436,2,FALSE) -> 1806240 | Q540: =COUNTIF($P$2:$P$3691,P540) -> 9
A541: =P541 -> 1806240 | B541: 2016 | C541: Indiana | D541: IN | E541: Teachers' Retirement Fund 1996 Account & Pre-2535 | F541: MADISON GRANT UNITED SCHOOL CORP | G541: 27014 | H541: 252985 | I541: 0.0011738815 | J541: 5925.7537 | K541: 1041819.8 | M541: =SUM(H541,J541) -> 258910.75 | N541: =K541 -> 1041819.8 | O541: =SUM(M541:N541) -> 1300730.6 | P541: =VLOOKUP(F541,'LEAID Match'!$A$2:$B$436,2,FALSE) -> 1806240 | Q541: =COUNTIF($P$2:$P$3691,P541) -> 9
A542: =P542 -> 1806240 | B542: 2017 | C542: Indiana | D542: IN | E542: Teachers' Retirement Fund 1996 Account & Pre-2536 | F542: MADISON GRANT UNITED SCHOOL CORP | G542: 27014 | H542: 270275 | I542: 0.0011901365 | J542: 5385.3674 | K542: 1036608.8 | M542: =SUM(H542,J542) -> 275660.37 | N542: =K542 -> 1036608.8 | O542: =SUM(M542:N542) -> 1312269.2 | P542: =VLOOKUP(F542,'LEAID Match'!$A$2:$B$436,2,FALSE) -> 1806240 | Q542: =COUNTIF($P$2:$P$3691,P542) -> 9
... A568: =P568 -> 0 | B568: 2020 | C568: Indiana | D568: IN | E568: Teachers' Retirement Fund 1996 Account & Pre-2562 | F568: GREENE COUNTY SCHOOLS | G568: 28000 | H568: 0 | I568: 0 | J568: 0 | K568: 2234 | M568: =SUM(H568,J568) -> 0 | N568: =K568 -> 2234 | O568: =SUM(M568:N568) -> 2234 | P568: =VLOOKUP(F568,'LEAID Match'!$A$2:$B$436,2,FALSE) -> 0 | Q568: =COUNTIF($P$2:$P$3691,P568) -> 371
A569: =P569 -> 0 | B569: 2021 | C569: Indiana | D569: IN | E569: Teachers' Retirement Fund 1996 Account & Pre-2563 | F569: GREENE COUNTY SCHOOLS | G569: 28000 | K569: 3516 | M569: =SUM(H569,J569) -> 0 | N569: =K569 -> 3516 | O569: =SUM(M569:N569) -> 3516 | P569: =VLOOKUP(F569,'LEAID Match'!$A$2:$B$436,2,FALSE) -> 0 | Q569: =COUNTIF($P$2:$P$3691,P569) -> 371
A570: =P570 -> 0 | B570: 2022 | C570: Indiana | D570: IN | E570: Teachers' Retirement Fund 1996 Account & Pre-2564 | F570: GREENE COUNTY SCHOOLS | G570: 28000 | K570: 3566 | M570: =SUM(H570,J570) -> 0 | N570: =K570 -> 3566 | O570: =SUM(M570:N570) -> 3566 | P570: =VLOOKUP(F570,'LEAID Match'!$A$2:$B$436,2,FALSE) -> 0 | Q570: =COUNTIF($P$2:$P$3691,P570) -> 371
A571: =P571 -> 0 | B571: 2023 | C571: Indiana | D571: IN | E571: Teachers' Retirement Fund 1996 Account & Pre-2565 | F571: GREENE COUNTY SCHOOLS | G571: 28000 | K571: 8047 | M571: =SUM(H571,J571) -> 0 | N571: =K571 -> 8047 | O571: =SUM(M571:N571) -> 8047 | P571: =VLOOKUP(F571,'LEAID Match'!$A$2:$B$436,2,FALSE) -> 0 | Q571: =COUNTIF($P$2:$P$3691,P571) -> 371
A572: =P572 -> 1803090 | B572: 2015 | C572: Indiana | D572: IN | E572: Teachers' Retirement Fund 1996 Account & Pre-2566 | F572: EASTERN GREENE SCHOOL | G572: 28002 | H572: 238219 | I572: 0.0011583892 | J572: 6731.3997 | K572: 979552.45 | M572: =SUM(H572,J572) -> 244950.4 | N572: =K572 -> 979552.45 | O572: =SUM(M572:N572) -> 1224502.9 | P572: =VLOOKUP(F572,'LEAID Match'!$A$2:$B$436,2,FALSE) -> 1803090 | Q572: =COUNTIF($P$2:$P$3691,P572) -> 9
A573: =P573 -> 1803090 | B573: 2016 | C573: Indiana | D573: IN | E573: Teachers' Retirement Fund 1996 Account & Pre-2567 | F573: EASTERN GREENE SCHOOL | G573: 28002 | H573: 221271 | I573: 0.0010267246 | J573: 5182.9059 | K573: 911218.1 | M573: =SUM(H573,J573) -> 226453.91 | N573: =K573 -> 911218.1 | O573: =SUM(M573:N573) -> 1137672 | P573: =VLOOKUP(F573,'LEAID Match'!$A$2:$B$436,2,FALSE) -> 1803090 | Q573: =COUNTIF($P$2:$P$3691,P573) -> 9
A574: =P574 -> 1803090 | B574: 2017 | C574: Indiana | D574: IN | E574: Teachers' Retirement Fund 1996 Account & Pre-2568 | F574: EASTERN GREENE SCHOOL | G574: 28002 | H574: 213591 | I574: 0.00094053255 | J574: 4255.9098 | K574: 819203.85 | M574: =SUM(H574,J574) -> 217846.91 | N574: =K574 -> 819203.85 | O574: =SUM(M574:N574) -> 1037050.8 | P574: =VLOOKUP(F574,'LEAID Match'!$A$2:$B$436,2,FALSE) -> 1803090 | Q574: =COUNTIF($P$2:$P$3691,P574) -> 9
A575: =P575 -> 1803090 | B575: 2018 | C575: Indiana | D575: IN | E575: Teachers' Retirement Fund 1996 Account & Pre-2569 | F575: EASTERN GREENE SCHOOL | G575: 28002 | H575: 230428 | I575: 0.00097756102 | J575: 4074.4743 | K575: 851352 | M575: =SUM(H575,J575) -> 234502.47 | N575: =K575 -> 851352 | O575: =SUM(M575:N575) -> 1085854.5 | P575: =VLOOKUP(F575,'LEAID Match'!$A$2:$B$436,2,FALSE) -> 1803090 | Q575: =COUNTIF($P$2:$P$3691,P575) -> 9
A576: =P576 -> 1803090 | B576: 2019 | C576: Indiana | D576: IN | E576: Teachers' Retirement Fund 1996 Account & Pre-2570 | F576: EASTERN GREENE SCHOOL | G576: 28002 | H576: 239403 | I576: 0.00060903993 | J576: 2134.685 | K576: 574872.79 | M576: =SUM(H576,J576) -> 241537.68 | N576: =K576 -> 574872.79 | O576: =SUM(M576:N576) -> 816410.48 | P576: =VLOOKUP(F576,'LEAID Match'!$A$2:$B$436,2,FALSE) -> 1803090 | Q576: =COUNTIF($P$2:$P$3691,P576) -> 9
A577: =P577 -> 1803090 | B577: 2020 | C577: Indiana | D577: IN | E577: Teachers' Retirement Fund 1996 Account & Pre-2571 | F577: EASTERN GREENE SCHOOL | G577: 28002 | H577: 179479 | I577: 0.00095100676 | J577: 2240.5719 | K577: 856927 | M577: =SUM(H577,J577) -> 181719.57 | N577: =K577 -> 856927 | O577: =SUM(M577:N577) -> 1038646.6 | P577: =VLOOKUP(F577,'LEAID Match'!$A$2:$B$436,2,FALSE) -> 1803090 | Q577: =COUNTIF($P$2:$P$3691,P577) -> 9
A578: =P578 -> 1803090 | B578: 2021 | C578: Indiana | D578: IN | E578: Teachers' Retirement Fund 1996 Account & Pre-2572 | F578: EASTERN GREENE SCHOOL | G578: 28002 | H578: 179704 | I578: 0.00088775447 | J578: 2000.9986 | K578: 1432943 | M578: =SUM(H578,J578) -> 181705 | N578: =K578 -> 1432943 | O578: =SUM(M578:N578) -> 1614648 | P578: =VLOOKUP(F578,'LEAID Match'!$A$2:$B$436,2,FALSE) -> 1803090 | Q578: =COUNTIF($P$2:$P$3691,P578) -> 9
A579: =P579 -> 1803090 | B579: 2022 | C579: Indiana | D579: IN | E579: Teachers' Retirement Fund 1996 Account & Pre-2573 | F579: EASTERN GREENE SCHOOL | G579: 28002 | H579: 223969 | I579: 0.0010634464 | J579: 2344.8994 | K579: 1468549 | M579: =SUM(H579,J579) -> 226313.9 | N579: =K579 -> 1468549 | O579: =SUM(M579:N579) -> 1694862.9 | P579: =VLOOKUP(F579,'LEAID Match'!$A$2:$B$436,2,FALSE) -> 1803090 | Q579: =COUNTIF($P$2:$P$3691,P579) -> 9
A580: =P580 -> 1803090 | B580: 2023 | C580: Indiana | D580: IN | E580: Teachers' Retirement Fund 1996 Account & Pre-2574 | F580: EASTERN GREENE SCHOOL | G580: 28002 | H580: 266117 | I580: 0.0010882723 | J580: 2684.7678 | K580: 4143524 | M580: =SUM(H580,J580) -> 268801.77 | N580: =K580 -> 4143524 | O580: =SUM(M580:N580) -> 4412325.8 | P580: =VLOOKUP(F580,'LEAID Match'!$A$2:$B$436,2,FALSE) -> 1803090 | Q580: =COUNTIF($P$2:$P$3691,P580) -> 9
A581: =P581 -> 1805910 | B581: 2015 | C581: Indiana | D581: IN | E581: Teachers' Retirement Fund 1996 Account & Pre-2575 | F581: LINTON STOCKTON SCH CORP | G581: 28004 | H581: 190293 | I581: 0.00092533911 | J581: 5377.1456 | K581: 782481.56 | M581: =SUM(H581,J581) -> 195670.15 | N581: =K581 -> 782481.56 | O581: =SUM(M581:N581) -> 978151.71 | P581: =VLOOKUP(F581,'LEAID Match'!$A$2:$B$436,2,FALSE) -> 1805910 | Q581: =COUNTIF($P$2:$P$3691,P581) -> 9
A582: =P582 -> 1805910 | B582: 2016 | C582: Indiana | D582: IN | E582: Teachers' Retirement Fund 1996 Account & Pre-2576 | F582: LINTON STOCKTON SCH CORP | G582: 28004 | H582: 203719 | I582: 0.00094528118 | J582: 4771.7794 | K582: 838937.05 | M582: =SUM(H582,J582) -> 208490.78 | N582: =K582 -> 838937.05 | O582: =SUM(M582:N582) -> 1047427.8 | P582: =VLOOKUP(F582,'LEAID Match'!$A$2:$B$436,2,FALSE) -> 1805910 | Q582: =COUNTIF($P$2:$P$3691,P582) -> 9
A583: =P583 -> 1805910 | B583: 2017 | C583: Indiana | D583: IN | E583: Teachers' Retirement Fund 1996 Account & Pre-2577 | F583: LINTON STOCKTON SCH CORP | G583: 28004 | H583: 232338 | I583: 0.0010230836 | J583: 4629.4533 | K583: 891105.82 | M583: =SUM(H583,J583) -> 236967.45 | N583: =K583 -> 891105.82 | O583: =SUM(M583:N583) -> 1128073.3 | P583: =VLOOKUP(F583,'LEAID Match'!$A$2:$B$436,2,FALSE) -> 1805910 | Q583: =COUNTIF($P$2:$P$3691,P583) -> 9
... A719: =P719 -> 1800104 | B719: 2018 | C719: Indiana | D719: IN | E719: Teachers' Retirement Fund 1996 Account & Pre-2713 | F719: HANCOCK MADISON SHELBY EDUCATIONAL SERVICES | G719: 30016 | H719: 10799 | I719: 4.5813362e-05 | J719: 190.95009 | K719: 40571 | M719: =SUM(H719,J719) -> 10989.95 | N719: =K719 -> 40571 | O719: =SUM(M719:N719) -> 51560.95 | P719: =VLOOKUP(F719,'LEAID Match'!$A$2:$B$436,2,FALSE) -> 1800104 | Q719: =COUNTIF($P$2:$P$3691,P719) -> 9
A720: =P720 -> 1800104 | B720: 2019 | C720: Indiana | D720: IN | E720: Teachers' Retirement Fund 1996 Account & Pre-2714 | F720: HANCOCK MADISON SHELBY EDUCATIONAL SERVICES | G720: 30016 | H720: - | I720: 0 | J720: 0 | K720: 0 | M720: =SUM(H720,J720) -> 0 | N720: =K720 -> 0 | O720: =SUM(M720:N720) -> 0 | P720: =VLOOKUP(F720,'LEAID Match'!$A$2:$B$436,2,FALSE) -> 1800104 | Q720: =COUNTIF($P$2:$P$3691,P720) -> 9
...

Sheet GASB Data -->

Sheet Check w GASB 68 Reports
A1: 1996 Plan Employer Contributions | H1: Pre-1996 State Contributions Check
A2: Year | B2: Reported Total | C2: Total from Formula | D2: Difference | H2: Year | I2: Reported Total | J2: Total from Formula | K2: Difference
A3: 2015 | B3: 205646770 | C3: =SUMIF(Summary!B:B,'Check w GASB 68 Reports'!A3,Summary!H:H) -> 205646770 | D3: =B3-C3 -> 0 | H3: 2015 | I3: 845616000 | J3: =SUMIF(Summary!B:B,'Check w GASB 68 Reports'!A3,Summary!K:K) -> 8.45616e+08 | K3: =I3-J3 -> 1.9073486e-06
A4: 2016 | B4: 215511537 | C4: =SUMIF(Summary!B:B,'Check w GASB 68 Reports'!A4,Summary!H:H) -> 215511537 | D4: =B4-C4 -> 0 | H4: 2016 | I4: 887500000 | J4: =SUMIF(Summary!B:B,'Check w GASB 68 Reports'!A4,Summary!K:K) -> 8.875e+08 | K4: =I4-J4 -> 9.5367432e-07
A5: 2017 | B5: 227095809 | C5: =SUMIF(Summary!B:B,'Check w GASB 68 Reports'!A5,Summary!H:H) -> 227095809 | D5: =B5-C5 -> 0 | H5: 2017 | I5: 871000000 | J5: =SUMIF(Summary!B:B,'Check w GASB 68 Reports'!A5,Summary!K:K) -> 8.71e+08 | K5: =I5-J5 -> 2.1457672e-06
A6: 2018 | B6: 235717254 | C6: =SUMIF(Summary!B:B,'Check w GASB 68 Reports'!A6,Summary!H:H) -> 235717254 | D6: =B6-C6 -> 0 | H6: 2018 | I6: 917900000 | J6: =SUMIF(Summary!B:B,'Check w GASB 68 Reports'!A6,Summary!K:K) -> 917900000 | K6: =I6-J6 -> 0
A7: 2019 | B7: 393082599 | C7: =SUMIF(Summary!B:B,'Check w GASB 68 Reports'!A7,Summary!H:H) -> 393082599 | D7: =B7-C7 -> 0 | H7: 2019 | I7: 943900000 | J7: =SUMIF(Summary!B:B,'Check w GASB 68 Reports'!A7,Summary!K:K) -> 9.439e+08 | K7: =I7-J7 -> 1.9073486e-06
A8: 2020 | B8: 188725262 | C8: =SUMIF(Summary!B:B,'Check w GASB 68 Reports'!A8,Summary!H:H) -> 188725262 | D8: =B8-C8 -> 0 | H8: 2020 | I8: 971132000 | J8: =SUMIF(Summary!B:B,'Check w GASB 68 Reports'!A8,Summary!K:K) -> 971132000 | K8: =I8-J8 -> 0
A9: 2021 | B9: 202425339 | C9: =SUMIF(Summary!B:B,'Check w GASB 68 Reports'!A9,Summary!H:H) -> 202425339 | D9: =B9-C9 -> 0 | H9: 2021 | I9: 1598375000 | J9: =SUMIF(Summary!B:B,'Check w GASB 68 Reports'!A9,Summary!K:K) -> 1598375000 | K9: =I9-J9 -> 0
A10: 2022 | B10: 210606752 | C10: =SUMIF(Summary!B:B,'Check w GASB 68 Reports'!A10,Summary!H:H) -> 210606752 | D10: =B10-C10 -> 0 | H10: 2022 | I10: 1550410326 | J10: =SUMIF(Summary!B:B,'Check w GASB 68 Reports'!A10,Summary!K:K) -> 1550410326 | K10: =I10-J10 -> 0
A11: 2023 | B11: 244531628 | C11: =SUMIF(Summary!B:B,'Check w GASB 68 Reports'!A11,Summary!H:H) -> 244531628 | D11: =B11-C11 -> 0 | H11: 2023 | I11: 4235000000 | J11: =SUMIF(Summary!B:B,'Check w GASB 68 Reports'!A11,Summary!K:K) -> 4235000000 | K11: =I11-J11 -> 0

Sheet NCES Data -->

Sheet LEAID Match
A1: district_name | B1: LEAID | C1: count
A2: SOUTHWEST SCHOOL CORP | B2: 1810860 | C2: =COUNTIF($B$2:$B$380,B2) -> 1
A3: SOUTHWESTERN CONS SCHOOL DIST | B3: 1810830 | C3: =COUNTIF($B$2:$B$380,B3) -> 1
A4: RUSH COUNTY SCHOOLS | B4: 1809750 | C4: =COUNTIF($B$2:$B$380,B4) -> 1
A5: MSD OF PERRY TOWNSHIP | B5: 1808820 | C5: =COUNTIF($B$2:$B$380,B5) -> 1
A6: PERRY CENTRAL COMM SCHOOL | B6: 1801740 | C6: =COUNTIF($B$2:$B$380,B6) -> 1
A7: MSD OF WASHINGTON TOWNSHIP | B7: 1812720 | C7: =COUNTIF($B$2:$B$380,B7) -> 1
A8: WHITKO COMM SCHOOL | B8: 1813230 | C8: =COUNTIF($B$2:$B$380,B8) -> 1
A9: SCHOOL CITY OF WHITING | B9: 1813200 | C9: =COUNTIF($B$2:$B$380,B9) -> 1
A10: WESTVIEW SCHOOL | B10: 1813110 | C10: =COUNTIF($B$2:$B$380,B10) -> 1
A11: WESTFIELD WASHINGTON SCHOOLS | B11: 1813080 | C11: =COUNTIF($B$2:$B$380,B11) -> 1
A12: WESTERN WAYNE SCHOOLS | B12: 1813050 | C12: =COUNTIF($B$2:$B$380,B12) -> 1
A13: WESTERN BOONE COMM SCHOOL CORP | B13: 1812990 | C13: =COUNTIF($B$2:$B$380,B13) -> 1
... A378: GREENE-SULLIVAN SPEC ED COOP | B378: 1800007 | C378: =COUNTIF($B$2:$B$380,B378) -> 1
A379: NORTHERN RUSH COUNTY SCHOOLS | C379: =COUNTIF($B$2:$B$380,B379) -> 0
A380: WASHINGTON TOWNSHIP SCHOOLS | C380: =COUNTIF($B$2:$B$380,B380) -> 0
A381: ADAM WELLS SPECIAL SERVICES COOPERATIVE | C381: =COUNTIF($B$2:$B$380,B381) -> 0
A382: ALTERNATIVE IN EDUCATION | C382: =COUNTIF($B$2:$B$380,B382) -> 0
A383: AMERICAN QUALITY SCHOOLS | C383: =COUNTIF($B$2:$B$380,B383) -> 0
A384: BALL STATE UNIVERSITY | C384: =COUNTIF($B$2:$B$380,B384) -> 0
A385: BLUE RIVER SPECIAL EDUCATION COOPERATIVE | C385: =COUNTIF($B$2:$B$380,B385) -> 0
A386: CARPE DIEM INDIANA INC. | C386: =COUNTIF($B$2:$B$380,B386) -> 0
A387: CASS TOWNSHIP SCHOOLS | C387: =COUNTIF($B$2:$B$380,B387) -> 0
A388: CHARLES A BEARD MEMORIAL SCHOOL CORP | C388: =COUNTIF($B$2:$B$380,B388) -> 0
A389: CHARTER SCHOOLS USA | C389: =COUNTIF($B$2:$B$380,B389) -> 0
A390: COLD SPRING SCHOOL INC | C390: =COUNTIF($B$2:$B$380,B390) -> 0
... A436: WHITLEY COUNTY AUDITOR | C436: =COUNTIF($B$2:$B$380,B436) -> 0
