Workbook

Sheet Final Data
A1: LEAID | B1: Year | C1: employer_code | D1: standardized_employer_name | E1: employer_name | F1: employer_contribution_trs | G1: employer_contribution_legacy | H1: district_contributions | I1: LEAID_match
A2: =I2 -> 4700147 | B2: 2015 | C2: 30002 | D2: ACHIEVEMENT SCHOOL DISTRICTS | E2: Achievement School Districts | F2: 146170 | G2: 3241604 | H2: =SUM(F2:G2) -> 3387774 | I2: =IFERROR(VLOOKUP(D2,'LEAID Match'!$A$2:$B$251,2,FALSE),"") -> 4700147
A3: =I3 -> 4700147 | B3: 2016 | C3: 30002 | D3: ACHIEVEMENT SCHOOL DISTRICTS | E3: Achievement School Districts | F3: 723551 | G3: 389471 | H3: =SUM(F3:G3) -> 1113022 | I3: =IFERROR(VLOOKUP(D3,'LEAID Match'!$A$2:$B$251,2,FALSE),"") -> 4700147
A4: =I4 -> 4700147 | B4: 2017 | C4: 30002 | D4: ACHIEVEMENT SCHOOL DISTRICTS | E4: ACHIEVEMENT SCHOOL DISTRICTS | F4: 51911 | G4: 122645 | H4: =SUM(F4:G4) -> 174556 | I4: =IFERROR(VLOOKUP(D4,'LEAID Match'!$A$2:$B$251,2,FALSE),"") -> 4700147
A5: =I5 -> 4700147 | B5: 2018 | C5: 30002 | D5: ACHIEVEMENT SCHOOL DISTRICTS | E5: Achievement School Districts | F5: 370 | H5: =SUM(F5:G5) -> 370 | I5: =IFERROR(VLOOKUP(D5,'LEAID Match'!$A$2:$B$251,2,FALSE),"") -> 4700147
A6: =I6 -> 4700147 | B6: 2019 | C6: 30002 | D6: ACHIEVEMENT SCHOOL DISTRICTS | E6: Achievement School Districts | H6: =SUM(F6:G6) -> 0 | I6: =IFERROR(VLOOKUP(D6,'LEAID Match'!$A$2:$B$251,2,FALSE),"") -> 4700147
A7: =I7 -> 4700147 | B7: 2020 | C7: 30002 | D7: ACHIEVEMENT SCHOOL DISTRICTS | E7: ACHIEVEMENT SCHOOL DISTRICTS | H7: =SUM(F7:G7) -> 0 | I7: =IFERROR(VLOOKUP(D7,'LEAID Match'!$A$2:$B$251,2,FALSE),"") -> 4700147
A8: =I8 -> 4700147 | B8: 2021 | C8: 30002 | D8: ACHIEVEMENT SCHOOL DISTRICTS | E8: Achievement School Districts | H8: =SUM(F8:G8) -> 0 | I8: =IFERROR(VLOOKUP(D8,'LEAID Match'!$A$2:$B$251,2,FALSE),"") -> 4700147
A9: =I9 -> 4700147 | B9: 2022 | C9: 30002 | D9: ACHIEVEMENT SCHOOL DISTRICTS | E9: Achievement School Districts | H9: =SUM(F9:G9) -> 0 | I9: =IFERROR(VLOOKUP(D9,'LEAID Match'!$A$2:$B$251,2,FALSE),"") -> 4700147
A10: =I10 -> 4700147 | B10: 2023 | C10: 30002 | D10: ACHIEVEMENT SCHOOL DISTRICTS | E10: ACHIEVEMENT SCHOOL DISTRICTS | H10: =SUM(F10:G10) -> 0 | I10: =IFERROR(VLOOKUP(D10,'LEAID Match'!$A$2:$B$251,2,FALSE),"") -> 4700147
A11: =I11 -> 4700030 | B11: 2015 | C11: 99117 | D11: ALAMO CITY SCHOOLS | E11: Alamo City Schools | F11: 6439 | G11: 196625 | H11: =SUM(F11:G11) -> 203064 | I11: =IFERROR(VLOOKUP(D11,'LEAID Match'!$A$2:$B$251,2,FALSE),"") -> 4700030
A12: =I12 -> 4700030 | B12: 2016 | C12: 99117 | D12: ALAMO CITY SCHOOLS | E12: Alamo City Schools | F12: 10191 | G12: 192951 | H12: =SUM(F12:G12) -> 203142 | I12: =IFERROR(VLOOKUP(D12,'LEAID Match'!$A$2:$B$251,2,FALSE),"") -> 4700030
A13: =I13 -> 4700030 | B13: 2017 | C13: 99117 | D13: ALAMO CITY SCHOOLS | E13: ALAMO CITY SCHOOLS | F13: 15397 | G13: 160882 | H13: =SUM(F13:G13) -> 176279 | I13: =IFERROR(VLOOKUP(D13,'LEAID Match'!$A$2:$B$251,2,FALSE),"") -> 4700030
A14: =I14 -> 4700030 | B14: 2018 | C14: 99117 | D14: ALAMO CITY SCHOOLS | E14: Alamo City Schools | F14: 20241 | G14: 165351 | H14: =SUM(F14:G14) -> 185592 | I14: =IFERROR(VLOOKUP(D14,'LEAID Match'!$A$2:$B$251,2,FALSE),"") -> 4700030
A15: =I15 -> 4700030 | B15: 2019 | C15: 99117 | D15: ALAMO CITY SCHOOLS | E15: ALAMO CITY SCHOOLS | F15: 11370 | G15: 179340 | H15: =SUM(F15:G15) -> 190710 | I15: =IFERROR(VLOOKUP(D15,'LEAID Match'!$A$2:$B$251,2,FALSE),"") -> 4700030
A16: =I16 -> 4700030 | B16: 2020 | C16: 99117 | D16: ALAMO CITY SCHOOLS | E16: ALAMO CITY SCHOOLS | F16: 12784 | G16: 180691 | H16: =SUM(F16:G16) -> 193475 | I16: =IFERROR(VLOOKUP(D16,'LEAID Match'!$A$2:$B$251,2,FALSE),"") -> 4700030
A17: =I17 -> 4700030 | B17: 2021 | C17: 99117 | D17: ALAMO CITY SCHOOLS | E17: ALAMO CITY SCHOOLS | F17: 13020 | G17: 178891 | H17: =SUM(F17:G17) -> 191911 | I17: =IFERROR(VLOOKUP(D17,'LEAID Match'!$A$2:$B$251,2,FALSE),"") -> 4700030
A18: =I18 -> 4700030 | B18: 2022 | C18: 99117 | D18: ALAMO CITY SCHOOLS | E18: ALAMO CITY SCHOOLS | F18: 13713.99 | G18: 189005.23 | H18: =SUM(F18:G18) -> 202719.22 | I18: =IFERROR(VLOOKUP(D18,'LEAID Match'!$A$2:$B$251,2,FALSE),"") -> 4700030
A19: =I19 -> 4700030 | B19: 2023 | C19: 99117 | D19: ALAMO CITY SCHOOLS | E19: ALAMO CITY SCHOOLS | F19: 24482.81 | G19: 154985.94 | H19: =SUM(F19:G19) -> 179468.75 | I19: =IFERROR(VLOOKUP(D19,'LEAID Match'!$A$2:$B$251,2,FALSE),"") -> 4700030
A20: =I20 -> 4700060 | B20: 2015 | C20: 99105 | D20: ALCOA CITY SCHOOLS | E20: Alcoa City Schools | F20: 2219 | G20: 787391 | H20: =SUM(F20:G20) -> 789610 | I20: =IFERROR(VLOOKUP(D20,'LEAID Match'!$A$2:$B$251,2,FALSE),"") -> 4700060
A21: =I21 -> 4700060 | B21: 2016 | C21: 99105 | D21: ALCOA CITY SCHOOLS | E21: Alcoa City Schools | F21: 10138 | G21: 805275 | H21: =SUM(F21:G21) -> 815413 | I21: =IFERROR(VLOOKUP(D21,'LEAID Match'!$A$2:$B$251,2,FALSE),"") -> 4700060
A22: =I22 -> 4700060 | B22: 2017 | C22: 99105 | D22: ALCOA CITY SCHOOLS | E22: ALCOA CITY SCHOOLS | F22: 26154 | G22: 835134 | H22: =SUM(F22:G22) -> 861288 | I22: =IFERROR(VLOOKUP(D22,'LEAID Match'!$A$2:$B$251,2,FALSE),"") -> 4700060
... A58: =I58 -> 0 | B58: 2020 | C58: 97966 | D58: ARTESIAN SCHOOLS, INC | E58: ARTESIAN SCHOOLS, INC | F58: 5395.03 | G58: 39669 | H58: =SUM(F58:G58) -> 45064.03 | I58: =IFERROR(VLOOKUP(D58,'LEAID Match'!$A$2:$B$251,2,FALSE),"") -> 0
A59: =I59 -> 0 | B59: 2021 | C59: 97966 | D59: ARTESIAN SCHOOLS, INC | E59: ARTESIAN SCHOOLS, INC | G59: 1308 | H59: =SUM(F59:G59) -> 1308 | I59: =IFERROR(VLOOKUP(D59,'LEAID Match'!$A$2:$B$251,2,FALSE),"") -> 0
A60: =I60 -> 0 | B60: 2022 | C60: 97966 | D60: ARTESIAN SCHOOLS, INC | E60: ARTESIAN SCHOOLS, INC | H60: =SUM(F60:G60) -> 0 | I60: =IFERROR(VLOOKUP(D60,'LEAID Match'!$A$2:$B$251,2,FALSE),"") -> 0
A61: =I61 -> 0 | B61: 2023 | C61: 97966 | D61: ARTESIAN SCHOOLS, INC | E61: ARTESIAN SCHOOLS, INC | H61: =SUM(F61:G61) -> 0 | I61: =IFERROR(VLOOKUP(D61,'LEAID Match'!$A$2:$B$251,2,FALSE),"") -> 0
A62: =I62 -> 0 | B62: 2016 | C62: 90604 | D62: ASD‐Aspire Public Schools | E62: ASD‐Aspire Public Schools | G62: 338386 | H62: =SUM(F62:G62) -> 338386 | I62: =IFERROR(VLOOKUP(D62,'LEAID Match'!$A$2:$B$251,2,FALSE),"") -> 0
A63: =I63 -> 0 | B63: 2017 | C63: 90604 | D63: ASD‐Aspire Public Schools | E63: ASD-ASPIRE PUBLIC SCHOOLS | F63: 129644 | G63: 367751 | H63: =SUM(F63:G63) -> 497395 | I63: =IFERROR(VLOOKUP(D63,'LEAID Match'!$A$2:$B$251,2,FALSE),"") -> 0
A64: =I64 -> 0 | B64: 2018 | C64: 90604 | D64: ASD‐Aspire Public Schools | E64: ASD-Aspire Public Schools | F64: 149596 | G64: 310255 | H64: =SUM(F64:G64) -> 459851 | I64: =IFERROR(VLOOKUP(D64,'LEAID Match'!$A$2:$B$251,2,FALSE),"") -> 0
A65: =I65 -> 0 | B65: 2019 | C65: 90604 | D65: ASD‐Aspire Public Schools | E65: ASD-ASPIRE PUBLIC SCHOOLS | F65: 79595 | G65: 272391 | H65: =SUM(F65:G65) -> 351986 | I65: =IFERROR(VLOOKUP(D65,'LEAID Match'!$A$2:$B$251,2,FALSE),"") -> 0
A66: =I66 -> 0 | B66: 2020 | C66: 90604 | D66: ASD‐Aspire Public Schools | E66: ASD-ASPIRE PUBLIC SCHOOLS | F66: 96630 | G66: 230513 | H66: =SUM(F66:G66) -> 327143 | I66: =IFERROR(VLOOKUP(D66,'LEAID Match'!$A$2:$B$251,2,FALSE),"") -> 0
A67: =I67 -> 0 | B67: 2021 | C67: 90604 | D67: ASD‐Aspire Public Schools | E67: ASD-ASPIRE PUBLIC SCHOOLS | F67: 97953 | G67: 239755 | H67: =SUM(F67:G67) -> 337708 | I67: =IFERROR(VLOOKUP(D67,'LEAID Match'!$A$2:$B$251,2,FALSE),"") -> 0
A68: =I68 -> 0 | B68: 2022 | C68: 90604 | D68: ASD‐Aspire Public Schools | E68: ASD-ASPIRE PUBLIC SCHOOLS | F68: 102081.22 | G68: 281584.27 | H68: =SUM(F68:G68) -> 383665.49 | I68: =IFERROR(VLOOKUP(D68,'LEAID Match'!$A$2:$B$251,2,FALSE),"") -> 0
A69: =I69 -> 0 | B69: 2023 | C69: 90604 | D69: ASD‐Aspire Public Schools | E69: ASD‐ASPIRE PUBLIC SCHOOLS | F69: 125742.94 | G69: 223277.89 | H69: =SUM(F69:G69) -> 349020.83 | I69: =IFERROR(VLOOKUP(D69,'LEAID Match'!$A$2:$B$251,2,FALSE),"") -> 0
A70: =I70 -> 0 | B70: 2016 | C70: 90605 | D70: ASD‐Capstone Education | E70: ASD‐Capstone Education | G70: 287991 | H70: =SUM(F70:G70) -> 287991 | I70: =IFERROR(VLOOKUP(D70,'LEAID Match'!$A$2:$B$251,2,FALSE),"") -> 0
A71: =I71 -> 0 | B71: 2017 | C71: 90605 | D71: ASD‐Capstone Education | E71: ASD-CAPSTONE EDUCATION | F71: 143090 | G71: 290361 | H71: =SUM(F71:G71) -> 433451 | I71: =IFERROR(VLOOKUP(D71,'LEAID Match'!$A$2:$B$251,2,FALSE),"") -> 0
A72: =I72 -> 0 | B72: 2018 | C72: 90605 | D72: ASD‐Capstone Education | E72: ASD-Capstone Education | F72: 163670 | G72: 302060 | H72: =SUM(F72:G72) -> 465730 | I72: =IFERROR(VLOOKUP(D72,'LEAID Match'!$A$2:$B$251,2,FALSE),"") -> 0
A73: =I73 -> 0 | B73: 2019 | C73: 90605 | D73: ASD‐Capstone Education | E73: ASD-CAPSTONE EDUCATION | F73: 93114 | G73: 286804 | H73: =SUM(F73:G73) -> 379918 | I73: =IFERROR(VLOOKUP(D73,'LEAID Match'!$A$2:$B$251,2,FALSE),"") -> 0
A74: =I74 -> 0 | B74: 2020 | C74: 90605 | D74: ASD‐Capstone Education | E74: ASD-CAPSTONE EDUCATION | F74: 107213 | G74: 290522 | H74: =SUM(F74:G74) -> 397735 | I74: =IFERROR(VLOOKUP(D74,'LEAID Match'!$A$2:$B$251,2,FALSE),"") -> 0
A75: =I75 -> 0 | B75: 2021 | C75: 90605 | D75: ASD‐Capstone Education | E75: ASD-CAPSTONE EDUCATION | F75: 104505 | G75: 267420 | H75: =SUM(F75:G75) -> 371925 | I75: =IFERROR(VLOOKUP(D75,'LEAID Match'!$A$2:$B$251,2,FALSE),"") -> 0
A76: =I76 -> 0 | B76: 2022 | C76: 90605 | D76: ASD‐Capstone Education | E76: ASD-CAPSTONE EDUCATION | F76: 118920.62 | G76: 282014.65 | H76: =SUM(F76:G76) -> 400935.27 | I76: =IFERROR(VLOOKUP(D76,'LEAID Match'!$A$2:$B$251,2,FALSE),"") -> 0
A77: =I77 -> 0 | B77: 2023 | C77: 90605 | D77: ASD‐Capstone Education | E77: ASD‐CAPSTONE EDUCATION | F77: 204124.92 | G77: 260943.48 | H77: =SUM(F77:G77) -> 465068.4 | I77: =IFERROR(VLOOKUP(D77,'LEAID Match'!$A$2:$B$251,2,FALSE),"") -> 0
A78: =I78 -> 0 | B78: 2016 | C78: 90608 | D78: ASD‐Frayser Community Schools | E78: ASD‐Frayser Community Schools | G78: 78063 | H78: =SUM(F78:G78) -> 78063 | I78: =IFERROR(VLOOKUP(D78,'LEAID Match'!$A$2:$B$251,2,FALSE),"") -> 0
A79: =I79 -> 0 | B79: 2017 | C79: 90608 | D79: ASD‐Frayser Community Schools | E79: ASD-FRAYSER COMMUNITY SCHOOLS | F79: 44085 | G79: 106703 | H79: =SUM(F79:G79) -> 150788 | I79: =IFERROR(VLOOKUP(D79,'LEAID Match'!$A$2:$B$251,2,FALSE),"") -> 0
A80: =I80 -> 0 | B80: 2018 | C80: 90608 | D80: ASD‐Frayser Community Schools | E80: ASD-Frayser Community Schools | F80: 67367 | G80: 113752 | H80: =SUM(F80:G80) -> 181119 | I80: =IFERROR(VLOOKUP(D80,'LEAID Match'!$A$2:$B$251,2,FALSE),"") -> 0
A81: =I81 -> 0 | B81: 2019 | C81: 90608 | D81: ASD‐Frayser Community Schools | E81: ASD-FRAYSER COMMUNITY SCHOOLS | F81: 61823 | G81: 161168 | H81: =SUM(F81:G81) -> 222991 | I81: =IFERROR(VLOOKUP(D81,'LEAID Match'!$A$2:$B$251,2,FALSE),"") -> 0
A82: =I82 -> 0 | B82: 2020 | C82: 90608 | D82: ASD‐Frayser Community Schools | E82: ASD-FRAYSER COMMUNITY SCHOOLS | F82: 60961 | G82: 166414 | H82: =SUM(F82:G82) -> 227375 | I82: =IFERROR(VLOOKUP(D82,'LEAID Match'!$A$2:$B$251,2,FALSE),"") -> 0
A83: =I83 -> 0 | B83: 2021 | C83: 90608 | D83: ASD‐Frayser Community Schools | E83: ASD-FRAYSER COMMUNITY SCHOOLS | F83: 70652 | G83: 172811 | H83: =SUM(F83:G83) -> 243463 | I83: =IFERROR(VLOOKUP(D83,'LEAID Match'!$A$2:$B$251,2,FALSE),"") -> 0
A84: =I84 -> 0 | B84: 2022 | C84: 90608 | D84: ASD‐Frayser Community Schools | E84: ASD-FRAYSER COMMUNITY SCHOOLS | F84: 75650.51 | G84: 172389.22 | H84: =SUM(F84:G84) -> 248039.73 | I84: =IFERROR(VLOOKUP(D84,'LEAID Match'!$A$2:$B$251,2,FALSE),"") -> 0
A85: =I85 -> 0 | B85: 2023 | C85: 90608 | D85: ASD‐Frayser Community Schools | E85: ASD‐FRAYSER COMMUNITY SCHOOLS | F85: 110036.25 | G85: 135660.34 | H85: =SUM(F85:G85) -> 245696.59 | I85: =IFERROR(VLOOKUP(D85,'LEAID Match'!$A$2:$B$251,2,FALSE),"") -> 0
A86: =I86 -> 0 | B86: 2016 | C86: 90609 | D86: ASD‐Freedom Preparatory Schools ‐ ASD Teachers | E86: ASD‐Freedom Preparatory Schools ‐ ASD Teachers | G86: 37181 | H86: =SUM(F86:G86) -> 37181 | I86: =IFERROR(VLOOKUP(D86,'LEAID Match'!$A$2:$B$251,2,FALSE),"") -> 0
A87: =I87 -> 0 | B87: 2017 | C87: 90609 | D87: ASD‐Freedom Preparatory Schools ‐ ASD Teachers | E87: ASD-FREEDOM PREPARATORY SCHOOLS - ASD TEACHERS | F87: 74410 | G87: 51533 | H87: =SUM(F87:G87) -> 125943 | I87: =IFERROR(VLOOKUP(D87,'LEAID Match'!$A$2:$B$251,2,FALSE),"") -> 0
A88: =I88 -> 0 | B88: 2018 | C88: 90609 | D88: ASD‐Freedom Preparatory Schools ‐ ASD Teachers | E88: ASD-Freedom Preparatory Schools - ASD Teachers | F88: 94479 | G88: 63465 | H88: =SUM(F88:G88) -> 157944 | I88: =IFERROR(VLOOKUP(D88,'LEAID Match'!$A$2:$B$251,2,FALSE),"") -> 0
A89: =I89 -> 0 | B89: 2019 | C89: 90609 | D89: ASD‐Freedom Preparatory Schools ‐ ASD Teachers | E89: ASD-FREEDOM PREPARATORY SCHOOLS - ASD TEACHERS | F89: 79348 | G89: 60840 | H89: =SUM(F89:G89) -> 140188 | I89: =IFERROR(VLOOKUP(D89,'LEAID Match'!$A$2:$B$251,2,FALSE),"") -> 0
A90: =I90 -> 0 | B90: 2020 | C90: 90609 | D90: ASD‐Freedom Preparatory Schools ‐ ASD Teachers | E90: ASD-FREEDOM PREPARATORY SCHOOLS - ASD TEACHERS | F90: 87893 | G90: 46379 | H90: =SUM(F90:G90) -> 134272 | I90: =IFERROR(VLOOKUP(D90,'LEAID Match'!$A$2:$B$251,2,FALSE),"") -> 0
A91: =I91 -> 0 | B91: 2021 | C91: 90609 | D91: ASD‐Freedom Preparatory Schools ‐ ASD Teachers | E91: ASD-FREEDOM PREPARATORY SCHOOLS - ASD TEACHERS | H91: =SUM(F91:G91) -> 0 | I91: =IFERROR(VLOOKUP(D91,'LEAID Match'!$A$2:$B$251,2,FALSE),"") -> 0
A92: =I92 -> 0 | B92: 2022 | C92: 90609 | D92: ASD‐Freedom Preparatory Schools ‐ ASD Teachers | E92: ASD-FREEDOM PREPARATORY SCHOOLS - ASD TEACHERS | H92: =SUM(F92:G92) -> 0 | I92: =IFERROR(VLOOKUP(D92,'LEAID Match'!$A$2:$B$251,2,FALSE),"") -> 0
A93: =I93 -> 0 | B93: 2023 | C93: 90609 | D93: ASD‐Freedom Preparatory Schools ‐ ASD Teachers | E93: ASD‐FREEDOM PREPARATORY SCHOOLS ‐ ASD TEACHERS | H93: =SUM(F93:G93) -> 0 | I93: =IFERROR(VLOOKUP(D93,'LEAID Match'!$A$2:$B$251,2,FALSE),"") -> 0
A94: =I94 -> 0 | B94: 2016 | C94: 90602 | D94: ASD‐Gestalt Charter Schools | E94: ASD‐Gestalt Charter Schools | G94: 131003 | H94: =SUM(F94:G94) -> 131003 | I94: =IFERROR(VLOOKUP(D94,'LEAID Match'!$A$2:$B$251,2,FALSE),"") -> 0
A95: =I95 -> 0 | B95: 2017 | C95: 90602 | D95: ASD‐Gestalt Charter Schools | E95: ASD-GESTALT CHARTER SCHOOLS | F95: 50794 | G95: 112862 | H95: =SUM(F95:G95) -> 163656 | I95: =IFERROR(VLOOKUP(D95,'LEAID Match'!$A$2:$B$251,2,FALSE),"") -> 0
A96: =I96 -> 0 | B96: 2018 | C96: 90602 | D96: ASD‐Gestalt Charter Schools | E96: ASD-Gestalt Charter Schools | H96: =SUM(F96:G96) -> 0 | I96: =IFERROR(VLOOKUP(D96,'LEAID Match'!$A$2:$B$251,2,FALSE),"") -> 0
A97: =I97 -> 0 | B97: 2019 | C97: 90602 | D97: ASD‐Gestalt Charter Schools | E97: ASD-GESTALT CHARTER SCHOOLS | H97: =SUM(F97:G97) -> 0 | I97: =IFERROR(VLOOKUP(D97,'LEAID Match'!$A$2:$B$251,2,FALSE),"") -> 0
A98: =I98 -> 0 | B98: 2020 | C98: 90602 | D98: ASD‐Gestalt Charter Schools | E98: ASD-GESTALT CHARTER SCHOOLS | H98: =SUM(F98:G98) -> 0 | I98: =IFERROR(VLOOKUP(D98,'LEAID Match'!$A$2:$B$251,2,FALSE),"") -> 0
A99: =I99 -> 0 | B99: 2021 | C99: 90602 | D99: ASD‐Gestalt Charter Schools | E99: ASD-GESTALT CHARTER SCHOOLS | H99: =SUM(F99:G99) -> 0 | I99: =IFERROR(VLOOKUP(D99,'LEAID Match'!$A$2:$B$251,2,FALSE),"") -> 0
A100: =I100 -> 0 | B100: 2022 | C100: 90602 | D100: ASD‐Gestalt Charter Schools | E100: ASD-GESTALT CHARTER SCHOOLS | H100: =SUM(F100:G100) -> 0 | I100: =IFERROR(VLOOKUP(D100,'LEAID Match'!$A$2:$B$251,2,FALSE),"") -> 0
A101: =I101 -> 0 | B101: 2023 | C101: 90602 | D101: ASD‐Gestalt Charter Schools | E101: ASD‐GESTALT CHARTER SCHOOLS | H101: =SUM(F101:G101) -> 0 | I101: =IFERROR(VLOOKUP(D101,'LEAID Match'!$A$2:$B$251,2,FALSE),"") -> 0
A102: =I102 -> 0 | B102: 2016 | C102: 90607 | D102: ASD‐Grad Academy | E102: ASD‐Grad Academy | G102: 82939 | H102: =SUM(F102:G102) -> 82939 | I102: =IFERROR(VLOOKUP(D102,'LEAID Match'!$A$2:$B$251,2,FALSE),"") -> 0
A103: =I103 -> 0 | B103: 2017 | C103: 90607 | D103: ASD‐Grad Academy | E103: ASD-GRAD ACADEMY | F103: 39120 | G103: 69351 | H103: =SUM(F103:G103) -> 108471 | I103: =IFERROR(VLOOKUP(D103,'LEAID Match'!$A$2:$B$251,2,FALSE),"") -> 0
A104: =I104 -> 0 | B104: 2018 | C104: 90607 | D104: ASD‐Grad Academy | E104: ASD-Grad Academy | F104: 37329 | G104: 80230 | H104: =SUM(F104:G104) -> 117559 | I104: =IFERROR(VLOOKUP(D104,'LEAID Match'!$A$2:$B$251,2,FALSE),"") -> 0
A105: =I105 -> 0 | B105: 2019 | C105: 90607 | D105: ASD‐Grad Academy | E105: ASD-GRAD ACADEMY | H105: =SUM(F105:G105) -> 0 | I105: =IFERROR(VLOOKUP(D105,'LEAID Match'!$A$2:$B$251,2,FALSE),"") -> 0
A106: =I106 -> 0 | B106: 2020 | C106: 90607 | D106: ASD‐Grad Academy | E106: ASD-GRAD ACADEMY | H106: =SUM(F106:G106) -> 0 | I106: =IFERROR(VLOOKUP(D106,'LEAID Match'!$A$2:$B$251,2,FALSE),"") -> 0
A107: =I107 -> 0 | B107: 2021 | C107: 90607 | D107: ASD‐Grad Academy | E107: ASD-GRAD ACADEMY | H107: =SUM(F107:G107) -> 0 | I107: =IFERROR(VLOOKUP(D107,'LEAID Match'!$A$2:$B$251,2,FALSE),"") -> 0
A108: =I108 -> 0 | B108: 2022 | C108: 90607 | D108: ASD‐Grad Academy | E108: ASD-GRAD ACADEMY | H108: =SUM(F108:G108) -> 0 | I108: =IFERROR(VLOOKUP(D108,'LEAID Match'!$A$2:$B$251,2,FALSE),"") -> 0
A109: =I109 -> 0 | B109: 2023 | C109: 90607 | D109: ASD‐Grad Academy | E109: ASD‐GRAD ACADEMY | H109: =SUM(F109:G109) -> 0 | I109: =IFERROR(VLOOKUP(D109,'LEAID Match'!$A$2:$B$251,2,FALSE),"") -> 0
A110: =I110 -> 0 | B110: 2016 | C110: 90610 | D110: ASD‐Green Dot Public Schools | E110: ASD‐Green Dot Public Schools | G110: 200207 | H110: =SUM(F110:G110) -> 200207 | I110: =IFERROR(VLOOKUP(D110,'LEAID Match'!$A$2:$B$251,2,FALSE),"") -> 0
A111: =I111 -> 0 | B111: 2017 | C111: 90610 | D111: ASD‐Green Dot Public Schools | E111: ASD-GREEN DOT PUBLIC SCHOOLS | F111: 178151 | G111: 422020 | H111: =SUM(F111:G111) -> 600171 | I111: =IFERROR(VLOOKUP(D111,'LEAID Match'!$A$2:$B$251,2,FALSE),"") -> 0
A112: =I112 -> 0 | B112: 2018 | C112: 90610 | D112: ASD‐Green Dot Public Schools | E112: ASD-Green Dot Public Schools | F112: 165758 | G112: 436985 | H112: =SUM(F112:G112) -> 602743 | I112: =IFERROR(VLOOKUP(D112,'LEAID Match'!$A$2:$B$251,2,FALSE),"") -> 0
A113: =I113 -> 0 | B113: 2019 | C113: 90610 | D113: ASD‐Green Dot Public Schools | E113: ASD-GREEN DOT PUBLIC SCHOOLS | F113: 83256 | G113: 530334 | H113: =SUM(F113:G113) -> 613590 | I113: =IFERROR(VLOOKUP(D113,'LEAID Match'!$A$2:$B$251,2,FALSE),"") -> 0
A114: =I114 -> 0 | B114: 2020 | C114: 90610 | D114: ASD‐Green Dot Public Schools | E114: ASD-GREEN DOT PUBLIC SCHOOLS | F114: 66924.93 | G114: 528418 | H114: =SUM(F114:G114) -> 595342.93 | I114: =IFERROR(VLOOKUP(D114,'LEAID Match'!$A$2:$B$251,2,FALSE),"") -> 0
A115: =I115 -> 0 | B115: 2021 | C115: 90610 | D115: ASD‐Green Dot Public Schools | E115: ASD-GREEN DOT PUBLIC SCHOOLS | F115: 77570 | G115: 444546 | H115: =SUM(F115:G115) -> 522116 | I115: =IFERROR(VLOOKUP(D115,'LEAID Match'!$A$2:$B$251,2,FALSE),"") -> 0
A116: =I116 -> 0 | B116: 2022 | C116: 90610 | D116: ASD‐Green Dot Public Schools | E116: ASD-GREEN DOT PUBLIC SCHOOLS | F116: 83471.21 | G116: 469862.71 | H116: =SUM(F116:G116) -> 553333.92 | I116: =IFERROR(VLOOKUP(D116,'LEAID Match'!$A$2:$B$251,2,FALSE),"") -> 0
A117: =I117 -> 0 | B117: 2023 | C117: 90610 | D117: ASD‐Green Dot Public Schools | E117: ASD‐GREEN DOT PUBLIC SCHOOLS | F117: 143604.36 | G117: 420157.55 | H117: =SUM(F117:G117) -> 563761.91 | I117: =IFERROR(VLOOKUP(D117,'LEAID Match'!$A$2:$B$251,2,FALSE),"") -> 0
A118: =I118 -> 0 | B118: 2016 | C118: 90606 | D118: ASD‐Kipp Memphis Collegiate Schools | E118: ASD‐Kipp Memphis Collegiate Schools | G118: 233541 | H118: =SUM(F118:G118) -> 233541 | I118: =IFERROR(VLOOKUP(D118,'LEAID Match'!$A$2:$B$251,2,FALSE),"") -> 0
A119: =I119 -> 0 | B119: 2017 | C119: 90606 | D119: ASD‐Kipp Memphis Collegiate Schools | E119: ASD-KIPP MEMPHIS COLLEGIATE SCHOOLS | F119: 92487 | G119: 219557 | H119: =SUM(F119:G119) -> 312044 | I119: =IFERROR(VLOOKUP(D119,'LEAID Match'!$A$2:$B$251,2,FALSE),"") -> 0
A120: =I120 -> 0 | B120: 2018 | C120: 90606 | D120: ASD‐Kipp Memphis Collegiate Schools | E120: JASO-Kipp Memphis Collegiate Schools | F120: 108189 | G120: 181407 | H120: =SUM(F120:G120) -> 289596 | I120: =IFERROR(VLOOKUP(D120,'LEAID Match'!$A$2:$B$251,2,FALSE),"") -> 0
A121: =I121 -> 0 | B121: 2019 | C121: 90606 | D121: ASD‐Kipp Memphis Collegiate Schools | E121: ASD-KIPP MEMPHIS COLLEGIATE SCHOOLS | F121: 56925 | G121: 134768 | H121: =SUM(F121:G121) -> 191693 | I121: =IFERROR(VLOOKUP(D121,'LEAID Match'!$A$2:$B$251,2,FALSE),"") -> 0
A122: =I122 -> 0 | B122: 2020 | C122: 90606 | D122: ASD‐Kipp Memphis Collegiate Schools | E122: ASD-KIPP MEMPHIS COLLEGIATE SCHOOLS | F122: 53233 | G122: 150085 | H122: =SUM(F122:G122) -> 203318 | I122: =IFERROR(VLOOKUP(D122,'LEAID Match'!$A$2:$B$251,2,FALSE),"") -> 0
A123: =I123 -> 0 | B123: 2021 | C123: 90606 | D123: ASD‐Kipp Memphis Collegiate Schools | E123: ASD-KIPP MEMPHIS COLLEGIATE SCHOOLS | F123: 15777 | G123: 56500 | H123: =SUM(F123:G123) -> 72277 | I123: =IFERROR(VLOOKUP(D123,'LEAID Match'!$A$2:$B$251,2,FALSE),"") -> 0
A124: =I124 -> 0 | B124: 2022 | C124: 90606 | D124: ASD‐Kipp Memphis Collegiate Schools | E124: ASD-KIPP MEMPHIS COLLEGIATE SCHOOLS | F124: 8816.37 | G124: 70808.57 | H124: =SUM(F124:G124) -> 79624.94 | I124: =IFERROR(VLOOKUP(D124,'LEAID Match'!$A$2:$B$251,2,FALSE),"") -> 0
A125: =I125 -> 0 | B125: 2023 | C125: 90606 | D125: ASD‐Kipp Memphis Collegiate Schools | E125: ASD‐KIPP MEMPHIS COLLEGIATE SCHOOLS | F125: 494.47 | G125: 247.81 | H125: =SUM(F125:G125) -> 742.28 | I125: =IFERROR(VLOOKUP(D125,'LEAID Match'!$A$2:$B$251,2,FALSE),"") -> 0
A126: =I126 -> 0 | B126: 2016 | C126: 90601 | D126: ASD‐Lead Charter Schools | E126: ASD‐Lead Charter Schools | G126: 99259 | H126: =SUM(F126:G126) -> 99259 | I126: =IFERROR(VLOOKUP(D126,'LEAID Match'!$A$2:$B$251,2,FALSE),"") -> 0
A127: =I127 -> 0 | B127: 2017 | C127: 90601 | D127: ASD‐Lead Charter Schools | E127: ASD-LEAD CHARTER SCHOOLS | F127: 62586 | G127: 70239 | H127: =SUM(F127:G127) -> 132825 | I127: =IFERROR(VLOOKUP(D127,'LEAID Match'!$A$2:$B$251,2,FALSE),"") -> 0
A128: =I128 -> 0 | B128: 2018 | C128: 90601 | D128: ASD‐Lead Charter Schools | E128: ASD-Lead Charter Schools | F128: 68772 | G128: 90302 | H128: =SUM(F128:G128) -> 159074 | I128: =IFERROR(VLOOKUP(D128,'LEAID Match'!$A$2:$B$251,2,FALSE),"") -> 0
A129: =I129 -> 0 | B129: 2019 | C129: 90601 | D129: ASD‐Lead Charter Schools | E129: ASD-LEAD CHARTER SCHOOLS | F129: 38812 | G129: 99779 | H129: =SUM(F129:G129) -> 138591 | I129: =IFERROR(VLOOKUP(D129,'LEAID Match'!$A$2:$B$251,2,FALSE),"") -> 0
A130: =I130 -> 0 | B130: 2020 | C130: 90601 | D130: ASD‐Lead Charter Schools | E130: ASD-LEAD CHARTER SCHOOLS | F130: 49633 | G130: 102765 | H130: =SUM(F130:G130) -> 152398 | I130: =IFERROR(VLOOKUP(D130,'LEAID Match'!$A$2:$B$251,2,FALSE),"") -> 0
A131: =I131 -> 0 | B131: 2021 | C131: 90601 | D131: ASD‐Lead Charter Schools | E131: ASD-LEAD CHARTER SCHOOLS | F131: 53032 | G131: 64601 | H131: =SUM(F131:G131) -> 117633 | I131: =IFERROR(VLOOKUP(D131,'LEAID Match'!$A$2:$B$251,2,FALSE),"") -> 0
A132: =I132 -> 0 | B132: 2022 | C132: 90601 | D132: ASD‐Lead Charter Schools | E132: ASD-LEAD CHARTER SCHOOLS | F132: 49167.61 | G132: 57318.75 | H132: =SUM(F132:G132) -> 106486.36 | I132: =IFERROR(VLOOKUP(D132,'LEAID Match'!$A$2:$B$251,2,FALSE),"") -> 0
A133: =I133 -> 0 | B133: 2023 | C133: 90601 | D133: ASD‐Lead Charter Schools | E133: ASD‐LEAD CHARTER SCHOOLS | F133: 63829.27 | G133: 37999.08 | H133: =SUM(F133:G133) -> 101828.35 | I133: =IFERROR(VLOOKUP(D133,'LEAID Match'!$A$2:$B$251,2,FALSE),"") -> 0
A134: =I134 -> 0 | B134: 2016 | C134: 90615 | D134: ASD‐Libertas Schools Of Memphis | E134: ASD‐Libertas Schools Of Memphis | G134: 37696 | H134: =SUM(F134:G134) -> 37696 | I134: =IFERROR(VLOOKUP(D134,'LEAID Match'!$A$2:$B$251,2,FALSE),"") -> 0
A135: =I135 -> 0 | B135: 2017 | C135: 90615 | D135: ASD‐Libertas Schools Of Memphis | E135: ASD-LIBERTAS SCHOOLS OF MEMPHIS | F135: 5560 | G135: 56239 | H135: =SUM(F135:G135) -> 61799 | I135: =IFERROR(VLOOKUP(D135,'LEAID Match'!$A$2:$B$251,2,FALSE),"") -> 0
...

Sheet LEAID Match
A1: district_name | B1: LEAID
A2: ACHIEVEMENT SCHOOL DISTRICTS | B2: 4700147
A3: ALAMO CITY SCHOOLS | B3: 4700030
A4: ALCOA CITY SCHOOLS | B4: 4700060
A5: ANDERSON COUNTY SCHOOLS | B5: 4700090
A6: ARLINGTON MUNICIPAL SCHOOLS | B6: 4700152
A7: ARROW ACADEMY
A8: ARTESIAN SCHOOLS, INC
A9: ASD‐Aspire Public Schools
A10: ASD‐Capstone Education
A11: ASD‐Frayser Community Schools
A12: ASD‐Freedom Preparatory Schools ‐ ASD Teachers
A13: ASD‐Gestalt Charter Schools
A14: ASD‐Grad Academy
A15: ASD‐Green Dot Public Schools
A16: ASD‐Kipp Memphis Collegiate Schools
A17: ASD‐Lead Charter Schools
A18: ASD‐Libertas Schools Of Memphis
... A23: ASTER COLLEGE PREPARATORY, INC
A24: ATHENS CITY SCHOOLS | B24: 4700120
A25: AURORA COLLEGIATE ACADEMY INC.
A26: AVENTURA COMMUNITY SCHOOLS
A27: BARTLETT MUNICIPAL SCHOOLS | B27: 4700153
A28: BEACON COLLEGE PREP
A29: BEDFORD COUNTY SCHOOLS | B29: 4700180
A30: BELIEVE MEMPHIS ACADEMY
A31: Bells City Schools | B31: 4700210
A32: BENTON COUNTY SCHOOLS | B32: 4700240
A33: BLEDSOE COUNTY SCHOOLS | B33: 4700270
A34: BLOUNT COUNTY SCHOOLS | B34: 4700300
A35: BLUFF CITY HIGH SCHOOL
A36: Bradford Special Schools | B36: 4701390
A37: BRADLEY COUNTY SCHOOLS | B37: 4700330
A38: BRISTOL SCHOOLS | B38: 4700360
A39: CAMPBELL COUNTY SCHOOLS | B39: 4700420
A40: CANNON COUNTY SCHOOLS | B40: 4700450
A41: Carroll County Schools | B41: 4700480
A42: CARTER COUNTY SCHOOLS | B42: 4700510
A43: CHATTANOOGA CHARTER SCHOOL OF EXCELLENCE ‐ ELEMENTARY
A44: CHATTANOOGA CHARTER SCHOOL OF EXCELLENCE ‐ MIDDLE
A45: CHATTANOOGA GIRLS LEADERSHIP
A46: CHATTANOOGA PREPARATORY SCHOOL
A47: CHATTANOOGA SCHOOL OF EXCELLENCE‐HB W/CC HIGH
A48: CHEATHAM COUNTY SCHOOLS | B48: 4700570
A49: CHESTER COUNTY SCHOOLS | B49: 4700600
A50: CIRCLES OF SUCCESS LEARNING ACADEMY
A51: City University School Boys Preparatory
A52: City University School Girls Preparatory
A53: CITY UNIVERSITY SCHOOL OF LIBERAL ARTS
A54: CLAIBORNE COUNTY SCHOOLS | B54: 4700630
A55: CLAY COUNTY SCHOOLS | B55: 4700660
A56: CLEVELAND CITY SCHOOLS | B56: 4700690
A57: Clinch Powell Ed Coop
A58: CLINTON CITY SCHOOLS | B58: 4700720
A59: COCKE COUNTY SCHOOLS | B59: 4700750
A60: COFFEE COUNTY SCHOOLS | B60: 4700780
A61: COLLIERVILLE MUNICIPAL SCHOOLS | B61: 4700149
A62: COMPASS SCHOOLS
A63: CROCKETT COUNTY SCHOOLS
A64: CROSSTOWN HIGH SCHOOL
A65: CUMBERLAND COUNTY SCHOOLS | B65: 4700900
A66: DAVIDSON CO CHARTER SCHOOLS
A67: DAVIDSON COUNTY SCHOOLS | B67: 4703180
A68: DAYTON CITY SCHOOLS | B68: 4700930
A69: DECATUR COUNTY SCHOOLS | B69: 4700960
A70: DEKALB COUNTY SCHOOLS | B70: 4700990
A71: DICKSON COUNTY BOARD OF EDUCATION | B71: 4701020
A72: DYER COUNTY SCHOOLS | B72: 4701050
A73: DYERSBURG CITY SCHOOLS | B73: 4701080
A74: ELIZABETHTON CITY SCHOOLS | B74: 4701110
A75: Emerald Charter School
A76: ETOWAH CITY SCHOOLS | B76: 4701140
A77: Explore Community School
A78: FAYETTE COUNTY SCHOOLS
A79: FAYETTEVILLE CITY SCHOOLS | B79: 4701200
A80: FENTRESS COUNTY SCHOOLS | B80: 4701230
A81: FRANKLIN COUNTY SCHOOLS | B81: 4701290
A82: FRANKLIN SPECIAL CITY SCHOOL DISTRICT | B82: 4701260
A83: FREEDOM PREP CHARTER SCHOOL‐ SHELBY CO TEACHERS
A84: GATEWAY UNIVERSITY
A85: GERMANTOWN MUNICIPAL SCHOOLS | B85: 4700151
A86: GESTALT COMMUNITY SCHOOLS
A87: GIBSON COUNTY SCHOOLS | B87: 4701400
A88: GILES COUNTY SCHOOLS | B88: 4701410
A89: GOODWILL EXCEL CENTER
A90: GRAINGER COUNTY SCHOOLS | B90: 4701440
A91: GRANVILLE T WOODS ACADEMY OF INNOVATION CHARTER SCHOOL
A92: GREENE COUNTY SCHOOLS | B92: 4701470
A93: GREENEVILLE CITY SCHOOLS | B93: 4701500
A94: GRUNDY COUNTY SCHOOLS | B94: 4701530
A95: HAMBLEN COUNTY SCHOOLS | B95: 4700001
A96: HAMILTON COUNTY CHARTER SCHOOLS
A97: HAMILTON COUNTY SCHOOLS | B97: 4701590
A98: HANCOCK COUNTY SCHOOLS | B98: 4701620
A99: HARDEMAN COUNTY SCHOOLS | B99: 4701650
A100: HARDIN COUNTY SCHOOLS | B100: 4701680
A101: HARTSVILLE TROUSDALE COUNTY SCHOOLS | B101: 4704170
A102: HAWKINS COUNTY SCHOOLS | B102: 4701740
A103: HAYWOOD COUNTY SCHOOLS | B103: 4701770
A104: HENDERSON COUNTY SCHOOLS | B104: 4701800
...

Sheet Final Check
A1: TRS Employer Contribution Check | G1: Legacy Employer Contribution Check
A2: Year | B2: Total Reported | C2: Total from Formula | D2: Difference | E2: Notes | G2: Year | H2: Total Reported | I2: Total from Formula | J2: Difference | K2: Notes
A3: 2015 | B3: 8310939 | C3: =SUMIF('Final Data'!B:B,'Final Check'!A3,'Final Data'!F:F) -> 8310939 | D3: =B3-C3 -> 0 | G3: 2015 | H3: 338412630 | I3: =SUMIF('Final Data'!B:B,'Final Check'!G3,'Final Data'!G:G) -> 338412624 | J3: =H3-I3 -> 6
A4: 2016 | B4: 17584205 | C4: =SUMIF('Final Data'!B:B,'Final Check'!A4,'Final Data'!F:F) -> 17584206 | D4: =B4-C4 -> -1 | G4: 2016 | H4: 326379930 | I4: =SUMIF('Final Data'!B:B,'Final Check'!G4,'Final Data'!G:G) -> 326379928 | J4: =H4-I4 -> 2
A5: 2017 | B5: 26253539 | C5: =SUMIF('Final Data'!B:B,'Final Check'!A5,'Final Data'!F:F) -> 26253539 | D5: =B5-C5 -> 0 | G5: 2017 | H5: 319505383 | I5: =SUMIF('Final Data'!B:B,'Final Check'!G5,'Final Data'!G:G) -> 319505383 | J5: =H5-I5 -> 0
A6: 2018 | B6: 34955185 | C6: =SUMIF('Final Data'!B:B,'Final Check'!A6,'Final Data'!F:F) -> 34955192 | D6: =B6-C6 -> -7 | G6: 2018 | H6: 317952025 | I6: =SUMIF('Final Data'!B:B,'Final Check'!G6,'Final Data'!G:G) -> 317952019 | J6: =H6-I6 -> 6
A7: 2019 | B7: 20529151 | C7: =SUMIF('Final Data'!B:B,'Final Check'!A7,'Final Data'!F:F) -> 20529160 | D7: =B7-C7 -> -9.17 | G7: 2019 | H7: 3.5073882e+08 | I7: =SUMIF('Final Data'!B:B,'Final Check'!G7,'Final Data'!G:G) -> 350738812 | J7: =H7-I7 -> 10.75
A8: 2020 | B8: 25617003 | C8: =SUMIF('Final Data'!B:B,'Final Check'!A8,'Final Data'!F:F) -> 25617002 | D8: =B8-C8 -> 0.45 | G8: 2020 | H8: 3.5379382e+08 | I8: =SUMIF('Final Data'!B:B,'Final Check'!G8,'Final Data'!G:G) -> 353793826 | J8: =H8-I8 -> -4.8
A9: 2021 | B9: 29153070 | C9: =SUMIF('Final Data'!B:B,'Final Check'!A9,'Final Data'!F:F) -> 29153074 | D9: =B9-C9 -> -4.22 | G9: 2021 | H9: 337078947 | I9: =SUMIF('Final Data'!B:B,'Final Check'!G9,'Final Data'!G:G) -> 337078947 | J9: =H9-I9 -> 0
A10: 2022 | B10: 34324801 | C10: =SUMIF('Final Data'!B:B,'Final Check'!A10,'Final Data'!F:F) -> 34324801 | D10: =B10-C10 -> 0 | G10: 2022 | H10: 3.3896657e+08 | I10: =SUMIF('Final Data'!B:B,'Final Check'!G10,'Final Data'!G:G) -> 3.3896657e+08 | J10: =H10-I10 -> 0
A11: 2023 | B11: 57085587 | C11: =SUMIF('Final Data'!B:B,'Final Check'!A11,'Final Data'!F:F) -> 57085587 | D11: =B11-C11 -> 0 | G11: 2023 | H11: 2.8199461e+08 | I11: =SUMIF('Final Data'!B:B,'Final Check'!G11,'Final Data'!G:G) -> 2.8199461e+08 | J11: =H11-I11 -> 0

Sheet Source
A1: https://publicreports.treasury.tn.gov/Home/General?type=General
