Workbook
Name DISTRICT_TEMP: #REF!
Name TX: #REF!

Sheet Full Data
A1: LEAID | B1: year | C1: re_type | D1: re_code | E1: tea_code | F1: agency_code | G1: employer | H1: district_contributions | I1: LEAID | J1: prop | K1: state_contributions | L1: total_contributions
A2: 4813200 | B2: 2015 | C2: Public Education | D2: 0467 | E2: 001902 | G2: CAYUGA ISD | H2: 97080.86 | I2: =IFERROR(VLOOKUP(G2,'NCES Match'!$A$2:$B$1307,2,FALSE),"") -> 4813200 | J2: {=IFERROR(_xlfn.IFS(B2=2015,H2/$O$13,B2=2016,H2/$O$14,B2=2017,H2/$O$15,B2=2018,H2/$O$16,B2=2019,H2/$O$17,B2=2020,H2/$O$18,B2=2021,H2/$O$19,B2=2022,H2/$O$20),"")} -> 7.605351e-05 | K2: {=IFERROR(_xlfn.IFS(B2=2015,J2*$P$4,B2=2016,J2*$P$5,B2=2017,J2*$P$6,B2=2018,J2*$P$7,B2=2019,J2*$P$8,B2=2020,J2*$P$9,B2=2021,J2*$P$10,B2=2022,J2*$P$11),"")} -> 121037.87 | L2: =SUM(H2,K2) -> 218118.73
A3: 4813200 | B3: 2016 | C3: Public Education | D3: 0467 | E3: 001902 | G3: CAYUGA ISD | H3: 105338 | I3: =IFERROR(VLOOKUP(G3,'NCES Match'!$A$2:$B$1307,2,FALSE),"") -> 4813200 | J3: {=IFERROR(_xlfn.IFS(B3=2015,H3/$O$13,B3=2016,H3/$O$14,B3=2017,H3/$O$15,B3=2018,H3/$O$16,B3=2019,H3/$O$17,B3=2020,H3/$O$18,B3=2021,H3/$O$19,B3=2022,H3/$O$20),"")} -> 7.5407988e-05 | K3: {=IFERROR(_xlfn.IFS(B3=2015,J3*$P$4,B3=2016,J3*$P$5,B3=2017,J3*$P$6,B3=2018,J3*$P$7,B3=2019,J3*$P$8,B3=2020,J3*$P$9,B3=2021,J3*$P$10,B3=2022,J3*$P$11),"")} -> 126355.98 | L3: =SUM(H3,K3) -> 231693.98
A4: 4813200 | B4: 2017 | D4: 0467 | E4: 001902 | G4: CAYUGA ISD | H4: 100438 | I4: =IFERROR(VLOOKUP(G4,'NCES Match'!$A$2:$B$1307,2,FALSE),"") -> 4813200 | J4: {=IFERROR(_xlfn.IFS(B4=2015,H4/$O$13,B4=2016,H4/$O$14,B4=2017,H4/$O$15,B4=2018,H4/$O$16,B4=2019,H4/$O$17,B4=2020,H4/$O$18,B4=2021,H4/$O$19,B4=2022,H4/$O$20),"")} -> 6.9245851e-05 | K4: {=IFERROR(_xlfn.IFS(B4=2015,J4*$P$4,B4=2016,J4*$P$5,B4=2017,J4*$P$6,B4=2018,J4*$P$7,B4=2019,J4*$P$8,B4=2020,J4*$P$9,B4=2021,J4*$P$10,B4=2022,J4*$P$11),"")} -> 117596.62 | L4: =SUM(H4,K4) -> 218034.62 | N4: 2015 | O4: STATE OF TX AS NON EMPLOYER CONTRIBUTING ENTITY (NECE) | P4: 1.591483e+09
A5: 4813200 | B5: 2018 | D5: 0467 | E5: 001902 | G5: CAYUGA ISD | H5: 103822 | I5: =IFERROR(VLOOKUP(G5,'NCES Match'!$A$2:$B$1307,2,FALSE),"") -> 4813200 | J5: {=IFERROR(_xlfn.IFS(B5=2015,H5/$O$13,B5=2016,H5/$O$14,B5=2017,H5/$O$15,B5=2018,H5/$O$16,B5=2019,H5/$O$17,B5=2020,H5/$O$18,B5=2021,H5/$O$19,B5=2022,H5/$O$20),"")} -> 6.7749963e-05 | K5: {=IFERROR(_xlfn.IFS(B5=2015,J5*$P$4,B5=2016,J5*$P$5,B5=2017,J5*$P$6,B5=2018,J5*$P$7,B5=2019,J5*$P$8,B5=2020,J5*$P$9,B5=2021,J5*$P$10,B5=2022,J5*$P$11),"")} -> 116316.75 | L5: =SUM(H5,K5) -> 220138.75 | N5: 2016 | O5: STATE OF TX AS NON EMPLOYER CONTRIBUTING ENTITY (NECE) | P5: 1675631248
A6: 4813200 | B6: 2019 | D6: 0467 | E6: 001902 | G6: CAYUGA ISD | H6: 104998 | I6: =IFERROR(VLOOKUP(G6,'NCES Match'!$A$2:$B$1307,2,FALSE),"") -> 4813200 | J6: {=IFERROR(_xlfn.IFS(B6=2015,H6/$O$13,B6=2016,H6/$O$14,B6=2017,H6/$O$15,B6=2018,H6/$O$16,B6=2019,H6/$O$17,B6=2020,H6/$O$18,B6=2021,H6/$O$19,B6=2022,H6/$O$20),"")} -> 6.6482636e-05 | K6: {=IFERROR(_xlfn.IFS(B6=2015,J6*$P$4,B6=2016,J6*$P$5,B6=2017,J6*$P$6,B6=2018,J6*$P$7,B6=2019,J6*$P$8,B6=2020,J6*$P$9,B6=2021,J6*$P$10,B6=2022,J6*$P$11),"")} -> 115541.9 | L6: =SUM(H6,K6) -> 220539.9 | N6: 2017 | O6: STATE OF TX AS NON EMPLOYER CONTRIBUTING ENTITY (NECE) | P6: 1698247822
A7: 4813200 | B7: 2020 | D7: 0467 | E7: 001902 | G7: CAYUGA ISD | H7: 119825 | I7: =IFERROR(VLOOKUP(G7,'NCES Match'!$A$2:$B$1307,2,FALSE),"") -> 4813200 | J7: {=IFERROR(_xlfn.IFS(B7=2015,H7/$O$13,B7=2016,H7/$O$14,B7=2017,H7/$O$15,B7=2018,H7/$O$16,B7=2019,H7/$O$17,B7=2020,H7/$O$18,B7=2021,H7/$O$19,B7=2022,H7/$O$20),"")} -> 6.4934074e-05 | K7: {=IFERROR(_xlfn.IFS(B7=2015,J7*$P$4,B7=2016,J7*$P$5,B7=2017,J7*$P$6,B7=2018,J7*$P$7,B7=2019,J7*$P$8,B7=2020,J7*$P$9,B7=2021,J7*$P$10,B7=2022,J7*$P$11),"")} -> 136881.21 | L7: =SUM(H7,K7) -> 256706.21 | N7: 2018 | O7: STATE OF TX AS NON EMPLOYER CONTRIBUTING ENTITY (NECE) | P7: 1.7168533e+09
A8: 4813200 | B8: 2021 | D8: 0467 | E8: 001902 | G8: CAYUGA ISD | H8: 135843.61 | I8: =IFERROR(VLOOKUP(G8,'NCES Match'!$A$2:$B$1307,2,FALSE),"") -> 4813200 | J8: {=IFERROR(_xlfn.IFS(B8=2015,H8/$O$13,B8=2016,H8/$O$14,B8=2017,H8/$O$15,B8=2018,H8/$O$16,B8=2019,H8/$O$17,B8=2020,H8/$O$18,B8=2021,H8/$O$19,B8=2022,H8/$O$20),"")} -> 6.9503434e-05 | K8: {=IFERROR(_xlfn.IFS(B8=2015,J8*$P$4,B8=2016,J8*$P$5,B8=2017,J8*$P$6,B8=2018,J8*$P$7,B8=2019,J8*$P$8,B8=2020,J8*$P$9,B8=2021,J8*$P$10,B8=2022,J8*$P$11),"")} -> 148775.81 | L8: =SUM(H8,K8) -> 284619.42 | N8: 2019 | O8: STATE OF TX AS NON EMPLOYER CONTRIBUTING ENTITY (NECE) | P8: 1737925969
A9: 4813200 | B9: 2022 | D9: 0467 | E9: 001902 | G9: CAYUGA ISD | H9: 260445.68 | I9: =IFERROR(VLOOKUP(G9,'NCES Match'!$A$2:$B$1307,2,FALSE),"") -> 4813200 | J9: {=IFERROR(_xlfn.IFS(B9=2015,H9/$O$13,B9=2016,H9/$O$14,B9=2017,H9/$O$15,B9=2018,H9/$O$16,B9=2019,H9/$O$17,B9=2020,H9/$O$18,B9=2021,H9/$O$19,B9=2022,H9/$O$20),"")} -> 0.00011439572 | K9: {=IFERROR(_xlfn.IFS(B9=2015,J9*$P$4,B9=2016,J9*$P$5,B9=2017,J9*$P$6,B9=2018,J9*$P$7,B9=2019,J9*$P$8,B9=2020,J9*$P$9,B9=2021,J9*$P$10,B9=2022,J9*$P$11),"")} -> 246349.25 | L9: =SUM(H9,K9) -> 506794.93 | N9: 2020 | O9: STATE OF TX AS NON EMPLOYER CONTRIBUTING ENTITY (NECE) | P9: 2108002815
A10: 4813200 | B10: 2023 | D10: 0467 | E10: 001902 | G10: CAYUGA ISD | H10: 272946.36 | I10: =IFERROR(VLOOKUP(G10,'NCES Match'!$A$2:$B$1307,2,FALSE),"") -> 4813200 | J10: {=IFERROR(_xlfn.IFS(B10=2015,H10/$O$13,B10=2016,H10/$O$14,B10=2017,H10/$O$15,B10=2018,H10/$O$16,B10=2019,H10/$O$17,B10=2020,H10/$O$18,B10=2021,H10/$O$19,B10=2022,H10/$O$20),"")} | K10: {=IFERROR(_xlfn.IFS(B10=2015,J10*$P$4,B10=2016,J10*$P$5,B10=2017,J10*$P$6,B10=2018,J10*$P$7,B10=2019,J10*$P$8,B10=2020,J10*$P$9,B10=2021,J10*$P$10,B10=2022,J10*$P$11),"")} | L10: =SUM(H10,K10) -> 272946.36 | N10: 2021 | O10: STATE OF TX AS NON EMPLOYER CONTRIBUTING ENTITY (NECE) | P10: 2140553293
A11: 4818390 | B11: 2015 | C11: Public Education | D11: 0589 | E11: 001903 | G11: ELKHART ISD | H11: 144022.66 | I11: =IFERROR(VLOOKUP(G11,'NCES Match'!$A$2:$B$1307,2,FALSE),"") -> 4818390 | J11: {=IFERROR(_xlfn.IFS(B11=2015,H11/$O$13,B11=2016,H11/$O$14,B11=2017,H11/$O$15,B11=2018,H11/$O$16,B11=2019,H11/$O$17,B11=2020,H11/$O$18,B11=2021,H11/$O$19,B11=2022,H11/$O$20),"")} -> 0.00011282789 | K11: {=IFERROR(_xlfn.IFS(B11=2015,J11*$P$4,B11=2016,J11*$P$5,B11=2017,J11*$P$6,B11=2018,J11*$P$7,B11=2019,J11*$P$8,B11=2020,J11*$P$9,B11=2021,J11*$P$10,B11=2022,J11*$P$11),"")} -> 179563.67 | L11: =SUM(H11,K11) -> 323586.33 | N11: 2022 | O11: STATE OF TX AS NON EMPLOYER CONTRIBUTING ENTITY (NECE) | P11: 2153483006
A12: 4818390 | B12: 2016 | C12: Public Education | D12: 0589 | E12: 001903 | G12: ELKHART ISD | H12: 158721 | I12: =IFERROR(VLOOKUP(G12,'NCES Match'!$A$2:$B$1307,2,FALSE),"") -> 4818390 | J12: {=IFERROR(_xlfn.IFS(B12=2015,H12/$O$13,B12=2016,H12/$O$14,B12=2017,H12/$O$15,B12=2018,H12/$O$16,B12=2019,H12/$O$17,B12=2020,H12/$O$18,B12=2021,H12/$O$19,B12=2022,H12/$O$20),"")} -> 0.00011362311 | K12: {=IFERROR(_xlfn.IFS(B12=2015,J12*$P$4,B12=2016,J12*$P$5,B12=2017,J12*$P$6,B12=2018,J12*$P$7,B12=2019,J12*$P$8,B12=2020,J12*$P$9,B12=2021,J12*$P$10,B12=2022,J12*$P$11),"")} -> 190390.44 | L12: =SUM(H12,K12) -> 349111.44
A13: 4818390 | B13: 2017 | D13: 0589 | E13: 001903 | G13: ELKHART ISD | H13: 156203 | I13: =IFERROR(VLOOKUP(G13,'NCES Match'!$A$2:$B$1307,2,FALSE),"") -> 4818390 | J13: {=IFERROR(_xlfn.IFS(B13=2015,H13/$O$13,B13=2016,H13/$O$14,B13=2017,H13/$O$15,B13=2018,H13/$O$16,B13=2019,H13/$O$17,B13=2020,H13/$O$18,B13=2021,H13/$O$19,B13=2022,H13/$O$20),"")} -> 0.0001076924 | K13: {=IFERROR(_xlfn.IFS(B13=2015,J13*$P$4,B13=2016,J13*$P$5,B13=2017,J13*$P$6,B13=2018,J13*$P$7,B13=2019,J13*$P$8,B13=2020,J13*$P$9,B13=2021,J13*$P$10,B13=2022,J13*$P$11),"")} -> 182888.39 | L13: =SUM(H13,K13) -> 339091.39 | N13: 2015 | O13: =SUMIF($B$2:$B$12034,N13,$H$2:$H$12034) -> 1.276481e+09
A14: 4818390 | B14: 2018 | D14: 0589 | E14: 001903 | G14: ELKHART ISD | H14: 158921 | I14: =IFERROR(VLOOKUP(G14,'NCES Match'!$A$2:$B$1307,2,FALSE),"") -> 4818390 | J14: {=IFERROR(_xlfn.IFS(B14=2015,H14/$O$13,B14=2016,H14/$O$14,B14=2017,H14/$O$15,B14=2018,H14/$O$16,B14=2019,H14/$O$17,B14=2020,H14/$O$18,B14=2021,H14/$O$19,B14=2022,H14/$O$20),"")} -> 0.0001037053 | K14: {=IFERROR(_xlfn.IFS(B14=2015,J14*$P$4,B14=2016,J14*$P$5,B14=2017,J14*$P$6,B14=2018,J14*$P$7,B14=2019,J14*$P$8,B14=2020,J14*$P$9,B14=2021,J14*$P$10,B14=2022,J14*$P$11),"")} -> 178046.79 | L14: =SUM(H14,K14) -> 336967.79 | N14: 2016 | O14: =SUMIF($B$2:$B$12034,N14,$H$2:$H$12034) -> 1396907704
A15: 4818390 | B15: 2019 | D15: 0589 | E15: 001903 | G15: ELKHART ISD | H15: 165748 | I15: =IFERROR(VLOOKUP(G15,'NCES Match'!$A$2:$B$1307,2,FALSE),"") -> 4818390 | J15: {=IFERROR(_xlfn.IFS(B15=2015,H15/$O$13,B15=2016,H15/$O$14,B15=2017,H15/$O$15,B15=2018,H15/$O$16,B15=2019,H15/$O$17,B15=2020,H15/$O$18,B15=2021,H15/$O$19,B15=2022,H15/$O$20),"")} -> 0.00010494832 | K15: {=IFERROR(_xlfn.IFS(B15=2015,J15*$P$4,B15=2016,J15*$P$5,B15=2017,J15*$P$6,B15=2018,J15*$P$7,B15=2019,J15*$P$8,B15=2020,J15*$P$9,B15=2021,J15*$P$10,B15=2022,J15*$P$11),"")} -> 182392.42 | L15: =SUM(H15,K15) -> 348140.42 | N15: 2017 | O15: =SUMIF($B$2:$B$12034,N15,$H$2:$H$12034) -> 1450455136
A16: 4818390 | B16: 2020 | D16: 0589 | E16: 001903 | G16: ELKHART ISD | H16: 209514 | I16: =IFERROR(VLOOKUP(G16,'NCES Match'!$A$2:$B$1307,2,FALSE),"") -> 4818390 | J16: {=IFERROR(_xlfn.IFS(B16=2015,H16/$O$13,B16=2016,H16/$O$14,B16=2017,H16/$O$15,B16=2018,H16/$O$16,B16=2019,H16/$O$17,B16=2020,H16/$O$18,B16=2021,H16/$O$19,B16=2022,H16/$O$20),"")} -> 0.00011353722 | K16: {=IFERROR(_xlfn.IFS(B16=2015,J16*$P$4,B16=2016,J16*$P$5,B16=2017,J16*$P$6,B16=2018,J16*$P$7,B16=2019,J16*$P$8,B16=2020,J16*$P$9,B16=2021,J16*$P$10,B16=2022,J16*$P$11),"")} -> 239336.78 | L16: =SUM(H16,K16) -> 448850.78 | N16: 2018 | O16: =SUMIF($B$2:$B$12034,N16,$H$2:$H$12034) -> 1532428873
A17: 4818390 | B17: 2021 | D17: 0589 | E17: 001903 | G17: ELKHART ISD | H17: 208298.77 | I17: =IFERROR(VLOOKUP(G17,'NCES Match'!$A$2:$B$1307,2,FALSE),"") -> 4818390 | J17: {=IFERROR(_xlfn.IFS(B17=2015,H17/$O$13,B17=2016,H17/$O$14,B17=2017,H17/$O$15,B17=2018,H17/$O$16,B17=2019,H17/$O$17,B17=2020,H17/$O$18,B17=2021,H17/$O$19,B17=2022,H17/$O$20),"")} -> 0.00010657461 | K17: {=IFERROR(_xlfn.IFS(B17=2015,J17*$P$4,B17=2016,J17*$P$5,B17=2017,J17*$P$6,B17=2018,J17*$P$7,B17=2019,J17*$P$8,B17=2020,J17*$P$9,B17=2021,J17*$P$10,B17=2022,J17*$P$11),"")} -> 228128.63 | L17: =SUM(H17,K17) -> 436427.4 | N17: 2019 | O17: =SUMIF($B$2:$B$12034,N17,$H$2:$H$12034) -> 1579329666
A18: 4818390 | B18: 2022 | D18: 0589 | E18: 001903 | G18: ELKHART ISD | H18: 264355.44 | I18: =IFERROR(VLOOKUP(G18,'NCES Match'!$A$2:$B$1307,2,FALSE),"") -> 4818390 | J18: {=IFERROR(_xlfn.IFS(B18=2015,H18/$O$13,B18=2016,H18/$O$14,B18=2017,H18/$O$15,B18=2018,H18/$O$16,B18=2019,H18/$O$17,B18=2020,H18/$O$18,B18=2021,H18/$O$19,B18=2022,H18/$O$20),"")} -> 0.00011611301 | K18: {=IFERROR(_xlfn.IFS(B18=2015,J18*$P$4,B18=2016,J18*$P$5,B18=2017,J18*$P$6,B18=2018,J18*$P$7,B18=2019,J18*$P$8,B18=2020,J18*$P$9,B18=2021,J18*$P$10,B18=2022,J18*$P$11),"")} -> 250047.39 | L18: =SUM(H18,K18) -> 514402.83 | N18: 2020 | O18: =SUMIF($B$2:$B$12034,N18,$H$2:$H$12034) -> 1845333169
A19: 4818390 | B19: 2023 | D19: 0589 | E19: 001903 | G19: ELKHART ISD | H19: 284166.73 | I19: =IFERROR(VLOOKUP(G19,'NCES Match'!$A$2:$B$1307,2,FALSE),"") -> 4818390 | J19: {=IFERROR(_xlfn.IFS(B19=2015,H19/$O$13,B19=2016,H19/$O$14,B19=2017,H19/$O$15,B19=2018,H19/$O$16,B19=2019,H19/$O$17,B19=2020,H19/$O$18,B19=2021,H19/$O$19,B19=2022,H19/$O$20),"")} | K19: {=IFERROR(_xlfn.IFS(B19=2015,J19*$P$4,B19=2016,J19*$P$5,B19=2017,J19*$P$6,B19=2018,J19*$P$7,B19=2019,J19*$P$8,B19=2020,J19*$P$9,B19=2021,J19*$P$10,B19=2022,J19*$P$11),"")} | L19: =SUM(H19,K19) -> 284166.73 | N19: 2021 | O19: =SUMIF($B$2:$B$12034,N19,$H$2:$H$12034) -> 1.9544877e+09
A20: 4819770 | B20: 2015 | C20: Public Education | D20: 0628 | E20: 001904 | G20: FRANKSTON ISD | H20: 102631.62 | I20: =IFERROR(VLOOKUP(G20,'NCES Match'!$A$2:$B$1307,2,FALSE),"") -> 4819770 | J20: {=IFERROR(_xlfn.IFS(B20=2015,H20/$O$13,B20=2016,H20/$O$14,B20=2017,H20/$O$15,B20=2018,H20/$O$16,B20=2019,H20/$O$17,B20=2020,H20/$O$18,B20=2021,H20/$O$19,B20=2022,H20/$O$20),"")} -> 8.0401997e-05 | K20: {=IFERROR(_xlfn.IFS(B20=2015,J20*$P$4,B20=2016,J20*$P$5,B20=2017,J20*$P$6,B20=2018,J20*$P$7,B20=2019,J20*$P$8,B20=2020,J20*$P$9,B20=2021,J20*$P$10,B20=2022,J20*$P$11),"")} -> 127958.41 | L20: =SUM(H20,K20) -> 230590.03 | N20: 2022 | O20: =SUMIF($B$2:$B$12034,N20,$H$2:$H$12034) -> 2.2767082e+09
A21: 4819770 | B21: 2016 | C21: Public Education | D21: 0628 | E21: 001904 | G21: FRANKSTON ISD | H21: 126600 | I21: =IFERROR(VLOOKUP(G21,'NCES Match'!$A$2:$B$1307,2,FALSE),"") -> 4819770 | J21: {=IFERROR(_xlfn.IFS(B21=2015,H21/$O$13,B21=2016,H21/$O$14,B21=2017,H21/$O$15,B21=2018,H21/$O$16,B21=2019,H21/$O$17,B21=2020,H21/$O$18,B21=2021,H21/$O$19,B21=2022,H21/$O$20),"")} -> 9.0628751e-05 | K21: {=IFERROR(_xlfn.IFS(B21=2015,J21*$P$4,B21=2016,J21*$P$5,B21=2017,J21*$P$6,B21=2018,J21*$P$7,B21=2019,J21*$P$8,B21=2020,J21*$P$9,B21=2021,J21*$P$10,B21=2022,J21*$P$11),"")} -> 151860.37 | L21: =SUM(H21,K21) -> 278460.37
A22: 4819770 | B22: 2017 | D22: 0628 | E22: 001904 | G22: FRANKSTON ISD | H22: 123426 | I22: =IFERROR(VLOOKUP(G22,'NCES Match'!$A$2:$B$1307,2,FALSE),"") -> 4819770 | J22: {=IFERROR(_xlfn.IFS(B22=2015,H22/$O$13,B22=2016,H22/$O$14,B22=2017,H22/$O$15,B22=2018,H22/$O$16,B22=2019,H22/$O$17,B22=2020,H22/$O$18,B22=2021,H22/$O$19,B22=2022,H22/$O$20),"")} -> 8.5094669e-05 | K22: {=IFERROR(_xlfn.IFS(B22=2015,J22*$P$4,B22=2016,J22*$P$5,B22=2017,J22*$P$6,B22=2018,J22*$P$7,B22=2019,J22*$P$8,B22=2020,J22*$P$9,B22=2021,J22*$P$10,B22=2022,J22*$P$11),"")} -> 144511.84 | L22: =SUM(H22,K22) -> 267937.84
A23: 4819770 | B23: 2018 | D23: 0628 | E23: 001904 | G23: FRANKSTON ISD | H23: 144959 | I23: =IFERROR(VLOOKUP(G23,'NCES Match'!$A$2:$B$1307,2,FALSE),"") -> 4819770 | J23: {=IFERROR(_xlfn.IFS(B23=2015,H23/$O$13,B23=2016,H23/$O$14,B23=2017,H23/$O$15,B23=2018,H23/$O$16,B23=2019,H23/$O$17,B23=2020,H23/$O$18,B23=2021,H23/$O$19,B23=2022,H23/$O$20),"")} -> 9.4594276e-05 | K23: {=IFERROR(_xlfn.IFS(B23=2015,J23*$P$4,B23=2016,J23*$P$5,B23=2017,J23*$P$6,B23=2018,J23*$P$7,B23=2019,J23*$P$8,B23=2020,J23*$P$9,B23=2021,J23*$P$10,B23=2022,J23*$P$11),"")} -> 162404.49 | L23: =SUM(H23,K23) -> 307363.49
A24: 4819770 | B24: 2019 | D24: 0628 | E24: 001904 | G24: FRANKSTON ISD | H24: 162202 | I24: =IFERROR(VLOOKUP(G24,'NCES Match'!$A$2:$B$1307,2,FALSE),"") -> 4819770 | J24: {=IFERROR(_xlfn.IFS(B24=2015,H24/$O$13,B24=2016,H24/$O$14,B24=2017,H24/$O$15,B24=2018,H24/$O$16,B24=2019,H24/$O$17,B24=2020,H24/$O$18,B24=2021,H24/$O$19,B24=2022,H24/$O$20),"")} -> 0.00010270307 | K24: {=IFERROR(_xlfn.IFS(B24=2015,J24*$P$4,B24=2016,J24*$P$5,B24=2017,J24*$P$6,B24=2018,J24*$P$7,B24=2019,J24*$P$8,B24=2020,J24*$P$9,B24=2021,J24*$P$10,B24=2022,J24*$P$11),"")} -> 178490.33 | L24: =SUM(H24,K24) -> 340692.33
A25: 4819770 | B25: 2020 | D25: 0628 | E25: 001904 | G25: FRANKSTON ISD | H25: 173025 | I25: =IFERROR(VLOOKUP(G25,'NCES Match'!$A$2:$B$1307,2,FALSE),"") -> 4819770 | J25: {=IFERROR(_xlfn.IFS(B25=2015,H25/$O$13,B25=2016,H25/$O$14,B25=2017,H25/$O$15,B25=2018,H25/$O$16,B25=2019,H25/$O$17,B25=2020,H25/$O$18,B25=2021,H25/$O$19,B25=2022,H25/$O$20),"")} -> 9.3763556e-05 | K25: {=IFERROR(_xlfn.IFS(B25=2015,J25*$P$4,B25=2016,J25*$P$5,B25=2017,J25*$P$6,B25=2018,J25*$P$7,B25=2019,J25*$P$8,B25=2020,J25*$P$9,B25=2021,J25*$P$10,B25=2022,J25*$P$11),"")} -> 197653.84 | L25: =SUM(H25,K25) -> 370678.84
A26: 4819770 | B26: 2021 | D26: 0628 | E26: 001904 | G26: FRANKSTON ISD | H26: 171505.32 | I26: =IFERROR(VLOOKUP(G26,'NCES Match'!$A$2:$B$1307,2,FALSE),"") -> 4819770 | J26: {=IFERROR(_xlfn.IFS(B26=2015,H26/$O$13,B26=2016,H26/$O$14,B26=2017,H26/$O$15,B26=2018,H26/$O$16,B26=2019,H26/$O$17,B26=2020,H26/$O$18,B26=2021,H26/$O$19,B26=2022,H26/$O$20),"")} -> 8.7749499e-05 | K26: {=IFERROR(_xlfn.IFS(B26=2015,J26*$P$4,B26=2016,J26*$P$5,B26=2017,J26*$P$6,B26=2018,J26*$P$7,B26=2019,J26*$P$8,B26=2020,J26*$P$9,B26=2021,J26*$P$10,B26=2022,J26*$P$11),"")} -> 187832.48 | L26: =SUM(H26,K26) -> 359337.8
A27: 4819770 | B27: 2022 | D27: 0628 | E27: 001904 | G27: FRANKSTON ISD | H27: 246987.27 | I27: =IFERROR(VLOOKUP(G27,'NCES Match'!$A$2:$B$1307,2,FALSE),"") -> 4819770 | J27: {=IFERROR(_xlfn.IFS(B27=2015,H27/$O$13,B27=2016,H27/$O$14,B27=2017,H27/$O$15,B27=2018,H27/$O$16,B27=2019,H27/$O$17,B27=2020,H27/$O$18,B27=2021,H27/$O$19,B27=2022,H27/$O$20),"")} -> 0.00010848438 | K27: {=IFERROR(_xlfn.IFS(B27=2015,J27*$P$4,B27=2016,J27*$P$5,B27=2017,J27*$P$6,B27=2018,J27*$P$7,B27=2019,J27*$P$8,B27=2020,J27*$P$9,B27=2021,J27*$P$10,B27=2022,J27*$P$11),"")} -> 233619.26 | L27: =SUM(H27,K27) -> 480606.53
A28: 4819770 | B28: 2023 | D28: 0628 | E28: 001904 | G28: FRANKSTON ISD | H28: 240464.75 | I28: =IFERROR(VLOOKUP(G28,'NCES Match'!$A$2:$B$1307,2,FALSE),"") -> 4819770 | J28: {=IFERROR(_xlfn.IFS(B28=2015,H28/$O$13,B28=2016,H28/$O$14,B28=2017,H28/$O$15,B28=2018,H28/$O$16,B28=2019,H28/$O$17,B28=2020,H28/$O$18,B28=2021,H28/$O$19,B28=2022,H28/$O$20),"")} | K28: {=IFERROR(_xlfn.IFS(B28=2015,J28*$P$4,B28=2016,J28*$P$5,B28=2017,J28*$P$6,B28=2018,J28*$P$7,B28=2019,J28*$P$8,B28=2020,J28*$P$9,B28=2021,J28*$P$10,B28=2022,J28*$P$11),"")} | L28: =SUM(H28,K28) -> 240464.75
A29: 4832250 | B29: 2015 | C29: Public Education | D29: 0946 | E29: 001906 | G29: NECHES ISD | H29: 54028.01 | I29: =IFERROR(VLOOKUP(G29,'NCES Match'!$A$2:$B$1307,2,FALSE),"") -> 4832250 | J29: {=IFERROR(_xlfn.IFS(B29=2015,H29/$O$13,B29=2016,H29/$O$14,B29=2017,H29/$O$15,B29=2018,H29/$O$16,B29=2019,H29/$O$17,B29=2020,H29/$O$18,B29=2021,H29/$O$19,B29=2022,H29/$O$20),"")} -> 4.2325746e-05 | K29: {=IFERROR(_xlfn.IFS(B29=2015,J29*$P$4,B29=2016,J29*$P$5,B29=2017,J29*$P$6,B29=2018,J29*$P$7,B29=2019,J29*$P$8,B29=2020,J29*$P$9,B29=2021,J29*$P$10,B29=2022,J29*$P$11),"")} -> 67360.705 | L29: =SUM(H29,K29) -> 121388.71
A30: 4832250 | B30: 2016 | C30: Public Education | D30: 0946 | E30: 001906 | G30: NECHES ISD | H30: 64239 | I30: =IFERROR(VLOOKUP(G30,'NCES Match'!$A$2:$B$1307,2,FALSE),"") -> 4832250 | J30: {=IFERROR(_xlfn.IFS(B30=2015,H30/$O$13,B30=2016,H30/$O$14,B30=2017,H30/$O$15,B30=2018,H30/$O$16,B30=2019,H30/$O$17,B30=2020,H30/$O$18,B30=2021,H30/$O$19,B30=2022,H30/$O$20),"")} -> 4.5986574e-05 | K30: {=IFERROR(_xlfn.IFS(B30=2015,J30*$P$4,B30=2016,J30*$P$5,B30=2017,J30*$P$6,B30=2018,J30*$P$7,B30=2019,J30*$P$8,B30=2020,J30*$P$9,B30=2021,J30*$P$10,B30=2022,J30*$P$11),"")} -> 77056.541 | L30: =SUM(H30,K30) -> 141295.54
A31: 4832250 | B31: 2017 | D31: 0946 | E31: 001906 | G31: NECHES ISD | H31: 65306 | I31: =IFERROR(VLOOKUP(G31,'NCES Match'!$A$2:$B$1307,2,FALSE),"") -> 4832250 | J31: {=IFERROR(_xlfn.IFS(B31=2015,H31/$O$13,B31=2016,H31/$O$14,B31=2017,H31/$O$15,B31=2018,H31/$O$16,B31=2019,H31/$O$17,B31=2020,H31/$O$18,B31=2021,H31/$O$19,B31=2022,H31/$O$20),"")} -> 4.5024488e-05 | K31: {=IFERROR(_xlfn.IFS(B31=2015,J31*$P$4,B31=2016,J31*$P$5,B31=2017,J31*$P$6,B31=2018,J31*$P$7,B31=2019,J31*$P$8,B31=2020,J31*$P$9,B31=2021,J31*$P$10,B31=2022,J31*$P$11),"")} -> 76462.739 | L31: =SUM(H31,K31) -> 141768.74
A32: 4832250 | B32: 2018 | D32: 0946 | E32: 001906 | G32: NECHES ISD | H32: 61101 | I32: =IFERROR(VLOOKUP(G32,'NCES Match'!$A$2:$B$1307,2,FALSE),"") -> 4832250 | J32: {=IFERROR(_xlfn.IFS(B32=2015,H32/$O$13,B32=2016,H32/$O$14,B32=2017,H32/$O$15,B32=2018,H32/$O$16,B32=2019,H32/$O$17,B32=2020,H32/$O$18,B32=2021,H32/$O$19,B32=2022,H32/$O$20),"")} -> 3.9871997e-05 | K32: {=IFERROR(_xlfn.IFS(B32=2015,J32*$P$4,B32=2016,J32*$P$5,B32=2017,J32*$P$6,B32=2018,J32*$P$7,B32=2019,J32*$P$8,B32=2020,J32*$P$9,B32=2021,J32*$P$10,B32=2022,J32*$P$11),"")} -> 68454.37 | L32: =SUM(H32,K32) -> 129555.37
A33: 4832250 | B33: 2019 | D33: 0946 | E33: 001906 | G33: NECHES ISD | H33: 63067 | I33: =IFERROR(VLOOKUP(G33,'NCES Match'!$A$2:$B$1307,2,FALSE),"") -> 4832250 | J33: {=IFERROR(_xlfn.IFS(B33=2015,H33/$O$13,B33=2016,H33/$O$14,B33=2017,H33/$O$15,B33=2018,H33/$O$16,B33=2019,H33/$O$17,B33=2020,H33/$O$18,B33=2021,H33/$O$19,B33=2022,H33/$O$20),"")} -> 3.9932765e-05 | K33: {=IFERROR(_xlfn.IFS(B33=2015,J33*$P$4,B33=2016,J33*$P$5,B33=2017,J33*$P$6,B33=2018,J33*$P$7,B33=2019,J33*$P$8,B33=2020,J33*$P$9,B33=2021,J33*$P$10,B33=2022,J33*$P$11),"")} -> 69400.189 | L33: =SUM(H33,K33) -> 132467.19
A34: 4832250 | B34: 2020 | D34: 0946 | E34: 001906 | G34: NECHES ISD | H34: 73051 | I34: =IFERROR(VLOOKUP(G34,'NCES Match'!$A$2:$B$1307,2,FALSE),"") -> 4832250 | J34: {=IFERROR(_xlfn.IFS(B34=2015,H34/$O$13,B34=2016,H34/$O$14,B34=2017,H34/$O$15,B34=2018,H34/$O$16,B34=2019,H34/$O$17,B34=2020,H34/$O$18,B34=2021,H34/$O$19,B34=2022,H34/$O$20),"")} -> 3.9586889e-05 | K34: {=IFERROR(_xlfn.IFS(B34=2015,J34*$P$4,B34=2016,J34*$P$5,B34=2017,J34*$P$6,B34=2018,J34*$P$7,B34=2019,J34*$P$8,B34=2020,J34*$P$9,B34=2021,J34*$P$10,B34=2022,J34*$P$11),"")} -> 83449.274 | L34: =SUM(H34,K34) -> 156500.27
A35: 4832250 | B35: 2021 | D35: 0946 | E35: 001906 | G35: NECHES ISD | H35: 75088.96 | I35: =IFERROR(VLOOKUP(G35,'NCES Match'!$A$2:$B$1307,2,FALSE),"") -> 4832250 | J35: {=IFERROR(_xlfn.IFS(B35=2015,H35/$O$13,B35=2016,H35/$O$14,B35=2017,H35/$O$15,B35=2018,H35/$O$16,B35=2019,H35/$O$17,B35=2020,H35/$O$18,B35=2021,H35/$O$19,B35=2022,H35/$O$20),"")} -> 3.8418742e-05 | K35: {=IFERROR(_xlfn.IFS(B35=2015,J35*$P$4,B35=2016,J35*$P$5,B35=2017,J35*$P$6,B35=2018,J35*$P$7,B35=2019,J35*$P$8,B35=2020,J35*$P$9,B35=2021,J35*$P$10,B35=2022,J35*$P$11),"")} -> 82237.365 | L35: =SUM(H35,K35) -> 157326.32
A36: 4832250 | B36: 2022 | D36: 0946 | E36: 001906 | G36: NECHES ISD | H36: 94876.5 | I36: =IFERROR(VLOOKUP(G36,'NCES Match'!$A$2:$B$1307,2,FALSE),"") -> 4832250 | J36: {=IFERROR(_xlfn.IFS(B36=2015,H36/$O$13,B36=2016,H36/$O$14,B36=2017,H36/$O$15,B36=2018,H36/$O$16,B36=2019,H36/$O$17,B36=2020,H36/$O$18,B36=2021,H36/$O$19,B36=2022,H36/$O$20),"")} -> 4.1672666e-05 | K36: {=IFERROR(_xlfn.IFS(B36=2015,J36*$P$4,B36=2016,J36*$P$5,B36=2017,J36*$P$6,B36=2018,J36*$P$7,B36=2019,J36*$P$8,B36=2020,J36*$P$9,B36=2021,J36*$P$10,B36=2022,J36*$P$11),"")} -> 89741.378 | L36: =SUM(H36,K36) -> 184617.88
A37: 4832250 | B37: 2023 | D37: 0946 | E37: 001906 | G37: NECHES ISD | H37: 110774.45 | I37: =IFERROR(VLOOKUP(G37,'NCES Match'!$A$2:$B$1307,2,FALSE),"") -> 4832250 | J37: {=IFERROR(_xlfn.IFS(B37=2015,H37/$O$13,B37=2016,H37/$O$14,B37=2017,H37/$O$15,B37=2018,H37/$O$16,B37=2019,H37/$O$17,B37=2020,H37/$O$18,B37=2021,H37/$O$19,B37=2022,H37/$O$20),"")} | K37: {=IFERROR(_xlfn.IFS(B37=2015,J37*$P$4,B37=2016,J37*$P$5,B37=2017,J37*$P$6,B37=2018,J37*$P$7,B37=2019,J37*$P$8,B37=2020,J37*$P$9,B37=2021,J37*$P$10,B37=2022,J37*$P$11),"")} | L37: =SUM(H37,K37) -> 110774.45
A38: 4834050 | B38: 2015 | C38: Public Education | D38: 0987 | E38: 001907 | G38: PALESTINE ISD | H38: 655233.02 | I38: =IFERROR(VLOOKUP(G38,'NCES Match'!$A$2:$B$1307,2,FALSE),"") -> 4834050 | J38: {=IFERROR(_xlfn.IFS(B38=2015,H38/$O$13,B38=2016,H38/$O$14,B38=2017,H38/$O$15,B38=2018,H38/$O$16,B38=2019,H38/$O$17,B38=2020,H38/$O$18,B38=2021,H38/$O$19,B38=2022,H38/$O$20),"")} -> 0.00051331201 | K38: {=IFERROR(_xlfn.IFS(B38=2015,J38*$P$4,B38=2016,J38*$P$5,B38=2017,J38*$P$6,B38=2018,J38*$P$7,B38=2019,J38*$P$8,B38=2020,J38*$P$9,B38=2021,J38*$P$10,B38=2022,J38*$P$11),"")} -> 816927.33 | L38: =SUM(H38,K38) -> 1472160.4
A39: 4834050 | B39: 2016 | C39: Public Education | D39: 0987 | E39: 001907 | G39: PALESTINE ISD | H39: 672775 | I39: =IFERROR(VLOOKUP(G39,'NCES Match'!$A$2:$B$1307,2,FALSE),"") -> 4834050 | J39: {=IFERROR(_xlfn.IFS(B39=2015,H39/$O$13,B39=2016,H39/$O$14,B39=2017,H39/$O$15,B39=2018,H39/$O$16,B39=2019,H39/$O$17,B39=2020,H39/$O$18,B39=2021,H39/$O$19,B39=2022,H39/$O$20),"")} -> 0.00048161736 | K39: {=IFERROR(_xlfn.IFS(B39=2015,J39*$P$4,B39=2016,J39*$P$5,B39=2017,J39*$P$6,B39=2018,J39*$P$7,B39=2019,J39*$P$8,B39=2020,J39*$P$9,B39=2021,J39*$P$10,B39=2022,J39*$P$11),"")} -> 807013.1 | L39: =SUM(H39,K39) -> 1479788.1
A40: 4834050 | B40: 2017 | D40: 0987 | E40: 001907 | G40: PALESTINE ISD | H40: 689661 | I40: =IFERROR(VLOOKUP(G40,'NCES Match'!$A$2:$B$1307,2,FALSE),"") -> 4834050 | J40: {=IFERROR(_xlfn.IFS(B40=2015,H40/$O$13,B40=2016,H40/$O$14,B40=2017,H40/$O$15,B40=2018,H40/$O$16,B40=2019,H40/$O$17,B40=2020,H40/$O$18,B40=2021,H40/$O$19,B40=2022,H40/$O$20),"")} -> 0.00047547903 | K40: {=IFERROR(_xlfn.IFS(B40=2015,J40*$P$4,B40=2016,J40*$P$5,B40=2017,J40*$P$6,B40=2018,J40*$P$7,B40=2019,J40*$P$8,B40=2020,J40*$P$9,B40=2021,J40*$P$10,B40=2022,J40*$P$11),"")} -> 807481.23 | L40: =SUM(H40,K40) -> 1497142.2
A41: 4834050 | B41: 2018 | D41: 0987 | E41: 001907 | G41: PALESTINE ISD | H41: 701209 | I41: =IFERROR(VLOOKUP(G41,'NCES Match'!$A$2:$B$1307,2,FALSE),"") -> 4834050 | J41: {=IFERROR(_xlfn.IFS(B41=2015,H41/$O$13,B41=2016,H41/$O$14,B41=2017,H41/$O$15,B41=2018,H41/$O$16,B41=2019,H41/$O$17,B41=2020,H41/$O$18,B41=2021,H41/$O$19,B41=2022,H41/$O$20),"")} -> 0.00045758013 | K41: {=IFERROR(_xlfn.IFS(B41=2015,J41*$P$4,B41=2016,J41*$P$5,B41=2017,J41*$P$6,B41=2018,J41*$P$7,B41=2019,J41*$P$8,B41=2020,J41*$P$9,B41=2021,J41*$P$10,B41=2022,J41*$P$11),"")} -> 785597.95 | L41: =SUM(H41,K41) -> 1486807
A42: 4834050 | B42: 2019 | D42: 0987 | E42: 001907 | G42: PALESTINE ISD | H42: 693052 | I42: =IFERROR(VLOOKUP(G42,'NCES Match'!$A$2:$B$1307,2,FALSE),"") -> 4834050 | J42: {=IFERROR(_xlfn.IFS(B42=2015,H42/$O$13,B42=2016,H42/$O$14,B42=2017,H42/$O$15,B42=2018,H42/$O$16,B42=2019,H42/$O$17,B42=2020,H42/$O$18,B42=2021,H42/$O$19,B42=2022,H42/$O$20),"")} -> 0.00043882668 | K42: {=IFERROR(_xlfn.IFS(B42=2015,J42*$P$4,B42=2016,J42*$P$5,B42=2017,J42*$P$6,B42=2018,J42*$P$7,B42=2019,J42*$P$8,B42=2020,J42*$P$9,B42=2021,J42*$P$10,B42=2022,J42*$P$11),"")} -> 762648.29 | L42: =SUM(H42,K42) -> 1455700.3
A43: 4834050 | B43: 2020 | D43: 0987 | E43: 001907 | G43: PALESTINE ISD | H43: 812346 | I43: =IFERROR(VLOOKUP(G43,'NCES Match'!$A$2:$B$1307,2,FALSE),"") -> 4834050 | J43: {=IFERROR(_xlfn.IFS(B43=2015,H43/$O$13,B43=2016,H43/$O$14,B43=2017,H43/$O$15,B43=2018,H43/$O$16,B43=2019,H43/$O$17,B43=2020,H43/$O$18,B43=2021,H43/$O$19,B43=2022,H43/$O$20),"")} -> 0.00044021644 | K43: {=IFERROR(_xlfn.IFS(B43=2015,J43*$P$4,B43=2016,J43*$P$5,B43=2017,J43*$P$6,B43=2018,J43*$P$7,B43=2019,J43*$P$8,B43=2020,J43*$P$9,B43=2021,J43*$P$10,B43=2022,J43*$P$11),"")} -> 927977.5 | L43: =SUM(H43,K43) -> 1740323.5
A44: 4834050 | B44: 2021 | D44: 0987 | E44: 001907 | G44: PALESTINE ISD | H44: 932063.28 | I44: =IFERROR(VLOOKUP(G44,'NCES Match'!$A$2:$B$1307,2,FALSE),"") -> 4834050 | J44: {=IFERROR(_xlfn.IFS(B44=2015,H44/$O$13,B44=2016,H44/$O$14,B44=2017,H44/$O$15,B44=2018,H44/$O$16,B44=2019,H44/$O$17,B44=2020,H44/$O$18,B44=2021,H44/$O$19,B44=2022,H44/$O$20),"")} -> 0.00047688367 | K44: {=IFERROR(_xlfn.IFS(B44=2015,J44*$P$4,B44=2016,J44*$P$5,B44=2017,J44*$P$6,B44=2018,J44*$P$7,B44=2019,J44*$P$8,B44=2020,J44*$P$9,B44=2021,J44*$P$10,B44=2022,J44*$P$11),"")} -> 1020794.9 | L44: =SUM(H44,K44) -> 1952858.2
A45: 4834050 | B45: 2022 | D45: 0987 | E45: 001907 | G45: PALESTINE ISD | H45: 1105422.8 | I45: =IFERROR(VLOOKUP(G45,'NCES Match'!$A$2:$B$1307,2,FALSE),"") -> 4834050 | J45: {=IFERROR(_xlfn.IFS(B45=2015,H45/$O$13,B45=2016,H45/$O$14,B45=2017,H45/$O$15,B45=2018,H45/$O$16,B45=2019,H45/$O$17,B45=2020,H45/$O$18,B45=2021,H45/$O$19,B45=2022,H45/$O$20),"")} -> 0.00048553558 | K45: {=IFERROR(_xlfn.IFS(B45=2015,J45*$P$4,B45=2016,J45*$P$5,B45=2017,J45*$P$6,B45=2018,J45*$P$7,B45=2019,J45*$P$8,B45=2020,J45*$P$9,B45=2021,J45*$P$10,B45=2022,J45*$P$11),"")} -> 1045592.6 | L45: =SUM(H45,K45) -> 2151015.4
A46: 4834050 | B46: 2023 | D46: 0987 | E46: 001907 | G46: PALESTINE ISD | H46: 1343698.5 | I46: =IFERROR(VLOOKUP(G46,'NCES Match'!$A$2:$B$1307,2,FALSE),"") -> 4834050 | J46: {=IFERROR(_xlfn.IFS(B46=2015,H46/$O$13,B46=2016,H46/$O$14,B46=2017,H46/$O$15,B46=2018,H46/$O$16,B46=2019,H46/$O$17,B46=2020,H46/$O$18,B46=2021,H46/$O$19,B46=2022,H46/$O$20),"")} | K46: {=IFERROR(_xlfn.IFS(B46=2015,J46*$P$4,B46=2016,J46*$P$5,B46=2017,J46*$P$6,B46=2018,J46*$P$7,B46=2019,J46*$P$8,B46=2020,J46*$P$9,B46=2021,J46*$P$10,B46=2022,J46*$P$11),"")} | L46: =SUM(H46,K46) -> 1343698.5
A47: 4843290 | B47: 2015 | C47: Public Education | D47: 1721 | E47: 001908 | G47: WESTWOOD ISD | H47: 219899.27 | I47: =IFERROR(VLOOKUP(G47,'NCES Match'!$A$2:$B$1307,2,FALSE),"") -> 4843290 | J47: {=IFERROR(_xlfn.IFS(B47=2015,H47/$O$13,B47=2016,H47/$O$14,B47=2017,H47/$O$15,B47=2018,H47/$O$16,B47=2019,H47/$O$17,B47=2020,H47/$O$18,B47=2021,H47/$O$19,B47=2022,H47/$O$20),"")} -> 0.00017226991 | K47: {=IFERROR(_xlfn.IFS(B47=2015,J47*$P$4,B47=2016,J47*$P$5,B47=2017,J47*$P$6,B47=2018,J47*$P$7,B47=2019,J47*$P$8,B47=2020,J47*$P$9,B47=2021,J47*$P$10,B47=2022,J47*$P$11),"")} -> 274164.64 | L47: =SUM(H47,K47) -> 494063.91
A48: 4843290 | B48: 2016 | C48: Public Education | D48: 1721 | E48: 001908 | G48: WESTWOOD ISD | H48: 242998 | I48: =IFERROR(VLOOKUP(G48,'NCES Match'!$A$2:$B$1307,2,FALSE),"") -> 4843290 | J48: {=IFERROR(_xlfn.IFS(B48=2015,H48/$O$13,B48=2016,H48/$O$14,B48=2017,H48/$O$15,B48=2018,H48/$O$16,B48=2019,H48/$O$17,B48=2020,H48/$O$18,B48=2021,H48/$O$19,B48=2022,H48/$O$20),"")} -> 0.00017395423 | K48: {=IFERROR(_xlfn.IFS(B48=2015,J48*$P$4,B48=2016,J48*$P$5,B48=2017,J48*$P$6,B48=2018,J48*$P$7,B48=2019,J48*$P$8,B48=2020,J48*$P$9,B48=2021,J48*$P$10,B48=2022,J48*$P$11),"")} -> 291483.14 | L48: =SUM(H48,K48) -> 534481.14
A49: 4843290 | B49: 2017 | D49: 1721 | E49: 001908 | G49: WESTWOOD ISD | H49: 226035 | I49: =IFERROR(VLOOKUP(G49,'NCES Match'!$A$2:$B$1307,2,FALSE),"") -> 4843290 | J49: {=IFERROR(_xlfn.IFS(B49=2015,H49/$O$13,B49=2016,H49/$O$14,B49=2017,H49/$O$15,B49=2018,H49/$O$16,B49=2019,H49/$O$17,B49=2020,H49/$O$18,B49=2021,H49/$O$19,B49=2022,H49/$O$20),"")} -> 0.00015583729 | K49: {=IFERROR(_xlfn.IFS(B49=2015,J49*$P$4,B49=2016,J49*$P$5,B49=2017,J49*$P$6,B49=2018,J49*$P$7,B49=2019,J49*$P$8,B49=2020,J49*$P$9,B49=2021,J49*$P$10,B49=2022,J49*$P$11),"")} -> 264650.34 | L49: =SUM(H49,K49) -> 490685.34
A50: 4843290 | B50: 2018 | D50: 1721 | E50: 001908 | G50: WESTWOOD ISD | H50: 250716 | I50: =IFERROR(VLOOKUP(G50,'NCES Match'!$A$2:$B$1307,2,FALSE),"") -> 4843290 | J50: {=IFERROR(_xlfn.IFS(B50=2015,H50/$O$13,B50=2016,H50/$O$14,B50=2017,H50/$O$15,B50=2018,H50/$O$16,B50=2019,H50/$O$17,B50=2020,H50/$O$18,B50=2021,H50/$O$19,B50=2022,H50/$O$20),"")} -> 0.00016360694 | K50: {=IFERROR(_xlfn.IFS(B50=2015,J50*$P$4,B50=2016,J50*$P$5,B50=2017,J50*$P$6,B50=2018,J50*$P$7,B50=2019,J50*$P$8,B50=2020,J50*$P$9,B50=2021,J50*$P$10,B50=2022,J50*$P$11),"")} -> 280889.12 | L50: =SUM(H50,K50) -> 531605.12
A51: 4843290 | B51: 2019 | D51: 1721 | E51: 001908 | G51: WESTWOOD ISD | H51: 254010 | I51: =IFERROR(VLOOKUP(G51,'NCES Match'!$A$2:$B$1307,2,FALSE),"") -> 4843290 | J51: {=IFERROR(_xlfn.IFS(B51=2015,H51/$O$13,B51=2016,H51/$O$14,B51=2017,H51/$O$15,B51=2018,H51/$O$16,B51=2019,H51/$O$17,B51=2020,H51/$O$18,B51=2021,H51/$O$19,B51=2022,H51/$O$20),"")} -> 0.00016083406 | K51: {=IFERROR(_xlfn.IFS(B51=2015,J51*$P$4,B51=2016,J51*$P$5,B51=2017,J51*$P$6,B51=2018,J51*$P$7,B51=2019,J51*$P$8,B51=2020,J51*$P$9,B51=2021,J51*$P$10,B51=2022,J51*$P$11),"")} -> 279517.69 | L51: =SUM(H51,K51) -> 533527.69
A52: 4843290 | B52: 2020 | D52: 1721 | E52: 001908 | G52: WESTWOOD ISD | H52: 289325 | I52: =IFERROR(VLOOKUP(G52,'NCES Match'!$A$2:$B$1307,2,FALSE),"") -> 4843290 | J52: {=IFERROR(_xlfn.IFS(B52=2015,H52/$O$13,B52=2016,H52/$O$14,B52=2017,H52/$O$15,B52=2018,H52/$O$16,B52=2019,H52/$O$17,B52=2020,H52/$O$18,B52=2021,H52/$O$19,B52=2022,H52/$O$20),"")} -> 0.00015678741 | K52: {=IFERROR(_xlfn.IFS(B52=2015,J52*$P$4,B52=2016,J52*$P$5,B52=2017,J52*$P$6,B52=2018,J52*$P$7,B52=2019,J52*$P$8,B52=2020,J52*$P$9,B52=2021,J52*$P$10,B52=2022,J52*$P$11),"")} -> 330508.29 | L52: =SUM(H52,K52) -> 619833.29
A53: 4843290 | B53: 2021 | D53: 1721 | E53: 001908 | G53: WESTWOOD ISD | H53: 312373.23 | I53: =IFERROR(VLOOKUP(G53,'NCES Match'!$A$2:$B$1307,2,FALSE),"") -> 4843290 | J53: {=IFERROR(_xlfn.IFS(B53=2015,H53/$O$13,B53=2016,H53/$O$14,B53=2017,H53/$O$15,B53=2018,H53/$O$16,B53=2019,H53/$O$17,B53=2020,H53/$O$18,B53=2021,H53/$O$19,B53=2022,H53/$O$20),"")} -> 0.00015982358 | K53: {=IFERROR(_xlfn.IFS(B53=2015,J53*$P$4,B53=2016,J53*$P$5,B53=2017,J53*$P$6,B53=2018,J53*$P$7,B53=2019,J53*$P$8,B53=2020,J53*$P$9,B53=2021,J53*$P$10,B53=2022,J53*$P$11),"")} -> 342110.89 | L53: =SUM(H53,K53) -> 654484.12
A54: 4843290 | B54: 2022 | D54: 1721 | E54: 001908 | G54: WESTWOOD ISD | H54: 403126.32 | I54: =IFERROR(VLOOKUP(G54,'NCES Match'!$A$2:$B$1307,2,FALSE),"") -> 4843290 | J54: {=IFERROR(_xlfn.IFS(B54=2015,H54/$O$13,B54=2016,H54/$O$14,B54=2017,H54/$O$15,B54=2018,H54/$O$16,B54=2019,H54/$O$17,B54=2020,H54/$O$18,B54=2021,H54/$O$19,B54=2022,H54/$O$20),"")} -> 0.00017706543 | K54: {=IFERROR(_xlfn.IFS(B54=2015,J54*$P$4,B54=2016,J54*$P$5,B54=2017,J54*$P$6,B54=2018,J54*$P$7,B54=2019,J54*$P$8,B54=2020,J54*$P$9,B54=2021,J54*$P$10,B54=2022,J54*$P$11),"")} -> 381307.4 | L54: =SUM(H54,K54) -> 784433.72
A55: 4843290 | B55: 2023 | D55: 1721 | E55: 001908 | G55: WESTWOOD ISD | H55: 442843.51 | I55: =IFERROR(VLOOKUP(G55,'NCES Match'!$A$2:$B$1307,2,FALSE),"") -> 4843290 | J55: {=IFERROR(_xlfn.IFS(B55=2015,H55/$O$13,B55=2016,H55/$O$14,B55=2017,H55/$O$15,B55=2018,H55/$O$16,B55=2019,H55/$O$17,B55=2020,H55/$O$18,B55=2021,H55/$O$19,B55=2022,H55/$O$20),"")} | K55: {=IFERROR(_xlfn.IFS(B55=2015,J55*$P$4,B55=2016,J55*$P$5,B55=2017,J55*$P$6,B55=2018,J55*$P$7,B55=2019,J55*$P$8,B55=2020,J55*$P$9,B55=2021,J55*$P$10,B55=2022,J55*$P$11),"")} | L55: =SUM(H55,K55) -> 442843.51
A56: 4840500 | B56: 2015 | C56: Public Education | D56: 1792 | E56: 001909 | G56: SLOCUM ISD | H56: 55674.2 | I56: =IFERROR(VLOOKUP(G56,'NCES Match'!$A$2:$B$1307,2,FALSE),"") -> 4840500 | J56: {=IFERROR(_xlfn.IFS(B56=2015,H56/$O$13,B56=2016,H56/$O$14,B56=2017,H56/$O$15,B56=2018,H56/$O$16,B56=2019,H56/$O$17,B56=2020,H56/$O$18,B56=2021,H56/$O$19,B56=2022,H56/$O$20),"")} -> 4.3615377e-05 | K56: {=IFERROR(_xlfn.IFS(B56=2015,J56*$P$4,B56=2016,J56*$P$5,B56=2017,J56*$P$6,B56=2018,J56*$P$7,B56=2019,J56*$P$8,B56=2020,J56*$P$9,B56=2021,J56*$P$10,B56=2022,J56*$P$11),"")} -> 69413.131 | L56: =SUM(H56,K56) -> 125087.33
A57: 4840500 | B57: 2016 | C57: Public Education | D57: 1792 | E57: 001909 | G57: SLOCUM ISD | H57: 52329 | I57: =IFERROR(VLOOKUP(G57,'NCES Match'!$A$2:$B$1307,2,FALSE),"") -> 4840500 | J57: {=IFERROR(_xlfn.IFS(B57=2015,H57/$O$13,B57=2016,H57/$O$14,B57=2017,H57/$O$15,B57=2018,H57/$O$16,B57=2019,H57/$O$17,B57=2020,H57/$O$18,B57=2021,H57/$O$19,B57=2022,H57/$O$20),"")} -> 3.7460599e-05 | K57: {=IFERROR(_xlfn.IFS(B57=2015,J57*$P$4,B57=2016,J57*$P$5,B57=2017,J57*$P$6,B57=2018,J57*$P$7,B57=2019,J57*$P$8,B57=2020,J57*$P$9,B57=2021,J57*$P$10,B57=2022,J57*$P$11),"")} -> 62770.151 | L57: =SUM(H57,K57) -> 115099.15
A58: 4840500 | B58: 2017 | D58: 1792 | E58: 001909 | G58: SLOCUM ISD | H58: 59887 | I58: =IFERROR(VLOOKUP(G58,'NCES Match'!$A$2:$B$1307,2,FALSE),"") -> 4840500 | J58: {=IFERROR(_xlfn.IFS(B58=2015,H58/$O$13,B58=2016,H58/$O$14,B58=2017,H58/$O$15,B58=2018,H58/$O$16,B58=2019,H58/$O$17,B58=2020,H58/$O$18,B58=2021,H58/$O$19,B58=2022,H58/$O$20),"")} -> 4.1288419e-05 | K58: {=IFERROR(_xlfn.IFS(B58=2015,J58*$P$4,B58=2016,J58*$P$5,B58=2017,J58*$P$6,B58=2018,J58*$P$7,B58=2019,J58*$P$8,B58=2020,J58*$P$9,B58=2021,J58*$P$10,B58=2022,J58*$P$11),"")} -> 70117.968 | L58: =SUM(H58,K58) -> 130004.97
A59: 4840500 | B59: 2018 | D59: 1792 | E59: 001909 | G59: SLOCUM ISD | H59: 62134 | I59: =IFERROR(VLOOKUP(G59,'NCES Match'!$A$2:$B$1307,2,FALSE),"") -> 4840500 | J59: {=IFERROR(_xlfn.IFS(B59=2015,H59/$O$13,B59=2016,H59/$O$14,B59=2017,H59/$O$15,B59=2018,H59/$O$16,B59=2019,H59/$O$17,B59=2020,H59/$O$18,B59=2021,H59/$O$19,B59=2022,H59/$O$20),"")} -> 4.0546091e-05 | K59: {=IFERROR(_xlfn.IFS(B59=2015,J59*$P$4,B59=2016,J59*$P$5,B59=2017,J59*$P$6,B59=2018,J59*$P$7,B59=2019,J59*$P$8,B59=2020,J59*$P$9,B59=2021,J59*$P$10,B59=2022,J59*$P$11),"")} -> 69611.689 | L59: =SUM(H59,K59) -> 131745.69
A60: 4840500 | B60: 2019 | D60: 1792 | E60: 001909 | G60: SLOCUM ISD | H60: 65293 | I60: =IFERROR(VLOOKUP(G60,'NCES Match'!$A$2:$B$1307,2,FALSE),"") -> 4840500 | J60: {=IFERROR(_xlfn.IFS(B60=2015,H60/$O$13,B60=2016,H60/$O$14,B60=2017,H60/$O$15,B60=2018,H60/$O$16,B60=2019,H60/$O$17,B60=2020,H60/$O$18,B60=2021,H60/$O$19,B60=2022,H60/$O$20),"")} -> 4.1342223e-05 | K60: {=IFERROR(_xlfn.IFS(B60=2015,J60*$P$4,B60=2016,J60*$P$5,B60=2017,J60*$P$6,B60=2018,J60*$P$7,B60=2019,J60*$P$8,B60=2020,J60*$P$9,B60=2021,J60*$P$10,B60=2022,J60*$P$11),"")} -> 71849.724 | L60: =SUM(H60,K60) -> 137142.72
A61: 4840500 | B61: 2020 | D61: 1792 | E61: 001909 | G61: SLOCUM ISD | H61: 76046 | I61: =IFERROR(VLOOKUP(G61,'NCES Match'!$A$2:$B$1307,2,FALSE),"") -> 4840500 | J61: {=IFERROR(_xlfn.IFS(B61=2015,H61/$O$13,B61=2016,H61/$O$14,B61=2017,H61/$O$15,B61=2018,H61/$O$16,B61=2019,H61/$O$17,B61=2020,H61/$O$18,B61=2021,H61/$O$19,B61=2022,H61/$O$20),"")} -> 4.1209903e-05 | K61: {=IFERROR(_xlfn.IFS(B61=2015,J61*$P$4,B61=2016,J61*$P$5,B61=2017,J61*$P$6,B61=2018,J61*$P$7,B61=2019,J61*$P$8,B61=2020,J61*$P$9,B61=2021,J61*$P$10,B61=2022,J61*$P$11),"")} -> 86870.591 | L61: =SUM(H61,K61) -> 162916.59
A62: 4840500 | B62: 2021 | D62: 1792 | E62: 001909 | G62: SLOCUM ISD | H62: 99327.39 | I62: =IFERROR(VLOOKUP(G62,'NCES Match'!$A$2:$B$1307,2,FALSE),"") -> 4840500 | J62: {=IFERROR(_xlfn.IFS(B62=2015,H62/$O$13,B62=2016,H62/$O$14,B62=2017,H62/$O$15,B62=2018,H62/$O$16,B62=2019,H62/$O$17,B62=2020,H62/$O$18,B62=2021,H62/$O$19,B62=2022,H62/$O$20),"")} -> 5.0820165e-05 | K62: {=IFERROR(_xlfn.IFS(B62=2015,J62*$P$4,B62=2016,J62*$P$5,B62=2017,J62*$P$6,B62=2018,J62*$P$7,B62=2019,J62*$P$8,B62=2020,J62*$P$9,B62=2021,J62*$P$10,B62=2022,J62*$P$11),"")} -> 108783.27 | L62: =SUM(H62,K62) -> 208110.66
A63: 4840500 | B63: 2022 | D63: 1792 | E63: 001909 | G63: SLOCUM ISD | H63: 138868.74 | I63: =IFERROR(VLOOKUP(G63,'NCES Match'!$A$2:$B$1307,2,FALSE),"") -> 4840500 | J63: {=IFERROR(_xlfn.IFS(B63=2015,H63/$O$13,B63=2016,H63/$O$14,B63=2017,H63/$O$15,B63=2018,H63/$O$16,B63=2019,H63/$O$17,B63=2020,H63/$O$18,B63=2021,H63/$O$19,B63=2022,H63/$O$20),"")} -> 6.0995406e-05 | K63: {=IFERROR(_xlfn.IFS(B63=2015,J63*$P$4,B63=2016,J63*$P$5,B63=2017,J63*$P$6,B63=2018,J63*$P$7,B63=2019,J63*$P$8,B63=2020,J63*$P$9,B63=2021,J63*$P$10,B63=2022,J63*$P$11),"")} -> 131352.57 | L63: =SUM(H63,K63) -> 270221.31
A64: 4840500 | B64: 2023 | D64: 1792 | E64: 001909 | G64: SLOCUM ISD | H64: 123466.91 | I64: =IFERROR(VLOOKUP(G64,'NCES Match'!$A$2:$B$1307,2,FALSE),"") -> 4840500 | J64: {=IFERROR(_xlfn.IFS(B64=2015,H64/$O$13,B64=2016,H64/$O$14,B64=2017,H64/$O$15,B64=2018,H64/$O$16,B64=2019,H64/$O$17,B64=2020,H64/$O$18,B64=2021,H64/$O$19,B64=2022,H64/$O$20),"")} | K64: {=IFERROR(_xlfn.IFS(B64=2015,J64*$P$4,B64=2016,J64*$P$5,B64=2017,J64*$P$6,B64=2018,J64*$P$7,B64=2019,J64*$P$8,B64=2020,J64*$P$9,B64=2021,J64*$P$10,B64=2022,J64*$P$11),"")} | L64: =SUM(H64,K64) -> 123466.91
B65: 2015 | C65: Public Education | D65: 2020 | E65: 001910 | G65: ANDERSON CTY SPC ED CO OP | H65: 71187.11 | I65: =IFERROR(VLOOKUP(G65,'NCES Match'!$A$2:$B$1307,2,FALSE),"") | J65: {=IFERROR(_xlfn.IFS(B65=2015,H65/$O$13,B65=2016,H65/$O$14,B65=2017,H65/$O$15,B65=2018,H65/$O$16,B65=2019,H65/$O$17,B65=2020,H65/$O$18,B65=2021,H65/$O$19,B65=2022,H65/$O$20),"")} -> 5.5768249e-05 | K65: {=IFERROR(_xlfn.IFS(B65=2015,J65*$P$4,B65=2016,J65*$P$5,B65=2017,J65*$P$6,B65=2018,J65*$P$7,B65=2019,J65*$P$8,B65=2020,J65*$P$9,B65=2021,J65*$P$10,B65=2022,J65*$P$11),"")} -> 88754.22 | L65: =SUM(H65,K65) -> 159941.33
B66: 2016 | C66: Public Education | D66: 2020 | E66: 001910 | G66: ANDERSON CTY SPC ED CO OP | H66: 41118 | I66: =IFERROR(VLOOKUP(G66,'NCES Match'!$A$2:$B$1307,2,FALSE),"") | J66: {=IFERROR(_xlfn.IFS(B66=2015,H66/$O$13,B66=2016,H66/$O$14,B66=2017,H66/$O$15,B66=2018,H66/$O$16,B66=2019,H66/$O$17,B66=2020,H66/$O$18,B66=2021,H66/$O$19,B66=2022,H66/$O$20),"")} -> 2.9435016e-05 | K66: {=IFERROR(_xlfn.IFS(B66=2015,J66*$P$4,B66=2016,J66*$P$5,B66=2017,J66*$P$6,B66=2018,J66*$P$7,B66=2019,J66*$P$8,B66=2020,J66*$P$9,B66=2021,J66*$P$10,B66=2022,J66*$P$11),"")} -> 49322.232 | L66: =SUM(H66,K66) -> 90440.232
B67: 2017 | D67: 2020 | E67: 001910 | G67: ANDERSON CTY SPC ED CO OP | H67: 42142 | I67: =IFERROR(VLOOKUP(G67,'NCES Match'!$A$2:$B$1307,2,FALSE),"") | J67: {=IFERROR(_xlfn.IFS(B67=2015,H67/$O$13,B67=2016,H67/$O$14,B67=2017,H67/$O$15,B67=2018,H67/$O$16,B67=2019,H67/$O$17,B67=2020,H67/$O$18,B67=2021,H67/$O$19,B67=2022,H67/$O$20),"")} -> 2.9054329e-05 | K67: {=IFERROR(_xlfn.IFS(B67=2015,J67*$P$4,B67=2016,J67*$P$5,B67=2017,J67*$P$6,B67=2018,J67*$P$7,B67=2019,J67*$P$8,B67=2020,J67*$P$9,B67=2021,J67*$P$10,B67=2022,J67*$P$11),"")} -> 49341.45 | L67: =SUM(H67,K67) -> 91483.45
B68: 2018 | D68: 2020 | E68: 001910 | G68: ANDERSON CTY SPC ED CO OP | H68: 43497 | I68: =IFERROR(VLOOKUP(G68,'NCES Match'!$A$2:$B$1307,2,FALSE),"") | J68: {=IFERROR(_xlfn.IFS(B68=2015,H68/$O$13,B68=2016,H68/$O$14,B68=2017,H68/$O$15,B68=2018,H68/$O$16,B68=2019,H68/$O$17,B68=2020,H68/$O$18,B68=2021,H68/$O$19,B68=2022,H68/$O$20),"")} -> 2.8384352e-05 | K68: {=IFERROR(_xlfn.IFS(B68=2015,J68*$P$4,B68=2016,J68*$P$5,B68=2017,J68*$P$6,B68=2018,J68*$P$7,B68=2019,J68*$P$8,B68=2020,J68*$P$9,B68=2021,J68*$P$10,B68=2022,J68*$P$11),"")} -> 48731.768 | L68: =SUM(H68,K68) -> 92228.768
B69: 2019 | D69: 2020 | E69: 001910 | G69: ANDERSON CTY SPC ED CO OP | H69: 44526 | I69: =IFERROR(VLOOKUP(G69,'NCES Match'!$A$2:$B$1307,2,FALSE),"") | J69: {=IFERROR(_xlfn.IFS(B69=2015,H69/$O$13,B69=2016,H69/$O$14,B69=2017,H69/$O$15,B69=2018,H69/$O$16,B69=2019,H69/$O$17,B69=2020,H69/$O$18,B69=2021,H69/$O$19,B69=2022,H69/$O$20),"")} -> 2.8192974e-05 | K69: {=IFERROR(_xlfn.IFS(B69=2015,J69*$P$4,B69=2016,J69*$P$5,B69=2017,J69*$P$6,B69=2018,J69*$P$7,B69=2019,J69*$P$8,B69=2020,J69*$P$9,B69=2021,J69*$P$10,B69=2022,J69*$P$11),"")} -> 48997.301 | L69: =SUM(H69,K69) -> 93523.301
B70: 2020 | D70: 2020 | E70: 001910 | G70: ANDERSON CTY SPC ED CO OP | H70: 49551 | I70: =IFERROR(VLOOKUP(G70,'NCES Match'!$A$2:$B$1307,2,FALSE),"") | J70: {=IFERROR(_xlfn.IFS(B70=2015,H70/$O$13,B70=2016,H70/$O$14,B70=2017,H70/$O$15,B70=2018,H70/$O$16,B70=2019,H70/$O$17,B70=2020,H70/$O$18,B70=2021,H70/$O$19,B70=2022,H70/$O$20),"")} -> 2.6852062e-05 | K70: {=IFERROR(_xlfn.IFS(B70=2015,J70*$P$4,B70=2016,J70*$P$5,B70=2017,J70*$P$6,B70=2018,J70*$P$7,B70=2019,J70*$P$8,B70=2020,J70*$P$9,B70=2021,J70*$P$10,B70=2022,J70*$P$11),"")} -> 56604.222 | L70: =SUM(H70,K70) -> 106155.22
B71: 2021 | D71: 2020 | E71: 001910 | G71: ANDERSON CTY SPC ED CO OP | H71: 49398.4 | I71: =IFERROR(VLOOKUP(G71,'NCES Match'!$A$2:$B$1307,2,FALSE),"") | J71: {=IFERROR(_xlfn.IFS(B71=2015,H71/$O$13,B71=2016,H71/$O$14,B71=2017,H71/$O$15,B71=2018,H71/$O$16,B71=2019,H71/$O$17,B71=2020,H71/$O$18,B71=2021,H71/$O$19,B71=2022,H71/$O$20),"")} -> 2.5274346e-05 | K71: {=IFERROR(_xlfn.IFS(B71=2015,J71*$P$4,B71=2016,J71*$P$5,B71=2017,J71*$P$6,B71=2018,J71*$P$7,B71=2019,J71*$P$8,B71=2020,J71*$P$9,B71=2021,J71*$P$10,B71=2022,J71*$P$11),"")} -> 54101.085 | L71: =SUM(H71,K71) -> 103499.49
A72: 4808280 | B72: 2015 | C72: Public Education | D72: 0330 | E72: 002901 | G72: ANDREWS ISD | H72: 702085.99 | I72: =IFERROR(VLOOKUP(G72,'NCES Match'!$A$2:$B$1307,2,FALSE),"") -> 4808280 | J72: {=IFERROR(_xlfn.IFS(B72=2015,H72/$O$13,B72=2016,H72/$O$14,B72=2017,H72/$O$15,B72=2018,H72/$O$16,B72=2019,H72/$O$17,B72=2020,H72/$O$18,B72=2021,H72/$O$19,B72=2022,H72/$O$20),"")} -> 0.0005500168 | K72: {=IFERROR(_xlfn.IFS(B72=2015,J72*$P$4,B72=2016,J72*$P$5,B72=2017,J72*$P$6,B72=2018,J72*$P$7,B72=2019,J72*$P$8,B72=2020,J72*$P$9,B72=2021,J72*$P$10,B72=2022,J72*$P$11),"")} -> 875342.38 | L72: =SUM(H72,K72) -> 1577428.4
A73: 4808280 | B73: 2016 | C73: Public Education | D73: 0330 | E73: 002901 | G73: ANDREWS ISD | H73: 685324 | I73: =IFERROR(VLOOKUP(G73,'NCES Match'!$A$2:$B$1307,2,FALSE),"") -> 4808280 | J73: {=IFERROR(_xlfn.IFS(B73=2015,H73/$O$13,B73=2016,H73/$O$14,B73=2017,H73/$O$15,B73=2018,H73/$O$16,B73=2019,H73/$O$17,B73=2020,H73/$O$18,B73=2021,H73/$O$19,B73=2022,H73/$O$20),"")} -> 0.00049060077 | K73: {=IFERROR(_xlfn.IFS(B73=2015,J73*$P$4,B73=2016,J73*$P$5,B73=2017,J73*$P$6,B73=2018,J73*$P$7,B73=2019,J73*$P$8,B73=2020,J73*$P$9,B73=2021,J73*$P$10,B73=2022,J73*$P$11),"")} -> 822065.99 | L73: =SUM(H73,K73) -> 1507390
A74: 4808280 | B74: 2017 | D74: 0330 | E74: 002901 | G74: ANDREWS ISD | H74: 715810 | I74: =IFERROR(VLOOKUP(G74,'NCES Match'!$A$2:$B$1307,2,FALSE),"") -> 4808280 | J74: {=IFERROR(_xlfn.IFS(B74=2015,H74/$O$13,B74=2016,H74/$O$14,B74=2017,H74/$O$15,B74=2018,H74/$O$16,B74=2019,H74/$O$17,B74=2020,H74/$O$18,B74=2021,H74/$O$19,B74=2022,H74/$O$20),"")} -> 0.00049350716 | K74: {=IFERROR(_xlfn.IFS(B74=2015,J74*$P$4,B74=2016,J74*$P$5,B74=2017,J74*$P$6,B74=2018,J74*$P$7,B74=2019,J74*$P$8,B74=2020,J74*$P$9,B74=2021,J74*$P$10,B74=2022,J74*$P$11),"")} -> 838097.47 | L74: =SUM(H74,K74) -> 1553907.5
A75: 4808280 | B75: 2018 | D75: 0330 | E75: 002901 | G75: ANDREWS ISD | H75: 730691 | I75: =IFERROR(VLOOKUP(G75,'NCES Match'!$A$2:$B$1307,2,FALSE),"") -> 4808280 | J75: {=IFERROR(_xlfn.IFS(B75=2015,H75/$O$13,B75=2016,H75/$O$14,B75=2017,H75/$O$15,B75=2018,H75/$O$16,B75=2019,H75/$O$17,B75=2020,H75/$O$18,B75=2021,H75/$O$19,B75=2022,H75/$O$20),"")} -> 0.00047681887 | K75: {=IFERROR(_xlfn.IFS(B75=2015,J75*$P$4,B75=2016,J75*$P$5,B75=2017,J75*$P$6,B75=2018,J75*$P$7,B75=2019,J75*$P$8,B75=2020,J75*$P$9,B75=2021,J75*$P$10,B75=2022,J75*$P$11),"")} -> 818628.05 | L75: =SUM(H75,K75) -> 1549319
A76: 4808280 | B76: 2019 | D76: 0330 | E76: 002901 | G76: ANDREWS ISD | H76: 767993 | I76: =IFERROR(VLOOKUP(G76,'NCES Match'!$A$2:$B$1307,2,FALSE),"") -> 4808280 | J76: {=IFERROR(_xlfn.IFS(B76=2015,H76/$O$13,B76=2016,H76/$O$14,B76=2017,H76/$O$15,B76=2018,H76/$O$16,B76=2019,H76/$O$17,B76=2020,H76/$O$18,B76=2021,H76/$O$19,B76=2022,H76/$O$20),"")} -> 0.00048627783 | K76: {=IFERROR(_xlfn.IFS(B76=2015,J76*$P$4,B76=2016,J76*$P$5,B76=2017,J76*$P$6,B76=2018,J76*$P$7,B76=2019,J76*$P$8,B76=2020,J76*$P$9,B76=2021,J76*$P$10,B76=2022,J76*$P$11),"")} -> 845114.87 | L76: =SUM(H76,K76) -> 1613107.9
A77: 4808280 | B77: 2020 | D77: 0330 | E77: 002901 | G77: ANDREWS ISD | H77: 935482 | I77: =IFERROR(VLOOKUP(G77,'NCES Match'!$A$2:$B$1307,2,FALSE),"") -> 4808280 | J77: {=IFERROR(_xlfn.IFS(B77=2015,H77/$O$13,B77=2016,H77/$O$14,B77=2017,H77/$O$15,B77=2018,H77/$O$16,B77=2019,H77/$O$17,B77=2020,H77/$O$18,B77=2021,H77/$O$19,B77=2022,H77/$O$20),"")} -> 0.00050694477 | K77: {=IFERROR(_xlfn.IFS(B77=2015,J77*$P$4,B77=2016,J77*$P$5,B77=2017,J77*$P$6,B77=2018,J77*$P$7,B77=2019,J77*$P$8,B77=2020,J77*$P$9,B77=2021,J77*$P$10,B77=2022,J77*$P$11),"")} -> 1068641 | L77: =SUM(H77,K77) -> 2004123
A78: 4808280 | B78: 2021 | D78: 0330 | E78: 002901 | G78: ANDREWS ISD | H78: 992241.99 | I78: =IFERROR(VLOOKUP(G78,'NCES Match'!$A$2:$B$1307,2,FALSE),"") -> 4808280 | J78: {=IFERROR(_xlfn.IFS(B78=2015,H78/$O$13,B78=2016,H78/$O$14,B78=2017,H78/$O$15,B78=2018,H78/$O$16,B78=2019,H78/$O$17,B78=2020,H78/$O$18,B78=2021,H78/$O$19,B78=2022,H78/$O$20),"")} -> 0.00050767368 | K78: {=IFERROR(_xlfn.IFS(B78=2015,J78*$P$4,B78=2016,J78*$P$5,B78=2017,J78*$P$6,B78=2018,J78*$P$7,B78=2019,J78*$P$8,B78=2020,J78*$P$9,B78=2021,J78*$P$10,B78=2022,J78*$P$11),"")} -> 1086702.6 | L78: =SUM(H78,K78) -> 2078944.6
A79: 4808280 | B79: 2022 | D79: 0330 | E79: 002901 | G79: ANDREWS ISD | H79: 1118877.8 | I79: =IFERROR(VLOOKUP(G79,'NCES Match'!$A$2:$B$1307,2,FALSE),"") -> 4808280 | J79: {=IFERROR(_xlfn.IFS(B79=2015,H79/$O$13,B79=2016,H79/$O$14,B79=2017,H79/$O$15,B79=2018,H79/$O$16,B79=2019,H79/$O$17,B79=2020,H79/$O$18,B79=2021,H79/$O$19,B79=2022,H79/$O$20),"")} -> 0.00049144543 | K79: {=IFERROR(_xlfn.IFS(B79=2015,J79*$P$4,B79=2016,J79*$P$5,B79=2017,J79*$P$6,B79=2018,J79*$P$7,B79=2019,J79*$P$8,B79=2020,J79*$P$9,B79=2021,J79*$P$10,B79=2022,J79*$P$11),"")} -> 1058319.4 | L79: =SUM(H79,K79) -> 2177197.2
A80: 4808280 | B80: 2023 | D80: 0330 | E80: 002901 | G80: ANDREWS ISD | H80: 1162140.3 | I80: =IFERROR(VLOOKUP(G80,'NCES Match'!$A$2:$B$1307,2,FALSE),"") -> 4808280 | J80: {=IFERROR(_xlfn.IFS(B80=2015,H80/$O$13,B80=2016,H80/$O$14,B80=2017,H80/$O$15,B80=2018,H80/$O$16,B80=2019,H80/$O$17,B80=2020,H80/$O$18,B80=2021,H80/$O$19,B80=2022,H80/$O$20),"")} | K80: {=IFERROR(_xlfn.IFS(B80=2015,J80*$P$4,B80=2016,J80*$P$5,B80=2017,J80*$P$6,B80=2018,J80*$P$7,B80=2019,J80*$P$8,B80=2020,J80*$P$9,B80=2021,J80*$P$10,B80=2022,J80*$P$11),"")} | L80: =SUM(H80,K80) -> 1162140.3
A81: 4800074 | B81: 2015 | C81: Charter School | D81: 2133 | E81: 003801 | G81: PINEYWOODS ACADEMY | H81: 80748.31 | I81: =IFERROR(VLOOKUP(G81,'NCES Match'!$A$2:$B$1307,2,FALSE),"") -> 4800074 | J81: {=IFERROR(_xlfn.IFS(B81=2015,H81/$O$13,B81=2016,H81/$O$14,B81=2017,H81/$O$15,B81=2018,H81/$O$16,B81=2019,H81/$O$17,B81=2020,H81/$O$18,B81=2021,H81/$O$19,B81=2022,H81/$O$20),"")} -> 6.3258529e-05 | K81: {=IFERROR(_xlfn.IFS(B81=2015,J81*$P$4,B81=2016,J81*$P$5,B81=2017,J81*$P$6,B81=2018,J81*$P$7,B81=2019,J81*$P$8,B81=2020,J81*$P$9,B81=2021,J81*$P$10,B81=2022,J81*$P$11),"")} -> 100674.87 | L81: =SUM(H81,K81) -> 181423.18
A82: 4800074 | B82: 2016 | C82: Charter School | D82: 2133 | E82: 003801 | G82: PINEYWOODS ACADEMY | H82: 103473 | I82: =IFERROR(VLOOKUP(G82,'NCES Match'!$A$2:$B$1307,2,FALSE),"") -> 4800074 | J82: {=IFERROR(_xlfn.IFS(B82=2015,H82/$O$13,B82=2016,H82/$O$14,B82=2017,H82/$O$15,B82=2018,H82/$O$16,B82=2019,H82/$O$17,B82=2020,H82/$O$18,B82=2021,H82/$O$19,B82=2022,H82/$O$20),"")} -> 7.4072897e-05 | K82: {=IFERROR(_xlfn.IFS(B82=2015,J82*$P$4,B82=2016,J82*$P$5,B82=2017,J82*$P$6,B82=2018,J82*$P$7,B82=2019,J82*$P$8,B82=2020,J82*$P$9,B82=2021,J82*$P$10,B82=2022,J82*$P$11),"")} -> 124118.86 | L82: =SUM(H82,K82) -> 227591.86
A83: 4800074 | B83: 2017 | D83: 2133 | E83: 003801 | G83: PINEYWOODS ACADEMY | H83: 104962 | I83: =IFERROR(VLOOKUP(G83,'NCES Match'!$A$2:$B$1307,2,FALSE),"") -> 4800074 | J83: {=IFERROR(_xlfn.IFS(B83=2015,H83/$O$13,B83=2016,H83/$O$14,B83=2017,H83/$O$15,B83=2018,H83/$O$16,B83=2019,H83/$O$17,B83=2020,H83/$O$18,B83=2021,H83/$O$19,B83=2022,H83/$O$20),"")} -> 7.2364872e-05 | K83: {=IFERROR(_xlfn.IFS(B83=2015,J83*$P$4,B83=2016,J83*$P$5,B83=2017,J83*$P$6,B83=2018,J83*$P$7,B83=2019,J83*$P$8,B83=2020,J83*$P$9,B83=2021,J83*$P$10,B83=2022,J83*$P$11),"")} -> 122893.49 | L83: =SUM(H83,K83) -> 227855.49
A84: 4800074 | B84: 2018 | D84: 2133 | E84: 003801 | G84: PINEYWOODS ACADEMY | H84: 105612 | I84: =IFERROR(VLOOKUP(G84,'NCES Match'!$A$2:$B$1307,2,FALSE),"") -> 4800074 | J84: {=IFERROR(_xlfn.IFS(B84=2015,H84/$O$13,B84=2016,H84/$O$14,B84=2017,H84/$O$15,B84=2018,H84/$O$16,B84=2019,H84/$O$17,B84=2020,H84/$O$18,B84=2021,H84/$O$19,B84=2022,H84/$O$20),"")} -> 6.8918044e-05 | K84: {=IFERROR(_xlfn.IFS(B84=2015,J84*$P$4,B84=2016,J84*$P$5,B84=2017,J84*$P$6,B84=2018,J84*$P$7,B84=2019,J84*$P$8,B84=2020,J84*$P$9,B84=2021,J84*$P$10,B84=2022,J84*$P$11),"")} -> 118322.17 | L84: =SUM(H84,K84) -> 223934.17
A85: 4800074 | B85: 2019 | D85: 2133 | E85: 003801 | G85: PINEYWOODS ACADEMY | H85: 113836 | I85: =IFERROR(VLOOKUP(G85,'NCES Match'!$A$2:$B$1307,2,FALSE),"") -> 4800074 | J85: {=IFERROR(_xlfn.IFS(B85=2015,H85/$O$13,B85=2016,H85/$O$14,B85=2017,H85/$O$15,B85=2018,H85/$O$16,B85=2019,H85/$O$17,B85=2020,H85/$O$18,B85=2021,H85/$O$19,B85=2022,H85/$O$20),"")} -> 7.2078682e-05 | K85: {=IFERROR(_xlfn.IFS(B85=2015,J85*$P$4,B85=2016,J85*$P$5,B85=2017,J85*$P$6,B85=2018,J85*$P$7,B85=2019,J85*$P$8,B85=2020,J85*$P$9,B85=2021,J85*$P$10,B85=2022,J85*$P$11),"")} -> 125267.41 | L85: =SUM(H85,K85) -> 239103.41
A86: 4800074 | B86: 2020 | D86: 2133 | E86: 003801 | G86: PINEYWOODS ACADEMY | H86: 195415 | I86: =IFERROR(VLOOKUP(G86,'NCES Match'!$A$2:$B$1307,2,FALSE),"") -> 4800074 | J86: {=IFERROR(_xlfn.IFS(B86=2015,H86/$O$13,B86=2016,H86/$O$14,B86=2017,H86/$O$15,B86=2018,H86/$O$16,B86=2019,H86/$O$17,B86=2020,H86/$O$18,B86=2021,H86/$O$19,B86=2022,H86/$O$20),"")} -> 0.00010589687 | K86: {=IFERROR(_xlfn.IFS(B86=2015,J86*$P$4,B86=2016,J86*$P$5,B86=2017,J86*$P$6,B86=2018,J86*$P$7,B86=2019,J86*$P$8,B86=2020,J86*$P$9,B86=2021,J86*$P$10,B86=2022,J86*$P$11),"")} -> 223230.89 | L86: =SUM(H86,K86) -> 418645.89
A87: 4800074 | B87: 2021 | D87: 2133 | E87: 003801 | G87: PINEYWOODS ACADEMY | H87: 218670.06 | I87: =IFERROR(VLOOKUP(G87,'NCES Match'!$A$2:$B$1307,2,FALSE),"") -> 4800074 | J87: {=IFERROR(_xlfn.IFS(B87=2015,H87/$O$13,B87=2016,H87/$O$14,B87=2017,H87/$O$15,B87=2018,H87/$O$16,B87=2019,H87/$O$17,B87=2020,H87/$O$18,B87=2021,H87/$O$19,B87=2022,H87/$O$20),"")} -> 0.00011188101 | K87: {=IFERROR(_xlfn.IFS(B87=2015,J87*$P$4,B87=2016,J87*$P$5,B87=2017,J87*$P$6,B87=2018,J87*$P$7,B87=2019,J87*$P$8,B87=2020,J87*$P$9,B87=2021,J87*$P$10,B87=2022,J87*$P$11),"")} -> 239487.26 | L87: =SUM(H87,K87) -> 458157.32
A88: 4800074 | B88: 2022 | D88: 2133 | E88: 003801 | G88: PINEYWOODS ACADEMY | H88: 260358.19 | I88: =IFERROR(VLOOKUP(G88,'NCES Match'!$A$2:$B$1307,2,FALSE),"") -> 4800074 | J88: {=IFERROR(_xlfn.IFS(B88=2015,H88/$O$13,B88=2016,H88/$O$14,B88=2017,H88/$O$15,B88=2018,H88/$O$16,B88=2019,H88/$O$17,B88=2020,H88/$O$18,B88=2021,H88/$O$19,B88=2022,H88/$O$20),"")} -> 0.0001143573 | K88: {=IFERROR(_xlfn.IFS(B88=2015,J88*$P$4,B88=2016,J88*$P$5,B88=2017,J88*$P$6,B88=2018,J88*$P$7,B88=2019,J88*$P$8,B88=2020,J88*$P$9,B88=2021,J88*$P$10,B88=2022,J88*$P$11),"")} -> 246266.49 | L88: =SUM(H88,K88) -> 506624.68
A89: 4800074 | B89: 2023 | D89: 2133 | E89: 003801 | G89: PINEYWOODS ACADEMY | H89: 295717.1 | I89: =IFERROR(VLOOKUP(G89,'NCES Match'!$A$2:$B$1307,2,FALSE),"") -> 4800074 | J89: {=IFERROR(_xlfn.IFS(B89=2015,H89/$O$13,B89=2016,H89/$O$14,B89=2017,H89/$O$15,B89=2018,H89/$O$16,B89=2019,H89/$O$17,B89=2020,H89/$O$18,B89=2021,H89/$O$19,B89=2022,H89/$O$20),"")} | K89: {=IFERROR(_xlfn.IFS(B89=2015,J89*$P$4,B89=2016,J89*$P$5,B89=2017,J89*$P$6,B89=2018,J89*$P$7,B89=2019,J89*$P$8,B89=2020,J89*$P$9,B89=2021,J89*$P$10,B89=2022,J89*$P$11),"")} | L89: =SUM(H89,K89) -> 295717.1
A90: 4823790 | B90: 2015 | C90: Public Education | D90: 1376 | E90: 003902 | G90: HUDSON ISD | H90: 383212.42 | I90: =IFERROR(VLOOKUP(G90,'NCES Match'!$A$2:$B$1307,2,FALSE),"") -> 4823790 | J90: {=IFERROR(_xlfn.IFS(B90=2015,H90/$O$13,B90=2016,H90/$O$14,B90=2017,H90/$O$15,B90=2018,H90/$O$16,B90=2019,H90/$O$17,B90=2020,H90/$O$18,B90=2021,H90/$O$19,B90=2022,H90/$O$20),"")} -> 0.00030021005 | K90: {=IFERROR(_xlfn.IFS(B90=2015,J90*$P$4,B90=2016,J90*$P$5,B90=2017,J90*$P$6,B90=2018,J90*$P$7,B90=2019,J90*$P$8,B90=2020,J90*$P$9,B90=2021,J90*$P$10,B90=2022,J90*$P$11),"")} -> 477779.19 | L90: =SUM(H90,K90) -> 860991.61
A91: 4823790 | B91: 2016 | C91: Public Education | D91: 1376 | E91: 003902 | G91: HUDSON ISD | H91: 405751 | I91: =IFERROR(VLOOKUP(G91,'NCES Match'!$A$2:$B$1307,2,FALSE),"") -> 4823790 | J91: {=IFERROR(_xlfn.IFS(B91=2015,H91/$O$13,B91=2016,H91/$O$14,B91=2017,H91/$O$15,B91=2018,H91/$O$16,B91=2019,H91/$O$17,B91=2020,H91/$O$18,B91=2021,H91/$O$19,B91=2022,H91/$O$20),"")} -> 0.00029046371 | K91: {=IFERROR(_xlfn.IFS(B91=2015,J91*$P$4,B91=2016,J91*$P$5,B91=2017,J91*$P$6,B91=2018,J91*$P$7,B91=2019,J91*$P$8,B91=2020,J91*$P$9,B91=2021,J91*$P$10,B91=2022,J91*$P$11),"")} -> 486710.08 | L91: =SUM(H91,K91) -> 892461.08
A92: 4823790 | B92: 2017 | D92: 1376 | E92: 003902 | G92: HUDSON ISD | H92: 409382 | I92: =IFERROR(VLOOKUP(G92,'NCES Match'!$A$2:$B$1307,2,FALSE),"") -> 4823790 | J92: {=IFERROR(_xlfn.IFS(B92=2015,H92/$O$13,B92=2016,H92/$O$14,B92=2017,H92/$O$15,B92=2018,H92/$O$16,B92=2019,H92/$O$17,B92=2020,H92/$O$18,B92=2021,H92/$O$19,B92=2022,H92/$O$20),"")} -> 0.00028224382 | K92: {=IFERROR(_xlfn.IFS(B92=2015,J92*$P$4,B92=2016,J92*$P$5,B92=2017,J92*$P$6,B92=2018,J92*$P$7,B92=2019,J92*$P$8,B92=2020,J92*$P$9,B92=2021,J92*$P$10,B92=2022,J92*$P$11),"")} -> 479319.95 | L92: =SUM(H92,K92) -> 888701.95
A93: 4823790 | B93: 2018 | D93: 1376 | E93: 003902 | G93: HUDSON ISD | H93: 396103 | I93: =IFERROR(VLOOKUP(G93,'NCES Match'!$A$2:$B$1307,2,FALSE),"") -> 4823790 | J93: {=IFERROR(_xlfn.IFS(B93=2015,H93/$O$13,B93=2016,H93/$O$14,B93=2017,H93/$O$15,B93=2018,H93/$O$16,B93=2019,H93/$O$17,B93=2020,H93/$O$18,B93=2021,H93/$O$19,B93=2022,H93/$O$20),"")} -> 0.00025848051 | K93: {=IFERROR(_xlfn.IFS(B93=2015,J93*$P$4,B93=2016,J93*$P$5,B93=2017,J93*$P$6,B93=2018,J93*$P$7,B93=2019,J93*$P$8,B93=2020,J93*$P$9,B93=2021,J93*$P$10,B93=2022,J93*$P$11),"")} -> 443773.12 | L93: =SUM(H93,K93) -> 839876.12
A94: 4823790 | B94: 2019 | D94: 1376 | E94: 003902 | G94: HUDSON ISD | H94: 437187 | I94: =IFERROR(VLOOKUP(G94,'NCES Match'!$A$2:$B$1307,2,FALSE),"") -> 4823790 | J94: {=IFERROR(_xlfn.IFS(B94=2015,H94/$O$13,B94=2016,H94/$O$14,B94=2017,H94/$O$15,B94=2018,H94/$O$16,B94=2019,H94/$O$17,B94=2020,H94/$O$18,B94=2021,H94/$O$19,B94=2022,H94/$O$20),"")} -> 0.00027681808 | K94: {=IFERROR(_xlfn.IFS(B94=2015,J94*$P$4,B94=2016,J94*$P$5,B94=2017,J94*$P$6,B94=2018,J94*$P$7,B94=2019,J94*$P$8,B94=2020,J94*$P$9,B94=2021,J94*$P$10,B94=2022,J94*$P$11),"")} -> 481089.32 | L94: =SUM(H94,K94) -> 918276.32
A95: 4823790 | B95: 2020 | D95: 1376 | E95: 003902 | G95: HUDSON ISD | H95: 550524 | I95: =IFERROR(VLOOKUP(G95,'NCES Match'!$A$2:$B$1307,2,FALSE),"") -> 4823790 | J95: {=IFERROR(_xlfn.IFS(B95=2015,H95/$O$13,B95=2016,H95/$O$14,B95=2017,H95/$O$15,B95=2018,H95/$O$16,B95=2019,H95/$O$17,B95=2020,H95/$O$18,B95=2021,H95/$O$19,B95=2022,H95/$O$20),"")} -> 0.00029833312 | K95: {=IFERROR(_xlfn.IFS(B95=2015,J95*$P$4,B95=2016,J95*$P$5,B95=2017,J95*$P$6,B95=2018,J95*$P$7,B95=2019,J95*$P$8,B95=2020,J95*$P$9,B95=2021,J95*$P$10,B95=2022,J95*$P$11),"")} -> 628887.05 | L95: =SUM(H95,K95) -> 1179411.1
A96: 4823790 | B96: 2021 | D96: 1376 | E96: 003902 | G96: HUDSON ISD | H96: 568229.94 | I96: =IFERROR(VLOOKUP(G96,'NCES Match'!$A$2:$B$1307,2,FALSE),"") -> 4823790 | J96: {=IFERROR(_xlfn.IFS(B96=2015,H96/$O$13,B96=2016,H96/$O$14,B96=2017,H96/$O$15,B96=2018,H96/$O$16,B96=2019,H96/$O$17,B96=2020,H96/$O$18,B96=2021,H96/$O$19,B96=2022,H96/$O$20),"")} -> 0.00029073088 | K96: {=IFERROR(_xlfn.IFS(B96=2015,J96*$P$4,B96=2016,J96*$P$5,B96=2017,J96*$P$6,B96=2018,J96*$P$7,B96=2019,J96*$P$8,B96=2020,J96*$P$9,B96=2021,J96*$P$10,B96=2022,J96*$P$11),"")} -> 622324.94 | L96: =SUM(H96,K96) -> 1190554.9
A97: 4823790 | B97: 2022 | D97: 1376 | E97: 003902 | G97: HUDSON ISD | H97: 657209.21 | I97: =IFERROR(VLOOKUP(G97,'NCES Match'!$A$2:$B$1307,2,FALSE),"") -> 4823790 | J97: {=IFERROR(_xlfn.IFS(B97=2015,H97/$O$13,B97=2016,H97/$O$14,B97=2017,H97/$O$15,B97=2018,H97/$O$16,B97=2019,H97/$O$17,B97=2020,H97/$O$18,B97=2021,H97/$O$19,B97=2022,H97/$O$20),"")} -> 0.00028866642 | K97: {=IFERROR(_xlfn.IFS(B97=2015,J97*$P$4,B97=2016,J97*$P$5,B97=2017,J97*$P$6,B97=2018,J97*$P$7,B97=2019,J97*$P$8,B97=2020,J97*$P$9,B97=2021,J97*$P$10,B97=2022,J97*$P$11),"")} -> 621638.24 | L97: =SUM(H97,K97) -> 1278847.4
A98: 4823790 | B98: 2023 | D98: 1376 | E98: 003902 | G98: HUDSON ISD | H98: 776606.58 | I98: =IFERROR(VLOOKUP(G98,'NCES Match'!$A$2:$B$1307,2,FALSE),"") -> 4823790 | J98: {=IFERROR(_xlfn.IFS(B98=2015,H98/$O$13,B98=2016,H98/$O$14,B98=2017,H98/$O$15,B98=2018,H98/$O$16,B98=2019,H98/$O$17,B98=2020,H98/$O$18,B98=2021,H98/$O$19,B98=2022,H98/$O$20),"")} | K98: {=IFERROR(_xlfn.IFS(B98=2015,J98*$P$4,B98=2016,J98*$P$5,B98=2017,J98*$P$6,B98=2018,J98*$P$7,B98=2019,J98*$P$8,B98=2020,J98*$P$9,B98=2021,J98*$P$10,B98=2022,J98*$P$11),"")} | L98: =SUM(H98,K98) -> 776606.58
A99: 4828550 | B99: 2015 | C99: Public Education | D99: 0849 | E99: 003903 | G99: LUFKIN ISD | H99: 1213099.7 | I99: =IFERROR(VLOOKUP(G99,'NCES Match'!$A$2:$B$1307,2,FALSE),"") -> 4828550 | J99: {=IFERROR(_xlfn.IFS(B99=2015,H99/$O$13,B99=2016,H99/$O$14,B99=2017,H99/$O$15,B99=2018,H99/$O$16,B99=2019,H99/$O$17,B99=2020,H99/$O$18,B99=2021,H99/$O$19,B99=2022,H99/$O$20),"")} -> 0.00095034685 | K99: {=IFERROR(_xlfn.IFS(B99=2015,J99*$P$4,B99=2016,J99*$P$5,B99=2017,J99*$P$6,B99=2018,J99*$P$7,B99=2019,J99*$P$8,B99=2020,J99*$P$9,B99=2021,J99*$P$10,B99=2022,J99*$P$11),"")} -> 1512460.9 | L99: =SUM(H99,K99) -> 2725560.5
A100: 4828550 | B100: 2016 | C100: Public Education | D100: 0849 | E100: 003903 | G100: LUFKIN ISD | H100: 1263147 | I100: =IFERROR(VLOOKUP(G100,'NCES Match'!$A$2:$B$1307,2,FALSE),"") -> 4828550 | J100: {=IFERROR(_xlfn.IFS(B100=2015,H100/$O$13,B100=2016,H100/$O$14,B100=2017,H100/$O$15,B100=2018,H100/$O$16,B100=2019,H100/$O$17,B100=2020,H100/$O$18,B100=2021,H100/$O$19,B100=2022,H100/$O$20),"")} -> 0.00090424514 | K100: {=IFERROR(_xlfn.IFS(B100=2015,J100*$P$4,B100=2016,J100*$P$5,B100=2017,J100*$P$6,B100=2018,J100*$P$7,B100=2019,J100*$P$8,B100=2020,J100*$P$9,B100=2021,J100*$P$10,B100=2022,J100*$P$11),"")} -> 1515181.4 | L100: =SUM(H100,K100) -> 2778328.4
...

Sheet Data Checks -->

Sheet Check
A1: Year | B1: Total as Reported | C1: Total from Formula | D1: Difference
A2: 2015 | B2: 2.961043e+09 | C2: =SUMIF('Full Data'!B$2:B$12034,A2,'Full Data'!H$2:H$12034) -> 1.276481e+09 | D2: =B2-C2 -> 1.684562e+09
A3: 2016 | B3: 3177253173 | C3: =SUMIF('Full Data'!B$2:B$12034,A3,'Full Data'!H$2:H$12034) -> 1396907704 | D3: =B3-C3 -> 1780345469
A4: 2017 | B4: 3277416424 | C4: =SUMIF('Full Data'!B$2:B$12034,A4,'Full Data'!H$2:H$12034) -> 1450455136 | D4: =B4-C4 -> 1826961288
A5: 2018 | B5: 3368747009 | C5: =SUMIF('Full Data'!B$2:B$12034,A5,'Full Data'!H$2:H$12034) -> 1532428873 | D5: =B5-C5 -> 1836318136
A6: 2019 | B6: 3500120523 | C6: =SUMIF('Full Data'!B$2:B$12034,A6,'Full Data'!H$2:H$12034) -> 1579329666 | D6: =B6-C6 -> 1920790857
A7: 2020 | B7: 4126027317 | C7: =SUMIF('Full Data'!B$2:B$12034,A7,'Full Data'!H$2:H$12034) -> 1845333169 | D7: =B7-C7 -> 2280694148
A8: 2021 | B8: 4267475179 | C8: =SUMIF('Full Data'!B$2:B$12034,A8,'Full Data'!H$2:H$12034) -> 1.9544877e+09 | D8: =B8-C8 -> 2.3129874e+09
A9: 2022 | B9: 4666295602 | C9: =SUMIF('Full Data'!B$2:B$12034,A9,'Full Data'!H$2:H$12034) -> 2.2767082e+09 | D9: =B9-C9 -> 2.3895874e+09
A10: 2023 | B10: 5140238554 | C10: =SUMIF('Full Data'!B$2:B$12034,A10,'Full Data'!H$2:H$12034) -> 2.5911111e+09 | D10: =B10-C10 -> 2.5491274e+09

Sheet NCES Match
A1: district_name | B1: LEAID
A2: UPLIFT EDUCATION | B2: 4800030
A3: THE NORTH HILLS SCHOOL | B3: 4800030
A4: BURNHAM WOOD CHARTER SCHOOL | B4: 4800037
A5: BURNHAM WOOD CHARTER SCH. | B5: 4800037
A6: NEW FRONTIERS CHARTER SCHOOL | B6: 4800061
A7: NEW FRONTIERS PUBLIC SCHOOLS | B7: 4800061
A8: SCHOOL OF EXCELLENCE IN EDUCATION | B8: 4800062
A9: LEGACY TRADITIONAL SCHOOLS - TEXAS | B9: 4800062
A10: SOUTHWEST PREPARATORY SCHOOL | B10: 4800063
A11: SOUTHWEST PREPARATORY SCH | B11: 4800063
A12: SOUTH TEXAS EDUCATIONAL TECH | B12: 4800065
A13: SOUTH TEXAS EDUCATIONAL TECH INC | B13: 4800065
... A1307: STAFFORD MUNCPL SCH DIST | B1307: 4841350
