Workbook

Sheet Summary
A1: LEAID | B1: Year | C1: employer_code | D1: standardized_employer_name | E1: employer_name | F1: present_value_contribution_effort | G1: allocation_percentage | H1: district_contributions | I1: LEAID_match
A2: =I2 | B2: 2015 | C2: 1000 | D2: State Agencies | E2: State Agencies | F2: 3497778764 | G2: 0.25469773 | H2: 2.8610196e+08 | I2: =IFERROR(VLOOKUP(D2,'LEAID Match'!$A$2:$B$186,2,FALSE),"")
A3: =I3 | B3: 2016 | C3: 1000 | D3: State Agencies | E3: State Agencies | F3: 5172948025 | G3: 0.26819654 | H3: 2.6210847e+08 | I3: =IFERROR(VLOOKUP(D3,'LEAID Match'!$A$2:$B$186,2,FALSE),"")
A4: =I4 | B4: 2017 | C4: 1000 | D4: State Agencies | E4: State Agencies | F4: 6476229494 | G4: 0.27356708 | H4: 2.7964027e+08 | I4: =IFERROR(VLOOKUP(D4,'LEAID Match'!$A$2:$B$186,2,FALSE),"")
A5: =I5 | B5: 2018 | C5: 1000 | D5: State Agencies | E5: State Agencies | F5: 7579476074 | G5: 0.26998682 | H5: 3.7530868e+08 | I5: =IFERROR(VLOOKUP(D5,'LEAID Match'!$A$2:$B$186,2,FALSE),"")
A6: =I6 | B6: 2019 | C6: 1000 | D6: State Agencies | E6: State Agencies | F6: 7026314679 | G6: 0.28372325 | H6: 4.8806074e+08 | I6: =IFERROR(VLOOKUP(D6,'LEAID Match'!$A$2:$B$186,2,FALSE),"")
A7: =I7 | B7: 2020 | C7: 1000 | D7: State Agencies | E7: State Agencies | F7: 8674749125 | G7: 0.28358073 | H7: 6.519521e+08 | I7: =IFERROR(VLOOKUP(D7,'LEAID Match'!$A$2:$B$186,2,FALSE),"")
A8: =I8 | B8: 2021 | C8: 1000 | D8: State Agencies | E8: State Agencies | F8: 7830869115 | G8: 0.27242175 | H8: 5.8883962e+08 | I8: =IFERROR(VLOOKUP(D8,'LEAID Match'!$A$2:$B$186,2,FALSE),"")
A9: =I9 | B9: 2022 | C9: 1000 | D9: State Agencies | E9: State Agencies | F9: 9806668763 | G9: 0.2946182 | H9: 1.1873703e+09 | I9: =IFERROR(VLOOKUP(D9,'LEAID Match'!$A$2:$B$186,2,FALSE),"")
A10: =I10 | B10: 2023 | C10: 1000 | D10: State Agencies | E10: State Agencies | F10: 7585792772 | G10: 0.29838807 | H10: 7.1401282e+08 | I10: =IFERROR(VLOOKUP(D10,'LEAID Match'!$A$2:$B$186,2,FALSE),"")
A11: =I11 | B11: 2020 | C11: 1039 | D11: SAIF | E11: SAIF | F11: 116240899 | G11: 0.0037999577 | H11: 8736102.8 | I11: =IFERROR(VLOOKUP(D11,'LEAID Match'!$A$2:$B$186,2,FALSE),"")
A12: =I12 | B12: 2021 | C12: 1039 | D12: SAIF | E12: SAIF | F12: 106468385 | G12: 0.0037038423 | H12: 8005855.1 | I12: =IFERROR(VLOOKUP(D12,'LEAID Match'!$A$2:$B$186,2,FALSE),"")
A13: =I13 | B13: 2022 | C13: 1039 | D13: SAIF | E13: SAIF | F13: 157983551 | G13: 0.0047462427 | H13: 19128307 | I13: =IFERROR(VLOOKUP(D13,'LEAID Match'!$A$2:$B$186,2,FALSE),"")
... A209: =I209 -> 4108520 | B209: 2015 | C209: 2023 | D209: Morrow County Rural School District Board | E209: Morrow County Rural School District Board | F209: 1579 | G209: 1.15e-07 | H209: 129.1795 | I209: =IFERROR(VLOOKUP(D209,'LEAID Match'!$A$2:$B$186,2,FALSE),"") -> 4108520
A210: =I210 -> 4108520 | B210: 2016 | C210: 2023 | D210: Morrow County Rural School District Board | E210: Morrow County Rural School District Board | F210: - | G210: 0 | H210: 0 | I210: =IFERROR(VLOOKUP(D210,'LEAID Match'!$A$2:$B$186,2,FALSE),"") -> 4108520
A211: =I211 -> 4108520 | B211: 2017 | C211: 2023 | D211: Morrow County Rural School District Board | E211: Morrow County Rural School District Board | F211: - | G211: 0 | H211: 0 | I211: =IFERROR(VLOOKUP(D211,'LEAID Match'!$A$2:$B$186,2,FALSE),"") -> 4108520
A212: =I212 -> 4108520 | B212: 2018 | C212: 2023 | D212: Morrow County Rural School District Board | E212: Morrow County Rural School District Board | F212: - | G212: 0 | H212: 0 | I212: =IFERROR(VLOOKUP(D212,'LEAID Match'!$A$2:$B$186,2,FALSE),"") -> 4108520
A213: =I213 -> 4108520 | B213: 2019 | C213: 2023 | D213: Morrow County Rural School District Board | E213: Morrow County Rural School District Board | F213: - | G213: 0 | H213: 0 | I213: =IFERROR(VLOOKUP(D213,'LEAID Match'!$A$2:$B$186,2,FALSE),"") -> 4108520
A214: =I214 -> 4108520 | B214: 2020 | C214: 2023 | D214: Morrow County Rural School District Board | E214: Morrow County Rural School District Board | F214: - | G214: 0 | H214: 0 | I214: =IFERROR(VLOOKUP(D214,'LEAID Match'!$A$2:$B$186,2,FALSE),"") -> 4108520
A215: =I215 -> 4108520 | B215: 2021 | C215: 2023 | D215: Morrow County Rural School District Board | E215: Morrow County Rural School District Board | F215: - | G215: 0 | H215: 0 | I215: =IFERROR(VLOOKUP(D215,'LEAID Match'!$A$2:$B$186,2,FALSE),"") -> 4108520
A216: =I216 -> 4108520 | B216: 2022 | C216: 2023 | D216: Morrow County Rural School District Board | E216: Morrow County Rural School District Board | F216: - | G216: 0 | H216: 0 | I216: =IFERROR(VLOOKUP(D216,'LEAID Match'!$A$2:$B$186,2,FALSE),"") -> 4108520
A217: =I217 -> 4108520 | B217: 2023 | C217: 2023 | D217: Morrow County Rural School District Board | E217: Morrow County Rural School District Board | G217: 0 | H217: 0 | I217: =IFERROR(VLOOKUP(D217,'LEAID Match'!$A$2:$B$186,2,FALSE),"") -> 4108520
A218: =I218 | B218: 2015 | C218: 2027 | D218: Deschutes County | E218: Deschutes County | F218: 88461643 | G218: 0.0064415108 | H218: 7235749.1 | I218: =IFERROR(VLOOKUP(D218,'LEAID Match'!$A$2:$B$186,2,FALSE),"")
A219: =I219 | B219: 2016 | C219: 2027 | D219: Deschutes County | E219: Deschutes County | F219: 119989926 | G219: 0.0062209947 | H219: 6079778.1 | I219: =IFERROR(VLOOKUP(D219,'LEAID Match'!$A$2:$B$186,2,FALSE),"")
A220: =I220 | B220: 2017 | C220: 2027 | D220: Deschutes County | E220: Deschutes County | F220: 147352403 | G220: 0.0062244192 | H220: 6362601.3 | I220: =IFERROR(VLOOKUP(D220,'LEAID Match'!$A$2:$B$186,2,FALSE),"")
A221: =I221 | B221: 2018 | C221: 2027 | D221: Deschutes County | E221: Deschutes County | F221: 177606348 | G221: 0.0063264759 | H221: 8794434.1 | I221: =IFERROR(VLOOKUP(D221,'LEAID Match'!$A$2:$B$186,2,FALSE),"")
A222: =I222 | B222: 2019 | C222: 2027 | D222: Deschutes County | E222: Deschutes County | F222: 164242850 | G222: 0.0066321419 | H222: 11408610 | I222: =IFERROR(VLOOKUP(D222,'LEAID Match'!$A$2:$B$186,2,FALSE),"")
A223: =I223 | B223: 2020 | C223: 2027 | D223: Deschutes County | E223: Deschutes County | F223: 196137224 | G223: 0.0064117978 | H223: 14740723 | I223: =IFERROR(VLOOKUP(D223,'LEAID Match'!$A$2:$B$186,2,FALSE),"")
A224: =I224 | B224: 2021 | C224: 2027 | D224: Deschutes County | E224: Deschutes County | F224: 191649240 | G224: 0.0066671299 | H224: 14411001 | I224: =IFERROR(VLOOKUP(D224,'LEAID Match'!$A$2:$B$186,2,FALSE),"")
A225: =I225 | B225: 2022 | C225: 2027 | D225: Deschutes County | E225: Deschutes County | F225: 243115709 | G225: 0.0073038373 | H225: 29435925 | I225: =IFERROR(VLOOKUP(D225,'LEAID Match'!$A$2:$B$186,2,FALSE),"")
A226: =I226 | B226: 2023 | C226: 2027 | D226: Deschutes County | E226: Deschutes County | F226: 193878274 | G226: 0.0076262253 | H226: 18248795 | I226: =IFERROR(VLOOKUP(D226,'LEAID Match'!$A$2:$B$186,2,FALSE),"")
A227: =I227 | B227: 2015 | C227: 2028 | D227: Union County | E227: Union County | F227: - | G227: 0 | H227: 0 | I227: =IFERROR(VLOOKUP(D227,'LEAID Match'!$A$2:$B$186,2,FALSE),"")
A228: =I228 | B228: 2016 | C228: 2028 | D228: Union County | E228: Union County | F228: - | G228: 0 | H228: 0 | I228: =IFERROR(VLOOKUP(D228,'LEAID Match'!$A$2:$B$186,2,FALSE),"")
A229: =I229 | B229: 2017 | C229: 2028 | D229: Union County | E229: Union County | F229: - | G229: 0 | H229: 0 | I229: =IFERROR(VLOOKUP(D229,'LEAID Match'!$A$2:$B$186,2,FALSE),"")
A230: =I230 | B230: 2018 | C230: 2028 | D230: Union County | E230: Union County | F230: - | G230: 0 | H230: 0 | I230: =IFERROR(VLOOKUP(D230,'LEAID Match'!$A$2:$B$186,2,FALSE),"")
A231: =I231 | B231: 2019 | C231: 2028 | D231: Union County | E231: Union County | F231: - | G231: 0 | H231: 0 | I231: =IFERROR(VLOOKUP(D231,'LEAID Match'!$A$2:$B$186,2,FALSE),"")
A232: =I232 | B232: 2020 | C232: 2028 | D232: Union County | E232: Union County | F232: - | G232: 0 | H232: 0 | I232: =IFERROR(VLOOKUP(D232,'LEAID Match'!$A$2:$B$186,2,FALSE),"")
A233: =I233 | B233: 2021 | C233: 2028 | D233: Union County | E233: Union County | F233: - | G233: 0 | H233: 0 | I233: =IFERROR(VLOOKUP(D233,'LEAID Match'!$A$2:$B$186,2,FALSE),"")
A234: =I234 | B234: 2022 | C234: 2028 | D234: Union County | E234: Union County | F234: - | G234: 0 | H234: 0 | I234: =IFERROR(VLOOKUP(D234,'LEAID Match'!$A$2:$B$186,2,FALSE),"")
A235: =I235 | B235: 2023 | C235: 2028 | D235: Union County | E235: Union County | G235: 0 | H235: 0 | I235: =IFERROR(VLOOKUP(D235,'LEAID Match'!$A$2:$B$186,2,FALSE),"")
A236: =I236 | B236: 2015 | C236: 2035 | D236: Hood River County | E236: Hood River County | F236: 6307354 | G236: 0.0004592826 | H236: 515912.14 | I236: =IFERROR(VLOOKUP(D236,'LEAID Match'!$A$2:$B$186,2,FALSE),"")
A237: =I237 | B237: 2016 | C237: 2035 | D237: Hood River County | E237: Hood River County | F237: 10010801 | G237: 0.0005190197 | H237: 507237.95 | I237: =IFERROR(VLOOKUP(D237,'LEAID Match'!$A$2:$B$186,2,FALSE),"")
A238: =I238 | B238: 2017 | C238: 2035 | D238: Hood River County | E238: Hood River County | F238: 12707187 | G238: 0.0005367735 | H238: 548689.87 | I238: =IFERROR(VLOOKUP(D238,'LEAID Match'!$A$2:$B$186,2,FALSE),"")
A239: =I239 | B239: 2018 | C239: 2035 | D239: Hood River County | E239: Hood River County | F239: 15898909 | G239: 0.0005663315 | H239: 787257.42 | I239: =IFERROR(VLOOKUP(D239,'LEAID Match'!$A$2:$B$186,2,FALSE),"")
A240: =I240 | B240: 2019 | C240: 2035 | D240: Hood River County | E240: Hood River County | F240: 14708740 | G240: 0.0005939403 | H240: 1021696.1 | I240: =IFERROR(VLOOKUP(D240,'LEAID Match'!$A$2:$B$186,2,FALSE),"")
A241: =I241 | B241: 2020 | C241: 2035 | D241: Hood River County | E241: Hood River County | F241: 18391877 | G241: 0.0006012372 | H241: 1382244.3 | I241: =IFERROR(VLOOKUP(D241,'LEAID Match'!$A$2:$B$186,2,FALSE),"")
A242: =I242 | B242: 2021 | C242: 2035 | D242: Hood River County | E242: Hood River County | F242: 16028474 | G242: 0.0005576016 | H242: 1205255.9 | I242: =IFERROR(VLOOKUP(D242,'LEAID Match'!$A$2:$B$186,2,FALSE),"")
A243: =I243 | B243: 2022 | C243: 2035 | D243: Hood River County | E243: Hood River County | F243: 19899248 | G243: 0.0005978259 | H243: 2409357.9 | I243: =IFERROR(VLOOKUP(D243,'LEAID Match'!$A$2:$B$186,2,FALSE),"")
A244: =I244 | B244: 2023 | C244: 2035 | D244: Hood River County | E244: Hood River County | F244: 16648573 | G244: 0.0006548736 | H244: 1567047 | I244: =IFERROR(VLOOKUP(D244,'LEAID Match'!$A$2:$B$186,2,FALSE),"")
A245: =I245 | B245: 2015 | C245: 2036 | D245: Clatsop County | E245: Clatsop County | F245: 17344164 | G245: 0.0012629499 | H245: 1418671.6 | I245: =IFERROR(VLOOKUP(D245,'LEAID Match'!$A$2:$B$186,2,FALSE),"")
A246: =I246 | B246: 2016 | C246: 2036 | D246: Clatsop County | E246: Clatsop County | F246: 23162004 | G246: 0.0012008567 | H246: 1173597.3 | I246: =IFERROR(VLOOKUP(D246,'LEAID Match'!$A$2:$B$186,2,FALSE),"")
A247: =I247 | B247: 2017 | C247: 2036 | D247: Clatsop County | E247: Clatsop County | F247: 27426877 | G247: 0.0011585585 | H247: 1184278.5 | I247: =IFERROR(VLOOKUP(D247,'LEAID Match'!$A$2:$B$186,2,FALSE),"")
... A578: =I578 | B578: 2023 | C578: 2128 | D578: City of Tillamook | E578: City of Tillamook | F578: 5634348 | G578: 0.0002216278 | H578: 530333.16 | I578: =IFERROR(VLOOKUP(D578,'LEAID Match'!$A$2:$B$186,2,FALSE),"")
A579: =I579 | B579: 2015 | C579: 2129 | D579: City of Sweet Home | E579: City of Sweet Home | F579: - | G579: 0 | H579: 0 | I579: =IFERROR(VLOOKUP(D579,'LEAID Match'!$A$2:$B$186,2,FALSE),"")
A580: =I580 | B580: 2016 | C580: 2129 | D580: City of Sweet Home | E580: City of Sweet Home | F580: 494232 | G580: 2.56239e-05 | H580: 25042.237 | I580: =IFERROR(VLOOKUP(D580,'LEAID Match'!$A$2:$B$186,2,FALSE),"")
A581: =I581 | B581: 2017 | C581: 2129 | D581: City of Sweet Home | E581: City of Sweet Home | F581: 1355542 | G581: 5.72604e-05 | H581: 58531.581 | I581: =IFERROR(VLOOKUP(D581,'LEAID Match'!$A$2:$B$186,2,FALSE),"")
A582: =I582 | B582: 2018 | C582: 2129 | D582: City of Sweet Home | E582: City of Sweet Home | F582: 1987244 | G582: 7.07872e-05 | H582: 98401.287 | I582: =IFERROR(VLOOKUP(D582,'LEAID Match'!$A$2:$B$186,2,FALSE),"")
A583: =I583 | B583: 2019 | C583: 2129 | D583: City of Sweet Home | E583: City of Sweet Home | F583: 2214265 | G583: 8.94122e-05 | H583: 153806.87 | I583: =IFERROR(VLOOKUP(D583,'LEAID Match'!$A$2:$B$186,2,FALSE),"")
A584: =I584 | B584: 2020 | C584: 2129 | D584: City of Sweet Home | E584: City of Sweet Home | F584: 3079643 | G584: 0.0001006747 | H584: 231451.14 | I584: =IFERROR(VLOOKUP(D584,'LEAID Match'!$A$2:$B$186,2,FALSE),"")
A585: =I585 | B585: 2021 | C585: 2129 | D585: City of Sweet Home | E585: City of Sweet Home | F585: 3083331 | G585: 0.0001072635 | H585: 231850.06 | I585: =IFERROR(VLOOKUP(D585,'LEAID Match'!$A$2:$B$186,2,FALSE),"")
A586: =I586 | B586: 2022 | C586: 2129 | D586: City of Sweet Home | E586: City of Sweet Home | F586: 3394486 | G586: 0.0001019793 | H586: 410996.97 | I586: =IFERROR(VLOOKUP(D586,'LEAID Match'!$A$2:$B$186,2,FALSE),"")
A587: =I587 | B587: 2023 | C587: 2129 | D587: City of Sweet Home | E587: City of Sweet Home | F587: 3023672 | G587: 0.0001189365 | H587: 284603.15 | I587: =IFERROR(VLOOKUP(D587,'LEAID Match'!$A$2:$B$186,2,FALSE),"")
A588: =I588 | B588: 2015 | C588: 2131 | D588: City of Drain | E588: City of Drain | F588: 1028329 | G588: 7.48798e-05 | H588: 84112.479 | I588: =IFERROR(VLOOKUP(D588,'LEAID Match'!$A$2:$B$186,2,FALSE),"")
A589: =I589 | B589: 2016 | C589: 2131 | D589: City of Drain | E589: City of Drain | F589: 1292027 | G589: 6.69864e-05 | H589: 65465.809 | I589: =IFERROR(VLOOKUP(D589,'LEAID Match'!$A$2:$B$186,2,FALSE),"")
A590: =I590 | B590: 2017 | C590: 2131 | D590: City of Drain | E590: City of Drain | F590: 1642981 | G590: 6.94023e-05 | H590: 70943.031 | I590: =IFERROR(VLOOKUP(D590,'LEAID Match'!$A$2:$B$186,2,FALSE),"")
A591: =I591 | B591: 2018 | C591: 2131 | D591: City of Drain | E591: City of Drain | F591: 1572730 | G591: 5.60219e-05 | H591: 77876.043 | I591: =IFERROR(VLOOKUP(D591,'LEAID Match'!$A$2:$B$186,2,FALSE),"")
... A989: =I989 | B989: 2023 | C989: 2188 | D989: City of Talent | E989: City of Talent | F989: 3586956 | G989: 0.0001410933 | H989: 337622.16 | I989: =IFERROR(VLOOKUP(D989,'LEAID Match'!$A$2:$B$186,2,FALSE),"")
A990: =I990 | B990: 2015 | C990: 2189 | D990: City of Willamina | E990: City of Willamina | F990: - | G990: 0 | H990: 0 | I990: =IFERROR(VLOOKUP(D990,'LEAID Match'!$A$2:$B$186,2,FALSE),"")
A991: =I991 | B991: 2016 | C991: 2189 | D991: City of Willamina | E991: City of Willamina | F991: - | G991: 0 | H991: 0 | I991: =IFERROR(VLOOKUP(D991,'LEAID Match'!$A$2:$B$186,2,FALSE),"")
A992: =I992 | B992: 2017 | C992: 2189 | D992: City of Willamina | E992: City of Willamina | F992: - | G992: 0 | H992: 0 | I992: =IFERROR(VLOOKUP(D992,'LEAID Match'!$A$2:$B$186,2,FALSE),"")
A993: =I993 | B993: 2018 | C993: 2189 | D993: City of Willamina | E993: City of Willamina | F993: - | G993: 0 | H993: 0 | I993: =IFERROR(VLOOKUP(D993,'LEAID Match'!$A$2:$B$186,2,FALSE),"")
A994: =I994 | B994: 2019 | C994: 2189 | D994: City of Willamina | E994: City of Willamina | F994: - | G994: 0 | H994: 0 | I994: =IFERROR(VLOOKUP(D994,'LEAID Match'!$A$2:$B$186,2,FALSE),"")
A995: =I995 | B995: 2020 | C995: 2189 | D995: City of Willamina | E995: City of Willamina | F995: - | G995: 0 | H995: 0 | I995: =IFERROR(VLOOKUP(D995,'LEAID Match'!$A$2:$B$186,2,FALSE),"")
A996: =I996 | B996: 2021 | C996: 2189 | D996: City of Willamina | E996: City of Willamina | F996: - | G996: 0 | H996: 0 | I996: =IFERROR(VLOOKUP(D996,'LEAID Match'!$A$2:$B$186,2,FALSE),"")
A997: =I997 | B997: 2022 | C997: 2189 | D997: City of Willamina | E997: City of Willamina | F997: - | G997: 0 | H997: 0 | I997: =IFERROR(VLOOKUP(D997,'LEAID Match'!$A$2:$B$186,2,FALSE),"")
A998: =I998 | B998: 2023 | C998: 2189 | D998: City of Willamina | E998: City of Willamina | G998: 0 | H998: 0 | I998: =IFERROR(VLOOKUP(D998,'LEAID Match'!$A$2:$B$186,2,FALSE),"")
A999: =I999 | B999: 2015 | C999: 2191 | D999: City of Huntington | E999: City of Huntington | F999: 178844 | G999: 1.30229e-05 | H999: 14628.624 | I999: =IFERROR(VLOOKUP(D999,'LEAID Match'!$A$2:$B$186,2,FALSE),"")
A1000: =I1000 | B1000: 2016 | C1000: 2191 | D1000: City of Huntington | E1000: City of Huntington | F1000: 266534 | G1000: 1.38187e-05 | H1000: 13505.016 | I1000: =IFERROR(VLOOKUP(D1000,'LEAID Match'!$A$2:$B$186,2,FALSE),"")
A1001: =I1001 | B1001: 2017 | C1001: 2191 | D1001: City of Huntington | E1001: City of Huntington | F1001: 308951 | G1001: 1.30506e-05 | H1001: 13340.323 | I1001: =IFERROR(VLOOKUP(D1001,'LEAID Match'!$A$2:$B$186,2,FALSE),"")
A1002: =I1002 | B1002: 2018 | C1002: 2191 | D1002: City of Huntington | E1002: City of Huntington | F1002: 283416 | G1002: 1.00955e-05 | H1002: 14033.755 | I1002: =IFERROR(VLOOKUP(D1002,'LEAID Match'!$A$2:$B$186,2,FALSE),"")
A1003: =I1003 | B1003: 2019 | C1003: 2191 | D1003: City of Huntington | E1003: City of Huntington | F1003: 281761 | G1003: 1.13775e-05 | H1003: 19571.576 | I1003: =IFERROR(VLOOKUP(D1003,'LEAID Match'!$A$2:$B$186,2,FALSE),"")
A1004: =I1004 | B1004: 2020 | C1004: 2191 | D1004: City of Huntington | E1004: City of Huntington | F1004: 332622 | G1004: 1.08735e-05 | H1004: 24998.177 | I1004: =IFERROR(VLOOKUP(D1004,'LEAID Match'!$A$2:$B$186,2,FALSE),"")
A1005: =I1005 | B1005: 2021 | C1005: 2191 | D1005: City of Huntington | E1005: City of Huntington | F1005: 337454 | G1005: 1.17394e-05 | H1005: 25374.713 | I1005: =IFERROR(VLOOKUP(D1005,'LEAID Match'!$A$2:$B$186,2,FALSE),"")
A1006: =I1006 | B1006: 2022 | C1006: 2191 | D1006: City of Huntington | E1006: City of Huntington | F1006: 397996 | G1006: 1.19568e-05 | H1006: 48188.295 | I1006: =IFERROR(VLOOKUP(D1006,'LEAID Match'!$A$2:$B$186,2,FALSE),"")
A1007: =I1007 | B1007: 2023 | C1007: 2191 | D1007: City of Huntington | E1007: City of Huntington | F1007: 333950 | G1007: 1.3136e-05 | H1007: 31433.134 | I1007: =IFERROR(VLOOKUP(D1007,'LEAID Match'!$A$2:$B$186,2,FALSE),"")
A1008: =I1008 | B1008: 2015 | C1008: 2192 | D1008: City of North Plains | E1008: City of North Plains | F1008: 1314505 | G1008: 9.57183e-05 | H1008: 107520.37 | I1008: =IFERROR(VLOOKUP(D1008,'LEAID Match'!$A$2:$B$186,2,FALSE),"")
A1009: =I1009 | B1009: 2016 | C1009: 2192 | D1009: City of North Plains | E1009: City of North Plains | F1009: 1732909 | G1009: 8.98444e-05 | H1009: 87804.932 | I1009: =IFERROR(VLOOKUP(D1009,'LEAID Match'!$A$2:$B$186,2,FALSE),"")
A1010: =I1010 | B1010: 2017 | C1010: 2192 | D1010: City of North Plains | E1010: City of North Plains | F1010: 1755555 | G1010: 7.41577e-05 | H1010: 75804.001 | I1010: =IFERROR(VLOOKUP(D1010,'LEAID Match'!$A$2:$B$186,2,FALSE),"")
... A1016: =I1016 | B1016: 2023 | C1016: 2192 | D1016: City of North Plains | E1016: City of North Plains | F1016: 1796973 | G1016: 7.06841e-05 | H1016: 169139.98 | I1016: =IFERROR(VLOOKUP(D1016,'LEAID Match'!$A$2:$B$186,2,FALSE),"")
A1017: =I1017 | B1017: 2015 | C1017: 2193 | D1017: City of Heppner | E1017: City of Heppner | F1017: - | G1017: 0 | H1017: 0 | I1017: =IFERROR(VLOOKUP(D1017,'LEAID Match'!$A$2:$B$186,2,FALSE),"")
A1018: =I1018 | B1018: 2016 | C1018: 2193 | D1018: City of Heppner | E1018: City of Heppner | F1018: 205346 | G1018: 1.06464e-05 | H1018: 10404.727 | I1018: =IFERROR(VLOOKUP(D1018,'LEAID Match'!$A$2:$B$186,2,FALSE),"")
A1019: =I1019 | B1019: 2017 | C1019: 2193 | D1019: City of Heppner | E1019: City of Heppner | F1019: 171510 | G1019: 7.2449e-06 | H1019: 7405.7368 | I1019: =IFERROR(VLOOKUP(D1019,'LEAID Match'!$A$2:$B$186,2,FALSE),"")
A1020: =I1020 | B1020: 2018 | C1020: 2193 | D1020: City of Heppner | E1020: City of Heppner | F1020: 444268 | G1020: 1.58252e-05 | H1020: 21998.611 | I1020: =IFERROR(VLOOKUP(D1020,'LEAID Match'!$A$2:$B$186,2,FALSE),"")
A1021: =I1021 | B1021: 2019 | C1021: 2193 | D1021: City of Heppner | E1021: City of Heppner | F1021: 262195 | G1021: 1.05875e-05 | H1021: 18212.618 | I1021: =IFERROR(VLOOKUP(D1021,'LEAID Match'!$A$2:$B$186,2,FALSE),"")
A1022: =I1022 | B1022: 2020 | C1022: 2193 | D1022: City of Heppner | E1022: City of Heppner | F1022: 440765 | G1022: 1.44088e-05 | H1022: 33125.831 | I1022: =IFERROR(VLOOKUP(D1022,'LEAID Match'!$A$2:$B$186,2,FALSE),"")
A1023: =I1023 | B1023: 2021 | C1023: 2193 | D1023: City of Heppner | E1023: City of Heppner | F1023: 616307 | G1023: 2.14402e-05 | H1023: 46342.992 | I1023: =IFERROR(VLOOKUP(D1023,'LEAID Match'!$A$2:$B$186,2,FALSE),"")
A1024: =I1024 | B1024: 2022 | C1024: 2193 | D1024: City of Heppner | E1024: City of Heppner | F1024: 728454 | G1024: 2.18847e-05 | H1024: 88199.718 | I1024: =IFERROR(VLOOKUP(D1024,'LEAID Match'!$A$2:$B$186,2,FALSE),"")
A1025: =I1025 | B1025: 2023 | C1025: 2193 | D1025: City of Heppner | E1025: City of Heppner | F1025: 423487 | G1025: 1.66579e-05 | H1025: 39860.689 | I1025: =IFERROR(VLOOKUP(D1025,'LEAID Match'!$A$2:$B$186,2,FALSE),"")
A1026: =I1026 | B1026: 2015 | C1026: 2194 | D1026: City of Cave Junction | E1026: City of Cave Junction | F1026: 898896 | G1026: 6.54549e-05 | H1026: 73525.489 | I1026: =IFERROR(VLOOKUP(D1026,'LEAID Match'!$A$2:$B$186,2,FALSE),"")
A1027: =I1027 | B1027: 2016 | C1027: 2194 | D1027: City of Cave Junction | E1027: City of Cave Junction | F1027: 1146218 | G1027: 5.94268e-05 | H1027: 58077.812 | I1027: =IFERROR(VLOOKUP(D1027,'LEAID Match'!$A$2:$B$186,2,FALSE),"")
...

Sheet GASB Data -->

Sheet GASB Data
A1: year | B1: employer_id | C1: standardized_employer_name | D1: employer_name | E1: present_value_contribution_effort | F1: allocation_percentage | G1: employer_contribution
A2: 2015 | B2: 1000 | C2: State Agencies | D2: State Agencies | E2: 3497778764 | F2: 0.25469773 | G2: =F2* VLOOKUP(A2,'GASB 67 Employer Contributions'!$A$1:$B$10,2,FALSE) -> 2.8610196e+08
A3: 2015 | B3: 2000 | C3: Lake County | D3: Lake County | E3: 6208561 | F3: 0.0004520887 | G3: =F3* VLOOKUP(A3,'GASB 67 Employer Contributions'!$A$1:$B$10,2,FALSE) -> 507831.24
A4: 2015 | B4: 2001 | C4: Clackamas County | D4: Clackamas County | E4: 261952370 | F4: 0.019074584 | G4: =F4* VLOOKUP(A4,'GASB 67 Employer Contributions'!$A$1:$B$10,2,FALSE) -> 21426480
A5: 2015 | B5: 2002 | C5: Curry County | D5: Curry County | E5: 13046246 | F5: 0.0009499884 | G5: =F5* VLOOKUP(A5,'GASB 67 Employer Contributions'!$A$1:$B$10,2,FALSE) -> 1067122
A6: 2015 | B6: 2003 | C6: Douglas County | D6: Douglas County | E6: 93772610 | F6: 0.0068282395 | G6: =F6* VLOOKUP(A6,'GASB 67 Employer Contributions'!$A$1:$B$10,2,FALSE) -> 7670161.4
A7: 2015 | B7: 2004 | C7: Harney County | D7: Harney County | E7: 6642790 | F7: 0.000483708 | G7: =F7* VLOOKUP(A7,'GASB 67 Employer Contributions'!$A$1:$B$10,2,FALSE) -> 543349.2
A8: 2015 | B8: 2005 | C8: Jackson County | D8: Jackson County | E8: 85961614 | F8: 0.0062594662 | G8: =F8* VLOOKUP(A8,'GASB 67 Employer Contributions'!$A$1:$B$10,2,FALSE) -> 7031258.4
A9: 2015 | B9: 2006 | C9: Jefferson County | D9: Jefferson County | E9: 9035489 | F9: 0.0006579371 | G9: =F9* VLOOKUP(A9,'GASB 67 Employer Contributions'!$A$1:$B$10,2,FALSE) -> 739060.74
A10: 2015 | B10: 2007 | C10: Klamath County | D10: Klamath County | E10: 3089694 | F10: 0.0002249822 | G10: =F10* VLOOKUP(A10,'GASB 67 Employer Contributions'!$A$1:$B$10,2,FALSE) -> 252722.51
A11: 2015 | B11: 2008 | C11: Lane County | D11: Lane County | E11: 152180191 | F11: 0.011081304 | G11: =F11* VLOOKUP(A11,'GASB 67 Employer Contributions'!$A$1:$B$10,2,FALSE) -> 12447629
A12: 2015 | B12: 2009 | C12: Marion County | D12: Marion County | E12: 110864996 | F12: 0.0080728556 | G12: =F12* VLOOKUP(A12,'GASB 67 Employer Contributions'!$A$1:$B$10,2,FALSE) -> 9068238.7
A13: 2015 | B13: 2011 | C13: Washington County | D13: Washington County | E13: 247701477 | F13: 0.018036877 | G13: =F13* VLOOKUP(A13,'GASB 67 Employer Contributions'!$A$1:$B$10,2,FALSE) -> 20260823
... A25: 2015 | B25: 2027 | C25: Deschutes County | D25: Deschutes County | E25: 88461643 | F25: 0.0064415108 | G25: =F25* VLOOKUP(A25,'GASB 67 Employer Contributions'!$A$1:$B$10,2,FALSE) -> 7235749.1
A26: 2015 | B26: 2028 | C26: Union County | D26: Union County | E26: - | F26: 0 | G26: =F26* VLOOKUP(A26,'GASB 67 Employer Contributions'!$A$1:$B$10,2,FALSE) -> 0
A27: 2015 | B27: 2035 | C27: Hood River County | D27: Hood River County | E27: 6307354 | F27: 0.0004592826 | G27: =F27* VLOOKUP(A27,'GASB 67 Employer Contributions'!$A$1:$B$10,2,FALSE) -> 515912.14
A28: 2015 | B28: 2036 | C28: Clatsop County | D28: Clatsop County | E28: 17344164 | F28: 0.0012629499 | G28: =F28* VLOOKUP(A28,'GASB 67 Employer Contributions'!$A$1:$B$10,2,FALSE) -> 1418671.6
A29: 2015 | B29: 2037 | C29: Polk County | D29: Polk County | E29: 29000776 | F29: 0.0021117493 | G29: =F29* VLOOKUP(A29,'GASB 67 Employer Contributions'!$A$1:$B$10,2,FALSE) -> 2372128
A30: 2015 | B30: 2038 | C30: Multnomah County | D30: Multnomah County | E30: 493038625 | F30: 0.03590159 | G30: =F30* VLOOKUP(A30,'GASB 67 Employer Contributions'!$A$1:$B$10,2,FALSE) -> 40328256
A31: 2015 | B31: 2039 | C31: Malheur County | D31: Malheur County | E31: 9676082 | F31: 0.0007045832 | G31: =F31* VLOOKUP(A31,'GASB 67 Employer Contributions'!$A$1:$B$10,2,FALSE) -> 791458.31
A32: 2015 | B32: 2040 | C32: Benton County | D32: Benton County | E32: 32210762 | F32: 0.0023454908 | G32: =F32* VLOOKUP(A32,'GASB 67 Employer Contributions'!$A$1:$B$10,2,FALSE) -> 2634689.8
A33: 2015 | B33: 2042 | C33: Josephine County | D33: Josephine County | E33: 27408454 | F33: 0.0019958012 | G33: =F33* VLOOKUP(A33,'GASB 67 Employer Contributions'!$A$1:$B$10,2,FALSE) -> 2241883.5
A34: 2015 | B34: 2043 | C34: Lincoln County | D34: Lincoln County | E34: 7008182 | F34: 0.0005103147 | G34: =F34* VLOOKUP(A34,'GASB 67 Employer Contributions'!$A$1:$B$10,2,FALSE) -> 573236.5
A35: 2015 | B35: 2044 | C35: Crook County | D35: Crook County | E35: 1928111 | F35: 0.0001403992 | G35: =F35* VLOOKUP(A35,'GASB 67 Employer Contributions'!$A$1:$B$10,2,FALSE) -> 157710.42
A36: 2015 | B36: 2050 | C36: Wallowa County | D36: Wallowa County | E36: 178902 | F36: 1.30271e-05 | G36: =F36* VLOOKUP(A36,'GASB 67 Employer Contributions'!$A$1:$B$10,2,FALSE) -> 14633.341
A37: 2015 | B37: 2052 | C37: Tillamook County | D37: Tillamook County | E37: 17337 | F37: 1.2624e-06 | G37: =F37* VLOOKUP(A37,'GASB 67 Employer Contributions'!$A$1:$B$10,2,FALSE) -> 1418.0539
A38: 2015 | B38: 2099 | C38: State Judiciary | D38: State Judiciary | E38: 22330578 | F38: 0.0016260455 | G38: =F38* VLOOKUP(A38,'GASB 67 Employer Contributions'!$A$1:$B$10,2,FALSE) -> 1826536.9
... A64: 2015 | B64: 2128 | C64: City of Tillamook | D64: City of Tillamook | E64: 3557280 | F64: 0.0002590304 | G64: =F64* VLOOKUP(A64,'GASB 67 Employer Contributions'!$A$1:$B$10,2,FALSE) -> 290968.85
A65: 2015 | B65: 2129 | C65: City of Sweet Home | D65: City of Sweet Home | E65: - | F65: 0 | G65: =F65* VLOOKUP(A65,'GASB 67 Employer Contributions'!$A$1:$B$10,2,FALSE) -> 0
A66: 2015 | B66: 2131 | C66: City of Drain | D66: City of Drain | E66: 1028329 | F66: 7.48798e-05 | G66: =F66* VLOOKUP(A66,'GASB 67 Employer Contributions'!$A$1:$B$10,2,FALSE) -> 84112.479
A67: 2015 | B67: 2132 | C67: Eugene Water & Electric Board | D67: Eugene Water & Electric Board | E67: 108835121 | F67: 0.0079250462 | G67: =F67* VLOOKUP(A67,'GASB 67 Employer Contributions'!$A$1:$B$10,2,FALSE) -> 8902204.4
A68: 2015 | B68: 2138 | C68: City of Hood River | D68: City of Hood River | E68: 7339286 | F68: 0.0005344247 | G68: =F68* VLOOKUP(A68,'GASB 67 Employer Contributions'!$A$1:$B$10,2,FALSE) -> 600319.27
A69: 2015 | B69: 2139 | C69: City of Reedsport | D69: City of Reedsport | E69: 1108238 | F69: 8.06986e-05 | G69: =F69* VLOOKUP(A69,'GASB 67 Employer Contributions'!$A$1:$B$10,2,FALSE) -> 90648.737
A70: 2015 | B70: 2140 | C70: City of Lebanon | D70: City of Lebanon | E70: 9363904 | F70: 0.0006818513 | G70: =F70* VLOOKUP(A70,'GASB 67 Employer Contributions'!$A$1:$B$10,2,FALSE) -> 765923.57
A71: 2015 | B71: 2142 | C71: City of Sherwood | D71: City of Sherwood | E71: 12394434 | F71: 0.0009025254 | G71: =F71* VLOOKUP(A71,'GASB 67 Employer Contributions'!$A$1:$B$10,2,FALSE) -> 1013806.8
A72: 2015 | B72: 2143 | C72: City of Oakland | D72: City of Oakland | E72: 316050 | F72: 2.30138e-05 | G72: =F72* VLOOKUP(A72,'GASB 67 Employer Contributions'!$A$1:$B$10,2,FALSE) -> 25851.402
A73: 2015 | B73: 2145 | C73: City of Vale | D73: City of Vale | E73: 740235 | F73: 5.39017e-05 | G73: =F73* VLOOKUP(A73,'GASB 67 Employer Contributions'!$A$1:$B$10,2,FALSE) -> 60547.78
A74: 2015 | B74: 2146 | C74: City of Prineville | D74: City of Prineville | E74: 7030092 | F74: 0.0005119102 | G74: =F74* VLOOKUP(A74,'GASB 67 Employer Contributions'!$A$1:$B$10,2,FALSE) -> 575028.73
A75: 2015 | B75: 2147 | C75: City of Wheeler | D75: City of Wheeler | E75: 254978 | F75: 1.85667e-05 | G75: =F75* VLOOKUP(A75,'GASB 67 Employer Contributions'!$A$1:$B$10,2,FALSE) -> 20855.974
A76: 2015 | B76: 2148 | C76: City of Klamath Falls | D76: City of Klamath Falls | E76: 12449193 | F76: 0.0009065128 | G76: =F76* VLOOKUP(A76,'GASB 67 Employer Contributions'!$A$1:$B$10,2,FALSE) -> 1018285.8
A77: 2015 | B77: 2149 | C77: City of Canyonville | D77: City of Canyonville | E77: 573635 | F77: 4.17704e-05 | G77: =F77* VLOOKUP(A77,'GASB 67 Employer Contributions'!$A$1:$B$10,2,FALSE) -> 46920.69
... A109: 2015 | B109: 2188 | C109: City of Talent | D109: City of Talent | E109: 1712756 | F109: 0.0001247177 | G109: =F109* VLOOKUP(A109,'GASB 67 Employer Contributions'!$A$1:$B$10,2,FALSE) -> 140095.39
A110: 2015 | B110: 2189 | C110: City of Willamina | D110: City of Willamina | E110: - | F110: 0 | G110: =F110* VLOOKUP(A110,'GASB 67 Employer Contributions'!$A$1:$B$10,2,FALSE) -> 0
A111: 2015 | B111: 2191 | C111: City of Huntington | D111: City of Huntington | E111: 178844 | F111: 1.30229e-05 | G111: =F111* VLOOKUP(A111,'GASB 67 Employer Contributions'!$A$1:$B$10,2,FALSE) -> 14628.624
A112: 2015 | B112: 2192 | C112: City of North Plains | D112: City of North Plains | E112: 1314505 | F112: 9.57183e-05 | G112: =F112* VLOOKUP(A112,'GASB 67 Employer Contributions'!$A$1:$B$10,2,FALSE) -> 107520.37
A113: 2015 | B113: 2193 | C113: City of Heppner | D113: City of Heppner | E113: - | F113: 0 | G113: =F113* VLOOKUP(A113,'GASB 67 Employer Contributions'!$A$1:$B$10,2,FALSE) -> 0
A114: 2015 | B114: 2194 | C114: City of Cave Junction | D114: City of Cave Junction | E114: 898896 | F114: 6.54549e-05 | G114: =F114* VLOOKUP(A114,'GASB 67 Employer Contributions'!$A$1:$B$10,2,FALSE) -> 73525.489
A115: 2015 | B115: 2195 | C115: City of Metolius | D115: City of Metolius | E115: - | F115: 0 | G115: =F115* VLOOKUP(A115,'GASB 67 Employer Contributions'!$A$1:$B$10,2,FALSE) -> 0
A116: 2015 | B116: 2196 | C116: City of Hubbard | D116: City of Hubbard | E116: 1622114 | F116: 0.0001181175 | G116: =F116* VLOOKUP(A116,'GASB 67 Employer Contributions'!$A$1:$B$10,2,FALSE) -> 132681.39
A117: 2015 | B117: 2197 | C117: City of Myrtle Creek | D117: City of Myrtle Creek | E117: 1687655 | F117: 0.00012289 | G117: =F117* VLOOKUP(A117,'GASB 67 Employer Contributions'!$A$1:$B$10,2,FALSE) -> 138042.34
A118: 2015 | B118: 2198 | C118: City of Carlton | D118: City of Carlton | E118: 374563 | F118: 2.72746e-05 | G118: =F118* VLOOKUP(A118,'GASB 67 Employer Contributions'!$A$1:$B$10,2,FALSE) -> 30637.558
A119: 2015 | B119: 2199 | C119: City of Junction City | D119: City of Junction City | E119: 4714798 | F119: 0.0003433174 | G119: =F119* VLOOKUP(A119,'GASB 67 Employer Contributions'!$A$1:$B$10,2,FALSE) -> 385648.44
A120: 2015 | B120: 2200 | C120: City of Wallowa | D120: City of Wallowa | E120: 193288 | F120: 1.40747e-05 | G120: =F120* VLOOKUP(A120,'GASB 67 Employer Contributions'!$A$1:$B$10,2,FALSE) -> 15810.111
A121: 2015 | B121: 2201 | C121: City of Coburg | D121: City of Coburg | E121: 641772 | F121: 4.67319e-05 | G121: =F121* VLOOKUP(A121,'GASB 67 Employer Contributions'!$A$1:$B$10,2,FALSE) -> 52493.943
A122: 2015 | B122: 2202 | C122: City of Dallas | D122: City of Dallas | E122: 8526050 | F122: 0.0006208413 | G122: =F122* VLOOKUP(A122,'GASB 67 Employer Contributions'!$A$1:$B$10,2,FALSE) -> 697391.03
A123: 2015 | B123: 2203 | C123: City of Rockaway Beach | D123: City of Rockaway Beach | E123: 1260032 | F123: 9.17517e-05 | G123: =F123* VLOOKUP(A123,'GASB 67 Employer Contributions'!$A$1:$B$10,2,FALSE) -> 103064.68
A124: 2015 | B124: 2204 | C124: City of Burns | D124: City of Burns | E124: 1027269 | F124: 7.48026e-05 | G124: =F124* VLOOKUP(A124,'GASB 67 Employer Contributions'!$A$1:$B$10,2,FALSE) -> 84025.761
A125: 2015 | B125: 2205 | C125: City of Elgin | D125: City of Elgin | E125: - | F125: 0 | G125: =F125* VLOOKUP(A125,'GASB 67 Employer Contributions'!$A$1:$B$10,2,FALSE) -> 0
A126: 2015 | B126: 2206 | C126: City of Weston | D126: City of Weston | E126: 174123 | F126: 1.26791e-05 | G126: =F126* VLOOKUP(A126,'GASB 67 Employer Contributions'!$A$1:$B$10,2,FALSE) -> 14242.433
A127: 2015 | B127: 2207 | C127: City of Mill City | D127: City of Mill City | E127: 465666 | F127: 3.39084e-05 | G127: =F127* VLOOKUP(A127,'GASB 67 Employer Contributions'!$A$1:$B$10,2,FALSE) -> 38089.306
A128: 2015 | B128: 2208 | C128: City of Fairview | D128: City of Fairview | E128: 4436832 | F128: 0.0003230768 | G128: =F128* VLOOKUP(A128,'GASB 67 Employer Contributions'!$A$1:$B$10,2,FALSE) -> 362912.17
A129: 2015 | B129: 2209 | C129: City of Monroe | D129: City of Monroe | E129: - | F129: 0 | G129: =F129* VLOOKUP(A129,'GASB 67 Employer Contributions'!$A$1:$B$10,2,FALSE) -> 0
A130: 2015 | B130: 2210 | C130: City of Helix | D130: City of Helix | E130: 26533 | F130: 1.9321e-06 | G130: =F130* VLOOKUP(A130,'GASB 67 Employer Contributions'!$A$1:$B$10,2,FALSE) -> 2170.3279
A131: 2015 | B131: 2211 | C131: City of Jefferson | D131: City of Jefferson | E131: - | F131: 0 | G131: =F131* VLOOKUP(A131,'GASB 67 Employer Contributions'!$A$1:$B$10,2,FALSE) -> 0
A132: 2015 | B132: 2212 | C132: Town of Lakeview | D132: Town of Lakeview | E132: 1181477 | F132: 8.60316e-05 | G132: =F132* VLOOKUP(A132,'GASB 67 Employer Contributions'!$A$1:$B$10,2,FALSE) -> 96639.296
A133: 2015 | B133: 2213 | C133: City of Stanfield | D133: City of Stanfield | E133: - | F133: 0 | G133: =F133* VLOOKUP(A133,'GASB 67 Employer Contributions'!$A$1:$B$10,2,FALSE) -> 0
A134: 2015 | B134: 2214 | C134: City of Yamhill | D134: City of Yamhill | E134: 464234 | F134: 3.38041e-05 | G134: =F134* VLOOKUP(A134,'GASB 67 Employer Contributions'!$A$1:$B$10,2,FALSE) -> 37972.146
A135: 2015 | B135: 2215 | C135: City of Powers | D135: City of Powers | E135: - | F135: 0 | G135: =F135* VLOOKUP(A135,'GASB 67 Employer Contributions'!$A$1:$B$10,2,FALSE) -> 0
A136: 2015 | B136: 2216 | C136: City of Brookings | D136: City of Brookings | E136: 5303861 | F136: 0.0003862112 | G136: =F136* VLOOKUP(A136,'GASB 67 Employer Contributions'!$A$1:$B$10,2,FALSE) -> 433831.04
A137: 2015 | B137: 2217 | C137: City of Sutherlin | D137: City of Sutherlin | E137: 2847446 | F137: 0.0002073425 | G137: =F137* VLOOKUP(A137,'GASB 67 Employer Contributions'!$A$1:$B$10,2,FALSE) -> 232907.83
A138: 2015 | B138: 2218 | C138: City of Prairie City | D138: City of Prairie City | E138: 197014 | F138: 1.4346e-05 | G138: =F138* VLOOKUP(A138,'GASB 67 Employer Contributions'!$A$1:$B$10,2,FALSE) -> 16114.862
A139: 2015 | B139: 2219 | C139: City of Sheridan | D139: City of Sheridan | E139: 1094134 | F139: 7.96715e-05 | G139: =F139* VLOOKUP(A139,'GASB 67 Employer Contributions'!$A$1:$B$10,2,FALSE) -> 89494.996
A140: 2015 | B140: 2220 | C140: City of Garibaldi | D140: City of Garibaldi | E140: 643344 | F140: 4.68464e-05 | G140: =F140* VLOOKUP(A140,'GASB 67 Employer Contributions'!$A$1:$B$10,2,FALSE) -> 52622.561
A141: 2015 | B141: 2221 | C141: City of Sisters | D141: City of Sisters | E141: 1140212 | F141: 8.30268e-05 | G141: =F141* VLOOKUP(A141,'GASB 67 Employer Contributions'!$A$1:$B$10,2,FALSE) -> 93264.004
A142: 2015 | B142: 2222 | C142: City of Jacksonville | D142: City of Jacksonville | E142: 1320979 | F142: 9.61897e-05 | G142: =F142* VLOOKUP(A142,'GASB 67 Employer Contributions'!$A$1:$B$10,2,FALSE) -> 108049.89
A143: 2015 | B143: 2223 | C143: City of Cannon Beach | D143: City of Cannon Beach | E143: 3175851 | F143: 0.0002312559 | G143: =F143* VLOOKUP(A143,'GASB 67 Employer Contributions'!$A$1:$B$10,2,FALSE) -> 259769.75
A144: 2015 | B144: 2224 | C144: City of Falls City | D144: City of Falls City | E144: 287020 | F144: 2.08999e-05 | G144: =F144* VLOOKUP(A144,'GASB 67 Employer Contributions'!$A$1:$B$10,2,FALSE) -> 23476.858
A145: 2015 | B145: 2225 | C145: City of Echo | D145: City of Echo | E145: 407328 | F145: 2.96604e-05 | G145: =F145* VLOOKUP(A145,'GASB 67 Employer Contributions'!$A$1:$B$10,2,FALSE) -> 33317.527
A146: 2015 | B146: 2226 | C146: City of Hines | D146: City of Hines | E146: 757093 | F146: 5.51292e-05 | G146: =F146* VLOOKUP(A146,'GASB 67 Employer Contributions'!$A$1:$B$10,2,FALSE) -> 61926.63
A147: 2015 | B147: 2227 | C147: Town Of Bonanza | D147: Town Of Bonanza | E147: - | F147: 0 | G147: =F147* VLOOKUP(A147,'GASB 67 Employer Contributions'!$A$1:$B$10,2,FALSE) -> 0
A148: 2015 | B148: 2228 | C148: City of Turner | D148: City of Turner | E148: 670679 | F148: 4.88368e-05 | G148: =F148* VLOOKUP(A148,'GASB 67 Employer Contributions'!$A$1:$B$10,2,FALSE) -> 54858.377
A149: 2015 | B149: 2229 | C149: City of John Day | D149: City of John Day | E149: 923600 | F149: 6.72538e-05 | G149: =F149* VLOOKUP(A149,'GASB 67 Employer Contributions'!$A$1:$B$10,2,FALSE) -> 75546.194
A150: 2015 | B150: 2231 | C150: City of Banks | D150: City of Banks | E150: 347767 | F150: 2.53233e-05 | G150: =F150* VLOOKUP(A150,'GASB 67 Employer Contributions'!$A$1:$B$10,2,FALSE) -> 28445.663
A151: 2015 | B151: 2232 | C151: City of Joseph | D151: City of Joseph | E151: 285794 | F151: 2.08107e-05 | G151: =F151* VLOOKUP(A151,'GASB 67 Employer Contributions'!$A$1:$B$10,2,FALSE) -> 23376.659
A152: 2015 | B152: 2233 | C152: City of Lafayette | D152: City of Lafayette | E152: 803992 | F152: 5.85443e-05 | G152: =F152* VLOOKUP(A152,'GASB 67 Employer Contributions'!$A$1:$B$10,2,FALSE) -> 65762.812
A153: 2015 | B153: 2234 | C153: City of Aumsville | D153: City of Aumsville | E153: 697700 | F153: 5.08044e-05 | G153: =F153* VLOOKUP(A153,'GASB 67 Employer Contributions'!$A$1:$B$10,2,FALSE) -> 57068.583
A154: 2015 | B154: 2235 | C154: City of Amity | D154: City of Amity | E154: 640483 | F154: 4.6638e-05 | G154: =F154* VLOOKUP(A154,'GASB 67 Employer Contributions'!$A$1:$B$10,2,FALSE) -> 52388.465
A155: 2015 | B155: 2236 | C155: City of Creswell | D155: City of Creswell | E155: 903419 | F155: 6.57843e-05 | G155: =F155* VLOOKUP(A155,'GASB 67 Employer Contributions'!$A$1:$B$10,2,FALSE) -> 73895.504
A156: 2015 | B156: 2237 | C156: City of Troutdale | D156: City of Troutdale | E156: 8017129 | F156: 0.0005837832 | G156: =F156* VLOOKUP(A156,'GASB 67 Employer Contributions'!$A$1:$B$10,2,FALSE) -> 655763.67
A157: 2015 | B157: 2238 | C157: City of Warrenton | D157: City of Warrenton | E157: 4831447 | F157: 0.0003518114 | G157: =F157* VLOOKUP(A157,'GASB 67 Employer Contributions'!$A$1:$B$10,2,FALSE) -> 395189.75
A158: 2015 | B158: 2240 | C158: City of Wilsonville | D158: City of Wilsonville | E158: 17309652 | F158: 0.0012604368 | G158: =F158* VLOOKUP(A158,'GASB 67 Employer Contributions'!$A$1:$B$10,2,FALSE) -> 1415848.7
A159: 2015 | B159: 2241 | C159: City of Bay City | D159: City of Bay City | E159: 416338 | F159: 3.03165e-05 | G159: =F159* VLOOKUP(A159,'GASB 67 Employer Contributions'!$A$1:$B$10,2,FALSE) -> 34054.524
A160: 2015 | B160: 2242 | C160: City of Gaston | D160: City of Gaston | E160: - | F160: 0 | G160: =F160* VLOOKUP(A160,'GASB 67 Employer Contributions'!$A$1:$B$10,2,FALSE) -> 0
A161: 2015 | B161: 2243 | C161: City Of Brownsville | D161: City Of Brownsville | E161: 1043779 | F161: 7.60048e-05 | G161: =F161* VLOOKUP(A161,'GASB 67 Employer Contributions'!$A$1:$B$10,2,FALSE) -> 85376.192
A162: 2015 | B162: 2244 | C162: City of Lakeside | D162: City of Lakeside | E162: 389924 | F162: 2.83931e-05 | G162: =F162* VLOOKUP(A162,'GASB 67 Employer Contributions'!$A$1:$B$10,2,FALSE) -> 31893.969
A163: 2015 | B163: 2245 | C163: City of Dundee | D163: City of Dundee | E163: 889804 | F163: 6.47929e-05 | G163: =F163* VLOOKUP(A163,'GASB 67 Employer Contributions'!$A$1:$B$10,2,FALSE) -> 72781.865
A164: 2015 | B164: 2246 | C164: City of Merrill | D164: City of Merrill | E164: 9806 | F164: 7.14e-07 | G164: =F164* VLOOKUP(A164,'GASB 67 Employer Contributions'!$A$1:$B$10,2,FALSE) -> 802.0362
A165: 2015 | B165: 2247 | C165: City of Malin | D165: City of Malin | E165: 177886 | F165: 1.29531e-05 | G165: =F165* VLOOKUP(A165,'GASB 67 Employer Contributions'!$A$1:$B$10,2,FALSE) -> 14550.217
A166: 2015 | B166: 2248 | C166: City of Fossil | D166: City of Fossil | E166: 130626 | F166: 9.5118e-06 | G166: =F166* VLOOKUP(A166,'GASB 67 Employer Contributions'!$A$1:$B$10,2,FALSE) -> 10684.605
A167: 2015 | B167: 2249 | C167: City of Phoenix | D167: City of Phoenix | E167: 1167752 | F167: 8.50322e-05 | G167: =F167* VLOOKUP(A167,'GASB 67 Employer Contributions'!$A$1:$B$10,2,FALSE) -> 95516.67
...

Sheet Final Check
A1: Year | B1: Employer PV Total Reported | C1: Employer PV Total from Formula | D1: Reported Allocation Percentage Total | E1: Allocation Percentage Total from Formula | F1: Employer Contribution Reported | G1: Employer Contribution from Formula | H1: Employer PV Difference | I1: Allocation Percentage Difference | J1: Employer Contribution Difference
A2: 2015 | B2: 13733058223 | C2: =SUMIF(Summary!B:B,'Final Check'!A2,Summary!F:F) -> 13733058223 | D2: 1 | E2: =SUMIF(Summary!B:B,'Final Check'!A2,Summary!G:G) -> 1 | F2: 1123300000 | G2: =SUMIF(Summary!B:B,'Final Check'!A2,Summary!H:H) -> 1.1233e+09 | H2: =B2-C2 -> 0 | I2: =D2-E2 -> -1.9999802e-10 | J2: =F2-G2 -> -0.22465968
A3: 2016 | B3: 19287900237 | C3: =SUMIF(Summary!B:B,'Final Check'!A3,Summary!F:F) -> 19287900237 | D3: 1 | E3: =SUMIF(Summary!B:B,'Final Check'!A3,Summary!G:G) -> 1 | F3: 977300000 | G3: =SUMIF(Summary!B:B,'Final Check'!A3,Summary!H:H) -> 9.773e+08 | H3: =B3-C3 -> 0 | I3: =D3-E3 -> -1.1000014e-09 | J3: =F3-G3 -> -1.075031
A4: 2017 | B4: 23673277639 | C4: =SUMIF(Summary!B:B,'Final Check'!A4,Summary!F:F) -> 23673277639 | D4: 1 | E4: =SUMIF(Summary!B:B,'Final Check'!A4,Summary!G:G) -> 1 | F4: 1022200000 | G4: =SUMIF(Summary!B:B,'Final Check'!A4,Summary!H:H) -> 1.0222e+09 | H4: =B4-C4 -> 0 | I4: =D4-E4 -> -9.0000163e-10 | J4: =F4-G4 -> -0.91997957
A5: 2018 | B5: 28073504157 | C5: =SUMIF(Summary!B:B,'Final Check'!A5,Summary!F:F) -> 28073504157 | D5: 1 | E5: =SUMIF(Summary!B:B,'Final Check'!A5,Summary!G:G) -> 1 | F5: 1390100000 | G5: =SUMIF(Summary!B:B,'Final Check'!A5,Summary!H:H) -> 1.3901e+09 | H5: =B5-C5 -> 0 | I5: =D5-E5 -> 3.9999948e-10 | J5: =F5-G5 -> 0.55603981
A6: 2019 | B6: 24764676763 | C6: =SUMIF(Summary!B:B,'Final Check'!A6,Summary!F:F) -> 24764676763 | D6: 1 | E6: =SUMIF(Summary!B:B,'Final Check'!A6,Summary!G:G) -> 1 | F6: 1720200000 | G6: =SUMIF(Summary!B:B,'Final Check'!A6,Summary!H:H) -> 1.7202e+09 | H6: =B6-C6 -> 0 | I6: =D6-E6 -> -3.0000069e-10 | J6: =F6-G6 -> -0.51605844
A7: 2020 | B7: 30590051173 | C7: =SUMIF(Summary!B:B,'Final Check'!A7,Summary!F:F) -> 30590051173 | D7: 1 | E7: =SUMIF(Summary!B:B,'Final Check'!A7,Summary!G:G) -> 1 | F7: 2299000000 | G7: =SUMIF(Summary!B:B,'Final Check'!A7,Summary!H:H) -> 2.299e+09 | H7: =B7-C7 -> 0 | I7: =D7-E7 -> -9.9999342e-11 | J7: =F7-G7 -> -0.22990179
A8: 2021 | B8: 28745388516 | C8: =SUMIF(Summary!B:B,'Final Check'!A8,Summary!F:F) -> 28745388517 | D8: 1 | E8: =SUMIF(Summary!B:B,'Final Check'!A8,Summary!G:G) -> 1 | F8: 2161500000 | G8: =SUMIF(Summary!B:B,'Final Check'!A8,Summary!H:H) -> 2.1615e+09 | H8: =B8-C8 -> -1 | I8: =D8-E8 -> -4.9999938e-10 | J8: =F8-G8 -> -1.0807528
A9: 2022 | B9: 33286024718 | C9: =SUMIF(Summary!B:B,'Final Check'!A9,Summary!F:F) -> 33286024718 | D9: 1 | E9: =SUMIF(Summary!B:B,'Final Check'!A9,Summary!G:G) -> 1 | F9: 4030200000 | G9: =SUMIF(Summary!B:B,'Final Check'!A9,Summary!H:H) -> 4.0302e+09 | H9: =B9-C9 -> 0 | I9: =D9-E9 -> 4.9999993e-10 | J9: =F9-G9 -> 2.0150962
A10: 2023 | B10: 25422573543 | C10: =SUMIF(Summary!B:B,'Final Check'!A10,Summary!F:F) -> 25422573543 | D10: 1 | E10: =SUMIF(Summary!B:B,'Final Check'!A10,Summary!G:G) -> 1 | F10: 2392900000 | G10: =SUMIF(Summary!B:B,'Final Check'!A10,Summary!H:H) -> 2.3929e+09 | H10: =B10-C10 -> 0 | I10: =D10-E10 -> -4.9999938e-10 | J10: =F10-G10 -> -1.1964431

Sheet Check
A1: Employer Contribution Check Plan 1
A2: Year | B2: Employer PV Total Reported | C2: Employer PV Total from Formula | D2: Reported Allocation Percentage Total | E2: Allocation Percentage Total from Formula | F2: Employer Contribution Difference | G2: Allocation Percentage Difference | H2: Notes
A3: 2015 | B3: 13733058223 | C3: =SUMIF('GASB Data'!A:A,Check!A3,'GASB Data'!E:E) -> 13733058223 | D3: 1 | E3: =SUMIF('GASB Data'!A:A,Check!A3,'GASB Data'!F:F) -> 1 | F3: =B3-C3 -> 0 | G3: =D3-E3 -> -1.9999802e-10
A4: 2016 | B4: 19287900237 | C4: =SUMIF('GASB Data'!A:A,Check!A4,'GASB Data'!E:E) -> 19287900237 | D4: 1 | E4: =SUMIF('GASB Data'!A:A,Check!A4,'GASB Data'!F:F) -> 1 | F4: =B4-C4 -> 0 | G4: =D4-E4 -> -1.1000014e-09
A5: 2017 | B5: 23673277639 | C5: =SUMIF('GASB Data'!A:A,Check!A5,'GASB Data'!E:E) -> 23673277639 | D5: 1 | E5: =SUMIF('GASB Data'!A:A,Check!A5,'GASB Data'!F:F) -> 1 | F5: =B5-C5 -> 0 | G5: =D5-E5 -> -9.0000163e-10
A6: 2018 | B6: 28073504157 | C6: =SUMIF('GASB Data'!A:A,Check!A6,'GASB Data'!E:E) -> 28073504157 | D6: 1 | E6: =SUMIF('GASB Data'!A:A,Check!A6,'GASB Data'!F:F) -> 1 | F6: =B6-C6 -> 0 | G6: =D6-E6 -> 3.9999948e-10
A7: 2019 | B7: 24764676763 | C7: =SUMIF('GASB Data'!A:A,Check!A7,'GASB Data'!E:E) -> 24764676763 | D7: 1 | E7: =SUMIF('GASB Data'!A:A,Check!A7,'GASB Data'!F:F) -> 1 | F7: =B7-C7 -> 0 | G7: =D7-E7 -> -3.0000069e-10
A8: 2020 | B8: 30590051173 | C8: =SUMIF('GASB Data'!A:A,Check!A8,'GASB Data'!E:E) -> 30590051173 | D8: 1 | E8: =SUMIF('GASB Data'!A:A,Check!A8,'GASB Data'!F:F) -> 1 | F8: =B8-C8 -> 0 | G8: =D8-E8 -> -9.9999342e-11
A9: 2021 | B9: 28745388516 | C9: =SUMIF('GASB Data'!A:A,Check!A9,'GASB Data'!E:E) -> 28745388517 | D9: 1 | E9: =SUMIF('GASB Data'!A:A,Check!A9,'GASB Data'!F:F) -> 1 | F9: =B9-C9 -> -1 | G9: =D9-E9 -> -4.9999938e-10
A10: 2022 | B10: 33286024718 | C10: =SUMIF('GASB Data'!A:A,Check!A10,'GASB Data'!E:E) -> 33286024718 | D10: 1 | E10: =SUMIF('GASB Data'!A:A,Check!A10,'GASB Data'!F:F) -> 1 | F10: =B10-C10 -> 0 | G10: =D10-E10 -> 4.9999993e-10
A11: 2023 | B11: 25422573543 | C11: =SUMIF('GASB Data'!A:A,Check!A11,'GASB Data'!E:E) -> 25422573543 | D11: 1 | E11: =SUMIF('GASB Data'!A:A,Check!A11,'GASB Data'!F:F) -> 1 | F11: =B11-C11 -> 0 | G11: =D11-E11 -> -4.9999938e-10

Sheet GASB 67 Employer Contributions
A1: Year | B1: Employer Contributions
A2: 2015 | B2: 1123300000
A3: 2016 | B3: 977300000
A4: 2017 | B4: 1022200000
A5: 2018 | B5: 1390100000
A6: 2019 | B6: 1720200000
A7: 2020 | B7: 2299000000
A8: 2021 | B8: 2161500000
A9: 2022 | B9: 4030200000
A10: 2023 | B10: 2392900000

Sheet NCES Data -->

Sheet LEAID Match
A1: standardized_employer_name | B1: LEAID
A2: Falls City School District | B2: 4100003
A3: Vale School District 84 | B3: 4100014
A4: Gervais School District 1 | B4: 4100015
A5: Yamhill-Carlton School District 1 | B5: 4100016
A6: Harrisburg Sschool District 7 | B6: 4100019
A7: North Santiam School District 29J | B7: 4100020
A8: South Wasco County School District 1 | B8: 4100021
A9: Hillsboro School District 1J | B9: 4100023
A10: Knappa School District 4 | B10: 4100040
A11: Ione School District | B11: 4100047
A12: North Wasco County School District 21 | B12: 4100048
A13: Myrtle Point School District 41 | B13: 4100640
... A186: Yoncalla School District 32 | B186: 4113650
