Workbook

Sheet Summary
A1: LEIAD | B1: Year | C1: State | D1: state_abv | E1: plan | F1: employer_number | G1: employer_name | H1: district_contributions | I1: dist_prop | J1: state_contributions | K1: total_contributions | L1: LEAID_match | N1: 2015 | O1: 101‐11136 | P1: STATE OF SOUTH DAKOTA | Q1: 24592155
A2: =L2 -> 4600027 | B2: 2015 | C2: South Dakota | D2: SD | E2: South Dakota Retirement System | F2: 901100 | G2: EAST DAKOTA ED COOP | H2: 108197 | I2: {=_xlfn.IFS(B2=2015,H2/$O$10,B2=2016,H2/$O$11,B2=2017,H2/$O$12,B2=2018,H2/$O$13,B2=2019,H2/$O$14,B2=2020,H2/$O$15,B2=2021,H2/$O$16,B2=2022,H2/$O$17)} -> 0.0025307596 | J2: {=_xlfn.IFS(B2=2015,I2*$Q$1,B2=2016,I2*$Q$2,B2=2017,I2*$Q$3,B2=2018,I2*$Q$4,B2=2019,I2*$Q$5,B2=2020,I2*$Q$6,B2=2021,I2*$Q$7,B2=2022,I2*$Q$8)} -> 62236.832 | K2: =SUM(J2,H2) -> 170433.83 | L2: =IFERROR(VLOOKUP(G2,'LEAID Match'!$A$2:$B$168,2,FALSE),"") -> 4600027 | N2: 2016 | O2: 101‐11136 | P2: STATE OF SOUTH DAKOTA | Q2: 25405805
A3: =L3 -> 4600027 | B3: 2016 | C3: South Dakota | D3: SD | E3: South Dakota Retirement System | F3: 901100 | G3: EAST DAKOTA ED COOP | H3: 109201 | I3: {=_xlfn.IFS(B3=2015,H3/$O$10,B3=2016,H3/$O$11,B3=2017,H3/$O$12,B3=2018,H3/$O$13,B3=2019,H3/$O$14,B3=2020,H3/$O$15,B3=2021,H3/$O$16,B3=2022,H3/$O$17)} -> 0.0024769037 | J3: {=_xlfn.IFS(B3=2015,I3*$Q$1,B3=2016,I3*$Q$2,B3=2017,I3*$Q$3,B3=2018,I3*$Q$4,B3=2019,I3*$Q$5,B3=2020,I3*$Q$6,B3=2021,I3*$Q$7,B3=2022,I3*$Q$8)} -> 62927.733 | K3: =SUM(J3,H3) -> 172128.73 | L3: =IFERROR(VLOOKUP(G3,'LEAID Match'!$A$2:$B$168,2,FALSE),"") -> 4600027 | N3: 2017 | O3: 101‐11136 | P3: STATE OF SOUTH DAKOTA | Q3: 26305534
A4: =L4 -> 4600027 | B4: 2017 | C4: South Dakota | D4: SD | E4: South Dakota Retirement System | F4: 901100 | G4: EAST DAKOTA ED COOP | H4: 126079 | I4: {=_xlfn.IFS(B4=2015,H4/$O$10,B4=2016,H4/$O$11,B4=2017,H4/$O$12,B4=2018,H4/$O$13,B4=2019,H4/$O$14,B4=2020,H4/$O$15,B4=2021,H4/$O$16,B4=2022,H4/$O$17)} -> 0.0026031267 | J4: {=_xlfn.IFS(B4=2015,I4*$Q$1,B4=2016,I4*$Q$2,B4=2017,I4*$Q$3,B4=2018,I4*$Q$4,B4=2019,I4*$Q$5,B4=2020,I4*$Q$6,B4=2021,I4*$Q$7,B4=2022,I4*$Q$8)} -> 68476.638 | K4: =SUM(J4,H4) -> 194555.64 | L4: =IFERROR(VLOOKUP(G4,'LEAID Match'!$A$2:$B$168,2,FALSE),"") -> 4600027 | N4: 2018 | O4: 101‐11136 | P4: STATE OF SOUTH DAKOTA | Q4: 26255809
A5: =L5 -> 4600027 | B5: 2018 | C5: South Dakota | D5: SD | E5: South Dakota Retirement System | F5: 901100 | G5: EAST DAKOTA ED COOP | H5: 116011 | I5: {=_xlfn.IFS(B5=2015,H5/$O$10,B5=2016,H5/$O$11,B5=2017,H5/$O$12,B5=2018,H5/$O$13,B5=2019,H5/$O$14,B5=2020,H5/$O$15,B5=2021,H5/$O$16,B5=2022,H5/$O$17)} -> 0.0023135615 | J5: {=_xlfn.IFS(B5=2015,I5*$Q$1,B5=2016,I5*$Q$2,B5=2017,I5*$Q$3,B5=2018,I5*$Q$4,B5=2019,I5*$Q$5,B5=2020,I5*$Q$6,B5=2021,I5*$Q$7,B5=2022,I5*$Q$8)} -> 60744.428 | K5: =SUM(J5,H5) -> 176755.43 | L5: =IFERROR(VLOOKUP(G5,'LEAID Match'!$A$2:$B$168,2,FALSE),"") -> 4600027 | N5: 2019 | O5: 101‐11136 | P5: STATE OF SOUTH DAKOTA | Q5: 26447455
A6: =L6 -> 4600027 | B6: 2019 | C6: South Dakota | D6: SD | E6: South Dakota Retirement System | F6: 901100 | G6: EAST DAKOTA ED COOP | H6: 118943 | I6: {=_xlfn.IFS(B6=2015,H6/$O$10,B6=2016,H6/$O$11,B6=2017,H6/$O$12,B6=2018,H6/$O$13,B6=2019,H6/$O$14,B6=2020,H6/$O$15,B6=2021,H6/$O$16,B6=2022,H6/$O$17)} -> 0.002329443 | J6: {=_xlfn.IFS(B6=2015,I6*$Q$1,B6=2016,I6*$Q$2,B6=2017,I6*$Q$3,B6=2018,I6*$Q$4,B6=2019,I6*$Q$5,B6=2020,I6*$Q$6,B6=2021,I6*$Q$7,B6=2022,I6*$Q$8)} -> 61607.838 | K6: =SUM(J6,H6) -> 180550.84 | L6: =IFERROR(VLOOKUP(G6,'LEAID Match'!$A$2:$B$168,2,FALSE),"") -> 4600027 | N6: 2020 | O6: 101‐11136 | P6: STATE OF SOUTH DAKOTA | Q6: 27190231
A7: =L7 -> 4600027 | B7: 2020 | C7: South Dakota | D7: SD | E7: South Dakota Retirement System | F7: 901100 | G7: EAST DAKOTA ED COOP | H7: 136493 | I7: {=_xlfn.IFS(B7=2015,H7/$O$10,B7=2016,H7/$O$11,B7=2017,H7/$O$12,B7=2018,H7/$O$13,B7=2019,H7/$O$14,B7=2020,H7/$O$15,B7=2021,H7/$O$16,B7=2022,H7/$O$17)} -> 0.0025851474 | J7: {=_xlfn.IFS(B7=2015,I7*$Q$1,B7=2016,I7*$Q$2,B7=2017,I7*$Q$3,B7=2018,I7*$Q$4,B7=2019,I7*$Q$5,B7=2020,I7*$Q$6,B7=2021,I7*$Q$7,B7=2022,I7*$Q$8)} -> 70290.754 | K7: =SUM(J7,H7) -> 206783.75 | L7: =IFERROR(VLOOKUP(G7,'LEAID Match'!$A$2:$B$168,2,FALSE),"") -> 4600027 | N7: 2021 | O7: 101‐11136 | P7: STATE OF SOUTH DAKOTA | Q7: 27838333
A8: =L8 -> 4600027 | B8: 2021 | C8: South Dakota | D8: SD | E8: South Dakota Retirement System | F8: 901100 | G8: EAST DAKOTA ED COOP | H8: 185456 | I8: {=_xlfn.IFS(B8=2015,H8/$O$10,B8=2016,H8/$O$11,B8=2017,H8/$O$12,B8=2018,H8/$O$13,B8=2019,H8/$O$14,B8=2020,H8/$O$15,B8=2021,H8/$O$16,B8=2022,H8/$O$17)} -> 0.0033496262 | J8: {=_xlfn.IFS(B8=2015,I8*$Q$1,B8=2016,I8*$Q$2,B8=2017,I8*$Q$3,B8=2018,I8*$Q$4,B8=2019,I8*$Q$5,B8=2020,I8*$Q$6,B8=2021,I8*$Q$7,B8=2022,I8*$Q$8)} -> 93248.009 | K8: =SUM(J8,H8) -> 278704.01 | L8: =IFERROR(VLOOKUP(G8,'LEAID Match'!$A$2:$B$168,2,FALSE),"") -> 4600027 | N8: 2022 | O8: 101‐11136 | P8: STATE OF SOUTH DAKOTA | Q8: 29457946
A9: =L9 -> 4600027 | B9: 2022 | C9: South Dakota | D9: SD | E9: South Dakota Retirement System | F9: 901100 | G9: EAST DAKOTA ED COOP | H9: 227241 | I9: {=_xlfn.IFS(B9=2015,H9/$O$10,B9=2016,H9/$O$11,B9=2017,H9/$O$12,B9=2018,H9/$O$13,B9=2019,H9/$O$14,B9=2020,H9/$O$15,B9=2021,H9/$O$16,B9=2022,H9/$O$17)} -> 0.0039354919 | J9: {=_xlfn.IFS(B9=2015,I9*$Q$1,B9=2016,I9*$Q$2,B9=2017,I9*$Q$3,B9=2018,I9*$Q$4,B9=2019,I9*$Q$5,B9=2020,I9*$Q$6,B9=2021,I9*$Q$7,B9=2022,I9*$Q$8)} -> 115931.51 | K9: =SUM(J9,H9) -> 343172.51 | L9: =IFERROR(VLOOKUP(G9,'LEAID Match'!$A$2:$B$168,2,FALSE),"") -> 4600027
A10: =L10 -> 4644940 | B10: 2015 | C10: South Dakota | D10: SD | E10: South Dakota Retirement System | F10: 901105 | G10: TRI VALLEY SCHOOL | H10: 214465 | I10: {=_xlfn.IFS(B10=2015,H10/$O$10,B10=2016,H10/$O$11,B10=2017,H10/$O$12,B10=2018,H10/$O$13,B10=2019,H10/$O$14,B10=2020,H10/$O$15,B10=2021,H10/$O$16,B10=2022,H10/$O$17)} -> 0.0050163993 | J10: {=_xlfn.IFS(B10=2015,I10*$Q$1,B10=2016,I10*$Q$2,B10=2017,I10*$Q$3,B10=2018,I10*$Q$4,B10=2019,I10*$Q$5,B10=2020,I10*$Q$6,B10=2021,I10*$Q$7,B10=2022,I10*$Q$8)} -> 123364.07 | K10: =SUM(J10,H10) -> 337829.07 | L10: =IFERROR(VLOOKUP(G10,'LEAID Match'!$A$2:$B$168,2,FALSE),"") -> 4644940 | N10: 2015 | O10: =SUMIF($B$2:$B$1326,N10,$H$2:$H$1326) -> 42752777
A11: =L11 -> 4644940 | B11: 2016 | C11: South Dakota | D11: SD | E11: South Dakota Retirement System | F11: 901105 | G11: TRI VALLEY SCHOOL | H11: 236136 | I11: {=_xlfn.IFS(B11=2015,H11/$O$10,B11=2016,H11/$O$11,B11=2017,H11/$O$12,B11=2018,H11/$O$13,B11=2019,H11/$O$14,B11=2020,H11/$O$15,B11=2021,H11/$O$16,B11=2022,H11/$O$17)} -> 0.0053560511 | J11: {=_xlfn.IFS(B11=2015,I11*$Q$1,B11=2016,I11*$Q$2,B11=2017,I11*$Q$3,B11=2018,I11*$Q$4,B11=2019,I11*$Q$5,B11=2020,I11*$Q$6,B11=2021,I11*$Q$7,B11=2022,I11*$Q$8)} -> 136074.79 | K11: =SUM(J11,H11) -> 372210.79 | L11: =IFERROR(VLOOKUP(G11,'LEAID Match'!$A$2:$B$168,2,FALSE),"") -> 4644940 | N11: 2016 | O11: =SUMIF($B$2:$B$1326,N11,$H$2:$H$1326) -> 44087705
A12: =L12 -> 4644940 | B12: 2017 | C12: South Dakota | D12: SD | E12: South Dakota Retirement System | F12: 901105 | G12: TRI VALLEY SCHOOL | H12: 270010 | I12: {=_xlfn.IFS(B12=2015,H12/$O$10,B12=2016,H12/$O$11,B12=2017,H12/$O$12,B12=2018,H12/$O$13,B12=2019,H12/$O$14,B12=2020,H12/$O$15,B12=2021,H12/$O$16,B12=2022,H12/$O$17)} -> 0.0055748399 | J12: {=_xlfn.IFS(B12=2015,I12*$Q$1,B12=2016,I12*$Q$2,B12=2017,I12*$Q$3,B12=2018,I12*$Q$4,B12=2019,I12*$Q$5,B12=2020,I12*$Q$6,B12=2021,I12*$Q$7,B12=2022,I12*$Q$8)} -> 146649.14 | K12: =SUM(J12,H12) -> 416659.14 | L12: =IFERROR(VLOOKUP(G12,'LEAID Match'!$A$2:$B$168,2,FALSE),"") -> 4644940 | N12: 2017 | O12: =SUMIF($B$2:$B$1326,N12,$H$2:$H$1326) -> 48433678
A13: =L13 -> 4644940 | B13: 2018 | C13: South Dakota | D13: SD | E13: South Dakota Retirement System | F13: 901105 | G13: TRI VALLEY SCHOOL | H13: 283114 | I13: {=_xlfn.IFS(B13=2015,H13/$O$10,B13=2016,H13/$O$11,B13=2017,H13/$O$12,B13=2018,H13/$O$13,B13=2019,H13/$O$14,B13=2020,H13/$O$15,B13=2021,H13/$O$16,B13=2022,H13/$O$17)} -> 0.0056460305 | J13: {=_xlfn.IFS(B13=2015,I13*$Q$1,B13=2016,I13*$Q$2,B13=2017,I13*$Q$3,B13=2018,I13*$Q$4,B13=2019,I13*$Q$5,B13=2020,I13*$Q$6,B13=2021,I13*$Q$7,B13=2022,I13*$Q$8)} -> 148241.1 | K13: =SUM(J13,H13) -> 431355.1 | L13: =IFERROR(VLOOKUP(G13,'LEAID Match'!$A$2:$B$168,2,FALSE),"") -> 4644940 | N13: 2018 | O13: =SUMIF($B$2:$B$1326,N13,$H$2:$H$1326) -> 50143902
A14: =L14 -> 4644940 | B14: 2019 | C14: South Dakota | D14: SD | E14: South Dakota Retirement System | F14: 901105 | G14: TRI VALLEY SCHOOL | H14: 283907 | I14: {=_xlfn.IFS(B14=2015,H14/$O$10,B14=2016,H14/$O$11,B14=2017,H14/$O$12,B14=2018,H14/$O$13,B14=2019,H14/$O$14,B14=2020,H14/$O$15,B14=2021,H14/$O$16,B14=2022,H14/$O$17)} -> 0.0055601857 | J14: {=_xlfn.IFS(B14=2015,I14*$Q$1,B14=2016,I14*$Q$2,B14=2017,I14*$Q$3,B14=2018,I14*$Q$4,B14=2019,I14*$Q$5,B14=2020,I14*$Q$6,B14=2021,I14*$Q$7,B14=2022,I14*$Q$8)} -> 147052.76 | K14: =SUM(J14,H14) -> 430959.76 | L14: =IFERROR(VLOOKUP(G14,'LEAID Match'!$A$2:$B$168,2,FALSE),"") -> 4644940 | N14: 2019 | O14: =SUMIF($B$2:$B$1326,N14,$H$2:$H$1326) -> 51060705
A15: =L15 -> 4644940 | B15: 2020 | C15: South Dakota | D15: SD | E15: South Dakota Retirement System | F15: 901105 | G15: TRI VALLEY SCHOOL | H15: 294755 | I15: {=_xlfn.IFS(B15=2015,H15/$O$10,B15=2016,H15/$O$11,B15=2017,H15/$O$12,B15=2018,H15/$O$13,B15=2019,H15/$O$14,B15=2020,H15/$O$15,B15=2021,H15/$O$16,B15=2022,H15/$O$17)} -> 0.0055825948 | J15: {=_xlfn.IFS(B15=2015,I15*$Q$1,B15=2016,I15*$Q$2,B15=2017,I15*$Q$3,B15=2018,I15*$Q$4,B15=2019,I15*$Q$5,B15=2020,I15*$Q$6,B15=2021,I15*$Q$7,B15=2022,I15*$Q$8)} -> 151792.04 | K15: =SUM(J15,H15) -> 446547.04 | L15: =IFERROR(VLOOKUP(G15,'LEAID Match'!$A$2:$B$168,2,FALSE),"") -> 4644940 | N15: 2020 | O15: =SUMIF($B$2:$B$1326,N15,$H$2:$H$1326) -> 52798924
A16: =L16 -> 4644940 | B16: 2021 | C16: South Dakota | D16: SD | E16: South Dakota Retirement System | F16: 901105 | G16: TRI VALLEY SCHOOL | H16: 317601 | I16: {=_xlfn.IFS(B16=2015,H16/$O$10,B16=2016,H16/$O$11,B16=2017,H16/$O$12,B16=2018,H16/$O$13,B16=2019,H16/$O$14,B16=2020,H16/$O$15,B16=2021,H16/$O$16,B16=2022,H16/$O$17)} -> 0.0057363721 | J16: {=_xlfn.IFS(B16=2015,I16*$Q$1,B16=2016,I16*$Q$2,B16=2017,I16*$Q$3,B16=2018,I16*$Q$4,B16=2019,I16*$Q$5,B16=2020,I16*$Q$6,B16=2021,I16*$Q$7,B16=2022,I16*$Q$8)} -> 159691.04 | K16: =SUM(J16,H16) -> 477292.04 | L16: =IFERROR(VLOOKUP(G16,'LEAID Match'!$A$2:$B$168,2,FALSE),"") -> 4644940 | N16: 2021 | O16: =SUMIF($B$2:$B$1326,N16,$H$2:$H$1326) -> 55366178
A17: =L17 -> 4644940 | B17: 2022 | C17: South Dakota | D17: SD | E17: South Dakota Retirement System | F17: 901105 | G17: TRI VALLEY SCHOOL | H17: 348750 | I17: {=_xlfn.IFS(B17=2015,H17/$O$10,B17=2016,H17/$O$11,B17=2017,H17/$O$12,B17=2018,H17/$O$13,B17=2019,H17/$O$14,B17=2020,H17/$O$15,B17=2021,H17/$O$16,B17=2022,H17/$O$17)} -> 0.0060398555 | J17: {=_xlfn.IFS(B17=2015,I17*$Q$1,B17=2016,I17*$Q$2,B17=2017,I17*$Q$3,B17=2018,I17*$Q$4,B17=2019,I17*$Q$5,B17=2020,I17*$Q$6,B17=2021,I17*$Q$7,B17=2022,I17*$Q$8)} -> 177921.74 | K17: =SUM(J17,H17) -> 526671.74 | L17: =IFERROR(VLOOKUP(G17,'LEAID Match'!$A$2:$B$168,2,FALSE),"") -> 4644940 | N17: 2022 | O17: =SUMIF($B$2:$B$1326,N17,$H$2:$H$1326) -> 57741448
A18: =L18 -> 4604680 | B18: 2015 | C18: South Dakota | D18: SD | E18: South Dakota Retirement System | F18: 901106 | G18: BALTIC SCHOOLS | H18: 128184 | I18: {=_xlfn.IFS(B18=2015,H18/$O$10,B18=2016,H18/$O$11,B18=2017,H18/$O$12,B18=2018,H18/$O$13,B18=2019,H18/$O$14,B18=2020,H18/$O$15,B18=2021,H18/$O$16,B18=2022,H18/$O$17)} -> 0.0029982614 | J18: {=_xlfn.IFS(B18=2015,I18*$Q$1,B18=2016,I18*$Q$2,B18=2017,I18*$Q$3,B18=2018,I18*$Q$4,B18=2019,I18*$Q$5,B18=2020,I18*$Q$6,B18=2021,I18*$Q$7,B18=2022,I18*$Q$8)} -> 73733.708 | K18: =SUM(J18,H18) -> 201917.71 | L18: =IFERROR(VLOOKUP(G18,'LEAID Match'!$A$2:$B$168,2,FALSE),"") -> 4604680
A19: =L19 -> 4604680 | B19: 2016 | C19: South Dakota | D19: SD | E19: South Dakota Retirement System | F19: 901106 | G19: BALTIC SCHOOLS | H19: 136261 | I19: {=_xlfn.IFS(B19=2015,H19/$O$10,B19=2016,H19/$O$11,B19=2017,H19/$O$12,B19=2018,H19/$O$13,B19=2019,H19/$O$14,B19=2020,H19/$O$15,B19=2021,H19/$O$16,B19=2022,H19/$O$17)} -> 0.0030906803 | J19: {=_xlfn.IFS(B19=2015,I19*$Q$1,B19=2016,I19*$Q$2,B19=2017,I19*$Q$3,B19=2018,I19*$Q$4,B19=2019,I19*$Q$5,B19=2020,I19*$Q$6,B19=2021,I19*$Q$7,B19=2022,I19*$Q$8)} -> 78521.22 | K19: =SUM(J19,H19) -> 214782.22 | L19: =IFERROR(VLOOKUP(G19,'LEAID Match'!$A$2:$B$168,2,FALSE),"") -> 4604680
A20: =L20 -> 4604680 | B20: 2017 | C20: South Dakota | D20: SD | E20: South Dakota Retirement System | F20: 901106 | G20: BALTIC SCHOOLS | H20: 160822 | I20: {=_xlfn.IFS(B20=2015,H20/$O$10,B20=2016,H20/$O$11,B20=2017,H20/$O$12,B20=2018,H20/$O$13,B20=2019,H20/$O$14,B20=2020,H20/$O$15,B20=2021,H20/$O$16,B20=2022,H20/$O$17)} -> 0.0033204581 | J20: {=_xlfn.IFS(B20=2015,I20*$Q$1,B20=2016,I20*$Q$2,B20=2017,I20*$Q$3,B20=2018,I20*$Q$4,B20=2019,I20*$Q$5,B20=2020,I20*$Q$6,B20=2021,I20*$Q$7,B20=2022,I20*$Q$8)} -> 87346.424 | K20: =SUM(J20,H20) -> 248168.42 | L20: =IFERROR(VLOOKUP(G20,'LEAID Match'!$A$2:$B$168,2,FALSE),"") -> 4604680
A21: =L21 -> 4604680 | B21: 2018 | C21: South Dakota | D21: SD | E21: South Dakota Retirement System | F21: 901106 | G21: BALTIC SCHOOLS | H21: 162051 | I21: {=_xlfn.IFS(B21=2015,H21/$O$10,B21=2016,H21/$O$11,B21=2017,H21/$O$12,B21=2018,H21/$O$13,B21=2019,H21/$O$14,B21=2020,H21/$O$15,B21=2021,H21/$O$16,B21=2022,H21/$O$17)} -> 0.003231719 | J21: {=_xlfn.IFS(B21=2015,I21*$Q$1,B21=2016,I21*$Q$2,B21=2017,I21*$Q$3,B21=2018,I21*$Q$4,B21=2019,I21*$Q$5,B21=2020,I21*$Q$6,B21=2021,I21*$Q$7,B21=2022,I21*$Q$8)} -> 84851.396 | K21: =SUM(J21,H21) -> 246902.4 | L21: =IFERROR(VLOOKUP(G21,'LEAID Match'!$A$2:$B$168,2,FALSE),"") -> 4604680
A22: =L22 -> 4604680 | B22: 2019 | C22: South Dakota | D22: SD | E22: South Dakota Retirement System | F22: 901106 | G22: BALTIC SCHOOLS | H22: 159948 | I22: {=_xlfn.IFS(B22=2015,H22/$O$10,B22=2016,H22/$O$11,B22=2017,H22/$O$12,B22=2018,H22/$O$13,B22=2019,H22/$O$14,B22=2020,H22/$O$15,B22=2021,H22/$O$16,B22=2022,H22/$O$17)} -> 0.0031325067 | J22: {=_xlfn.IFS(B22=2015,I22*$Q$1,B22=2016,I22*$Q$2,B22=2017,I22*$Q$3,B22=2018,I22*$Q$4,B22=2019,I22*$Q$5,B22=2020,I22*$Q$6,B22=2021,I22*$Q$7,B22=2022,I22*$Q$8)} -> 82846.83 | K22: =SUM(J22,H22) -> 242794.83 | L22: =IFERROR(VLOOKUP(G22,'LEAID Match'!$A$2:$B$168,2,FALSE),"") -> 4604680
A23: =L23 -> 4604680 | B23: 2020 | C23: South Dakota | D23: SD | E23: South Dakota Retirement System | F23: 901106 | G23: BALTIC SCHOOLS | H23: 168387 | I23: {=_xlfn.IFS(B23=2015,H23/$O$10,B23=2016,H23/$O$11,B23=2017,H23/$O$12,B23=2018,H23/$O$13,B23=2019,H23/$O$14,B23=2020,H23/$O$15,B23=2021,H23/$O$16,B23=2022,H23/$O$17)} -> 0.0031892127 | J23: {=_xlfn.IFS(B23=2015,I23*$Q$1,B23=2016,I23*$Q$2,B23=2017,I23*$Q$3,B23=2018,I23*$Q$4,B23=2019,I23*$Q$5,B23=2020,I23*$Q$6,B23=2021,I23*$Q$7,B23=2022,I23*$Q$8)} -> 86715.431 | K23: =SUM(J23,H23) -> 255102.43 | L23: =IFERROR(VLOOKUP(G23,'LEAID Match'!$A$2:$B$168,2,FALSE),"") -> 4604680
A24: =L24 -> 4604680 | B24: 2021 | C24: South Dakota | D24: SD | E24: South Dakota Retirement System | F24: 901106 | G24: BALTIC SCHOOLS | H24: 174119 | I24: {=_xlfn.IFS(B24=2015,H24/$O$10,B24=2016,H24/$O$11,B24=2017,H24/$O$12,B24=2018,H24/$O$13,B24=2019,H24/$O$14,B24=2020,H24/$O$15,B24=2021,H24/$O$16,B24=2022,H24/$O$17)} -> 0.0031448622 | J24: {=_xlfn.IFS(B24=2015,I24*$Q$1,B24=2016,I24*$Q$2,B24=2017,I24*$Q$3,B24=2018,I24*$Q$4,B24=2019,I24*$Q$5,B24=2020,I24*$Q$6,B24=2021,I24*$Q$7,B24=2022,I24*$Q$8)} -> 87547.721 | K24: =SUM(J24,H24) -> 261666.72 | L24: =IFERROR(VLOOKUP(G24,'LEAID Match'!$A$2:$B$168,2,FALSE),"") -> 4604680
A25: =L25 -> 4604680 | B25: 2022 | C25: South Dakota | D25: SD | E25: South Dakota Retirement System | F25: 901106 | G25: BALTIC SCHOOLS | H25: 184773 | I25: {=_xlfn.IFS(B25=2015,H25/$O$10,B25=2016,H25/$O$11,B25=2017,H25/$O$12,B25=2018,H25/$O$13,B25=2019,H25/$O$14,B25=2020,H25/$O$15,B25=2021,H25/$O$16,B25=2022,H25/$O$17)} -> 0.0032000063 | J25: {=_xlfn.IFS(B25=2015,I25*$Q$1,B25=2016,I25*$Q$2,B25=2017,I25*$Q$3,B25=2018,I25*$Q$4,B25=2019,I25*$Q$5,B25=2020,I25*$Q$6,B25=2021,I25*$Q$7,B25=2022,I25*$Q$8)} -> 94265.614 | K25: =SUM(J25,H25) -> 279038.61 | L25: =IFERROR(VLOOKUP(G25,'LEAID Match'!$A$2:$B$168,2,FALSE),"") -> 4604680
A26: =L26 -> 4618120 | B26: 2015 | C26: South Dakota | D26: SD | E26: South Dakota Retirement System | F26: 901110 | G26: DELL RAPIDS SCHOOLS | H26: 241497 | I26: {=_xlfn.IFS(B26=2015,H26/$O$10,B26=2016,H26/$O$11,B26=2017,H26/$O$12,B26=2018,H26/$O$13,B26=2019,H26/$O$14,B26=2020,H26/$O$15,B26=2021,H26/$O$16,B26=2022,H26/$O$17)} -> 0.0056486857 | J26: {=_xlfn.IFS(B26=2015,I26*$Q$1,B26=2016,I26*$Q$2,B26=2017,I26*$Q$3,B26=2018,I26*$Q$4,B26=2019,I26*$Q$5,B26=2020,I26*$Q$6,B26=2021,I26*$Q$7,B26=2022,I26*$Q$8)} -> 138913.35 | K26: =SUM(J26,H26) -> 380410.35 | L26: =IFERROR(VLOOKUP(G26,'LEAID Match'!$A$2:$B$168,2,FALSE),"") -> 4618120
A27: =L27 -> 4618120 | B27: 2016 | C27: South Dakota | D27: SD | E27: South Dakota Retirement System | F27: 901110 | G27: DELL RAPIDS SCHOOLS | H27: 247987 | I27: {=_xlfn.IFS(B27=2015,H27/$O$10,B27=2016,H27/$O$11,B27=2017,H27/$O$12,B27=2018,H27/$O$13,B27=2019,H27/$O$14,B27=2020,H27/$O$15,B27=2021,H27/$O$16,B27=2022,H27/$O$17)} -> 0.0056248562 | J27: {=_xlfn.IFS(B27=2015,I27*$Q$1,B27=2016,I27*$Q$2,B27=2017,I27*$Q$3,B27=2018,I27*$Q$4,B27=2019,I27*$Q$5,B27=2020,I27*$Q$6,B27=2021,I27*$Q$7,B27=2022,I27*$Q$8)} -> 142904 | K27: =SUM(J27,H27) -> 390891 | L27: =IFERROR(VLOOKUP(G27,'LEAID Match'!$A$2:$B$168,2,FALSE),"") -> 4618120
A28: =L28 -> 4618120 | B28: 2017 | C28: South Dakota | D28: SD | E28: South Dakota Retirement System | F28: 901110 | G28: DELL RAPIDS SCHOOLS | H28: 275727 | I28: {=_xlfn.IFS(B28=2015,H28/$O$10,B28=2016,H28/$O$11,B28=2017,H28/$O$12,B28=2018,H28/$O$13,B28=2019,H28/$O$14,B28=2020,H28/$O$15,B28=2021,H28/$O$16,B28=2022,H28/$O$17)} -> 0.0056928776 | J28: {=_xlfn.IFS(B28=2015,I28*$Q$1,B28=2016,I28*$Q$2,B28=2017,I28*$Q$3,B28=2018,I28*$Q$4,B28=2019,I28*$Q$5,B28=2020,I28*$Q$6,B28=2021,I28*$Q$7,B28=2022,I28*$Q$8)} -> 149754.18 | K28: =SUM(J28,H28) -> 425481.18 | L28: =IFERROR(VLOOKUP(G28,'LEAID Match'!$A$2:$B$168,2,FALSE),"") -> 4618120
A29: =L29 -> 4618120 | B29: 2018 | C29: South Dakota | D29: SD | E29: South Dakota Retirement System | F29: 901110 | G29: DELL RAPIDS SCHOOLS | H29: 284455 | I29: {=_xlfn.IFS(B29=2015,H29/$O$10,B29=2016,H29/$O$11,B29=2017,H29/$O$12,B29=2018,H29/$O$13,B29=2019,H29/$O$14,B29=2020,H29/$O$15,B29=2021,H29/$O$16,B29=2022,H29/$O$17)} -> 0.0056727735 | J29: {=_xlfn.IFS(B29=2015,I29*$Q$1,B29=2016,I29*$Q$2,B29=2017,I29*$Q$3,B29=2018,I29*$Q$4,B29=2019,I29*$Q$5,B29=2020,I29*$Q$6,B29=2021,I29*$Q$7,B29=2022,I29*$Q$8)} -> 148943.26 | K29: =SUM(J29,H29) -> 433398.26 | L29: =IFERROR(VLOOKUP(G29,'LEAID Match'!$A$2:$B$168,2,FALSE),"") -> 4618120
... A1326: =L1326 -> 4622940 | B1326: 2022 | C1326: South Dakota | D1326: SD | E1326: South Dakota Retirement System | F1326: 964108 | G1326: FAITH SCHOOLS | H1326: 60766 | I1326: {=_xlfn.IFS(B1326=2015,H1326/$O$10,B1326=2016,H1326/$O$11,B1326=2017,H1326/$O$12,B1326=2018,H1326/$O$13,B1326=2019,H1326/$O$14,B1326=2020,H1326/$O$15,B1326=2021,H1326/$O$16,B1326=2022,H1326/$O$17)} -> 0.001052381 | J1326: {=_xlfn.IFS(B1326=2015,I1326*$Q$1,B1326=2016,I1326*$Q$2,B1326=2017,I1326*$Q$3,B1326=2018,I1326*$Q$4,B1326=2019,I1326*$Q$5,B1326=2020,I1326*$Q$6,B1326=2021,I1326*$Q$7,B1326=2022,I1326*$Q$8)} -> 31000.981 | K1326: =SUM(J1326,H1326) -> 91766.981 | L1326: =IFERROR(VLOOKUP(G1326,'LEAID Match'!$A$2:$B$168,2,FALSE),"") -> 4622940

Sheet GASB 68 Data -->

Sheet 2022
A1: Year | B1: employer_number | C1: employer_name | D1: employer_contributions
A2: 2022 | B2: 903103 | C2: ABERDEEN SCHOOL DISTRICT | D2: 1578612
A3: 2022 | B3: 959126 | C3: AGAR‐BLUNT‐ONIDA SCHOOLS | D3: 145880
A4: 2022 | B4: 962102 | C4: ALCESTER‐HUDSON SCHOOLS | D4: 157376
A5: 2022 | B5: 917102 | C5: ANDES CENTRAL SCHOOLS | D5: 200996
A6: 2022 | B6: 942100 | C6: ARLINGTON SCHOOLS | D6: 121259
A7: 2022 | B7: 925101 | C7: ARMOUR SCHOOLS | D7: 99097
A8: 2022 | B8: 912103 | C8: AVON SCHOOL | D8: 98415
A9: 2022 | B9: 901106 | C9: BALTIC SCHOOLS | D9: 184773
A10: 2022 | B10: 915100 | C10: BELLE FOURCHE SCHOOLS | D10: 441708
A11: 2022 | B11: 911109 | C11: BENNETT COUNTY SCHOOL | D11: 224939
A12: 2022 | B12: 962150 | C12: BERESFORD SCHOOLS | D12: 250079
A13: 2022 | B13: 929144 | C13: BIG STONE CITY SCHOOLS | D13: 65391
... A165: 2022 | B165: 907100 | C165: YANKTON SCHOOLS | D165: 998734
A166: 2022 | B166: 101‐11136 | C166: STATE OF SOUTH DAKOTA | D166: 29457946
A167: 2022 | B167: 909102 | C167: BLACK HILLS SPEC SERV COOP | D167: 1038571
A168: 2022 | B168: 903501 | C168: SCHOOL FOR VIS. IMPAIR. | D168: 122970

Sheet 2021
A1: Year | B1: employer_number | C1: employer_name | D1: employer_contributions
A2: 2021 | B2: 903103 | C2: ABERDEEN SCHOOL DISTRICT | D2: 1594740
A3: 2021 | B3: 959126 | C3: AGAR‐BLUNT‐ONIDA SCHOOLS | D3: 143584
A4: 2021 | B4: 962102 | C4: ALCESTER‐HUDSON SCHOOLS | D4: 148557
A5: 2021 | B5: 917102 | C5: ANDES CENTRAL SCHOOLS | D5: 195055
A6: 2021 | B6: 942100 | C6: ARLINGTON SCHOOLS | D6: 130210
A7: 2021 | B7: 925101 | C7: ARMOUR SCHOOLS | D7: 95717
A8: 2021 | B8: 912103 | C8: AVON SCHOOL | D8: 89290
A9: 2021 | B9: 901106 | C9: BALTIC SCHOOLS | D9: 174119
A10: 2021 | B10: 915100 | C10: BELLE FOURCHE SCHOOLS | D10: 425044
A11: 2021 | B11: 911109 | C11: BENNETT COUNTY SCHOOL | D11: 226466
A12: 2021 | B12: 962150 | C12: BERESFORD SCHOOLS | D12: 238621
A13: 2021 | B13: 929144 | C13: BIG STONE CITY SCHOOLS | D13: 60608
... A164: 2021 | B164: 907100 | C164: YANKTON SCHOOLS | D164: 1000973
A165: 2021 | B165: 101‐11136 | C165: STATE OF SOUTH DAKOTA | D165: 27838333
A166: 2021 | B166: 909102 | C166: BLACK HILLS SPEC SERV COOP | D166: 964889
A167: 2021 | B167: 903501 | C167: SCHOOL FOR VIS. IMPAIR. | D167: 116909

Sheet 2020
A1: Year | B1: employer_number | C1: employer_name | D1: employer_contributions
A2: 2020 | B2: 903103 | C2: ABERDEEN SCHOOL DISTRICT | D2: 1529719
A3: 2020 | B3: 959126 | C3: AGAR‐BLUNT‐ONIDA SCHOOLS | D3: 132751
A4: 2020 | B4: 962102 | C4: ALCESTER‐HUDSON SCHOOLS | D4: 141760
A5: 2020 | B5: 917102 | C5: ANDES CENTRAL SCHOOLS | D5: 186681
A6: 2020 | B6: 942100 | C6: ARLINGTON SCHOOLS | D6: 111113
A7: 2020 | B7: 925101 | C7: ARMOUR SCHOOLS | D7: 86258
A8: 2020 | B8: 912103 | C8: AVON SCHOOL | D8: 84548
A9: 2020 | B9: 901106 | C9: BALTIC SCHOOLS | D9: 168387
A10: 2020 | B10: 915100 | C10: BELLE FOURCHE SCHOOLS | D10: 400098
A11: 2020 | B11: 911109 | C11: BENNETT COUNTY SCHOOL | D11: 217377
A12: 2020 | B12: 962150 | C12: BERESFORD SCHOOLS | D12: 218287
A13: 2020 | B13: 929144 | C13: BIG STONE CITY SCHOOLS | D13: 56512
... A164: 2020 | B164: 907100 | C164: YANKTON SCHOOLS | D164: 935919
A165: 2020 | B165: 101‐11136 | C165: STATE OF SOUTH DAKOTA | D165: 27190231
A166: 2020 | B166: 909102 | C166: BLACK HILLS SPEC SERV COOP | D166: 807587
A167: 2020 | B167: 903501 | C167: SCHOOL FOR VIS. IMPAIR. | D167: 127598

Sheet 2019
A1: Year | B1: employer_number | C1: employer_name | D1: employer_contributions
A2: 2019 | B2: 903103 | C2: ABERDEEN SCHOOL DISTRICT | D2: 1506073
A3: 2019 | B3: 959126 | C3: AGAR‐BLUNT‐ONIDA SCHOOLS | D3: 126458
A4: 2019 | B4: 962102 | C4: ALCESTER‐HUDSON SCHOOLS | D4: 133167
A5: 2019 | B5: 917102 | C5: ANDES CENTRAL SCHOOLS | D5: 181603
A6: 2019 | B6: 942100 | C6: ARLINGTON SCHOOLS | D6: 111210
A7: 2019 | B7: 925101 | C7: ARMOUR SCHOOLS | D7: 81911
A8: 2019 | B8: 912103 | C8: AVON SCHOOL | D8: 83703
A9: 2019 | B9: 901106 | C9: BALTIC SCHOOLS | D9: 159948
A10: 2019 | B10: 915100 | C10: BELLE FOURCHE SCHOOLS | D10: 392722
A11: 2019 | B11: 911109 | C11: BENNETT COUNTY SCHOOL | D11: 214960
A12: 2019 | B12: 962150 | C12: BERESFORD SCHOOLS | D12: 210002
A13: 2019 | B13: 929144 | C13: BIG STONE CITY SCHOOLS | D13: 55839
... A164: 2019 | B164: 907100 | C164: YANKTON SCHOOLS | D164: 905090
A165: 2019 | B165: 101‐11136 | C165: STATE OF SOUTH DAKOTA | D165: 26447455
A166: 2019 | B166: 909102 | C166: BLACK HILLS SPEC SERV COOP | D166: 802281
A167: 2019 | B167: 903501 | C167: SCHOOL FOR VIS. IMPAIR. | D167: 133451

Sheet 2018
A1: Year | B1: employer_number | C1: employer_name | D1: employer_contributions
A2: 2018 | B2: 903103 | C2: ABERDEEN SCHOOL DISTRICT | D2: 1461795
A3: 2018 | B3: 959126 | C3: AGAR-BLUNT-ONIDA SCHOOLS | D3: 119518
A4: 2018 | B4: 962102 | C4: ALCESTER-HUDSON SCHOOLS | D4: 130997
A5: 2018 | B5: 917102 | C5: ANDES CENTRAL SCHOOLS | D5: 171504
A6: 2018 | B6: 942100 | C6: ARLINGTON SCHOOLS | D6: 106401
A7: 2018 | B7: 925101 | C7: ARMOUR SCHOOLS | D7: 76069
A8: 2018 | B8: 912103 | C8: AVON SCHOOL | D8: 87194
A9: 2018 | B9: 901106 | C9: BALTIC SCHOOLS | D9: 162051
A10: 2018 | B10: 915100 | C10: BELLE FOURCHE SCHOOLS | D10: 382714
A11: 2018 | B11: 911109 | C11: BENNETT COUNTY SCHOOL | D11: 202069
A12: 2018 | B12: 962150 | C12: BERESFORD SCHOOLS | D12: 206920
A13: 2018 | B13: 929144 | C13: BIG STONE CITY SCHOOLS | D13: 53782
... A164: 2018 | B164: 907100 | C164: YANKTON SCHOOLS | D164: 880300
A165: 2018 | B165: 101‐11136 | C165: STATE OF SOUTH DAKOTA | D165: 26255809
A166: 2018 | B166: 909102 | C166: BLACK HILLS SPEC SERV COOP | D166: 794902
A167: 2018 | B167: 903501 | C167: SCHOOL FOR VIS. IMPAIR. | D167: 141959

Sheet 2017
A1: Year | B1: employer_number | C1: employer_name | D1: employer_contributions
A2: 2017 | B2: 903103 | C2: ABERDEEN SCHOOL DISTRICT | D2: 1398918
A3: 2017 | B3: 959126 | C3: AGAR-BLUNT-ONIDA SCHOOLS | D3: 110435
A4: 2017 | B4: 962102 | C4: ALCESTER-HUDSON SCHOOLS | D4: 129222
A5: 2017 | B5: 917102 | C5: ANDES CENTRAL SCHOOLS | D5: 170760
A6: 2017 | B6: 942100 | C6: ARLINGTON SCHOOLS | D6: 105276
A7: 2017 | B7: 925101 | C7: ARMOUR SCHOOLS | D7: 70144
A8: 2017 | B8: 912103 | C8: AVON SCHOOL | D8: 86150
A9: 2017 | B9: 901106 | C9: BALTIC SCHOOLS | D9: 160822
A10: 2017 | B10: 915100 | C10: BELLE FOURCHE SCHOOLS | D10: 369844
A11: 2017 | B11: 911109 | C11: BENNETT COUNTY SCHOOL | D11: 211414
A12: 2017 | B12: 962150 | C12: BERESFORD SCHOOLS | D12: 207861
A13: 2017 | B13: 929144 | C13: BIG STONE CITY SCHOOLS | D13: 47668
... A165: 2017 | B165: 907100 | C165: YANKTON SCHOOLS | D165: 874003
A166: 2017 | B166: 101‐11136 | C166: STATE OF SOUTH DAKOTA | D166: 26305534
A167: 2017 | B167: 909102 | C167: BLACK HILLS SPEC SERV COOP | D167: 800137
A168: 2017 | B168: 903501 | C168: SCHOOL FOR VIS. IMPAIR. | D168: 134856

Sheet 2016
A1: Year | B1: employer_number | C1: employer_name | D1: employer_contributions
A2: 2016 | B2: 903103 | C2: ABERDEEN SCHOOL DISTRICT | D2: 1258689
A3: 2016 | B3: 959126 | C3: AGAR-BLUNT-ONIDA SCHOOLS | D3: 110235
A4: 2016 | B4: 962102 | C4: ALCESTER-HUDSON SCHOOLS | D4: 112232
A5: 2016 | B5: 917102 | C5: ANDES CENTRAL SCHOOLS | D5: 161078
A6: 2016 | B6: 942100 | C6: ARLINGTON SCHOOLS | D6: 99348
A7: 2016 | B7: 925101 | C7: ARMOUR SCHOOLS | D7: 57555
A8: 2016 | B8: 912103 | C8: AVON SCHOOL | D8: 77170
A9: 2016 | B9: 901106 | C9: BALTIC SCHOOLS | D9: 136261
A10: 2016 | B10: 915100 | C10: BELLE FOURCHE SCHOOLS | D10: 337231
A11: 2016 | B11: 911109 | C11: BENNETT COUNTY SCHOOL | D11: 186715
A12: 2016 | B12: 962150 | C12: BERESFORD SCHOOLS | D12: 184542
A13: 2016 | B13: 929144 | C13: BIG STONE CITY SCHOOLS | D13: 45191
... A166: 2016 | B166: 907100 | C166: YANKTON SCHOOLS | D166: 789695
A167: 2016 | B167: 101‐11136 | C167: STATE OF SOUTH DAKOTA | D167: 25405805
A168: 2016 | B168: 909102 | C168: BLACK HILLS SPEC SERV COOP | D168: 766992
A169: 2016 | B169: 903501 | C169: SCHOOL FOR VIS. IMPAIR. | D169: 131650

Sheet 2015
A1: Year | B1: employer_number | C1: employer_name | D1: employer_contributions
A2: 2015 | B2: 903103 | C2: ABERDEEN SCHOOL DISTRICT | D2: 1204678
A3: 2015 | B3: 959126 | C3: AGAR-BLUNT-ONIDA SCHOOLS | D3: 104311
A4: 2015 | B4: 962102 | C4: ALCESTER-HUDSON SCHOOLS | D4: 104269
A5: 2015 | B5: 917102 | C5: ANDES CENTRAL SCHOOLS | D5: 153598
A6: 2015 | B6: 942100 | C6: ARLINGTON SCHOOLS | D6: 94527
A7: 2015 | B7: 925101 | C7: ARMOUR SCHOOLS | D7: 55452
A8: 2015 | B8: 912103 | C8: AVON SCHOOL | D8: 75430
A9: 2015 | B9: 901106 | C9: BALTIC SCHOOLS | D9: 128184
A10: 2015 | B10: 915100 | C10: BELLE FOURCHE SCHOOLS | D10: 323801
A11: 2015 | B11: 911109 | C11: BENNETT COUNTY SCHOOL | D11: 132636
A12: 2015 | B12: 962150 | C12: BERESFORD SCHOOLS | D12: 176665
A13: 2015 | B13: 929144 | C13: BIG STONE CITY SCHOOLS | D13: 48792
... A166: 2015 | B166: 907100 | C166: YANKTON SCHOOLS | D166: 756379
A167: 2015 | B167: 101‐11136 | C167: STATE OF SOUTH DAKOTA | D167: 24592155
A168: 2015 | B168: 909102 | C168: BLACK HILLS SPEC SERV COOP | D168: 775980
A169: 2015 | B169: 903501 | C169: SCHOOL FOR VIS. IMPAIR. | D169: 129107

Sheet NCES Data -->

Sheet LEAID Match
A1: district_name | B1: LEAID
A2: ABERDEEN SCHOOL DISTRICT | B2: 4602070
A3: AGAR-BLUNT-ONIDA SCHOOLS | B3: 4600042
A4: ALCESTER-HUDSON SCHOOLS | B4: 4600028
A5: ANDES CENTRAL SCHOOLS | B5: 4639540
A6: ARLINGTON SCHOOLS | B6: 4603720
A7: ARMOUR SCHOOLS | B7: 4603780
A8: AVON SCHOOL | B8: 4604270
A9: BALTIC SCHOOLS | B9: 4604680
A10: BELLE FOURCHE SCHOOLS | B10: 4605610
A11: BENNETT COUNTY SCHOOL | B11: 4606240
A12: BERESFORD SCHOOLS | B12: 4606360
A13: BIG STONE CITY SCHOOLS | B13: 4606960
... A168: YANKTON SCHOOLS | B168: 4680430
