Workbook

Sheet Summary
A1: Year | B1: State | C1: state_abv | D1: plan | E1: district_name_standardized | F1: district_name | G1: district_contributions | H1: state_contributions | I1: total_contributions | J1: LEAID_match
A2: 2015 | B2: New Hampshire | C2: NH | D2: New Hampshire Retirement System | E2: Albany - Emp | F2: ALBANY - EMP | G2: 4273.25 | H2: 0 | I2: =SUM(G2:H2) -> 4273.25 | J2: =IFERROR(VLOOKUP(E2,'LEAID Match'!$A$2:$B$168,2,FALSE),"")
A3: 2016 | B3: New Hampshire | C3: NH | D3: New Hampshire Retirement System | E3: Albany - Emp | F3: Albany - Emp | G3: 4528 | H3: 0 | I3: =SUM(G3:H3) -> 4528 | J3: =IFERROR(VLOOKUP(E3,'LEAID Match'!$A$2:$B$168,2,FALSE),"")
A4: 2017 | B4: New Hampshire | C4: NH | D4: New Hampshire Retirement System | E4: Albany - Emp | F4: Albany - Emp | G4: 4484 | H4: 0 | I4: =SUM(G4:H4) -> 4484 | J4: =IFERROR(VLOOKUP(E4,'LEAID Match'!$A$2:$B$168,2,FALSE),"")
A5: 2018 | B5: New Hampshire | C5: NH | D5: New Hampshire Retirement System | E5: Albany - Emp | F5: Albany - Emp | G5: 4662 | H5: 0 | I5: =SUM(G5:H5) -> 4662 | J5: =IFERROR(VLOOKUP(E5,'LEAID Match'!$A$2:$B$168,2,FALSE),"")
A6: 2019 | B6: New Hampshire | C6: NH | D6: New Hampshire Retirement System | E6: Albany - Emp | F6: Albany - Emp | G6: 4839 | H6: 0 | I6: =SUM(G6:H6) -> 4839 | J6: =IFERROR(VLOOKUP(E6,'LEAID Match'!$A$2:$B$168,2,FALSE),"")
A7: 2015 | B7: New Hampshire | C7: NH | D7: New Hampshire Retirement System | E7: Alexandria - Emp/Pol | F7: ALEXANDRIA - EMP/POL | G7: 35431.44 | H7: 0 | I7: =SUM(G7:H7) -> 35431.44 | J7: =IFERROR(VLOOKUP(E7,'LEAID Match'!$A$2:$B$168,2,FALSE),"")
A8: 2016 | B8: New Hampshire | C8: NH | D8: New Hampshire Retirement System | E8: Alexandria - Emp/Pol | F8: Alexandria - Emp/Pol | G8: 42440 | H8: 0 | I8: =SUM(G8:H8) -> 42440 | J8: =IFERROR(VLOOKUP(E8,'LEAID Match'!$A$2:$B$168,2,FALSE),"")
A9: 2017 | B9: New Hampshire | C9: NH | D9: New Hampshire Retirement System | E9: Alexandria - Emp/Pol | F9: Alexandria - Emp/Pol | G9: 42952 | H9: 0 | I9: =SUM(G9:H9) -> 42952 | J9: =IFERROR(VLOOKUP(E9,'LEAID Match'!$A$2:$B$168,2,FALSE),"")
A10: 2018 | B10: New Hampshire | C10: NH | D10: New Hampshire Retirement System | E10: Alexandria - Emp/Pol | F10: Alexandria - Emp/Pol | G10: 47287 | H10: 0 | I10: =SUM(G10:H10) -> 47287 | J10: =IFERROR(VLOOKUP(E10,'LEAID Match'!$A$2:$B$168,2,FALSE),"")
A11: 2019 | B11: New Hampshire | C11: NH | D11: New Hampshire Retirement System | E11: Alexandria - Emp/Pol | F11: Alexandria - Emp/Pol | G11: 50980 | H11: 0 | I11: =SUM(G11:H11) -> 50980 | J11: =IFERROR(VLOOKUP(E11,'LEAID Match'!$A$2:$B$168,2,FALSE),"")
A12: 2015 | B12: New Hampshire | C12: NH | D12: New Hampshire Retirement System | E12: Allenstown - Emp/Fire/Pol | F12: ALLENSTOWN - EMP/FIRE/POL | G12: 185934.67 | H12: 0 | I12: =SUM(G12:H12) -> 185934.67 | J12: =IFERROR(VLOOKUP(E12,'LEAID Match'!$A$2:$B$168,2,FALSE),"")
A13: 2016 | B13: New Hampshire | C13: NH | D13: New Hampshire Retirement System | E13: Allenstown - Emp/Fire/Pol | F13: Allenstown - Emp/Fire/Pol | G13: 207076 | H13: 0 | I13: =SUM(G13:H13) -> 207076 | J13: =IFERROR(VLOOKUP(E13,'LEAID Match'!$A$2:$B$168,2,FALSE),"")
... A28: 2017 | B28: New Hampshire | C28: NH | D28: New Hampshire Retirement System | E28: Allenstown Sewer Commission | F28: Allenstown Sewer Commission | G28: 19632 | H28: 0 | I28: =SUM(G28:H28) -> 19632 | J28: =IFERROR(VLOOKUP(E28,'LEAID Match'!$A$2:$B$168,2,FALSE),"")
A29: 2018 | B29: New Hampshire | C29: NH | D29: New Hampshire Retirement System | E29: Allenstown Sewer Commission | F29: Allenstown Sewer Commission | H29: 0 | I29: =SUM(G29:H29) -> 0 | J29: =IFERROR(VLOOKUP(E29,'LEAID Match'!$A$2:$B$168,2,FALSE),"")
A30: 2019 | B30: New Hampshire | C30: NH | D30: New Hampshire Retirement System | E30: Allenstown Sewer Commission | F30: Allenstown Sewer Commission | H30: 0 | I30: =SUM(G30:H30) -> 0 | J30: =IFERROR(VLOOKUP(E30,'LEAID Match'!$A$2:$B$168,2,FALSE),"")
A31: 2020 | B31: New Hampshire | C31: NH | D31: New Hampshire Retirement System | E31: Allenstown Sewer Commission | F31: Allenstown Sewer Commission | H31: 0 | I31: =SUM(G31:H31) -> 0 | J31: =IFERROR(VLOOKUP(E31,'LEAID Match'!$A$2:$B$168,2,FALSE),"")
A32: 2021 | B32: New Hampshire | C32: NH | D32: New Hampshire Retirement System | E32: Allenstown Sewer Commission | F32: Allenstown Sewer Commission | H32: 0 | I32: =SUM(G32:H32) -> 0 | J32: =IFERROR(VLOOKUP(E32,'LEAID Match'!$A$2:$B$168,2,FALSE),"")
A33: 2015 | B33: New Hampshire | C33: NH | D33: New Hampshire Retirement System | E33: Alstead - Police | F33: ALSTEAD - POLICE | G33: 17607.59 | H33: 0 | I33: =SUM(G33:H33) -> 17607.59 | J33: =IFERROR(VLOOKUP(E33,'LEAID Match'!$A$2:$B$168,2,FALSE),"")
A34: 2016 | B34: New Hampshire | C34: NH | D34: New Hampshire Retirement System | E34: Alstead - Police | F34: Alstead - Police | G34: 14318 | H34: 0 | I34: =SUM(G34:H34) -> 14318 | J34: =IFERROR(VLOOKUP(E34,'LEAID Match'!$A$2:$B$168,2,FALSE),"")
A35: 2017 | B35: New Hampshire | C35: NH | D35: New Hampshire Retirement System | E35: Alstead - Police | F35: Alstead - Police | G35: 17349 | H35: 0 | I35: =SUM(G35:H35) -> 17349 | J35: =IFERROR(VLOOKUP(E35,'LEAID Match'!$A$2:$B$168,2,FALSE),"")
A36: 2018 | B36: New Hampshire | C36: NH | D36: New Hampshire Retirement System | E36: Alstead - Police | F36: Alstead - Police | G36: 26431 | H36: 0 | I36: =SUM(G36:H36) -> 26431 | J36: =IFERROR(VLOOKUP(E36,'LEAID Match'!$A$2:$B$168,2,FALSE),"")
A37: 2019 | B37: New Hampshire | C37: NH | D37: New Hampshire Retirement System | E37: Alstead - Police | F37: Alstead - Police | G37: 28710 | H37: 0 | I37: =SUM(G37:H37) -> 28710 | J37: =IFERROR(VLOOKUP(E37,'LEAID Match'!$A$2:$B$168,2,FALSE),"")
A38: 2015 | B38: New Hampshire | C38: NH | D38: New Hampshire Retirement System | E38: Alton - Emp/Fire/Pol | F38: ALTON - EMP/FIRE/POL | G38: 384134.46 | H38: 0 | I38: =SUM(G38:H38) -> 384134.46 | J38: =IFERROR(VLOOKUP(E38,'LEAID Match'!$A$2:$B$168,2,FALSE),"")
A39: 2016 | B39: New Hampshire | C39: NH | D39: New Hampshire Retirement System | E39: Alton - Emp/Fire/Pol | F39: Alton - Emp/Fire/Pol | G39: 408396 | H39: 0 | I39: =SUM(G39:H39) -> 408396 | J39: =IFERROR(VLOOKUP(E39,'LEAID Match'!$A$2:$B$168,2,FALSE),"")
A40: 2017 | B40: New Hampshire | C40: NH | D40: New Hampshire Retirement System | E40: Alton - Emp/Fire/Pol | F40: Alton - Emp/Fire/Pol | G40: 385599 | H40: 0 | I40: =SUM(G40:H40) -> 385599 | J40: =IFERROR(VLOOKUP(E40,'LEAID Match'!$A$2:$B$168,2,FALSE),"")
A41: 2018 | B41: New Hampshire | C41: NH | D41: New Hampshire Retirement System | E41: Alton - Emp/Fire/Pol | F41: Alton - Emp/Fire/Pol | G41: 423616 | H41: 0 | I41: =SUM(G41:H41) -> 423616 | J41: =IFERROR(VLOOKUP(E41,'LEAID Match'!$A$2:$B$168,2,FALSE),"")
A42: 2019 | B42: New Hampshire | C42: NH | D42: New Hampshire Retirement System | E42: Alton - Emp/Fire/Pol | F42: Alton - Emp/Fire/Pol | G42: 464330 | H42: 0 | I42: =SUM(G42:H42) -> 464330 | J42: =IFERROR(VLOOKUP(E42,'LEAID Match'!$A$2:$B$168,2,FALSE),"")
A43: 2015 | B43: New Hampshire | C43: NH | D43: New Hampshire Retirement System | E43: Alton SD | F43: ALTON SD - EMP/TEACH | G43: 500661.01 | H43: 0 | I43: =SUM(G43:H43) -> 500661.01 | J43: =IFERROR(VLOOKUP(E43,'LEAID Match'!$A$2:$B$168,2,FALSE),"") -> 3301440
A44: 2016 | B44: New Hampshire | C44: NH | D44: New Hampshire Retirement System | E44: Alton SD | F44: Alton Sd - Emp/Teach | G44: 536840 | H44: 0 | I44: =SUM(G44:H44) -> 536840 | J44: =IFERROR(VLOOKUP(E44,'LEAID Match'!$A$2:$B$168,2,FALSE),"") -> 3301440
... A104: 2020 | B104: New Hampshire | C104: NH | D104: New Hampshire Retirement System | E104: Ashland Electric Dept - Emp | F104: Ashland Electric Dept - Emp | G104: 12012 | H104: 0 | I104: =SUM(G104:H104) -> 12012 | J104: =IFERROR(VLOOKUP(E104,'LEAID Match'!$A$2:$B$168,2,FALSE),"")
A105: 2021 | B105: New Hampshire | C105: NH | D105: New Hampshire Retirement System | E105: Ashland Electric Dept - Emp | F105: Ashland Electric Dept - Emp | H105: 0 | I105: =SUM(G105:H105) -> 0 | J105: =IFERROR(VLOOKUP(E105,'LEAID Match'!$A$2:$B$168,2,FALSE),"")
A106: 2015 | B106: New Hampshire | C106: NH | D106: New Hampshire Retirement System | E106: Ashland SD | F106: ASHLAND SD - (SAU 02) | G106: 158958.18 | H106: 0 | I106: =SUM(G106:H106) -> 158958.18 | J106: =IFERROR(VLOOKUP(E106,'LEAID Match'!$A$2:$B$168,2,FALSE),"") -> 3301560
A107: 2016 | B107: New Hampshire | C107: NH | D107: New Hampshire Retirement System | E107: Ashland SD | F107: Ashland Sd - (Sau 02) | G107: 167612 | H107: 0 | I107: =SUM(G107:H107) -> 167612 | J107: =IFERROR(VLOOKUP(E107,'LEAID Match'!$A$2:$B$168,2,FALSE),"") -> 3301560
A108: 2017 | B108: New Hampshire | C108: NH | D108: New Hampshire Retirement System | E108: Ashland SD | F108: Ashland Sd - (Sau 02) | G108: 178164 | H108: 0 | I108: =SUM(G108:H108) -> 178164 | J108: =IFERROR(VLOOKUP(E108,'LEAID Match'!$A$2:$B$168,2,FALSE),"") -> 3301560
A109: 2018 | B109: New Hampshire | C109: NH | D109: New Hampshire Retirement System | E109: Ashland SD | F109: Ashland Sd - (Sau 02) | G109: 217688 | H109: 0 | I109: =SUM(G109:H109) -> 217688 | J109: =IFERROR(VLOOKUP(E109,'LEAID Match'!$A$2:$B$168,2,FALSE),"") -> 3301560
A110: 2019 | B110: New Hampshire | C110: NH | D110: New Hampshire Retirement System | E110: Ashland SD | F110: Ashland Sd - (Sau 02) | G110: 229681 | H110: 0 | I110: =SUM(G110:H110) -> 229681 | J110: =IFERROR(VLOOKUP(E110,'LEAID Match'!$A$2:$B$168,2,FALSE),"") -> 3301560
A111: 2020 | B111: New Hampshire | C111: NH | D111: New Hampshire Retirement System | E111: Ashland SD | F111: Ashland SD | G111: 246870 | H111: 0 | I111: =SUM(G111:H111) -> 246870 | J111: =IFERROR(VLOOKUP(E111,'LEAID Match'!$A$2:$B$168,2,FALSE),"") -> 3301560
A112: 2021 | B112: New Hampshire | C112: NH | D112: New Hampshire Retirement System | E112: Ashland SD | F112: Ashland SD | G112: 250299 | H112: 0 | I112: =SUM(G112:H112) -> 250299 | J112: =IFERROR(VLOOKUP(E112,'LEAID Match'!$A$2:$B$168,2,FALSE),"") -> 3301560
A113: 2022 | B113: New Hampshire | C113: NH | D113: New Hampshire Retirement System | E113: Ashland SD | F113: Ashland SD | G113: 331478 | H113: 0 | I113: =SUM(G113:H113) -> 331478 | J113: =IFERROR(VLOOKUP(E113,'LEAID Match'!$A$2:$B$168,2,FALSE),"") -> 3301560
A114: 2023 | B114: New Hampshire | C114: NH | D114: New Hampshire Retirement System | E114: Ashland SD | F114: Ashland SD | G114: 349587 | H114: 0 | I114: =SUM(G114:H114) -> 349587 | J114: =IFERROR(VLOOKUP(E114,'LEAID Match'!$A$2:$B$168,2,FALSE),"") -> 3301560
A115: 2015 | B115: New Hampshire | C115: NH | D115: New Hampshire Retirement System | E115: Atkinson - Emp/Police | F115: ATKINSON - EMP/POLICE | G115: 111615.46 | H115: 0 | I115: =SUM(G115:H115) -> 111615.46 | J115: =IFERROR(VLOOKUP(E115,'LEAID Match'!$A$2:$B$168,2,FALSE),"")
A116: 2016 | B116: New Hampshire | C116: NH | D116: New Hampshire Retirement System | E116: Atkinson - Emp/Police | F116: Atkinson - Emp/Police | G116: 140941 | H116: 0 | I116: =SUM(G116:H116) -> 140941 | J116: =IFERROR(VLOOKUP(E116,'LEAID Match'!$A$2:$B$168,2,FALSE),"")
A117: 2017 | B117: New Hampshire | C117: NH | D117: New Hampshire Retirement System | E117: Atkinson - Emp/Police | F117: Atkinson - Emp/Police | G117: 142802 | H117: 0 | I117: =SUM(G117:H117) -> 142802 | J117: =IFERROR(VLOOKUP(E117,'LEAID Match'!$A$2:$B$168,2,FALSE),"")
... A136: 2017 | B136: New Hampshire | C136: NH | D136: New Hampshire Retirement System | E136: Baker Free Library - Emp | F136: Baker Free Library - Emp | G136: 13171 | H136: 0 | I136: =SUM(G136:H136) -> 13171 | J136: =IFERROR(VLOOKUP(E136,'LEAID Match'!$A$2:$B$168,2,FALSE),"")
A137: 2018 | B137: New Hampshire | C137: NH | D137: New Hampshire Retirement System | E137: Baker Free Library - Emp | F137: Baker Free Library - Emp | H137: 0 | I137: =SUM(G137:H137) -> 0 | J137: =IFERROR(VLOOKUP(E137,'LEAID Match'!$A$2:$B$168,2,FALSE),"")
A138: 2019 | B138: New Hampshire | C138: NH | D138: New Hampshire Retirement System | E138: Baker Free Library - Emp | F138: Baker Free Library - Emp | H138: 0 | I138: =SUM(G138:H138) -> 0 | J138: =IFERROR(VLOOKUP(E138,'LEAID Match'!$A$2:$B$168,2,FALSE),"")
A139: 2020 | B139: New Hampshire | C139: NH | D139: New Hampshire Retirement System | E139: Baker Free Library - Emp | F139: Baker Free Library - Emp | H139: 0 | I139: =SUM(G139:H139) -> 0 | J139: =IFERROR(VLOOKUP(E139,'LEAID Match'!$A$2:$B$168,2,FALSE),"")
A140: 2021 | B140: New Hampshire | C140: NH | D140: New Hampshire Retirement System | E140: Baker Free Library - Emp | F140: Baker Free Library - Emp | H140: 0 | I140: =SUM(G140:H140) -> 0 | J140: =IFERROR(VLOOKUP(E140,'LEAID Match'!$A$2:$B$168,2,FALSE),"")
A141: 2015 | B141: New Hampshire | C141: NH | D141: New Hampshire Retirement System | E141: Barnstead - Emp/Fire/Pol | F141: BARNSTEAD - EMP/FIRE/POL | G141: 162309.61 | H141: 0 | I141: =SUM(G141:H141) -> 162309.61 | J141: =IFERROR(VLOOKUP(E141,'LEAID Match'!$A$2:$B$168,2,FALSE),"")
A142: 2016 | B142: New Hampshire | C142: NH | D142: New Hampshire Retirement System | E142: Barnstead - Emp/Fire/Pol | F142: Barnstead - Emp/Fire/Pol | G142: 166447 | H142: 0 | I142: =SUM(G142:H142) -> 166447 | J142: =IFERROR(VLOOKUP(E142,'LEAID Match'!$A$2:$B$168,2,FALSE),"")
A143: 2017 | B143: New Hampshire | C143: NH | D143: New Hampshire Retirement System | E143: Barnstead - Emp/Fire/Pol | F143: Barnstead - Emp/Fire/Pol | G143: 172129 | H143: 0 | I143: =SUM(G143:H143) -> 172129 | J143: =IFERROR(VLOOKUP(E143,'LEAID Match'!$A$2:$B$168,2,FALSE),"")
A144: 2018 | B144: New Hampshire | C144: NH | D144: New Hampshire Retirement System | E144: Barnstead - Emp/Fire/Pol | F144: Barnstead - Emp/Fire/Pol | G144: 200249 | H144: 0 | I144: =SUM(G144:H144) -> 200249 | J144: =IFERROR(VLOOKUP(E144,'LEAID Match'!$A$2:$B$168,2,FALSE),"")
A145: 2019 | B145: New Hampshire | C145: NH | D145: New Hampshire Retirement System | E145: Barnstead - Emp/Fire/Pol | F145: Barnstead - Emp/Fire/Pol | G145: 207702 | H145: 0 | I145: =SUM(G145:H145) -> 207702 | J145: =IFERROR(VLOOKUP(E145,'LEAID Match'!$A$2:$B$168,2,FALSE),"")
A146: 2015 | B146: New Hampshire | C146: NH | D146: New Hampshire Retirement System | E146: Barnstead SD | F146: BARNSTEAD SD - EMP/TEACH | G146: 423328.74 | H146: 0 | I146: =SUM(G146:H146) -> 423328.74 | J146: =IFERROR(VLOOKUP(E146,'LEAID Match'!$A$2:$B$168,2,FALSE),"") -> 3301620
A147: 2016 | B147: New Hampshire | C147: NH | D147: New Hampshire Retirement System | E147: Barnstead SD | F147: Barnstead Sd - Emp/Teach | G147: 463423 | H147: 0 | I147: =SUM(G147:H147) -> 463423 | J147: =IFERROR(VLOOKUP(E147,'LEAID Match'!$A$2:$B$168,2,FALSE),"") -> 3301620
A148: 2017 | B148: New Hampshire | C148: NH | D148: New Hampshire Retirement System | E148: Barnstead SD | F148: Barnstead Sd - Emp/Teach | G148: 452795 | H148: 0 | I148: =SUM(G148:H148) -> 452795 | J148: =IFERROR(VLOOKUP(E148,'LEAID Match'!$A$2:$B$168,2,FALSE),"") -> 3301620
A149: 2018 | B149: New Hampshire | C149: NH | D149: New Hampshire Retirement System | E149: Barnstead SD | F149: Barnstead Sd - Emp/Teach | G149: 519474 | H149: 0 | I149: =SUM(G149:H149) -> 519474 | J149: =IFERROR(VLOOKUP(E149,'LEAID Match'!$A$2:$B$168,2,FALSE),"") -> 3301620
A150: 2019 | B150: New Hampshire | C150: NH | D150: New Hampshire Retirement System | E150: Barnstead SD | F150: Barnstead Sd - Emp/Teach | G150: 558781 | H150: 0 | I150: =SUM(G150:H150) -> 558781 | J150: =IFERROR(VLOOKUP(E150,'LEAID Match'!$A$2:$B$168,2,FALSE),"") -> 3301620
A151: 2020 | B151: New Hampshire | C151: NH | D151: New Hampshire Retirement System | E151: Barnstead SD | F151: Barnstead SD | G151: 628826 | H151: 0 | I151: =SUM(G151:H151) -> 628826 | J151: =IFERROR(VLOOKUP(E151,'LEAID Match'!$A$2:$B$168,2,FALSE),"") -> 3301620
A152: 2021 | B152: New Hampshire | C152: NH | D152: New Hampshire Retirement System | E152: Barnstead SD | F152: Barnstead SD | G152: 643935 | H152: 0 | I152: =SUM(G152:H152) -> 643935 | J152: =IFERROR(VLOOKUP(E152,'LEAID Match'!$A$2:$B$168,2,FALSE),"") -> 3301620
... A320: 2015 | B320: New Hampshire | C320: NH | D320: New Hampshire Retirement System | E320: Bridgewater - Police/Fire | F320: BRIDGEWATER - POLICE/FIRE | G320: 0 | H320: 0 | I320: =SUM(G320:H320) -> 0 | J320: =IFERROR(VLOOKUP(E320,'LEAID Match'!$A$2:$B$168,2,FALSE),"")
A321: 2016 | B321: New Hampshire | C321: NH | D321: New Hampshire Retirement System | E321: Bridgewater - Police/Fire | F321: Bridgewater - Police/Fire | H321: 0 | I321: =SUM(G321:H321) -> 0 | J321: =IFERROR(VLOOKUP(E321,'LEAID Match'!$A$2:$B$168,2,FALSE),"")
A322: 2017 | B322: New Hampshire | C322: NH | D322: New Hampshire Retirement System | E322: Bridgewater - Police/Fire | F322: Bridgewater - Police/Fire | G322: 0 | H322: 0 | I322: =SUM(G322:H322) -> 0 | J322: =IFERROR(VLOOKUP(E322,'LEAID Match'!$A$2:$B$168,2,FALSE),"")
A323: 2018 | B323: New Hampshire | C323: NH | D323: New Hampshire Retirement System | E323: Bridgewater - Police/Fire | F323: Bridgewater - Police/Fire | H323: 0 | I323: =SUM(G323:H323) -> 0 | J323: =IFERROR(VLOOKUP(E323,'LEAID Match'!$A$2:$B$168,2,FALSE),"")
A324: 2019 | B324: New Hampshire | C324: NH | D324: New Hampshire Retirement System | E324: Bridgewater - Police/Fire | F324: Bridgewater - Police/Fire | H324: 0 | I324: =SUM(G324:H324) -> 0 | J324: =IFERROR(VLOOKUP(E324,'LEAID Match'!$A$2:$B$168,2,FALSE),"")
A325: 2015 | B325: New Hampshire | C325: NH | D325: New Hampshire Retirement System | E325: Bristol - Emp/Fire/Pol | F325: BRISTOL - EMP/FIRE/POL | G325: 286578.2 | H325: 0 | I325: =SUM(G325:H325) -> 286578.2 | J325: =IFERROR(VLOOKUP(E325,'LEAID Match'!$A$2:$B$168,2,FALSE),"")
A326: 2016 | B326: New Hampshire | C326: NH | D326: New Hampshire Retirement System | E326: Bristol - Emp/Fire/Pol | F326: Bristol - Emp/Fire/Pol | G326: 312518 | H326: 0 | I326: =SUM(G326:H326) -> 312518 | J326: =IFERROR(VLOOKUP(E326,'LEAID Match'!$A$2:$B$168,2,FALSE),"")
A327: 2017 | B327: New Hampshire | C327: NH | D327: New Hampshire Retirement System | E327: Bristol - Emp/Fire/Pol | F327: Bristol - Emp/Fire/Pol | G327: 306943 | H327: 0 | I327: =SUM(G327:H327) -> 306943 | J327: =IFERROR(VLOOKUP(E327,'LEAID Match'!$A$2:$B$168,2,FALSE),"")
A328: 2018 | B328: New Hampshire | C328: NH | D328: New Hampshire Retirement System | E328: Bristol - Emp/Fire/Pol | F328: Bristol - Emp/Fire/Pol | G328: 383837 | H328: 0 | I328: =SUM(G328:H328) -> 383837 | J328: =IFERROR(VLOOKUP(E328,'LEAID Match'!$A$2:$B$168,2,FALSE),"")
A329: 2019 | B329: New Hampshire | C329: NH | D329: New Hampshire Retirement System | E329: Bristol - Emp/Fire/Pol | F329: Bristol - Emp/Fire/Pol | G329: 369000 | H329: 0 | I329: =SUM(G329:H329) -> 369000 | J329: =IFERROR(VLOOKUP(E329,'LEAID Match'!$A$2:$B$168,2,FALSE),"")
A330: 2015 | B330: New Hampshire | C330: NH | D330: New Hampshire Retirement System | E330: Brookline - Emp/Fire/Pol | F330: BROOKLINE - EMP/FIRE/POL | G330: 158420.91 | H330: 0 | I330: =SUM(G330:H330) -> 158420.91 | J330: =IFERROR(VLOOKUP(E330,'LEAID Match'!$A$2:$B$168,2,FALSE),"")
A331: 2016 | B331: New Hampshire | C331: NH | D331: New Hampshire Retirement System | E331: Brookline - Emp/Fire/Pol | F331: Brookline - Emp/Fire/Pol | G331: 188256 | H331: 0 | I331: =SUM(G331:H331) -> 188256 | J331: =IFERROR(VLOOKUP(E331,'LEAID Match'!$A$2:$B$168,2,FALSE),"")
A332: 2017 | B332: New Hampshire | C332: NH | D332: New Hampshire Retirement System | E332: Brookline - Emp/Fire/Pol | F332: Brookline - Emp/Fire/Pol | G332: 213878 | H332: 0 | I332: =SUM(G332:H332) -> 213878 | J332: =IFERROR(VLOOKUP(E332,'LEAID Match'!$A$2:$B$168,2,FALSE),"")
A333: 2018 | B333: New Hampshire | C333: NH | D333: New Hampshire Retirement System | E333: Brookline - Emp/Fire/Pol | F333: Brookline - Emp/Fire/Pol | G333: 241907 | H333: 0 | I333: =SUM(G333:H333) -> 241907 | J333: =IFERROR(VLOOKUP(E333,'LEAID Match'!$A$2:$B$168,2,FALSE),"")
A334: 2019 | B334: New Hampshire | C334: NH | D334: New Hampshire Retirement System | E334: Brookline - Emp/Fire/Pol | F334: Brookline - Emp/Fire/Pol | G334: 252989 | H334: 0 | I334: =SUM(G334:H334) -> 252989 | J334: =IFERROR(VLOOKUP(E334,'LEAID Match'!$A$2:$B$168,2,FALSE),"")
A335: 2015 | B335: New Hampshire | C335: NH | D335: New Hampshire Retirement System | E335: Brookline Public Library | F335: BROOKLINE PUBLIC LIBRARY - EMP | G335: 5335.62 | H335: 0 | I335: =SUM(G335:H335) -> 5335.62 | J335: =IFERROR(VLOOKUP(E335,'LEAID Match'!$A$2:$B$168,2,FALSE),"")
A336: 2016 | B336: New Hampshire | C336: NH | D336: New Hampshire Retirement System | E336: Brookline Public Library | F336: Brookline Public Library - Emp | G336: 6475 | H336: 0 | I336: =SUM(G336:H336) -> 6475 | J336: =IFERROR(VLOOKUP(E336,'LEAID Match'!$A$2:$B$168,2,FALSE),"")
... A371: 2019 | B371: New Hampshire | C371: NH | D371: New Hampshire Retirement System | E371: Campton/Thornton Fire Dept | F371: Campton/Thornton Fire Dept | G371: 34347 | H371: 0 | I371: =SUM(G371:H371) -> 34347 | J371: =IFERROR(VLOOKUP(E371,'LEAID Match'!$A$2:$B$168,2,FALSE),"")
A372: 2020 | B372: New Hampshire | C372: NH | D372: New Hampshire Retirement System | E372: Campton/Thornton Fire Dept | F372: Campton/Thornton Fire Dept | H372: 0 | I372: =SUM(G372:H372) -> 0 | J372: =IFERROR(VLOOKUP(E372,'LEAID Match'!$A$2:$B$168,2,FALSE),"")
A373: 2021 | B373: New Hampshire | C373: NH | D373: New Hampshire Retirement System | E373: Campton/Thornton Fire Dept | F373: Campton/Thornton Fire Dept | H373: 0 | I373: =SUM(G373:H373) -> 0 | J373: =IFERROR(VLOOKUP(E373,'LEAID Match'!$A$2:$B$168,2,FALSE),"")
A374: 2015 | B374: New Hampshire | C374: NH | D374: New Hampshire Retirement System | E374: Canaan - Emp/Pol | F374: CANAAN - EMP/POL | G374: 134207.03 | H374: 0 | I374: =SUM(G374:H374) -> 134207.03 | J374: =IFERROR(VLOOKUP(E374,'LEAID Match'!$A$2:$B$168,2,FALSE),"")
A375: 2016 | B375: New Hampshire | C375: NH | D375: New Hampshire Retirement System | E375: Canaan - Emp/Pol | F375: Canaan - Emp/Pol | G375: 147461 | H375: 0 | I375: =SUM(G375:H375) -> 147461 | J375: =IFERROR(VLOOKUP(E375,'LEAID Match'!$A$2:$B$168,2,FALSE),"")
A376: 2017 | B376: New Hampshire | C376: NH | D376: New Hampshire Retirement System | E376: Canaan - Emp/Pol | F376: Canaan - Emp/Pol | G376: 154276 | H376: 0 | I376: =SUM(G376:H376) -> 154276 | J376: =IFERROR(VLOOKUP(E376,'LEAID Match'!$A$2:$B$168,2,FALSE),"")
A377: 2018 | B377: New Hampshire | C377: NH | D377: New Hampshire Retirement System | E377: Canaan - Emp/Pol | F377: Canaan - Emp/Pol | G377: 176659 | H377: 0 | I377: =SUM(G377:H377) -> 176659 | J377: =IFERROR(VLOOKUP(E377,'LEAID Match'!$A$2:$B$168,2,FALSE),"")
A378: 2019 | B378: New Hampshire | C378: NH | D378: New Hampshire Retirement System | E378: Canaan - Emp/Pol | F378: Canaan - Emp/Pol | G378: 179591 | H378: 0 | I378: =SUM(G378:H378) -> 179591 | J378: =IFERROR(VLOOKUP(E378,'LEAID Match'!$A$2:$B$168,2,FALSE),"")
A379: 2015 | B379: New Hampshire | C379: NH | D379: New Hampshire Retirement System | E379: Candia - Police | F379: CANDIA - POLICE | G379: 79229.87 | H379: 0 | I379: =SUM(G379:H379) -> 79229.87 | J379: =IFERROR(VLOOKUP(E379,'LEAID Match'!$A$2:$B$168,2,FALSE),"")
A380: 2016 | B380: New Hampshire | C380: NH | D380: New Hampshire Retirement System | E380: Candia - Police | F380: Candia - Police | G380: 88790 | H380: 0 | I380: =SUM(G380:H380) -> 88790 | J380: =IFERROR(VLOOKUP(E380,'LEAID Match'!$A$2:$B$168,2,FALSE),"")
A381: 2017 | B381: New Hampshire | C381: NH | D381: New Hampshire Retirement System | E381: Candia - Police | F381: Candia - Police | G381: 90478 | H381: 0 | I381: =SUM(G381:H381) -> 90478 | J381: =IFERROR(VLOOKUP(E381,'LEAID Match'!$A$2:$B$168,2,FALSE),"")
A382: 2018 | B382: New Hampshire | C382: NH | D382: New Hampshire Retirement System | E382: Candia - Police | F382: Candia - Police | G382: 107016 | H382: 0 | I382: =SUM(G382:H382) -> 107016 | J382: =IFERROR(VLOOKUP(E382,'LEAID Match'!$A$2:$B$168,2,FALSE),"")
A383: 2019 | B383: New Hampshire | C383: NH | D383: New Hampshire Retirement System | E383: Candia - Police | F383: Candia - Police | G383: 95752 | H383: 0 | I383: =SUM(G383:H383) -> 95752 | J383: =IFERROR(VLOOKUP(E383,'LEAID Match'!$A$2:$B$168,2,FALSE),"")
A384: 2015 | B384: New Hampshire | C384: NH | D384: New Hampshire Retirement System | E384: Candia SD | F384: CANDIA SD - (SAU 15) | G384: 278706.68 | H384: 0 | I384: =SUM(G384:H384) -> 278706.68 | J384: =IFERROR(VLOOKUP(E384,'LEAID Match'!$A$2:$B$168,2,FALSE),"") -> 3302130
A385: 2016 | B385: New Hampshire | C385: NH | D385: New Hampshire Retirement System | E385: Candia SD | F385: Candia Sd - (Sau 15) | G385: 283800 | H385: 0 | I385: =SUM(G385:H385) -> 283800 | J385: =IFERROR(VLOOKUP(E385,'LEAID Match'!$A$2:$B$168,2,FALSE),"") -> 3302130
... A411: 2023 | B411: New Hampshire | C411: NH | D411: New Hampshire Retirement System | E411: Carroll County | F411: Carroll County | G411: 1983414 | H411: 0 | I411: =SUM(G411:H411) -> 1983414 | J411: =IFERROR(VLOOKUP(E411,'LEAID Match'!$A$2:$B$168,2,FALSE),"")
A412: 2016 | B412: New Hampshire | C412: NH | D412: New Hampshire Retirement System | E412: Center Conway Fire Precinct | F412: Center Conway Fire Precinct | H412: 0 | I412: =SUM(G412:H412) -> 0 | J412: =IFERROR(VLOOKUP(E412,'LEAID Match'!$A$2:$B$168,2,FALSE),"")
A413: 2017 | B413: New Hampshire | C413: NH | D413: New Hampshire Retirement System | E413: Center Conway Fire Precinct | F413: Center Conway Fire Precinct | G413: 13755 | H413: 0 | I413: =SUM(G413:H413) -> 13755 | J413: =IFERROR(VLOOKUP(E413,'LEAID Match'!$A$2:$B$168,2,FALSE),"")
A414: 2018 | B414: New Hampshire | C414: NH | D414: New Hampshire Retirement System | E414: Center Conway Fire Precinct | F414: Center Conway Fire Precinct | G414: 14786 | H414: 0 | I414: =SUM(G414:H414) -> 14786 | J414: =IFERROR(VLOOKUP(E414,'LEAID Match'!$A$2:$B$168,2,FALSE),"")
A415: 2019 | B415: New Hampshire | C415: NH | D415: New Hampshire Retirement System | E415: Center Conway Fire Precinct | F415: Center Conway Fire Precinct | G415: 15451 | H415: 0 | I415: =SUM(G415:H415) -> 15451 | J415: =IFERROR(VLOOKUP(E415,'LEAID Match'!$A$2:$B$168,2,FALSE),"")
A416: 2020 | B416: New Hampshire | C416: NH | D416: New Hampshire Retirement System | E416: Center Conway Fire Precinct | F416: Center Conway Fire Precinct | G416: 14216 | H416: 0 | I416: =SUM(G416:H416) -> 14216 | J416: =IFERROR(VLOOKUP(E416,'LEAID Match'!$A$2:$B$168,2,FALSE),"")
A417: 2021 | B417: New Hampshire | C417: NH | D417: New Hampshire Retirement System | E417: Center Conway Fire Precinct | F417: Center Conway Fire Precinct | G417: 14841 | H417: 0 | I417: =SUM(G417:H417) -> 14841 | J417: =IFERROR(VLOOKUP(E417,'LEAID Match'!$A$2:$B$168,2,FALSE),"")
...

Sheet GASB 68 Data -->

Sheet 2022 & 2023
A1: Year | B1: district_name | C1: district_contributions | E1: Year | F1: district_name | G1: district_contributions
A2: 2023 | B2: Allenstown SD | C2: 522842 | E2: 2022 | F2: Allenstown SD | G2: 519261
A3: 2023 | B3: Alton SD | C3: 810441 | E3: 2022 | F3: Alton SD | G3: 834939
A4: 2023 | B4: Amherst SD | C4: 2691798 | E4: 2022 | F4: Amherst SD | G4: 2738262
A5: 2023 | B5: Andover SD | C5: 340073 | E5: 2022 | F5: Andover SD | G5: 338223
A6: 2023 | B6: Androscoggin Valley Reg Refuse | C6: 118659 | E6: 2022 | F6: Androscoggin Valley Reg Refuse | G6: 107946
A7: 2023 | B7: Ashland SD | C7: 349587 | E7: 2022 | F7: Ashland SD | G7: 331478
A8: 2023 | B8: Auburn SD | C8: 768265 | E8: 2022 | F8: Auburn SD | G8: 791606
A9: 2023 | B9: Barnstead SD | C9: 680775 | E9: 2022 | F9: Barnstead SD | G9: 786707
A10: 2023 | B10: Barrington SD | C10: 1623198 | E10: 2022 | F10: Barrington SD | G10: 1567097
A11: 2023 | B11: Bartlett SD | C11: 415676 | E11: 2022 | F11: Bartlett SD | G11: 479290
A12: 2023 | B12: Bath SD | C12: 120388 | E12: 2022 | F12: Bath SD | G12: 125648
A13: 2023 | B13: Bcep Solid Waste District | C13: 45025 | E13: 2022 | F13: Bcep Solid Waste District | G13: 41869
... A168: 2023 | B168: NH Municipal Bond Bank | C168: 37580 | E168: 2022 | F168: NH Municipal Bond Bank | G168: 33235
A169: 2023 | B169: NH Retirement System | E169: 2022 | F169: NH Retirement System
A170: 2023 | B170: North Conway Wtr Precinct | C170: 167275 | E170: 2022 | F170: North Conway Wtr Precinct | G170: 154335
A171: 2023 | B171: North Country Charter Academy | C171: 51856 | E171: 2022 | F171: North Country Charter Academy | G171: 42677
A172: 2023 | B172: North Country Edu Srvc Ag Inc | C172: 105127 | E172: 2022 | F172: North Country Edu Srvc Ag Inc | G172: 114542
A173: 2023 | B173: North Hampton SD | C173: 816310 | E173: 2022 | F173: North Hampton SD | G173: 793314
A174: 2023 | B174: Northumberland SD | C174: 566617 | E174: 2022 | F174: Northumberland SD | G174: 543988
A175: 2023 | B175: Northwood SD | C175: 604191 | E175: 2022 | F175: Northwood SD | G175: 521325
A176: 2023 | B176: Nottingham SD | C176: 742774 | E176: 2022 | F176: Nottingham SD | G176: 667830
A177: 2023 | B177: Oyster River Coop SD | C177: 4212316 | E177: 2022 | F177: Oyster River Coop SD | G177: 4007724
A178: 2023 | B178: Pease Development Authority | C178: 613465 | E178: 2022 | F178: Pease Development Authority | G178: 533656
A179: 2023 | B179: Pelham SD | C179: 2550707 | E179: 2022 | F179: Pelham SD | G179: 2469082
A180: 2023 | B180: Pembroke SD | C180: 2317885 | E180: 2022 | F180: Pembroke SD | G180: 2260426
A181: 2023 | B181: Pemi Baker Coop | C181: 1171361 | E181: 2022 | F181: Pemi Baker Coop | G181: 1169099
... A225: 2023 | B225: SAU 42 | C225: 16483447 | E225: 2022 | F225: SAU 42 | G225: 15628166
A226: 2023 | B226: SAU 44 | E226: 2022 | F226: SAU 44 | G226: 165750
A227: 2023 | B227: SAU 46 | C227: 116077 | E227: 2022 | F227: SAU 46 | G227: 96852
A228: 2023 | B228: SAU 48 | C228: 194675 | E228: 2022 | F228: SAU 48 | G228: 191232
A229: 2023 | B229: SAU 50 | C229: 151034 | E229: 2022 | F229: SAU 50 | G229: 148332
A230: 2023 | B230: SAU 53 | C230: 503517 | E230: 2022 | F230: SAU 53 | G230: 481560
A231: 2023 | B231: SAU 58 | C231: 57409 | E231: 2022 | F231: SAU 58 | G231: 54765
A232: 2023 | B232: SAU 67 | C232: 102495 | E232: 2022 | F232: SAU 67 | G232: 110611
A233: 2023 | B233: SAU 70 | C233: 172512 | E233: 2022 | F233: SAU 70 | G233: 166160
A234: 2023 | B234: Seabrook SD | C234: 1523576 | E234: 2022 | F234: Seabrook SD | G234: 1474447
A235: 2023 | B235: Seacoast Charter School | C235: 209811 | E235: 2022 | F235: Seacoast Charter School | G235: 203135
A236: 2023 | B236: Shaker Regional SD - SAU 80 | C236: 2039494 | E236: 2022 | F236: Shaker Regional SD - SAU 80 | G236: 2032711
A237: 2023 | B237: Somersworth Housing Authority | C237: 85061 | E237: 2022 | F237: Somersworth Housing Authority | G237: 85961
A238: 2023 | B238: Somersworth SD | C238: 2302287 | E238: 2022 | F238: Somersworth SD | G238: 2250627
... A413: 2023 | B413: Town of Springfield | C413: 77345 | E413: 2022 | F413: Town of Springfield | G413: 65833
A414: 2023 | B414: Town of Stark | E414: 2022 | F414: Town of Stark | G414: 2499
A415: 2023 | B415: Town of Stewartstown | C415: 5796 | E415: 2022 | F415: Town of Stewartstown | G415: 5541
A416: 2023 | B416: Town of Strafford | C416: 172582 | E416: 2022 | F416: Town of Strafford | G416: 171773
A417: 2023 | B417: Town of Stratford | C417: 12516 | E417: 2022 | F417: Town of Stratford | G417: 10712
A418: 2023 | B418: Town of Stratham | C418: 547773 | E418: 2022 | F418: Town of Stratham | G418: 534845
A419: 2023 | B419: Town of Sugar Hill | C419: 83919 | E419: 2022 | F419: Town of Sugar Hill | G419: 79500
A420: 2023 | B420: Town of Sunapee | C420: 382695 | E420: 2022 | F420: Town of Sunapee | G420: 375548
A421: 2023 | B421: Town of Sutton | C421: 94985 | E421: 2022 | F421: Town of Sutton | G421: 64588
A422: 2023 | B422: Town of Swanzey | C422: 281854 | E422: 2022 | F422: Town of Swanzey | G422: 258123
A423: 2023 | B423: Town of Tamworth | C423: 129657 | E423: 2022 | F423: Town of Tamworth | G423: 111363
A424: 2023 | B424: Town of Thornton | C424: 189670 | E424: 2022 | F424: Town of Thornton | G424: 169782
A425: 2023 | B425: Town of Tilton | C425: 400322 | E425: 2022 | F425: Town of Tilton | G425: 403868
A426: 2023 | B426: Town of Troy | C426: 95023 | E426: 2022 | F426: Town of Troy | G426: 87154
... A467: 2023 | B467: Woodsville Water & Light Dept | C467: 31079 | E467: 2022 | F467: Woodsville Water & Light Dept | G467: 54331
B469: Summed Figures | C469: =SUM(C2:C467) -> 601349408 | G469: =SUM(G2:G467) -> 579015078
B471: GASB 68 Numbers | C471: 601349408 | G471: 579015078
B473: Check | C473: =C469-C471 -> 0 | G473: =G469-G471 -> 0

Sheet 2020 & 2021
A1: Year | B1: district_name | C1: district_contributions | E1: Year | F1: district_name | G1: district_contributions
A2: 2021 | B2: Allenstown SD | C2: 403813 | E2: 2020 | F2: Allenstown SD | G2: 398686
A3: 2021 | B3: Allenstown Sewer Commission | E3: 2020 | F3: Allenstown Sewer Commission
A4: 2021 | B4: Alton SD | C4: 686106 | E4: 2020 | F4: Alton SD | G4: 633688
A5: 2021 | B5: Amherst SD | C5: 2105222 | E5: 2020 | F5: Amherst SD | G5: 1985874
A6: 2021 | B6: Andover SD | C6: 281559 | E6: 2020 | F6: Andover SD | G6: 280520
A7: 2021 | B7: Androscoggin Valley Reg Refuse | C7: 77920 | E7: 2020 | F7: Androscoggin Valley Reg Refuse | G7: 70000
A8: 2021 | B8: Ashland Electric Dept - Emp | E8: 2020 | F8: Ashland Electric Dept - Emp | G8: 12012
A9: 2021 | B9: Ashland SD | C9: 250299 | E9: 2020 | F9: Ashland SD | G9: 246870
A10: 2021 | B10: Auburn SD | C10: 609948 | E10: 2020 | F10: Auburn SD | G10: 562917
A11: 2021 | B11: Baker Free Library - Emp | E11: 2020 | F11: Baker Free Library - Emp
A12: 2021 | B12: Barnstead SD | C12: 643935 | E12: 2020 | F12: Barnstead SD | G12: 628826
A13: 2021 | B13: Barrington SD | C13: 1209681 | E13: 2020 | F13: Barrington SD | G13: 1170380
A14: 2021 | B14: Bartlett SD | C14: 391006 | E14: 2020 | F14: Bartlett SD | G14: 382434
A15: 2021 | B15: Bath SD | C15: 95874 | E15: 2020 | F15: Bath SD | G15: 88973
A16: 2021 | B16: Bcep Solid Waste District | C16: 22333 | E16: 2020 | F16: Bcep Solid Waste District | G16: 29679
A17: 2021 | B17: Bedford SD | C17: 5108512 | E17: 2020 | F17: Bedford SD | G17: 4872213
A18: 2021 | B18: Belknap County | C18: 1205240 | E18: 2020 | F18: Belknap County | G18: 1186092
A19: 2021 | B19: Belknap County Conserv. Dist | C19: 5962 | E19: 2020 | F19: Belknap County Conserv. Dist | G19: 5962
A20: 2021 | B20: Berlin - Emp/Fire/Pol | C20: 1074225 | E20: 2020 | F20: Berlin - Emp/Fire/Pol | G20: 1048292
A21: 2021 | B21: Berlin Housing Authority | C21: 30437 | E21: 2020 | F21: Berlin Housing Authority | G21: 29135
A22: 2021 | B22: Berlin Water Works | C22: 73553 | E22: 2020 | F22: Berlin Water Works | G22: 71172
A23: 2021 | B23: Bethlehem SD | C23: 256747 | E23: 2020 | F23: Bethlehem SD | G23: 227935
... A28: 2021 | B28: Campton SD | C28: 434085 | E28: 2020 | F28: Campton SD | G28: 443423
A29: 2021 | B29: Campton/Thornton Fire Dept | E29: 2020 | F29: Campton/Thornton Fire Dept
A30: 2021 | B30: Candia SD | C30: 354192 | E30: 2020 | F30: Candia SD | G30: 347852
A31: 2021 | B31: Carroll County | C31: 1452826 | E31: 2020 | F31: Carroll County | G31: 1390041
A32: 2021 | B32: Center Conway Fire Precinct | C32: 14841 | E32: 2020 | F32: Center Conway Fire Precinct | G32: 14216
A33: 2021 | B33: Central Hooksett Wtr Precinct | C33: 19134 | E33: 2020 | F33: Central Hooksett Wtr Precinct | G33: 22915
A34: 2021 | B34: Cheshire County | C34: 1935855 | E34: 2020 | F34: Cheshire County | G34: 1887585
A35: 2021 | B35: Chester SD - (SAU 82) | C35: 572543 | E35: 2020 | F35: Chester SD - (SAU 82) | G35: 539186
A36: 2021 | B36: Chesterfield SD | C36: 344744 | E36: 2020 | F36: Chesterfield SD | G36: 342536
A37: 2021 | B37: Chichester SD | C37: 301915 | E37: 2020 | F37: Chichester SD | G37: 303555
A38: 2021 | B38: City of Claremont | C38: 1048187 | E38: 2020 | F38: City of Claremont | G38: 1017901
A39: 2021 | B39: City of Concord | C39: 6100373 | E39: 2020 | F39: City of Concord | G39: 5616819
A40: 2021 | B40: City of Dover | C40: 7520055 | E40: 2020 | F40: City of Dover | G40: 7208430
A41: 2021 | B41: City of Franklin | C41: 936214 | E41: 2020 | F41: City of Franklin | G41: 877083
... A53: 2021 | B53: Community College System of NH | C53: 4833157 | E53: 2020 | F53: Community College System of NH | G53: 4749061
A54: 2021 | B54: Concord Reg Sol Waste Res Rec | E54: 2020 | F54: Concord Reg Sol Waste Res Rec
A55: 2021 | B55: Concord SD | C55: 6298991 | E55: 2020 | F55: Concord SD | G55: 5988664
A56: 2021 | B56: Contoocook Valley SD | C56: 3523970 | E56: 2020 | F56: Contoocook Valley SD | G56: 3274588
A57: 2021 | B57: Conway SD | C57: 2111056 | E57: 2020 | F57: Conway SD | G57: 1989361
A58: 2021 | B58: Conway Village Fire District | C58: 133203 | E58: 2020 | F58: Conway Village Fire District | G58: 129520
A59: 2021 | B59: Cook Memorial Library | C59: 4341 | E59: 2020 | F59: Cook Memorial Library | G59: 4248
A60: 2021 | B60: Coos County Institute | C60: 829953 | E60: 2020 | F60: Coos County Institute | G60: 838455
A61: 2021 | B61: Coos County Nursing Home | C61: 380591 | E61: 2020 | F61: Coos County Nursing Home | G61: 340048
A62: 2021 | B62: Cornish SD | C62: 175426 | E62: 2020 | F62: Cornish SD | G62: 143590
A63: 2021 | B63: County of Merrimack | C63: 4199670 | E63: 2020 | F63: County of Merrimack | G63: 4186114
A64: 2021 | B64: Croydon Village School | C64: 24406 | E64: 2020 | F64: Croydon Village School | G64: 21554
A65: 2021 | B65: Deerfield Community School | C65: 599853 | E65: 2020 | F65: Deerfield Community School | G65: 579544
A66: 2021 | B66: Derry Coop SD | C66: 4142794 | E66: 2020 | F66: Derry Coop SD | G66: 4030800
... A86: 2021 | B86: Goffstown Village Precinct | C86: 14186 | E86: 2020 | F86: Goffstown Village Precinct | G86: 14476
A87: 2021 | B87: Goshen-Lempster SD | E87: 2020 | F87: Goshen-Lempster SD
A88: 2021 | B88: Governor Wentworth Reg SD | C88: 3466513 | E88: 2020 | F88: Governor Wentworth Reg SD | G88: 3314532
A89: 2021 | B89: Grafton County | C89: 2184792 | E89: 2020 | F89: Grafton County | G89: 2160142
A90: 2021 | B90: Grantham SD | C90: 339559 | E90: 2020 | F90: Grantham SD | G90: 354539
A91: 2021 | B91: Great Bay Elearning School | C91: 100273 | E91: 2020 | F91: Great Bay Elearning School | G91: 99079
A92: 2021 | B92: Greenland SD | C92: 535654 | E92: 2020 | F92: Greenland SD | G92: 480507
A93: 2021 | B93: Grs Coop SD | C93: 485090 | E93: 2020 | F93: Grs Coop SD | G93: 457202
A94: 2021 | B94: Hampstead SD | C94: 1321128 | E94: 2020 | F94: Hampstead SD | G94: 1233889
A95: 2021 | B95: Hampton Falls SD | C95: 451526 | E95: 2020 | F95: Hampton Falls SD | G95: 446272
A96: 2021 | B96: Hampton SD - SAU 90 | C96: 1601759 | E96: 2020 | F96: Hampton SD - SAU 90 | G96: 1634330
A97: 2021 | B97: Hanover SD | C97: 778805 | E97: 2020 | F97: Hanover SD | G97: 789328
A98: 2021 | B98: Harrisville SD | C98: 76276 | E98: 2020 | F98: Harrisville SD | G98: 75552
A99: 2021 | B99: Haverhill Coop SD | C99: 856700 | E99: 2020 | F99: Haverhill Coop SD | G99: 831716
... A128: 2021 | B128: Landaff SD | C128: 12478 | E128: 2020 | F128: Landaff SD | G128: 11536
A129: 2021 | B129: Langdon - Police | E129: 2020 | F129: Langdon - Police
A130: 2021 | B130: Lebanon SD | C130: 3056079 | E130: 2020 | F130: Lebanon SD | G130: 2963457
A131: 2021 | B131: Lempster SD | C131: 151117 | E131: 2020 | F131: Lempster SD | G131: 141407
A132: 2021 | B132: Lincoln-Woodstock Coop SD | C132: 523697 | E132: 2020 | F132: Lincoln-Woodstock Coop SD | G132: 509527
A133: 2021 | B133: Lisbon Reg SD | C133: 466493 | E133: 2020 | F133: Lisbon Reg SD | G133: 454073
A134: 2021 | B134: Litchfield SD | C134: 1560300 | E134: 2020 | F134: Litchfield SD | G134: 1552862
A135: 2021 | B135: Littleton Public Library | C135: 15846 | E135: 2020 | F135: Littleton Public Library | G135: 15641
A136: 2021 | B136: Littleton SD | C136: 1101944 | E136: 2020 | F136: Littleton SD | G136: 1129408
A137: 2021 | B137: Littleton Water & Light Dept | C137: 143980 | E137: 2020 | F137: Littleton Water & Light Dept | G137: 130981
A138: 2021 | B138: Londonderry SD | C138: 5765559 | E138: 2020 | F138: Londonderry SD | G138: 5549768
A139: 2021 | B139: Lower Bartlett Water Precinct | C139: 2026 | E139: 2020 | F139: Lower Bartlett Water Precinct
A140: 2021 | B140: Lyme SD | C140: 371185 | E140: 2020 | F140: Lyme SD | G140: 354811
A141: 2021 | B141: Lyndeborough - Police | E141: 2020 | F141: Lyndeborough - Police
A142: 2021 | B142: Madison SD | C142: 200591 | E142: 2020 | F142: Madison SD | G142: 198503
A143: 2021 | B143: Manchester SD | C143: 13291029 | E143: 2020 | F143: Manchester SD | G143: 13012152
A144: 2021 | B144: Marlborough SD | C144: 239449 | E144: 2020 | F144: Marlborough SD | G144: 212979
A145: 2021 | B145: Marlow SD | C145: 59416 | E145: 2020 | F145: Marlow SD | G145: 55987
A146: 2021 | B146: Mascenic Reg SD | C146: 1127138 | E146: 2020 | F146: Mascenic Reg SD | G146: 1059129
A147: 2021 | B147: Mascoma Valley Regional SD | C147: 1621441 | E147: 2020 | F147: Mascoma Valley Regional SD | G147: 1589741
A148: 2021 | B148: Mason SD (SAU 89) | C148: 97188 | E148: 2020 | F148: Mason SD (SAU 89) | G148: 91893
A149: 2021 | B149: Maxfield Public Library | E149: 2020 | F149: Maxfield Public Library
A150: 2021 | B150: Meriden Village Water District | C150: 5787 | E150: 2020 | F150: Meriden Village Water District | G150: 5716
A151: 2021 | B151: Merrimack SD | C151: 4818034 | E151: 2020 | F151: Merrimack SD | G151: 4633764
A152: 2021 | B152: Merrimack Valley SD | C152: 2874127 | E152: 2020 | F152: Merrimack Valley SD | G152: 2772712
A153: 2021 | B153: Merrimack Village District | C153: 125840 | E153: 2020 | F153: Merrimack Village District | G153: 109780
A154: 2021 | B154: Middleton SD | C154: 137475 | E154: 2020 | F154: Middleton SD | G154: 125397
A155: 2021 | B155: Milan SD | C155: 100231 | E155: 2020 | F155: Milan SD | G155: 95571
A156: 2021 | B156: Milford Area Communication Ctr | C156: 36718 | E156: 2020 | F156: Milford Area Communication Ctr | G156: 36647
A157: 2021 | B157: Milford SD | C157: 2865422 | E157: 2020 | F157: Milford SD | G157: 2908711
A158: 2021 | B158: Milton SD | C158: 652280 | E158: 2020 | F158: Milton SD | G158: 657201
A159: 2021 | B159: Monadnock Reg SD- SAU 93 | C159: 2249275 | E159: 2020 | F159: Monadnock Reg SD- SAU 93 | G159: 2158982
A160: 2021 | B160: Monroe SD | C160: 153027 | E160: 2020 | F160: Monroe SD | G160: 155988
A161: 2021 | B161: Mont Vernon SD | C161: 274246 | E161: 2020 | F161: Mont Vernon SD | G161: 255390
... A164: 2021 | B164: Nashua Housing Redevelop Auth | C164: 151397 | E164: 2020 | F164: Nashua Housing Redevelop Auth | G164: 140917
...

Sheet 2018 & 2019
A1: Year | B1: district_name | C1: district_contributions | E1: Year | F1: district_name | G1: district_contributions
A2: 2019 | B2: Albany - Emp | C2: 4839 | E2: 2018 | F2: Albany - Emp | G2: 4662
A3: 2019 | B3: Alexandria - Emp/Pol | C3: 50980 | E3: 2018 | F3: Alexandria - Emp/Pol | G3: 47287
A4: 2019 | B4: Allenstown - Emp/Fire/Pol | C4: 271092 | E4: 2018 | F4: Allenstown - Emp/Fire/Pol | G4: 268821
A5: 2019 | B5: Allenstown Sd - (Sau 53) | C5: 383431 | E5: 2018 | F5: Allenstown Sd - (Sau 53) | G5: 381768
A6: 2019 | B6: Allenstown Sewer Commission | E6: 2018 | F6: Allenstown Sewer Commission
A7: 2019 | B7: Alstead - Police | C7: 28710 | E7: 2018 | F7: Alstead - Police | G7: 26431
A8: 2019 | B8: Alton - Emp/Fire/Pol | C8: 464330 | E8: 2018 | F8: Alton - Emp/Fire/Pol | G8: 423616
A9: 2019 | B9: Alton Sd - Emp/Teach | C9: 630478 | E9: 2018 | F9: Alton Sd - Emp/Teach | G9: 613113
A10: 2019 | B10: Amherst - Fire/Pol | C10: 415805 | E10: 2018 | F10: Amherst - Fire/Pol | G10: 388044
A11: 2019 | B11: Amherst Sd - (Sau 39) | C11: 1916022 | E11: 2018 | F11: Amherst Sd - (Sau 39) | G11: 1806788
A12: 2019 | B12: Andover - Police | C12: 17549 | E12: 2018 | F12: Andover - Police | G12: 16452
A13: 2019 | B13: Andover Sd - (Sau 46) | C13: 260917 | E13: 2018 | F13: Andover Sd - (Sau 46) | G13: 245256
A14: 2019 | B14: Androscoggin Valley Reg Refuse | C14: 69976 | E14: 2018 | F14: Androscoggin Valley Reg Refuse | G14: 67119
A15: 2019 | B15: Antrim - Emp/Pol | C15: 161430 | E15: 2018 | F15: Antrim - Emp/Pol | G15: 157453
A16: 2019 | B16: Ashland - Emp/Pol | C16: 126340 | E16: 2018 | F16: Ashland - Emp/Pol | G16: 117209
A17: 2019 | B17: Ashland Electric Dept - Emp | C17: 30535 | E17: 2018 | F17: Ashland Electric Dept - Emp | G17: 32653
A18: 2019 | B18: Ashland Sd - (Sau 02) | C18: 229681 | E18: 2018 | F18: Ashland Sd - (Sau 02) | G18: 217688
... A21: 2019 | B21: Auburn Sd - (Sau 15) | C21: 570624 | E21: 2018 | F21: Auburn Sd - (Sau 15) | G21: 544718
A22: 2019 | B22: Baker Free Library - Emp | E22: 2018 | F22: Baker Free Library - Emp
A23: 2019 | B23: Barnstead - Emp/Fire/Pol | C23: 207702 | E23: 2018 | F23: Barnstead - Emp/Fire/Pol | G23: 200249
A24: 2019 | B24: Barnstead Sd - Emp/Teach | C24: 558781 | E24: 2018 | F24: Barnstead Sd - Emp/Teach | G24: 519474
A25: 2019 | B25: Barrington - Emp/Pol/Fire | C25: 362696 | E25: 2018 | F25: Barrington - Emp/Pol/Fire | G25: 335148
A26: 2019 | B26: Barrington Sd - Emp/Teach | C26: 1110657 | E26: 2018 | F26: Barrington Sd - Emp/Teach | G26: 1070439
A27: 2019 | B27: Bartlett - Fire/Pol | C27: 66896 | E27: 2018 | F27: Bartlett - Fire/Pol | G27: 54719
A28: 2019 | B28: Bartlett Sd - (Sau 09) | C28: 370715 | E28: 2018 | F28: Bartlett Sd - (Sau 09) | G28: 373988
A29: 2019 | B29: Bath Sd - (Sau 23) | C29: 82651 | E29: 2018 | F29: Bath Sd - (Sau 23) | G29: 77720
A30: 2019 | B30: Bcep Solid Waste District | C30: 30461 | E30: 2018 | F30: Bcep Solid Waste District | G30: 33315
A31: 2019 | B31: Bedford - Emp/Fire/Pol | C31: 1926893 | E31: 2018 | F31: Bedford - Emp/Fire/Pol | G31: 1859338
A32: 2019 | B32: Bedford Sd - Emp/Teach | C32: 4753822 | E32: 2018 | F32: Bedford Sd - Emp/Teach | G32: 4527132
A33: 2019 | B33: Belknap County - Emp/Pol | C33: 1214705 | E33: 2018 | F33: Belknap County - Emp/Pol | G33: 1187740
A34: 2019 | B34: Belknap County Conserv. Dist | C34: 6072 | E34: 2018 | F34: Belknap County Conserv. Dist | G34: 5838
... A47: 2019 | B47: Brentwood Sd - (Sau 16) | C47: 346089 | E47: 2018 | F47: Brentwood Sd - (Sau 16) | G47: 318532
A48: 2019 | B48: Bridgewater - Police/Fire | E48: 2018 | F48: Bridgewater - Police/Fire
A49: 2019 | B49: Bristol - Emp/Fire/Pol | C49: 369000 | E49: 2018 | F49: Bristol - Emp/Fire/Pol | G49: 383837
A50: 2019 | B50: Brookline - Emp/Fire/Pol | C50: 252989 | E50: 2018 | F50: Brookline - Emp/Fire/Pol | G50: 241907
A51: 2019 | B51: Brookline Public Library - Emp | C51: 8369 | E51: 2018 | F51: Brookline Public Library - Emp | G51: 9148
A52: 2019 | B52: Brookline Sd - (Sau 41) | C52: 628402 | E52: 2018 | F52: Brookline Sd - (Sau 41) | G52: 606030
A53: 2019 | B53: Campton - Emp/Pol/Fire | C53: 178905 | E53: 2018 | F53: Campton - Emp/Pol/Fire | G53: 134288
A54: 2019 | B54: Campton Sd - (Sau 48) | C54: 431492 | E54: 2018 | F54: Campton Sd - (Sau 48) | G54: 418694
A55: 2019 | B55: Campton/Thornton Fire Dept | C55: 34347 | E55: 2018 | F55: Campton/Thornton Fire Dept | G55: 71093
A56: 2019 | B56: Canaan - Emp/Pol | C56: 179591 | E56: 2018 | F56: Canaan - Emp/Pol | G56: 176659
A57: 2019 | B57: Candia - Police | C57: 95752 | E57: 2018 | F57: Candia - Police | G57: 107016
A58: 2019 | B58: Candia Sd - (Sau 15) | C58: 356523 | E58: 2018 | F58: Candia Sd - (Sau 15) | G58: 358861
A59: 2019 | B59: Canterbury - Emp/Pol/Fire | C59: 67848 | E59: 2018 | F59: Canterbury - Emp/Pol/Fire | G59: 61964
A60: 2019 | B60: Carroll - Emp/Fire/Pol | C60: 110561 | E60: 2018 | F60: Carroll - Emp/Fire/Pol | G60: 118239
... A80: 2019 | B80: Concord - Emp/Fire/Pol | C80: 5757092 | E80: 2018 | F80: Concord - Emp/Fire/Pol | G80: 5597501
A81: 2019 | B81: Concord Reg Sol Waste Res Rec | E81: 2018 | F81: Concord Reg Sol Waste Res Rec
A82: 2019 | B82: Concord Sd - Emp/Teach | C82: 5711281 | E82: 2018 | F82: Concord Sd - Emp/Teach | G82: 5573060
A83: 2019 | B83: Contoocook Valley Sd | C83: 3142012 | E83: 2018 | F83: Contoocook Valley Sd | G83: 3003431
A84: 2019 | B84: Conway - Emp/Pol | C84: 785851 | E84: 2018 | F84: Conway - Emp/Pol | G84: 798665
A85: 2019 | B85: Conway Sd - (Sau 09) | C85: 1919752 | E85: 2018 | F85: Conway Sd - (Sau 09) | G85: 1935391
A86: 2019 | B86: Conway Village Fire District | C86: 132175 | E86: 2018 | F86: Conway Village Fire District | G86: 126495
A87: 2019 | B87: Cook Memorial Library | C87: 4210 | E87: 2018 | F87: Cook Memorial Library | G87: 4131
A88: 2019 | B88: Coos County - Emp/Pol | C88: 830560 | E88: 2018 | F88: Coos County - Emp/Pol | G88: 784110
A89: 2019 | B89: Coos County Nursing Home - Emp | C89: 322366 | E89: 2018 | F89: Coos County Nursing Home - Emp | G89: 312263
A90: 2019 | B90: Cornish - Emp | C90: 23520 | E90: 2018 | F90: Cornish - Emp | G90: 19983
A91: 2019 | B91: Cornish Sd - (Sau 100) | C91: 134880 | E91: 2018 | F91: Cornish Sd - (Sau 100) | G91: 113021
A92: 2019 | B92: Croydon Sd - (Sau 99) | C92: 10899 | E92: 2018 | F92: Croydon Sd - (Sau 99) | G92: 21771
A93: 2019 | B93: Croydon-Emp | C93: 5722 | E93: 2018 | F93: Croydon-Emp | G93: 1846
... A140: 2019 | B140: Goshen - Emp/Pol | C140: 17613 | E140: 2018 | F140: Goshen - Emp/Pol | G140: 14433
A141: 2019 | B141: Goshen-Lempster Sd | E141: 2018 | F141: Goshen-Lempster Sd
A142: 2019 | B142: Governor Wentworth Reg Sd | C142: 3210805 | E142: 2018 | F142: Governor Wentworth Reg Sd | G142: 3114006
A143: 2019 | B143: Grafton - Emp/Pol | C143: 36058 | E143: 2018 | F143: Grafton - Emp/Pol | G143: 31876
A144: 2019 | B144: Grafton County - Emp/Pol | C144: 2184904 | E144: 2018 | F144: Grafton County - Emp/Pol | G144: 2120257
A145: 2019 | B145: Grantham - Emp/Pol | C145: 135797 | E145: 2018 | F145: Grantham - Emp/Pol | G145: 124226
A146: 2019 | B146: Grantham Sd (Sau75) | C146: 323230 | E146: 2018 | F146: Grantham Sd (Sau75) | G146: 314096
A147: 2019 | B147: Great Bay Elearning Charter Sc | C147: 110369 | E147: 2018 | F147: Great Bay Elearning Charter Sc | G147: 113076
A148: 2019 | B148: Greenfield - Emp/Pol | C148: 87352 | E148: 2018 | F148: Greenfield - Emp/Pol | G148: 86097
A149: 2019 | B149: Greenland - Emp/Pol/Fire | C149: 213257 | E149: 2018 | F149: Greenland - Emp/Pol/Fire | G149: 196276
A150: 2019 | B150: Greenland Sd - (Sau 50) | C150: 476217 | E150: 2018 | F150: Greenland Sd - (Sau 50) | G150: 448396
A151: 2019 | B151: Greenville - Emp/Pol | C151: 109984 | E151: 2018 | F151: Greenville - Emp/Pol | G151: 105158
A152: 2019 | B152: Groton - Emp/Pol | C152: 11138 | E152: 2018 | F152: Groton - Emp/Pol | G152: 23198
A153: 2019 | B153: Grs Coop Sd - (Sau 20) | C153: 423843 | E153: 2018 | F153: Grs Coop Sd - (Sau 20) | G153: 423885
... A211: 2019 | B211: Landaff Sd - (Sau 35) | C211: 10266 | E211: 2018 | F211: Landaff Sd - (Sau 35) | G211: 10241
A212: 2019 | B212: Langdon - Police | E212: 2018 | F212: Langdon - Police
A213: 2019 | B213: Lebanon - Emp/Fire/Pol | C213: 2156652 | E213: 2018 | F213: Lebanon - Emp/Fire/Pol | G213: 2106239
A214: 2019 | B214: Lebanon Sd(Sau 88) - Emp/Teach | C214: 2808194 | E214: 2018 | F214: Lebanon Sd(Sau 88) - Emp/Teach | G214: 2708887
A215: 2019 | B215: Lee - Emp/Fire/Pol | C215: 245488 | E215: 2018 | F215: Lee - Emp/Fire/Pol | G215: 215918
A216: 2019 | B216: Lempster - Emp/Pol | C216: 22231 | E216: 2018 | F216: Lempster - Emp/Pol | G216: 26082
A217: 2019 | B217: Lempster Sd Emp/Teachers | C217: 137551 | E217: 2018 | F217: Lempster Sd Emp/Teachers | G217: 153735
A218: 2019 | B218: Lincoln - Emp/Pol | C218: 251831 | E218: 2018 | F218: Lincoln - Emp/Pol | G218: 253905
A219: 2019 | B219: Lincoln-Woodstock Sd | C219: 528349 | E219: 2018 | F219: Lincoln-Woodstock Sd | G219: 512474
A220: 2019 | B220: Lisbon - Police | C220: 50789 | E220: 2018 | F220: Lisbon - Police | G220: 49780
A221: 2019 | B221: Lisbon Reg Sd - (Sau 35) | C221: 436014 | E221: 2018 | F221: Lisbon Reg Sd - (Sau 35) | G221: 432515
A222: 2019 | B222: Litchfield - Emp/Fire/Pol | C222: 393753 | E222: 2018 | F222: Litchfield - Emp/Fire/Pol | G222: 387289
A223: 2019 | B223: Litchfield Sd - Emp/Teach | C223: 1486422 | E223: 2018 | F223: Litchfield Sd - Emp/Teach | G223: 1415091
A224: 2019 | B224: Littleton - Emp/Fire/Pol | C224: 502062 | E224: 2018 | F224: Littleton - Emp/Fire/Pol | G224: 466188
... A245: 2019 | B245: Mason Sd (Sau 89) | C245: 87097 | E245: 2018 | F245: Mason Sd (Sau 89) | G245: 69473
A246: 2019 | B246: Maxfield Public Library | E246: 2018 | F246: Maxfield Public Library | G246: 8208
A247: 2019 | B247: Meredith - Emp/Fire/Pol | C247: 653587 | E247: 2018 | F247: Meredith - Emp/Fire/Pol | G247: 631489
A248: 2019 | B248: Meriden Village Water District | C248: 5718 | E248: 2018 | F248: Meriden Village Water District | G248: 5534
A249: 2019 | B249: Merrimack - Emp/Fire/Pol | C249: 2397635 | E249: 2018 | F249: Merrimack - Emp/Fire/Pol | G249: 2329809
A250: 2019 | B250: Merrimack County - Emp/Pol | C250: 4360640 | E250: 2018 | F250: Merrimack County - Emp/Pol | G250: 4169330
A251: 2019 | B251: Merrimack Sd - Emp/Teach | C251: 4543755 | E251: 2018 | F251: Merrimack Sd - Emp/Teach | G251: 4384816
A252: 2019 | B252: Merrimack Valley Sd (Sau 46) | C252: 2692966 | E252: 2018 | F252: Merrimack Valley Sd (Sau 46) | G252: 2703639
A253: 2019 | B253: Merrimack Village District | C253: 103969 | E253: 2018 | F253: Merrimack Village District | G253: 96375
A254: 2019 | B254: Middleton - Police | C254: 58215 | E254: 2018 | F254: Middleton - Police | G254: 59123
A255: 2019 | B255: Middleton Sd - Emp/Teach | C255: 119182 | E255: 2018 | F255: Middleton Sd - Emp/Teach | G255: 113805
A256: 2019 | B256: Milan Sd - (Sau 20) | C256: 84968 | E256: 2018 | F256: Milan Sd - (Sau 20) | G256: 79022
...

Sheet 2016 & 2017
A1: Year | B1: district_name | C1: district_contributions | E1: Year | F1: district_name | G1: district_contributions
A2: 2017 | B2: Albany - Emp | C2: 4484 | E2: 2016 | F2: Albany - Emp | G2: 4528
A3: 2017 | B3: Alexandria - Emp/Pol | C3: 42952 | E3: 2016 | F3: Alexandria - Emp/Pol | G3: 42440
A4: 2017 | B4: Allenstown - Emp/Fire/Pol | C4: 234685 | E4: 2016 | F4: Allenstown - Emp/Fire/Pol | G4: 207076
A5: 2017 | B5: Allenstown Sd - (Sau 53) | C5: 308891 | E5: 2016 | F5: Allenstown Sd - (Sau 53) | G5: 318434
A6: 2017 | B6: Allenstown Sewer Commission | C6: 19632 | E6: 2016 | F6: Allenstown Sewer Commission | G6: 42629
A7: 2017 | B7: Alstead - Police | C7: 17349 | E7: 2016 | F7: Alstead - Police | G7: 14318
A8: 2017 | B8: Alton - Emp/Fire/Pol | C8: 385599 | E8: 2016 | F8: Alton - Emp/Fire/Pol | G8: 408396
A9: 2017 | B9: Alton Sd - Emp/Teach | C9: 550245 | E9: 2016 | F9: Alton Sd - Emp/Teach | G9: 536840
A10: 2017 | B10: Amherst - Fire/Pol | C10: 336060 | E10: 2016 | F10: Amherst - Fire/Pol | G10: 318016
A11: 2017 | B11: Amherst Sd - (Sau 39) | C11: 1464946 | E11: 2016 | F11: Amherst Sd - (Sau 39) | G11: 1467727
A12: 2017 | B12: Andover - Police | C12: 13500 | E12: 2016 | F12: Andover - Police | G12: 12592
A13: 2017 | B13: Andover Sd - (Sau 46) | C13: 187775 | E13: 2016 | F13: Andover Sd - (Sau 46) | G13: 187415
... A47: 2017 | B47: Brentwood Sd - (Sau 16) | C47: 251579 | E47: 2016 | F47: Brentwood Sd - (Sau 16) | G47: 248273
A48: 2017 | B48: Bridgewater - Police/Fire | C48: 0 | E48: 2016 | F48: Bridgewater - Police/Fire
A49: 2017 | B49: Bristol - Emp/Fire/Pol | C49: 306943 | E49: 2016 | F49: Bristol - Emp/Fire/Pol | G49: 312518
A50: 2017 | B50: Brookline - Emp/Fire/Pol | C50: 213878 | E50: 2016 | F50: Brookline - Emp/Fire/Pol | G50: 188256
A51: 2017 | B51: Brookline Public Library - Emp | C51: 9365 | E51: 2016 | F51: Brookline Public Library - Emp | G51: 6475
A52: 2017 | B52: Brookline Sd - (Sau 41) | C52: 466463 | E52: 2016 | F52: Brookline Sd - (Sau 41) | G52: 448251
A53: 2017 | B53: Campton - Emp/Pol | C53: 119923 | E53: 2016 | F53: Campton - Emp/Pol | G53: 107119
A54: 2017 | B54: Campton Sd - (Sau 48) | C54: 328072 | E54: 2016 | F54: Campton Sd - (Sau 48) | G54: 338384
A55: 2017 | B55: Campton/Thornton Fire Dept | C55: 57171 | E55: 2016 | F55: Campton/Thornton Fire Dept | G55: 40123
A56: 2017 | B56: Canaan - Emp/Pol | C56: 154276 | E56: 2016 | F56: Canaan - Emp/Pol | G56: 147461
A57: 2017 | B57: Candia - Police | C57: 90478 | E57: 2016 | F57: Candia - Police | G57: 88790
A58: 2017 | B58: Candia Sd - (Sau 15) | C58: 283200 | E58: 2016 | F58: Candia Sd - (Sau 15) | G58: 283800
A59: 2017 | B59: Canterbury - Emp/Pol/Fire | C59: 65277 | E59: 2016 | F59: Canterbury - Emp/Pol/Fire | G59: 54050
A60: 2017 | B60: Carroll - Emp/Fire/Pol | C60: 101054 | E60: 2016 | F60: Carroll - Emp/Fire/Pol | G60: 96669
A61: 2017 | B61: Carroll County - Emp/Pol | C61: 1174965 | E61: 2016 | F61: Carroll County - Emp/Pol | G61: 1057195
A62: 2017 | B62: Center Conway Fire Precinct | C62: 13755 | E62: 2016 | F62: Center Conway Fire Precinct
A63: 2017 | B63: Center Harbor - Police | C63: 50019 | E63: 2016 | F63: Center Harbor - Police | G63: 48800
A64: 2017 | B64: Central Hooksett Water Precnct | C64: 19331 | E64: 2016 | F64: Central Hooksett Water Precnct | G64: 15633
A65: 2017 | B65: Charlestown - Emp/Pol | C65: 159025 | E65: 2016 | F65: Charlestown - Emp/Pol | G65: 135404
A66: 2017 | B66: Cheshire County - Emp/Pol | C66: 1823297 | E66: 2016 | F66: Cheshire County - Emp/Pol | G66: 1780113
A67: 2017 | B67: Chester - Emp/Fire/Pol | C67: 179631 | E67: 2016 | F67: Chester - Emp/Fire/Pol | G67: 165260
A68: 2017 | B68: Chester Sd - (Sau 82) | C68: 403597 | E68: 2016 | F68: Chester Sd - (Sau 82) | G68: 386956
A69: 2017 | B69: Chesterfield - Emp/Pol | C69: 126971 | E69: 2016 | F69: Chesterfield - Emp/Pol | G69: 125610
A70: 2017 | B70: Chesterfield Sd - (Sau 29) | C70: 235678 | E70: 2016 | F70: Chesterfield Sd - (Sau 29) | G70: 226953
A71: 2017 | B71: Chichester - Emp/Pol | C71: 88266 | E71: 2016 | F71: Chichester - Emp/Pol | G71: 72074
A72: 2017 | B72: Chichester Sd - (Sau 53) | C72: 230158 | E72: 2016 | F72: Chichester Sd - (Sau 53) | G72: 230692
A73: 2017 | B73: Claremont - Emp/Fire/Pol | C73: 1033810 | E73: 2016 | F73: Claremont - Emp/Fire/Pol | G73: 1015464
A74: 2017 | B74: Claremont Sd - (Sau 06) | C74: 1583670 | E74: 2016 | F74: Claremont Sd - (Sau 06) | G74: 1575144
... A86: 2017 | B86: Conway Village Fire District | C86: 117198 | E86: 2016 | F86: Conway Village Fire District | G86: 114596
A87: 2017 | B87: Cook Memorial Library | C87: 2451 | E87: 2016 | F87: Cook Memorial Library
A88: 2017 | B88: Coos County - Emp/Pol | C88: 742805 | E88: 2016 | F88: Coos County - Emp/Pol | G88: 713742
A89: 2017 | B89: Coos County Nursing Home - Emp | C89: 303617 | E89: 2016 | F89: Coos County Nursing Home - Emp | G89: 291285
A90: 2017 | B90: Cornish - Emp | C90: 21501 | E90: 2016 | F90: Cornish - Emp | G90: 18041
A91: 2017 | B91: Cornish Sd - (Sau 100) | C91: 96881 | E91: 2016 | F91: Cornish Sd - (Sau 100) | G91: 87996
A92: 2017 | B92: Croydon Sd - (Sau 99) | C92: 16418 | E92: 2016 | F92: Croydon Sd - (Sau 99) | G92: 15972
A93: 2017 | B93: Danville - Pol | C93: 63466 | E93: 2016 | F93: Danville - Pol | G93: 72993
A94: 2017 | B94: Deerfield - Emp/Pol | C94: 166054 | E94: 2016 | F94: Deerfield - Emp/Pol | G94: 158451
A95: 2017 | B95: Deerfield Sd - (Sau 53) | C95: 458816 | E95: 2016 | F95: Deerfield Sd - (Sau 53) | G95: 438228
A96: 2017 | B96: Deering - Police | C96: 31138 | E96: 2016 | F96: Deering - Police | G96: 29957
A97: 2017 | B97: Derry - Emp/Fire/Pol | C97: 3199399 | E97: 2016 | F97: Derry - Emp/Fire/Pol | G97: 3083813
A98: 2017 | B98: Derry Housing Authority - Emp | C98: 8352 | E98: 2016 | F98: Derry Housing Authority - Emp | G98: 8280
A99: 2017 | B99: Dorchester - Emp | C99: 1485 | E99: 2016 | F99: Dorchester - Emp | G99: 4118
... A139: 2017 | B139: Goshen - Emp/Pol | C139: 12096 | E139: 2016 | F139: Goshen - Emp/Pol | G139: 11216
A140: 2017 | B140: Goshen-Lempster Sd | C140: 0 | E140: 2016 | F140: Goshen-Lempster Sd
A141: 2017 | B141: Governor Wentworth Reg Sd | C141: 2561383 | E141: 2016 | F141: Governor Wentworth Reg Sd | G141: 2500008
A142: 2017 | B142: Grafton - Emp/Pol | C142: 20847 | E142: 2016 | F142: Grafton - Emp/Pol | G142: 11141
A143: 2017 | B143: Grafton County - Emp/Pol | C143: 1911928 | E143: 2016 | F143: Grafton County - Emp/Pol | G143: 1912807
A144: 2017 | B144: Grantham - Emp/Pol | C144: 107904 | E144: 2016 | F144: Grantham - Emp/Pol | G144: 96963
A145: 2017 | B145: Grantham Sd (Sau75) | C145: 246501 | E145: 2016 | F145: Grantham Sd (Sau75) | G145: 233422
A146: 2017 | B146: Great Bay Elearning Charter Sc | C146: 83289 | E146: 2016 | F146: Great Bay Elearning Charter Sc | G146: 78847
A147: 2017 | B147: Greenfield - Emp/Pol | C147: 85884 | E147: 2016 | F147: Greenfield - Emp/Pol | G147: 73226
A148: 2017 | B148: Greenland - Emp/Pol | C148: 179198 | E148: 2016 | F148: Greenland - Emp/Pol | G148: 184511
A149: 2017 | B149: Greenland Sd - (Sau 50) | C149: 318228 | E149: 2016 | F149: Greenland Sd - (Sau 50) | G149: 308717
A150: 2017 | B150: Greenville - Emp/Pol | C150: 105694 | E150: 2016 | F150: Greenville - Emp/Pol | G150: 94861
A151: 2017 | B151: Groton - Emp/Pol | C151: 21747 | E151: 2016 | F151: Groton - Emp/Pol | G151: 16532
A152: 2017 | B152: Grs Coop Sd - (Sau 20) | C152: 363969 | E152: 2016 | F152: Grs Coop Sd - (Sau 20) | G152: 352488
... A253: 2017 | B253: Middleton - Police | C253: 52001 | E253: 2016 | F253: Middleton - Police | G253: 52227
A254: 2017 | B254: Middleton Sd - Emp/Teach | C254: 83124 | E254: 2016 | F254: Middleton Sd - Emp/Teach
A255: 2017 | B255: Milan Sd - (Sau 20) | C255: 68904 | E255: 2016 | F255: Milan Sd - (Sau 20) | G255: 57712
A256: 2017 | B256: Milford - Emp/Fire/Pol | C256: 920916 | E256: 2016 | F256: Milford - Emp/Fire/Pol | G256: 883337
A257: 2017 | B257: Milford Area Communication Ctr | C257: 31954 | E257: 2016 | F257: Milford Area Communication Ctr | G257: 33110
A258: 2017 | B258: Milford Sd - Empl/Teacher | C258: 2176494 | E258: 2016 | F258: Milford Sd - Empl/Teacher | G258: 2151141
A259: 2017 | B259: Milton - Emp/Fire/Pol | C259: 204103 | E259: 2016 | F259: Milton - Emp/Fire/Pol | G259: 202333
A260: 2017 | B260: Milton Sd - (Sau 64) | C260: 501715 | E260: 2016 | F260: Milton Sd - (Sau 64) | G260: 483875
A261: 2017 | B261: Monadnock Reg Sd - (Sau 93) | C261: 1785366 | E261: 2016 | F261: Monadnock Reg Sd - (Sau 93) | G261: 1770390
A262: 2017 | B262: Monroe - Emp | C262: 9874 | E262: 2016 | F262: Monroe - Emp | G262: 9159
A263: 2017 | B263: Monroe Sd - Emp/Tch | C263: 111415 | E263: 2016 | F263: Monroe Sd - Emp/Tch | G263: 101509
A264: 2017 | B264: Mont Vernon - Emp/Pol | C264: 76899 | E264: 2016 | F264: Mont Vernon - Emp/Pol | G264: 77039
A265: 2017 | B265: Mont Vernon Sd - (Sau 39) | C265: 149375 | E265: 2016 | F265: Mont Vernon Sd - (Sau 39) | G265: 152526
A266: 2017 | B266: Moultonborough - Emp/Fire/Pol | C266: 398389 | E266: 2016 | F266: Moultonborough - Emp/Fire/Pol | G266: 407673
... A297: 2017 | B297: Nh Municipal Bond Bank - Emp | C297: 36318 | E297: 2016 | F297: Nh Municipal Bond Bank - Emp | G297: 19563
A298: 2017 | B298: Nh Retirement System | C298: 0 | E298: 2016 | F298: Nh Retirement System
A299: 2017 | B299: North Conway Wtr Prct&Fire Dep | C299: 107779 | E299: 2016 | F299: North Conway Wtr Prct&Fire Dep | G299: 105787
A300: 2017 | B300: North Country Charter Academy | C300: 25857 | E300: 2016 | F300: North Country Charter Academy | G300: 26648
A301: 2017 | B301: North Country Education Servic | C301: 107800 | E301: 2016 | F301: North Country Education Servic | G301: 101665
A302: 2017 | B302: North Hampton - Emp/Fire/Pol | C302: 532397 | E302: 2016 | F302: North Hampton - Emp/Fire/Pol | G302: 487062
A303: 2017 | B303: North Hampton Sd - (Sau 21) | C303: 510882 | E303: 2016 | F303: North Hampton Sd - (Sau 21) | G303: 518310
A304: 2017 | B304: Northfield - Emp/Pol | C304: 169980 | E304: 2016 | F304: Northfield - Emp/Pol | G304: 146359
A305: 2017 | B305: Northumberland - Emp/Pol | C305: 55816 | E305: 2016 | F305: Northumberland - Emp/Pol | G305: 71944
A306: 2017 | B306: Northumberland Sd - (Sau 58) | C306: 284079 | E306: 2016 | F306: Northumberland Sd - (Sau 58) | G306: 303305
A307: 2017 | B307: Northwood - Emp/Fire/Pol | C307: 190751 | E307: 2016 | F307: Northwood - Emp/Fire/Pol | G307: 194326
A308: 2017 | B308: Northwood Sd - (Sau 44) | C308: 277582 | E308: 2016 | F308: Northwood Sd - (Sau 44) | G308: 296817
A309: 2017 | B309: Nottingham - Fire/Pol | C309: 113334 | E309: 2016 | F309: Nottingham - Fire/Pol | G309: 107785
A310: 2017 | B310: Nottingham Sd - (Sau 44) | C310: 404265 | E310: 2016 | F310: Nottingham Sd - (Sau 44) | G310: 386914
... A379: 2017 | B379: Sau 24 - Emp/Teach | C379: 144291 | E379: 2016 | F379: Sau 24 - Emp/Teach | G379: 140561
A380: 2017 | B380: Sau 28 - Emp | C380: 0 | E380: 2016 | F380: Sau 28 - Emp
A381: 2017 | B381: Sau 29 - Emp/Teach | C381: 203490 | E381: 2016 | F381: Sau 29 - Emp/Teach | G381: 189636
...

Sheet 2015
A1: Year | B1: district_name | C1: district_contributions
A2: 2015 | B2: ALBANY - EMP | C2: 4273.25
A3: 2015 | B3: ALEXANDRIA - EMP/POL | C3: 35431.44
A4: 2015 | B4: ALLENSTOWN - EMP/FIRE/POL | C4: 185934.67
A5: 2015 | B5: ALLENSTOWN SD - (SAU 53) | C5: 300445.41
A6: 2015 | B6: ALLENSTOWN SEWER COMMISSION | C6: 40260.82
A7: 2015 | B7: ALSTEAD - POLICE | C7: 17607.59
A8: 2015 | B8: ALTON - EMP/FIRE/POL | C8: 384134.46
A9: 2015 | B9: ALTON SD - EMP/TEACH | C9: 500661.01
A10: 2015 | B10: AMHERST - FIRE/POL | C10: 272728.94
A11: 2015 | B11: AMHERST SD - (SAU 39) | C11: 1375117.6
A12: 2015 | B12: ANDOVER - POLICE | C12: 11930.06
A13: 2015 | B13: ANDOVER SD - (SAU 46) | C13: 165748.54
... A478: 2015 | B478: WOODSVILLE WATER & LIGHT DEPT | C478: 39776.86
B480: Summed Figures | C480: =SUM(C2:C478) -> 3.3548814e+08
B482: GASB 68 Numbers | C482: 335488145
B484: Check | C484: =C480-C482 -> -0.10999966

Sheet NCES Match -->

Sheet LEAID Match
A1: district_name_standardized | B1: LEAID
A2: Allenstown SD | B2: 3301380
A3: Alton SD | B3: 3301440
A4: Amherst SD | B4: 3399939
A5: Andover SD | B5: 3301500
A6: Ashland SD | B6: 3301560
A7: Auburn SD | B7: 3301590
A8: Barnstead SD | B8: 3301620
A9: Barrington SD | B9: 3301650
A10: Bartlett SD | B10: 3301680
A11: Bath SD | B11: 3301710
A12: Bedford SD | B12: 3301740
A13: Bethlehem SD | B13: 3301890
... A129: Raymond SD | B129: 3305880
A130: Rivendell Interstate SD
A131: Rochester SD | B131: 3305940
A132: Rollinsford SD | B132: 3305970
A133: Rumney SD | B133: 3306000
A134: Rye SD | B134: 3306030
A135: Salem SD | B135: 3306060
A136: Sanborn Regional SD | B136: 3306080
A137: Sau 10 (Derry Coop Sd) | B137: 3302610
A138: Sau 54 (Rochester Sd) | B138: 3305940
A139: Seabrook SD | B139: 3306150
A140: Shaker Regional Sd - (Sau 80) | B140: 3306180
A141: Somersworth SD | B141: 3306240
A142: Souhegan Coop SD | B142: 3306260
... A168: Winnisquam Reg Sd | B168: 3307300
