Workbook

Sheet Summary
A1: LEAID | B1: Year | C1: employer_code | D1: State | E1: state_abv | F1: employer_name | G1: district_contributions | H1: State Sponsored Charters Marker | I1: district_cont_prop | J1: state_contributions | K1: total_contributions | L1: LEAID
A2: 0 | B2: 2015 | C2: 100 | D2: Nevada | E2: NV | F2: STATE OF NEVADA | G2: 248642575 | L2: =IFERROR(VLOOKUP(F2,'LEAID Match'!$A$2:$B$240,2,FALSE),"") -> 0
A3: 0 | B3: 2016 | C3: 100 | D3: Nevada | E3: NV | F3: STATE OF NEVADA | G3: 271203080 | L3: =IFERROR(VLOOKUP(F3,'LEAID Match'!$A$2:$B$240,2,FALSE),"") -> 0
A4: 0 | B4: 2017 | C4: 100 | D4: Nevada | E4: NV | F4: STATE OF NEVADA | G4: 148086587 | L4: =IFERROR(VLOOKUP(F4,'LEAID Match'!$A$2:$B$240,2,FALSE),"") -> 0
A5: 0 | B5: 2018 | C5: 100 | D5: Nevada | E5: NV | F5: STATE OF NEVADA | G5: 150523924 | L5: =IFERROR(VLOOKUP(F5,'LEAID Match'!$A$2:$B$240,2,FALSE),"") -> 0
A6: 0 | B6: 2019 | C6: 100 | D6: Nevada | E6: NV | F6: STATE OF NEVADA | G6: 158028122 | L6: =IFERROR(VLOOKUP(F6,'LEAID Match'!$A$2:$B$240,2,FALSE),"") -> 0
A7: 0 | B7: 2020 | C7: 100 | D7: Nevada | E7: NV | F7: STATE OF NEVADA | G7: 172683894 | L7: =IFERROR(VLOOKUP(F7,'LEAID Match'!$A$2:$B$240,2,FALSE),"") -> 0
A8: 0 | B8: 2021 | C8: 100 | D8: Nevada | E8: NV | F8: STATE OF NEVADA | G8: 171616836 | L8: =IFERROR(VLOOKUP(F8,'LEAID Match'!$A$2:$B$240,2,FALSE),"") -> 0
A9: 0 | B9: 2022 | C9: 100 | D9: Nevada | E9: NV | F9: STATE OF NEVADA | G9: 169585649 | L9: =IFERROR(VLOOKUP(F9,'LEAID Match'!$A$2:$B$240,2,FALSE),"") -> 0
A10: 0 | B10: 2023 | C10: 100 | D10: Nevada | E10: NV | F10: STATE OF NEVADA | G10: 169985319 | L10: =IFERROR(VLOOKUP(F10,'LEAID Match'!$A$2:$B$240,2,FALSE),"") -> 0
A11: 0 | B11: 2015 | C11: 161 | D11: Nevada | E11: NV | F11: NV BD OF VET MEDICAL EXAM | G11: 42671 | I11: {=_xlfn.IFS(B11=2015,G11/$H$1957,B11=2016,G11/$H$1958,B11=2017,G11/$H$1959,B11=2018,G11/$H$1960,B11=2019,G11/$H$1961,B11=2020,G11/$H$1962,B11=2021,G11/$H$1963,B11=2022,G11/$H$1964,B11=2023,G11/$H$1965)} -> 3.2953042e-05 | J11: {=_xlfn.IFS(B11=2015,I11*$G$2,B11=2016,I11*$G$3,B11=2017,I11*$G$4,B11=2018,I11*$G$5,B11=2019,I11*$G$6,B11=2020,I11*$G$7,B11=2021,I11*$G$8,B11=2022,I11*$G$9,B11=2023,I11*$G$10)} -> 8193.5292 | K11: =SUM(G11,J11) -> 50864.529 | L11: =IFERROR(VLOOKUP(F11,'LEAID Match'!$A$2:$B$240,2,FALSE),"") -> 0
A12: 0 | B12: 2016 | C12: 161 | D12: Nevada | E12: NV | F12: NV BD OF VET MEDICAL EXAM | G12: 53794 | I12: {=_xlfn.IFS(B12=2015,G12/$H$1957,B12=2016,G12/$H$1958,B12=2017,G12/$H$1959,B12=2018,G12/$H$1960,B12=2019,G12/$H$1961,B12=2020,G12/$H$1962,B12=2021,G12/$H$1963,B12=2022,G12/$H$1964,B12=2023,G12/$H$1965)} -> 3.7763365e-05 | J12: {=_xlfn.IFS(B12=2015,I12*$G$2,B12=2016,I12*$G$3,B12=2017,I12*$G$4,B12=2018,I12*$G$5,B12=2019,I12*$G$6,B12=2020,I12*$G$7,B12=2021,I12*$G$8,B12=2022,I12*$G$9,B12=2023,I12*$G$10)} -> 10241.541 | K12: =SUM(G12,J12) -> 64035.541 | L12: =IFERROR(VLOOKUP(F12,'LEAID Match'!$A$2:$B$240,2,FALSE),"") -> 0
A13: 0 | B13: 2017 | C13: 161 | D13: Nevada | E13: NV | F13: NV BD OF VET MEDICAL EXAM | G13: 26984 | I13: {=_xlfn.IFS(B13=2015,G13/$H$1957,B13=2016,G13/$H$1958,B13=2017,G13/$H$1959,B13=2018,G13/$H$1960,B13=2019,G13/$H$1961,B13=2020,G13/$H$1962,B13=2021,G13/$H$1963,B13=2022,G13/$H$1964,B13=2023,G13/$H$1965)} -> 3.6002398e-05 | J13: {=_xlfn.IFS(B13=2015,I13*$G$2,B13=2016,I13*$G$3,B13=2017,I13*$G$4,B13=2018,I13*$G$5,B13=2019,I13*$G$6,B13=2020,I13*$G$7,B13=2021,I13*$G$8,B13=2022,I13*$G$9,B13=2023,I13*$G$10)} -> 5331.4723 | K13: =SUM(G13,J13) -> 32315.472 | L13: =IFERROR(VLOOKUP(F13,'LEAID Match'!$A$2:$B$240,2,FALSE),"") -> 0
A14: 0 | B14: 2018 | C14: 161 | D14: Nevada | E14: NV | F14: NV BD OF VET MEDICAL EXAM | G14: 26202 | I14: {=_xlfn.IFS(B14=2015,G14/$H$1957,B14=2016,G14/$H$1958,B14=2017,G14/$H$1959,B14=2018,G14/$H$1960,B14=2019,G14/$H$1961,B14=2020,G14/$H$1962,B14=2021,G14/$H$1963,B14=2022,G14/$H$1964,B14=2023,G14/$H$1965)} -> 3.3714387e-05 | J14: {=_xlfn.IFS(B14=2015,I14*$G$2,B14=2016,I14*$G$3,B14=2017,I14*$G$4,B14=2018,I14*$G$5,B14=2019,I14*$G$6,B14=2020,I14*$G$7,B14=2021,I14*$G$8,B14=2022,I14*$G$9,B14=2023,I14*$G$10)} -> 5074.8218 | K14: =SUM(G14,J14) -> 31276.822 | L14: =IFERROR(VLOOKUP(F14,'LEAID Match'!$A$2:$B$240,2,FALSE),"") -> 0
A15: 0 | B15: 2019 | C15: 161 | D15: Nevada | E15: NV | F15: NV BD OF VET MEDICAL EXAM | G15: 27126 | I15: {=_xlfn.IFS(B15=2015,G15/$H$1957,B15=2016,G15/$H$1958,B15=2017,G15/$H$1959,B15=2018,G15/$H$1960,B15=2019,G15/$H$1961,B15=2020,G15/$H$1962,B15=2021,G15/$H$1963,B15=2022,G15/$H$1964,B15=2023,G15/$H$1965)} -> 3.3712102e-05 | J15: {=_xlfn.IFS(B15=2015,I15*$G$2,B15=2016,I15*$G$3,B15=2017,I15*$G$4,B15=2018,I15*$G$5,B15=2019,I15*$G$6,B15=2020,I15*$G$7,B15=2021,I15*$G$8,B15=2022,I15*$G$9,B15=2023,I15*$G$10)} -> 5327.4602 | K15: =SUM(G15,J15) -> 32453.46 | L15: =IFERROR(VLOOKUP(F15,'LEAID Match'!$A$2:$B$240,2,FALSE),"") -> 0
A16: 0 | B16: 2020 | C16: 161 | D16: Nevada | E16: NV | F16: NV BD OF VET MEDICAL EXAM | G16: 27091 | I16: {=_xlfn.IFS(B16=2015,G16/$H$1957,B16=2016,G16/$H$1958,B16=2017,G16/$H$1959,B16=2018,G16/$H$1960,B16=2019,G16/$H$1961,B16=2020,G16/$H$1962,B16=2021,G16/$H$1963,B16=2022,G16/$H$1964,B16=2023,G16/$H$1965)} -> 3.1159076e-05 | J16: {=_xlfn.IFS(B16=2015,I16*$G$2,B16=2016,I16*$G$3,B16=2017,I16*$G$4,B16=2018,I16*$G$5,B16=2019,I16*$G$6,B16=2020,I16*$G$7,B16=2021,I16*$G$8,B16=2022,I16*$G$9,B16=2023,I16*$G$10)} -> 5380.6706 | K16: =SUM(G16,J16) -> 32471.671 | L16: =IFERROR(VLOOKUP(F16,'LEAID Match'!$A$2:$B$240,2,FALSE),"") -> 0
A17: 0 | B17: 2021 | C17: 161 | D17: Nevada | E17: NV | F17: NV BD OF VET MEDICAL EXAM | G17: 25012 | I17: {=_xlfn.IFS(B17=2015,G17/$H$1957,B17=2016,G17/$H$1958,B17=2017,G17/$H$1959,B17=2018,G17/$H$1960,B17=2019,G17/$H$1961,B17=2020,G17/$H$1962,B17=2021,G17/$H$1963,B17=2022,G17/$H$1964,B17=2023,G17/$H$1965)} -> 2.8583586e-05 | J17: {=_xlfn.IFS(B17=2015,I17*$G$2,B17=2016,I17*$G$3,B17=2017,I17*$G$4,B17=2018,I17*$G$5,B17=2019,I17*$G$6,B17=2020,I17*$G$7,B17=2021,I17*$G$8,B17=2022,I17*$G$9,B17=2023,I17*$G$10)} -> 4905.4246 | K17: =SUM(G17,J17) -> 29917.425 | L17: =IFERROR(VLOOKUP(F17,'LEAID Match'!$A$2:$B$240,2,FALSE),"") -> 0
A18: 0 | B18: 2022 | C18: 161 | D18: Nevada | E18: NV | F18: NV BD OF VET MEDICAL EXAM | G18: 28072 | I18: {=_xlfn.IFS(B18=2015,G18/$H$1957,B18=2016,G18/$H$1958,B18=2017,G18/$H$1959,B18=2018,G18/$H$1960,B18=2019,G18/$H$1961,B18=2020,G18/$H$1962,B18=2021,G18/$H$1963,B18=2022,G18/$H$1964,B18=2023,G18/$H$1965)} -> 3.017185e-05 | J18: {=_xlfn.IFS(B18=2015,I18*$G$2,B18=2016,I18*$G$3,B18=2017,I18*$G$4,B18=2018,I18*$G$5,B18=2019,I18*$G$6,B18=2020,I18*$G$7,B18=2021,I18*$G$8,B18=2022,I18*$G$9,B18=2023,I18*$G$10)} -> 5116.7128 | K18: =SUM(G18,J18) -> 33188.713 | L18: =IFERROR(VLOOKUP(F18,'LEAID Match'!$A$2:$B$240,2,FALSE),"") -> 0
A19: 0 | B19: 2023 | C19: 161 | D19: Nevada | E19: NV | F19: NV BD OF VET MEDICAL EXAM | G19: 27823 | I19: {=_xlfn.IFS(B19=2015,G19/$H$1957,B19=2016,G19/$H$1958,B19=2017,G19/$H$1959,B19=2018,G19/$H$1960,B19=2019,G19/$H$1961,B19=2020,G19/$H$1962,B19=2021,G19/$H$1963,B19=2022,G19/$H$1964,B19=2023,G19/$H$1965)} -> 2.8170498e-05 | J19: {=_xlfn.IFS(B19=2015,I19*$G$2,B19=2016,I19*$G$3,B19=2017,I19*$G$4,B19=2018,I19*$G$5,B19=2019,I19*$G$6,B19=2020,I19*$G$7,B19=2021,I19*$G$8,B19=2022,I19*$G$9,B19=2023,I19*$G$10)} -> 4788.5711 | K19: =SUM(G19,J19) -> 32611.571 | L19: =IFERROR(VLOOKUP(F19,'LEAID Match'!$A$2:$B$240,2,FALSE),"") -> 0
A20: 0 | B20: 2015 | C20: 162 | D20: Nevada | E20: NV | F20: BD OF EXAM FOR SOC WORKER | G20: 37432 | I20: {=_xlfn.IFS(B20=2015,G20/$H$1957,B20=2016,G20/$H$1958,B20=2017,G20/$H$1959,B20=2018,G20/$H$1960,B20=2019,G20/$H$1961,B20=2020,G20/$H$1962,B20=2021,G20/$H$1963,B20=2022,G20/$H$1964,B20=2023,G20/$H$1965)} -> 2.890718e-05 | J20: {=_xlfn.IFS(B20=2015,I20*$G$2,B20=2016,I20*$G$3,B20=2017,I20*$G$4,B20=2018,I20*$G$5,B20=2019,I20*$G$6,B20=2020,I20*$G$7,B20=2021,I20*$G$8,B20=2022,I20*$G$9,B20=2023,I20*$G$10)} -> 7187.5556 | K20: =SUM(G20,J20) -> 44619.556 | L20: =IFERROR(VLOOKUP(F20,'LEAID Match'!$A$2:$B$240,2,FALSE),"") -> 0
A21: 0 | B21: 2016 | C21: 162 | D21: Nevada | E21: NV | F21: BD OF EXAM FOR SOC WORKER | G21: 41228 | I21: {=_xlfn.IFS(B21=2015,G21/$H$1957,B21=2016,G21/$H$1958,B21=2017,G21/$H$1959,B21=2018,G21/$H$1960,B21=2019,G21/$H$1961,B21=2020,G21/$H$1962,B21=2021,G21/$H$1963,B21=2022,G21/$H$1964,B21=2023,G21/$H$1965)} -> 2.8942038e-05 | J21: {=_xlfn.IFS(B21=2015,I21*$G$2,B21=2016,I21*$G$3,B21=2017,I21*$G$4,B21=2018,I21*$G$5,B21=2019,I21*$G$6,B21=2020,I21*$G$7,B21=2021,I21*$G$8,B21=2022,I21*$G$9,B21=2023,I21*$G$10)} -> 7849.1699 | K21: =SUM(G21,J21) -> 49077.17 | L21: =IFERROR(VLOOKUP(F21,'LEAID Match'!$A$2:$B$240,2,FALSE),"") -> 0
A22: 0 | B22: 2017 | C22: 162 | D22: Nevada | E22: NV | F22: BD OF EXAM FOR SOC WORKER | G22: 22999 | I22: {=_xlfn.IFS(B22=2015,G22/$H$1957,B22=2016,G22/$H$1958,B22=2017,G22/$H$1959,B22=2018,G22/$H$1960,B22=2019,G22/$H$1961,B22=2020,G22/$H$1962,B22=2021,G22/$H$1963,B22=2022,G22/$H$1964,B22=2023,G22/$H$1965)} -> 3.068556e-05 | J22: {=_xlfn.IFS(B22=2015,I22*$G$2,B22=2016,I22*$G$3,B22=2017,I22*$G$4,B22=2018,I22*$G$5,B22=2019,I22*$G$6,B22=2020,I22*$G$7,B22=2021,I22*$G$8,B22=2022,I22*$G$9,B22=2023,I22*$G$10)} -> 4544.1199 | K22: =SUM(G22,J22) -> 27543.12 | L22: =IFERROR(VLOOKUP(F22,'LEAID Match'!$A$2:$B$240,2,FALSE),"") -> 0
... A175: 0 | B175: 2020 | C175: 190 | D175: Nevada | E175: NV | F175: UNIVERSITY OF NEVADA-RENO | G175: 776 | I175: {=_xlfn.IFS(B175=2015,G175/$H$1957,B175=2016,G175/$H$1958,B175=2017,G175/$H$1959,B175=2018,G175/$H$1960,B175=2019,G175/$H$1961,B175=2020,G175/$H$1962,B175=2021,G175/$H$1963,B175=2022,G175/$H$1964,B175=2023,G175/$H$1965)} -> 8.9252678e-07 | J175: {=_xlfn.IFS(B175=2015,I175*$G$2,B175=2016,I175*$G$3,B175=2017,I175*$G$4,B175=2018,I175*$G$5,B175=2019,I175*$G$6,B175=2020,I175*$G$7,B175=2021,I175*$G$8,B175=2022,I175*$G$9,B175=2023,I175*$G$10)} -> 154.125 | K175: =SUM(G175,J175) -> 930.125 | L175: =IFERROR(VLOOKUP(F175,'LEAID Match'!$A$2:$B$240,2,FALSE),"") -> 0
A176: 0 | B176: 2021 | C176: 190 | D176: Nevada | E176: NV | F176: UNIVERSITY OF NEVADA-RENO | I176: {=_xlfn.IFS(B176=2015,G176/$H$1957,B176=2016,G176/$H$1958,B176=2017,G176/$H$1959,B176=2018,G176/$H$1960,B176=2019,G176/$H$1961,B176=2020,G176/$H$1962,B176=2021,G176/$H$1963,B176=2022,G176/$H$1964,B176=2023,G176/$H$1965)} -> 0 | J176: {=_xlfn.IFS(B176=2015,I176*$G$2,B176=2016,I176*$G$3,B176=2017,I176*$G$4,B176=2018,I176*$G$5,B176=2019,I176*$G$6,B176=2020,I176*$G$7,B176=2021,I176*$G$8,B176=2022,I176*$G$9,B176=2023,I176*$G$10)} -> 0 | K176: =SUM(G176,J176) -> 0 | L176: =IFERROR(VLOOKUP(F176,'LEAID Match'!$A$2:$B$240,2,FALSE),"") -> 0
A177: 0 | B177: 2022 | C177: 190 | D177: Nevada | E177: NV | F177: UNIVERSITY OF NEVADA-RENO | I177: {=_xlfn.IFS(B177=2015,G177/$H$1957,B177=2016,G177/$H$1958,B177=2017,G177/$H$1959,B177=2018,G177/$H$1960,B177=2019,G177/$H$1961,B177=2020,G177/$H$1962,B177=2021,G177/$H$1963,B177=2022,G177/$H$1964,B177=2023,G177/$H$1965)} -> 0 | J177: {=_xlfn.IFS(B177=2015,I177*$G$2,B177=2016,I177*$G$3,B177=2017,I177*$G$4,B177=2018,I177*$G$5,B177=2019,I177*$G$6,B177=2020,I177*$G$7,B177=2021,I177*$G$8,B177=2022,I177*$G$9,B177=2023,I177*$G$10)} -> 0 | K177: =SUM(G177,J177) -> 0 | L177: =IFERROR(VLOOKUP(F177,'LEAID Match'!$A$2:$B$240,2,FALSE),"") -> 0
A178: 0 | B178: 2023 | C178: 190 | D178: Nevada | E178: NV | F178: UNIVERSITY OF NEVADA-RENO | I178: {=_xlfn.IFS(B178=2015,G178/$H$1957,B178=2016,G178/$H$1958,B178=2017,G178/$H$1959,B178=2018,G178/$H$1960,B178=2019,G178/$H$1961,B178=2020,G178/$H$1962,B178=2021,G178/$H$1963,B178=2022,G178/$H$1964,B178=2023,G178/$H$1965)} -> 0 | J178: {=_xlfn.IFS(B178=2015,I178*$G$2,B178=2016,I178*$G$3,B178=2017,I178*$G$4,B178=2018,I178*$G$5,B178=2019,I178*$G$6,B178=2020,I178*$G$7,B178=2021,I178*$G$8,B178=2022,I178*$G$9,B178=2023,I178*$G$10)} -> 0 | K178: =SUM(G178,J178) -> 0 | L178: =IFERROR(VLOOKUP(F178,'LEAID Match'!$A$2:$B$240,2,FALSE),"") -> 0
A179: 0 | B179: 2015 | C179: 191 | D179: Nevada | E179: NV | F179: UNLV | G179: 20634985 | I179: {=_xlfn.IFS(B179=2015,G179/$H$1957,B179=2016,G179/$H$1958,B179=2017,G179/$H$1959,B179=2018,G179/$H$1960,B179=2019,G179/$H$1961,B179=2020,G179/$H$1962,B179=2021,G179/$H$1963,B179=2022,G179/$H$1964,B179=2023,G179/$H$1965)} -> 0.015935542 | J179: {=_xlfn.IFS(B179=2015,I179*$G$2,B179=2016,I179*$G$3,B179=2017,I179*$G$4,B179=2018,I179*$G$5,B179=2019,I179*$G$6,B179=2020,I179*$G$7,B179=2021,I179*$G$8,B179=2022,I179*$G$9,B179=2023,I179*$G$10)} -> 3962254.3 | K179: =SUM(G179,J179) -> 24597239 | L179: =IFERROR(VLOOKUP(F179,'LEAID Match'!$A$2:$B$240,2,FALSE),"") -> 0
A180: 0 | B180: 2016 | C180: 191 | D180: Nevada | E180: NV | F180: UNLV | G180: 23142993 | I180: {=_xlfn.IFS(B180=2015,G180/$H$1957,B180=2016,G180/$H$1958,B180=2017,G180/$H$1959,B180=2018,G180/$H$1960,B180=2019,G180/$H$1961,B180=2020,G180/$H$1962,B180=2021,G180/$H$1963,B180=2022,G180/$H$1964,B180=2023,G180/$H$1965)} -> 0.016246371 | J180: {=_xlfn.IFS(B180=2015,I180*$G$2,B180=2016,I180*$G$3,B180=2017,I180*$G$4,B180=2018,I180*$G$5,B180=2019,I180*$G$6,B180=2020,I180*$G$7,B180=2021,I180*$G$8,B180=2022,I180*$G$9,B180=2023,I180*$G$10)} -> 4406065.9 | K180: =SUM(G180,J180) -> 27549059 | L180: =IFERROR(VLOOKUP(F180,'LEAID Match'!$A$2:$B$240,2,FALSE),"") -> 0
A181: 0 | B181: 2017 | C181: 191 | D181: Nevada | E181: NV | F181: UNLV | G181: 12473237 | I181: {=_xlfn.IFS(B181=2015,G181/$H$1957,B181=2016,G181/$H$1958,B181=2017,G181/$H$1959,B181=2018,G181/$H$1960,B181=2019,G181/$H$1961,B181=2020,G181/$H$1962,B181=2021,G181/$H$1963,B181=2022,G181/$H$1964,B181=2023,G181/$H$1965)} -> 0.016641953 | J181: {=_xlfn.IFS(B181=2015,I181*$G$2,B181=2016,I181*$G$3,B181=2017,I181*$G$4,B181=2018,I181*$G$5,B181=2019,I181*$G$6,B181=2020,I181*$G$7,B181=2021,I181*$G$8,B181=2022,I181*$G$9,B181=2023,I181*$G$10)} -> 2464450 | K181: =SUM(G181,J181) -> 14937687 | L181: =IFERROR(VLOOKUP(F181,'LEAID Match'!$A$2:$B$240,2,FALSE),"") -> 0
A182: 0 | B182: 2018 | C182: 191 | D182: Nevada | E182: NV | F182: UNLV | G182: 3294268 | I182: {=_xlfn.IFS(B182=2015,G182/$H$1957,B182=2016,G182/$H$1958,B182=2017,G182/$H$1959,B182=2018,G182/$H$1960,B182=2019,G182/$H$1961,B182=2020,G182/$H$1962,B182=2021,G182/$H$1963,B182=2022,G182/$H$1964,B182=2023,G182/$H$1965)} -> 0.0042387691 | J182: {=_xlfn.IFS(B182=2015,I182*$G$2,B182=2016,I182*$G$3,B182=2017,I182*$G$4,B182=2018,I182*$G$5,B182=2019,I182*$G$6,B182=2020,I182*$G$7,B182=2021,I182*$G$8,B182=2022,I182*$G$9,B182=2023,I182*$G$10)} -> 638036.15 | K182: =SUM(G182,J182) -> 3932304.2 | L182: =IFERROR(VLOOKUP(F182,'LEAID Match'!$A$2:$B$240,2,FALSE),"") -> 0
A183: 0 | B183: 2019 | C183: 191 | D183: Nevada | E183: NV | F183: UNLV | G183: 649648 | I183: {=_xlfn.IFS(B183=2015,G183/$H$1957,B183=2016,G183/$H$1958,B183=2017,G183/$H$1959,B183=2018,G183/$H$1960,B183=2019,G183/$H$1961,B183=2020,G183/$H$1962,B183=2021,G183/$H$1963,B183=2022,G183/$H$1964,B183=2023,G183/$H$1965)} -> 0.00080738036 | J183: {=_xlfn.IFS(B183=2015,I183*$G$2,B183=2016,I183*$G$3,B183=2017,I183*$G$4,B183=2018,I183*$G$5,B183=2019,I183*$G$6,B183=2020,I183*$G$7,B183=2021,I183*$G$8,B183=2022,I183*$G$9,B183=2023,I183*$G$10)} -> 127588.8 | K183: =SUM(G183,J183) -> 777236.8 | L183: =IFERROR(VLOOKUP(F183,'LEAID Match'!$A$2:$B$240,2,FALSE),"") -> 0
A184: 0 | B184: 2020 | C184: 191 | D184: Nevada | E184: NV | F184: UNLV | I184: {=_xlfn.IFS(B184=2015,G184/$H$1957,B184=2016,G184/$H$1958,B184=2017,G184/$H$1959,B184=2018,G184/$H$1960,B184=2019,G184/$H$1961,B184=2020,G184/$H$1962,B184=2021,G184/$H$1963,B184=2022,G184/$H$1964,B184=2023,G184/$H$1965)} -> 0 | J184: {=_xlfn.IFS(B184=2015,I184*$G$2,B184=2016,I184*$G$3,B184=2017,I184*$G$4,B184=2018,I184*$G$5,B184=2019,I184*$G$6,B184=2020,I184*$G$7,B184=2021,I184*$G$8,B184=2022,I184*$G$9,B184=2023,I184*$G$10)} -> 0 | K184: =SUM(G184,J184) -> 0 | L184: =IFERROR(VLOOKUP(F184,'LEAID Match'!$A$2:$B$240,2,FALSE),"") -> 0
A185: 0 | B185: 2021 | C185: 191 | D185: Nevada | E185: NV | F185: UNLV | I185: {=_xlfn.IFS(B185=2015,G185/$H$1957,B185=2016,G185/$H$1958,B185=2017,G185/$H$1959,B185=2018,G185/$H$1960,B185=2019,G185/$H$1961,B185=2020,G185/$H$1962,B185=2021,G185/$H$1963,B185=2022,G185/$H$1964,B185=2023,G185/$H$1965)} -> 0 | J185: {=_xlfn.IFS(B185=2015,I185*$G$2,B185=2016,I185*$G$3,B185=2017,I185*$G$4,B185=2018,I185*$G$5,B185=2019,I185*$G$6,B185=2020,I185*$G$7,B185=2021,I185*$G$8,B185=2022,I185*$G$9,B185=2023,I185*$G$10)} -> 0 | K185: =SUM(G185,J185) -> 0 | L185: =IFERROR(VLOOKUP(F185,'LEAID Match'!$A$2:$B$240,2,FALSE),"") -> 0
A186: 0 | B186: 2022 | C186: 191 | D186: Nevada | E186: NV | F186: UNLV | I186: {=_xlfn.IFS(B186=2015,G186/$H$1957,B186=2016,G186/$H$1958,B186=2017,G186/$H$1959,B186=2018,G186/$H$1960,B186=2019,G186/$H$1961,B186=2020,G186/$H$1962,B186=2021,G186/$H$1963,B186=2022,G186/$H$1964,B186=2023,G186/$H$1965)} -> 0 | J186: {=_xlfn.IFS(B186=2015,I186*$G$2,B186=2016,I186*$G$3,B186=2017,I186*$G$4,B186=2018,I186*$G$5,B186=2019,I186*$G$6,B186=2020,I186*$G$7,B186=2021,I186*$G$8,B186=2022,I186*$G$9,B186=2023,I186*$G$10)} -> 0 | K186: =SUM(G186,J186) -> 0 | L186: =IFERROR(VLOOKUP(F186,'LEAID Match'!$A$2:$B$240,2,FALSE),"") -> 0
A187: 0 | B187: 2023 | C187: 191 | D187: Nevada | E187: NV | F187: UNLV | I187: {=_xlfn.IFS(B187=2015,G187/$H$1957,B187=2016,G187/$H$1958,B187=2017,G187/$H$1959,B187=2018,G187/$H$1960,B187=2019,G187/$H$1961,B187=2020,G187/$H$1962,B187=2021,G187/$H$1963,B187=2022,G187/$H$1964,B187=2023,G187/$H$1965)} -> 0 | J187: {=_xlfn.IFS(B187=2015,I187*$G$2,B187=2016,I187*$G$3,B187=2017,I187*$G$4,B187=2018,I187*$G$5,B187=2019,I187*$G$6,B187=2020,I187*$G$7,B187=2021,I187*$G$8,B187=2022,I187*$G$9,B187=2023,I187*$G$10)} -> 0 | K187: =SUM(G187,J187) -> 0 | L187: =IFERROR(VLOOKUP(F187,'LEAID Match'!$A$2:$B$240,2,FALSE),"") -> 0
A188: 0 | B188: 2018 | C188: 193 | D188: Nevada | E188: NV | F188: NEVADA SYSTEMS OF HIGHER EDUCATION (NSHE) | G188: 20383578 | I188: {=_xlfn.IFS(B188=2015,G188/$H$1957,B188=2016,G188/$H$1958,B188=2017,G188/$H$1959,B188=2018,G188/$H$1960,B188=2019,G188/$H$1961,B188=2020,G188/$H$1962,B188=2021,G188/$H$1963,B188=2022,G188/$H$1964,B188=2023,G188/$H$1965)} -> 0.026227763 | J188: {=_xlfn.IFS(B188=2015,I188*$G$2,B188=2016,I188*$G$3,B188=2017,I188*$G$4,B188=2018,I188*$G$5,B188=2019,I188*$G$6,B188=2020,I188*$G$7,B188=2021,I188*$G$8,B188=2022,I188*$G$9,B188=2023,I188*$G$10)} -> 3947905.8 | K188: =SUM(G188,J188) -> 24331484 | L188: =IFERROR(VLOOKUP(F188,'LEAID Match'!$A$2:$B$240,2,FALSE),"") -> 0
A189: 0 | B189: 2019 | C189: 193 | D189: Nevada | E189: NV | F189: NEVADA SYSTEMS OF HIGHER EDUCATION (NSHE) | G189: 28575713 | I189: {=_xlfn.IFS(B189=2015,G189/$H$1957,B189=2016,G189/$H$1958,B189=2017,G189/$H$1959,B189=2018,G189/$H$1960,B189=2019,G189/$H$1961,B189=2020,G189/$H$1962,B189=2021,G189/$H$1963,B189=2022,G189/$H$1964,B189=2023,G189/$H$1965)} -> 0.0355138 | J189: {=_xlfn.IFS(B189=2015,I189*$G$2,B189=2016,I189*$G$3,B189=2017,I189*$G$4,B189=2018,I189*$G$5,B189=2019,I189*$G$6,B189=2020,I189*$G$7,B189=2021,I189*$G$8,B189=2022,I189*$G$9,B189=2023,I189*$G$10)} -> 5612179.2 | K189: =SUM(G189,J189) -> 34187892 | L189: =IFERROR(VLOOKUP(F189,'LEAID Match'!$A$2:$B$240,2,FALSE),"") -> 0
A190: 0 | B190: 2020 | C190: 193 | D190: Nevada | E190: NV | F190: NEVADA SYSTEMS OF HIGHER EDUCATION (NSHE) | G190: 31740945 | I190: {=_xlfn.IFS(B190=2015,G190/$H$1957,B190=2016,G190/$H$1958,B190=2017,G190/$H$1959,B190=2018,G190/$H$1960,B190=2019,G190/$H$1961,B190=2020,G190/$H$1962,B190=2021,G190/$H$1963,B190=2022,G190/$H$1964,B190=2023,G190/$H$1965)} -> 0.036507272 | J190: {=_xlfn.IFS(B190=2015,I190*$G$2,B190=2016,I190*$G$3,B190=2017,I190*$G$4,B190=2018,I190*$G$5,B190=2019,I190*$G$6,B190=2020,I190*$G$7,B190=2021,I190*$G$8,B190=2022,I190*$G$9,B190=2023,I190*$G$10)} -> 6304218 | K190: =SUM(G190,J190) -> 38045163 | L190: =IFERROR(VLOOKUP(F190,'LEAID Match'!$A$2:$B$240,2,FALSE),"") -> 0
A191: 0 | B191: 2021 | C191: 193 | D191: Nevada | E191: NV | F191: NEVADA SYSTEMS OF HIGHER EDUCATION (NSHE) | G191: 31330626 | I191: {=_xlfn.IFS(B191=2015,G191/$H$1957,B191=2016,G191/$H$1958,B191=2017,G191/$H$1959,B191=2018,G191/$H$1960,B191=2019,G191/$H$1961,B191=2020,G191/$H$1962,B191=2021,G191/$H$1963,B191=2022,G191/$H$1964,B191=2023,G191/$H$1965)} -> 0.035804479 | J191: {=_xlfn.IFS(B191=2015,I191*$G$2,B191=2016,I191*$G$3,B191=2017,I191*$G$4,B191=2018,I191*$G$5,B191=2019,I191*$G$6,B191=2020,I191*$G$7,B191=2021,I191*$G$8,B191=2022,I191*$G$9,B191=2023,I191*$G$10)} -> 6144651.5 | K191: =SUM(G191,J191) -> 37475277 | L191: =IFERROR(VLOOKUP(F191,'LEAID Match'!$A$2:$B$240,2,FALSE),"") -> 0
A192: 0 | B192: 2022 | C192: 193 | D192: Nevada | E192: NV | F192: NEVADA SYSTEMS OF HIGHER EDUCATION (NSHE) | G192: 30545880 | I192: {=_xlfn.IFS(B192=2015,G192/$H$1957,B192=2016,G192/$H$1958,B192=2017,G192/$H$1959,B192=2018,G192/$H$1960,B192=2019,G192/$H$1961,B192=2020,G192/$H$1962,B192=2021,G192/$H$1963,B192=2022,G192/$H$1964,B192=2023,G192/$H$1965)} -> 0.032830782 | J192: {=_xlfn.IFS(B192=2015,I192*$G$2,B192=2016,I192*$G$3,B192=2017,I192*$G$4,B192=2018,I192*$G$5,B192=2019,I192*$G$6,B192=2020,I192*$G$7,B192=2021,I192*$G$8,B192=2022,I192*$G$9,B192=2023,I192*$G$10)} -> 5567629.5 | K192: =SUM(G192,J192) -> 36113510 | L192: =IFERROR(VLOOKUP(F192,'LEAID Match'!$A$2:$B$240,2,FALSE),"") -> 0
A193: 0 | B193: 2023 | C193: 193 | D193: Nevada | E193: NV | F193: NEVADA SYSTEMS OF HIGHER EDUCATION (NSHE) | G193: 32280518 | I193: {=_xlfn.IFS(B193=2015,G193/$H$1957,B193=2016,G193/$H$1958,B193=2017,G193/$H$1959,B193=2018,G193/$H$1960,B193=2019,G193/$H$1961,B193=2020,G193/$H$1962,B193=2021,G193/$H$1963,B193=2022,G193/$H$1964,B193=2023,G193/$H$1965)} -> 0.032683688 | J193: {=_xlfn.IFS(B193=2015,I193*$G$2,B193=2016,I193*$G$3,B193=2017,I193*$G$4,B193=2018,I193*$G$5,B193=2019,I193*$G$6,B193=2020,I193*$G$7,B193=2021,I193*$G$8,B193=2022,I193*$G$9,B193=2023,I193*$G$10)} -> 5555747.2 | K193: =SUM(G193,J193) -> 37836265 | L193: =IFERROR(VLOOKUP(F193,'LEAID Match'!$A$2:$B$240,2,FALSE),"") -> 0
A194: 0 | B194: 2022 | C194: 194 | D194: Nevada | E194: NV | F194: PRIVATE INVESTIGATORS LICENSING BOARD | G194: 50354 | I194: {=_xlfn.IFS(B194=2015,G194/$H$1957,B194=2016,G194/$H$1958,B194=2017,G194/$H$1959,B194=2018,G194/$H$1960,B194=2019,G194/$H$1961,B194=2020,G194/$H$1962,B194=2021,G194/$H$1963,B194=2022,G194/$H$1964,B194=2023,G194/$H$1965)} -> 5.4120595e-05 | J194: {=_xlfn.IFS(B194=2015,I194*$G$2,B194=2016,I194*$G$3,B194=2017,I194*$G$4,B194=2018,I194*$G$5,B194=2019,I194*$G$6,B194=2020,I194*$G$7,B194=2021,I194*$G$8,B194=2022,I194*$G$9,B194=2023,I194*$G$10)} -> 9178.0763 | K194: =SUM(G194,J194) -> 59532.076 | L194: =IFERROR(VLOOKUP(F194,'LEAID Match'!$A$2:$B$240,2,FALSE),"") -> 0
A195: 0 | B195: 2023 | C195: 194 | D195: Nevada | E195: NV | F195: PRIVATE INVESTIGATORS LICENSING BOARD | G195: 78841 | I195: {=_xlfn.IFS(B195=2015,G195/$H$1957,B195=2016,G195/$H$1958,B195=2017,G195/$H$1959,B195=2018,G195/$H$1960,B195=2019,G195/$H$1961,B195=2020,G195/$H$1962,B195=2021,G195/$H$1963,B195=2022,G195/$H$1964,B195=2023,G195/$H$1965)} -> 7.9825692e-05 | J195: {=_xlfn.IFS(B195=2015,I195*$G$2,B195=2016,I195*$G$3,B195=2017,I195*$G$4,B195=2018,I195*$G$5,B195=2019,I195*$G$6,B195=2020,I195*$G$7,B195=2021,I195*$G$8,B195=2022,I195*$G$9,B195=2023,I195*$G$10)} -> 13569.196 | K195: =SUM(G195,J195) -> 92410.196 | L195: =IFERROR(VLOOKUP(F195,'LEAID Match'!$A$2:$B$240,2,FALSE),"") -> 0
A196: 3200030 | B196: 2015 | C196: 201 | D196: Nevada | E196: NV | F196: CHURCHILL CO SCHOOL DIST | G196: 5112214 | I196: {=_xlfn.IFS(B196=2015,G196/$H$1957,B196=2016,G196/$H$1958,B196=2017,G196/$H$1959,B196=2018,G196/$H$1960,B196=2019,G196/$H$1961,B196=2020,G196/$H$1962,B196=2021,G196/$H$1963,B196=2022,G196/$H$1964,B196=2023,G196/$H$1965)} -> 0.0039479507 | J196: {=_xlfn.IFS(B196=2015,I196*$G$2,B196=2016,I196*$G$3,B196=2017,I196*$G$4,B196=2018,I196*$G$5,B196=2019,I196*$G$6,B196=2020,I196*$G$7,B196=2021,I196*$G$8,B196=2022,I196*$G$9,B196=2023,I196*$G$10)} -> 981628.62 | K196: =SUM(G196,J196) -> 6093842.6 | L196: =IFERROR(VLOOKUP(F196,'LEAID Match'!$A$2:$B$240,2,FALSE),"") -> 3200030
A197: 3200030 | B197: 2016 | C197: 201 | D197: Nevada | E197: NV | F197: CHURCHILL CO SCHOOL DIST | G197: 5109301 | I197: {=_xlfn.IFS(B197=2015,G197/$H$1957,B197=2016,G197/$H$1958,B197=2017,G197/$H$1959,B197=2018,G197/$H$1960,B197=2019,G197/$H$1961,B197=2020,G197/$H$1962,B197=2021,G197/$H$1963,B197=2022,G197/$H$1964,B197=2023,G197/$H$1965)} -> 0.0035867271 | J197: {=_xlfn.IFS(B197=2015,I197*$G$2,B197=2016,I197*$G$3,B197=2017,I197*$G$4,B197=2018,I197*$G$5,B197=2019,I197*$G$6,B197=2020,I197*$G$7,B197=2021,I197*$G$8,B197=2022,I197*$G$9,B197=2023,I197*$G$10)} -> 972731.44 | K197: =SUM(G197,J197) -> 6082032.4 | L197: =IFERROR(VLOOKUP(F197,'LEAID Match'!$A$2:$B$240,2,FALSE),"") -> 3200030
A198: 3200030 | B198: 2017 | C198: 201 | D198: Nevada | E198: NV | F198: CHURCHILL CO SCHOOL DIST | G198: 2494041 | I198: {=_xlfn.IFS(B198=2015,G198/$H$1957,B198=2016,G198/$H$1958,B198=2017,G198/$H$1959,B198=2018,G198/$H$1960,B198=2019,G198/$H$1961,B198=2020,G198/$H$1962,B198=2021,G198/$H$1963,B198=2022,G198/$H$1964,B198=2023,G198/$H$1965)} -> 0.0033275814 | J198: {=_xlfn.IFS(B198=2015,I198*$G$2,B198=2016,I198*$G$3,B198=2017,I198*$G$4,B198=2018,I198*$G$5,B198=2019,I198*$G$6,B198=2020,I198*$G$7,B198=2021,I198*$G$8,B198=2022,I198*$G$9,B198=2023,I198*$G$10)} -> 492770.18 | K198: =SUM(G198,J198) -> 2986811.2 | L198: =IFERROR(VLOOKUP(F198,'LEAID Match'!$A$2:$B$240,2,FALSE),"") -> 3200030
A199: 3200030 | B199: 2018 | C199: 201 | D199: Nevada | E199: NV | F199: CHURCHILL CO SCHOOL DIST | G199: 2635652 | I199: {=_xlfn.IFS(B199=2015,G199/$H$1957,B199=2016,G199/$H$1958,B199=2017,G199/$H$1959,B199=2018,G199/$H$1960,B199=2019,G199/$H$1961,B199=2020,G199/$H$1962,B199=2021,G199/$H$1963,B199=2022,G199/$H$1964,B199=2023,G199/$H$1965)} -> 0.003391321 | J199: {=_xlfn.IFS(B199=2015,I199*$G$2,B199=2016,I199*$G$3,B199=2017,I199*$G$4,B199=2018,I199*$G$5,B199=2019,I199*$G$6,B199=2020,I199*$G$7,B199=2021,I199*$G$8,B199=2022,I199*$G$9,B199=2023,I199*$G$10)} -> 510474.94 | K199: =SUM(G199,J199) -> 3146126.9 | L199: =IFERROR(VLOOKUP(F199,'LEAID Match'!$A$2:$B$240,2,FALSE),"") -> 3200030
... A363: 0 | B363: 2020 | C363: 221 | D363: Nevada | E363: NV | F363: ICDA CHARTER HIGH SCHOOL | G363: 7599 | I363: {=_xlfn.IFS(B363=2015,G363/$H$1957,B363=2016,G363/$H$1958,B363=2017,G363/$H$1959,B363=2018,G363/$H$1960,B363=2019,G363/$H$1961,B363=2020,G363/$H$1962,B363=2021,G363/$H$1963,B363=2022,G363/$H$1964,B363=2023,G363/$H$1965)} -> 8.7400915e-06 | J363: {=_xlfn.IFS(B363=2015,I363*$G$2,B363=2016,I363*$G$3,B363=2017,I363*$G$4,B363=2018,I363*$G$5,B363=2019,I363*$G$6,B363=2020,I363*$G$7,B363=2021,I363*$G$8,B363=2022,I363*$G$9,B363=2023,I363*$G$10)} -> 1509.273 | K363: =SUM(G363,J363) -> 9108.273 | L363: =IFERROR(VLOOKUP(F363,'LEAID Match'!$A$2:$B$240,2,FALSE),"") -> 0
A364: 0 | B364: 2021 | C364: 221 | D364: Nevada | E364: NV | F364: ICDA CHARTER HIGH SCHOOL | I364: {=_xlfn.IFS(B364=2015,G364/$H$1957,B364=2016,G364/$H$1958,B364=2017,G364/$H$1959,B364=2018,G364/$H$1960,B364=2019,G364/$H$1961,B364=2020,G364/$H$1962,B364=2021,G364/$H$1963,B364=2022,G364/$H$1964,B364=2023,G364/$H$1965)} -> 0 | J364: {=_xlfn.IFS(B364=2015,I364*$G$2,B364=2016,I364*$G$3,B364=2017,I364*$G$4,B364=2018,I364*$G$5,B364=2019,I364*$G$6,B364=2020,I364*$G$7,B364=2021,I364*$G$8,B364=2022,I364*$G$9,B364=2023,I364*$G$10)} -> 0 | K364: =SUM(G364,J364) -> 0 | L364: =IFERROR(VLOOKUP(F364,'LEAID Match'!$A$2:$B$240,2,FALSE),"") -> 0
A365: 0 | B365: 2022 | C365: 221 | D365: Nevada | E365: NV | F365: ICDA CHARTER HIGH SCHOOL | I365: {=_xlfn.IFS(B365=2015,G365/$H$1957,B365=2016,G365/$H$1958,B365=2017,G365/$H$1959,B365=2018,G365/$H$1960,B365=2019,G365/$H$1961,B365=2020,G365/$H$1962,B365=2021,G365/$H$1963,B365=2022,G365/$H$1964,B365=2023,G365/$H$1965)} -> 0 | J365: {=_xlfn.IFS(B365=2015,I365*$G$2,B365=2016,I365*$G$3,B365=2017,I365*$G$4,B365=2018,I365*$G$5,B365=2019,I365*$G$6,B365=2020,I365*$G$7,B365=2021,I365*$G$8,B365=2022,I365*$G$9,B365=2023,I365*$G$10)} -> 0 | K365: =SUM(G365,J365) -> 0 | L365: =IFERROR(VLOOKUP(F365,'LEAID Match'!$A$2:$B$240,2,FALSE),"") -> 0
A366: 0 | B366: 2023 | C366: 221 | D366: Nevada | E366: NV | F366: ICDA CHARTER HIGH SCHOOL | I366: {=_xlfn.IFS(B366=2015,G366/$H$1957,B366=2016,G366/$H$1958,B366=2017,G366/$H$1959,B366=2018,G366/$H$1960,B366=2019,G366/$H$1961,B366=2020,G366/$H$1962,B366=2021,G366/$H$1963,B366=2022,G366/$H$1964,B366=2023,G366/$H$1965)} -> 0 | J366: {=_xlfn.IFS(B366=2015,I366*$G$2,B366=2016,I366*$G$3,B366=2017,I366*$G$4,B366=2018,I366*$G$5,B366=2019,I366*$G$6,B366=2020,I366*$G$7,B366=2021,I366*$G$8,B366=2022,I366*$G$9,B366=2023,I366*$G$10)} -> 0 | K366: =SUM(G366,J366) -> 0 | L366: =IFERROR(VLOOKUP(F366,'LEAID Match'!$A$2:$B$240,2,FALSE),"") -> 0
A367: 0 | B367: 2015 | C367: 223 | D367: Nevada | E367: NV | F367: ODYSSEY CHARTER SCHOOL | G367: 1628536 | I367: {=_xlfn.IFS(B367=2015,G367/$H$1957,B367=2016,G367/$H$1958,B367=2017,G367/$H$1959,B367=2018,G367/$H$1960,B367=2019,G367/$H$1961,B367=2020,G367/$H$1962,B367=2021,G367/$H$1963,B367=2022,G367/$H$1964,B367=2023,G367/$H$1965)} -> 0.0012576508 | J367: {=_xlfn.IFS(B367=2015,I367*$G$2,B367=2016,I367*$G$3,B367=2017,I367*$G$4,B367=2018,I367*$G$5,B367=2019,I367*$G$6,B367=2020,I367*$G$7,B367=2021,I367*$G$8,B367=2022,I367*$G$9,B367=2023,I367*$G$10)} -> 312705.52 | K367: =SUM(G367,J367) -> 1941241.5 | L367: =IFERROR(VLOOKUP(F367,'LEAID Match'!$A$2:$B$240,2,FALSE),"") -> 0
A368: 0 | B368: 2016 | C368: 223 | D368: Nevada | E368: NV | F368: ODYSSEY CHARTER SCHOOL | G368: 1833379 | I368: {=_xlfn.IFS(B368=2015,G368/$H$1957,B368=2016,G368/$H$1958,B368=2017,G368/$H$1959,B368=2018,G368/$H$1960,B368=2019,G368/$H$1961,B368=2020,G368/$H$1962,B368=2021,G368/$H$1963,B368=2022,G368/$H$1964,B368=2023,G368/$H$1965)} -> 0.0012870313 | J368: {=_xlfn.IFS(B368=2015,I368*$G$2,B368=2016,I368*$G$3,B368=2017,I368*$G$4,B368=2018,I368*$G$5,B368=2019,I368*$G$6,B368=2020,I368*$G$7,B368=2021,I368*$G$8,B368=2022,I368*$G$9,B368=2023,I368*$G$10)} -> 349046.85 | K368: =SUM(G368,J368) -> 2182425.8 | L368: =IFERROR(VLOOKUP(F368,'LEAID Match'!$A$2:$B$240,2,FALSE),"") -> 0
A369: 0 | B369: 2017 | C369: 223 | D369: Nevada | E369: NV | F369: ODYSSEY CHARTER SCHOOL | G369: 959979 | I369: {=_xlfn.IFS(B369=2015,G369/$H$1957,B369=2016,G369/$H$1958,B369=2017,G369/$H$1959,B369=2018,G369/$H$1960,B369=2019,G369/$H$1961,B369=2020,G369/$H$1962,B369=2021,G369/$H$1963,B369=2022,G369/$H$1964,B369=2023,G369/$H$1965)} -> 0.0012808163 | J369: {=_xlfn.IFS(B369=2015,I369*$G$2,B369=2016,I369*$G$3,B369=2017,I369*$G$4,B369=2018,I369*$G$5,B369=2019,I369*$G$6,B369=2020,I369*$G$7,B369=2021,I369*$G$8,B369=2022,I369*$G$9,B369=2023,I369*$G$10)} -> 189671.71 | K369: =SUM(G369,J369) -> 1149650.7 | L369: =IFERROR(VLOOKUP(F369,'LEAID Match'!$A$2:$B$240,2,FALSE),"") -> 0
A370: 0 | B370: 2018 | C370: 223 | D370: Nevada | E370: NV | F370: ODYSSEY CHARTER SCHOOL | G370: 1029628 | I370: {=_xlfn.IFS(B370=2015,G370/$H$1957,B370=2016,G370/$H$1958,B370=2017,G370/$H$1959,B370=2018,G370/$H$1960,B370=2019,G370/$H$1961,B370=2020,G370/$H$1962,B370=2021,G370/$H$1963,B370=2022,G370/$H$1964,B370=2023,G370/$H$1965)} -> 0.0013248331 | J370: {=_xlfn.IFS(B370=2015,I370*$G$2,B370=2016,I370*$G$3,B370=2017,I370*$G$4,B370=2018,I370*$G$5,B370=2019,I370*$G$6,B370=2020,I370*$G$7,B370=2021,I370*$G$8,B370=2022,I370*$G$9,B370=2023,I370*$G$10)} -> 199419.08 | K370: =SUM(G370,J370) -> 1229047.1 | L370: =IFERROR(VLOOKUP(F370,'LEAID Match'!$A$2:$B$240,2,FALSE),"") -> 0
A371: 0 | B371: 2019 | C371: 223 | D371: Nevada | E371: NV | F371: ODYSSEY CHARTER SCHOOL | G371: 1045375 | I371: {=_xlfn.IFS(B371=2015,G371/$H$1957,B371=2016,G371/$H$1958,B371=2017,G371/$H$1959,B371=2018,G371/$H$1960,B371=2019,G371/$H$1961,B371=2020,G371/$H$1962,B371=2021,G371/$H$1963,B371=2022,G371/$H$1964,B371=2023,G371/$H$1965)} -> 0.0012991885 | J371: {=_xlfn.IFS(B371=2015,I371*$G$2,B371=2016,I371*$G$3,B371=2017,I371*$G$4,B371=2018,I371*$G$5,B371=2019,I371*$G$6,B371=2020,I371*$G$7,B371=2021,I371*$G$8,B371=2022,I371*$G$9,B371=2023,I371*$G$10)} -> 205308.33 | K371: =SUM(G371,J371) -> 1250683.3 | L371: =IFERROR(VLOOKUP(F371,'LEAID Match'!$A$2:$B$240,2,FALSE),"") -> 0
A372: 0 | B372: 2020 | C372: 223 | D372: Nevada | E372: NV | F372: ODYSSEY CHARTER SCHOOL | G372: 1166170 | I372: {=_xlfn.IFS(B372=2015,G372/$H$1957,B372=2016,G372/$H$1958,B372=2017,G372/$H$1959,B372=2018,G372/$H$1960,B372=2019,G372/$H$1961,B372=2020,G372/$H$1962,B372=2021,G372/$H$1963,B372=2022,G372/$H$1964,B372=2023,G372/$H$1965)} -> 0.001341286 | J372: {=_xlfn.IFS(B372=2015,I372*$G$2,B372=2016,I372*$G$3,B372=2017,I372*$G$4,B372=2018,I372*$G$5,B372=2019,I372*$G$6,B372=2020,I372*$G$7,B372=2021,I372*$G$8,B372=2022,I372*$G$9,B372=2023,I372*$G$10)} -> 231618.49 | K372: =SUM(G372,J372) -> 1397788.5 | L372: =IFERROR(VLOOKUP(F372,'LEAID Match'!$A$2:$B$240,2,FALSE),"") -> 0
A373: 0 | B373: 2021 | C373: 223 | D373: Nevada | E373: NV | F373: ODYSSEY CHARTER SCHOOL | G373: 1267630 | I373: {=_xlfn.IFS(B373=2015,G373/$H$1957,B373=2016,G373/$H$1958,B373=2017,G373/$H$1959,B373=2018,G373/$H$1960,B373=2019,G373/$H$1961,B373=2020,G373/$H$1962,B373=2021,G373/$H$1963,B373=2022,G373/$H$1964,B373=2023,G373/$H$1965)} -> 0.0014486411 | J373: {=_xlfn.IFS(B373=2015,I373*$G$2,B373=2016,I373*$G$3,B373=2017,I373*$G$4,B373=2018,I373*$G$5,B373=2019,I373*$G$6,B373=2020,I373*$G$7,B373=2021,I373*$G$8,B373=2022,I373*$G$9,B373=2023,I373*$G$10)} -> 248611.2 | K373: =SUM(G373,J373) -> 1516241.2 | L373: =IFERROR(VLOOKUP(F373,'LEAID Match'!$A$2:$B$240,2,FALSE),"") -> 0
A374: 0 | B374: 2022 | C374: 223 | D374: Nevada | E374: NV | F374: ODYSSEY CHARTER SCHOOL | G374: 1282924 | I374: {=_xlfn.IFS(B374=2015,G374/$H$1957,B374=2016,G374/$H$1958,B374=2017,G374/$H$1959,B374=2018,G374/$H$1960,B374=2019,G374/$H$1961,B374=2020,G374/$H$1962,B374=2021,G374/$H$1963,B374=2022,G374/$H$1964,B374=2023,G374/$H$1965)} -> 0.0013788897 | J374: {=_xlfn.IFS(B374=2015,I374*$G$2,B374=2016,I374*$G$3,B374=2017,I374*$G$4,B374=2018,I374*$G$5,B374=2019,I374*$G$6,B374=2020,I374*$G$7,B374=2021,I374*$G$8,B374=2022,I374*$G$9,B374=2023,I374*$G$10)} -> 233839.9 | K374: =SUM(G374,J374) -> 1516763.9 | L374: =IFERROR(VLOOKUP(F374,'LEAID Match'!$A$2:$B$240,2,FALSE),"") -> 0
A375: 0 | B375: 2023 | C375: 223 | D375: Nevada | E375: NV | F375: ODYSSEY CHARTER SCHOOL | G375: 1360966 | I375: {=_xlfn.IFS(B375=2015,G375/$H$1957,B375=2016,G375/$H$1958,B375=2017,G375/$H$1959,B375=2018,G375/$H$1960,B375=2019,G375/$H$1961,B375=2020,G375/$H$1962,B375=2021,G375/$H$1963,B375=2022,G375/$H$1964,B375=2023,G375/$H$1965)} -> 0.0013779639 | J375: {=_xlfn.IFS(B375=2015,I375*$G$2,B375=2016,I375*$G$3,B375=2017,I375*$G$4,B375=2018,I375*$G$5,B375=2019,I375*$G$6,B375=2020,I375*$G$7,B375=2021,I375*$G$8,B375=2022,I375*$G$9,B375=2023,I375*$G$10)} -> 234233.63 | K375: =SUM(G375,J375) -> 1595199.6 | L375: =IFERROR(VLOOKUP(F375,'LEAID Match'!$A$2:$B$240,2,FALSE),"") -> 0
A376: 0 | B376: 2015 | C376: 225 | D376: Nevada | E376: NV | F376: SIERRA NEVADA ACADEMY | G376: 222380 | I376: {=_xlfn.IFS(B376=2015,G376/$H$1957,B376=2016,G376/$H$1958,B376=2017,G376/$H$1959,B376=2018,G376/$H$1960,B376=2019,G376/$H$1961,B376=2020,G376/$H$1962,B376=2021,G376/$H$1963,B376=2022,G376/$H$1964,B376=2023,G376/$H$1965)} -> 0.00017173484 | J376: {=_xlfn.IFS(B376=2015,I376*$G$2,B376=2016,I376*$G$3,B376=2017,I376*$G$4,B376=2018,I376*$G$5,B376=2019,I376*$G$6,B376=2020,I376*$G$7,B376=2021,I376*$G$8,B376=2022,I376*$G$9,B376=2023,I376*$G$10)} -> 42700.594 | K376: =SUM(G376,J376) -> 265080.59 | L376: =IFERROR(VLOOKUP(F376,'LEAID Match'!$A$2:$B$240,2,FALSE),"") -> 0
A377: 0 | B377: 2016 | C377: 225 | D377: Nevada | E377: NV | F377: SIERRA NEVADA ACADEMY | G377: 279235 | I377: {=_xlfn.IFS(B377=2015,G377/$H$1957,B377=2016,G377/$H$1958,B377=2017,G377/$H$1959,B377=2018,G377/$H$1960,B377=2019,G377/$H$1961,B377=2020,G377/$H$1962,B377=2021,G377/$H$1963,B377=2022,G377/$H$1964,B377=2023,G377/$H$1965)} -> 0.00019602285 | J377: {=_xlfn.IFS(B377=2015,I377*$G$2,B377=2016,I377*$G$3,B377=2017,I377*$G$4,B377=2018,I377*$G$5,B377=2019,I377*$G$6,B377=2020,I377*$G$7,B377=2021,I377*$G$8,B377=2022,I377*$G$9,B377=2023,I377*$G$10)} -> 53162.001 | K377: =SUM(G377,J377) -> 332397 | L377: =IFERROR(VLOOKUP(F377,'LEAID Match'!$A$2:$B$240,2,FALSE),"") -> 0
A378: 0 | B378: 2017 | C378: 225 | D378: Nevada | E378: NV | F378: SIERRA NEVADA ACADEMY | G378: 151611 | I378: {=_xlfn.IFS(B378=2015,G378/$H$1957,B378=2016,G378/$H$1958,B378=2017,G378/$H$1959,B378=2018,G378/$H$1960,B378=2019,G378/$H$1961,B378=2020,G378/$H$1962,B378=2021,G378/$H$1963,B378=2022,G378/$H$1964,B378=2023,G378/$H$1965)} -> 0.00020228134 | J378: {=_xlfn.IFS(B378=2015,I378*$G$2,B378=2016,I378*$G$3,B378=2017,I378*$G$4,B378=2018,I378*$G$5,B378=2019,I378*$G$6,B378=2020,I378*$G$7,B378=2021,I378*$G$8,B378=2022,I378*$G$9,B378=2023,I378*$G$10)} -> 29955.153 | K378: =SUM(G378,J378) -> 181566.15 | L378: =IFERROR(VLOOKUP(F378,'LEAID Match'!$A$2:$B$240,2,FALSE),"") -> 0
... A384: 0 | B384: 2023 | C384: 225 | D384: Nevada | E384: NV | F384: SIERRA NEVADA ACADEMY | G384: 208240 | I384: {=_xlfn.IFS(B384=2015,G384/$H$1957,B384=2016,G384/$H$1958,B384=2017,G384/$H$1959,B384=2018,G384/$H$1960,B384=2019,G384/$H$1961,B384=2020,G384/$H$1962,B384=2021,G384/$H$1963,B384=2022,G384/$H$1964,B384=2023,G384/$H$1965)} -> 0.00021084083 | J384: {=_xlfn.IFS(B384=2015,I384*$G$2,B384=2016,I384*$G$3,B384=2017,I384*$G$4,B384=2018,I384*$G$5,B384=2019,I384*$G$6,B384=2020,I384*$G$7,B384=2021,I384*$G$8,B384=2022,I384*$G$9,B384=2023,I384*$G$10)} -> 35839.846 | K384: =SUM(G384,J384) -> 244079.85 | L384: =IFERROR(VLOOKUP(F384,'LEAID Match'!$A$2:$B$240,2,FALSE),"") -> 0
A385: 0 | B385: 2015 | C385: 227 | D385: Nevada | E385: NV | F385: CORAL ACADEMY OF SCIENCE | G385: 871819 | H385: 1 | I385: {=_xlfn.IFS(B385=2015,G385/$H$1957,B385=2016,G385/$H$1958,B385=2017,G385/$H$1959,B385=2018,G385/$H$1960,B385=2019,G385/$H$1961,B385=2020,G385/$H$1962,B385=2021,G385/$H$1963,B385=2022,G385/$H$1964,B385=2023,G385/$H$1965)} -> 0.00067326962 | J385: {=_xlfn.IFS(B385=2015,I385*$G$2,B385=2016,I385*$G$3,B385=2017,I385*$G$4,B385=2018,I385*$G$5,B385=2019,I385*$G$6,B385=2020,I385*$G$7,B385=2021,I385*$G$8,B385=2022,I385*$G$9,B385=2023,I385*$G$10)} -> 167403.49 | K385: =SUM(G385,J385) -> 1039222.5 | L385: =IFERROR(VLOOKUP(F385,'LEAID Match'!$A$2:$B$240,2,FALSE),"") -> 0
A386: 0 | B386: 2016 | C386: 227 | D386: Nevada | E386: NV | F386: CORAL ACADEMY OF SCIENCE | G386: 1123970 | H386: 1 | I386: {=_xlfn.IFS(B386=2015,G386/$H$1957,B386=2016,G386/$H$1958,B386=2017,G386/$H$1959,B386=2018,G386/$H$1960,B386=2019,G386/$H$1961,B386=2020,G386/$H$1962,B386=2021,G386/$H$1963,B386=2022,G386/$H$1964,B386=2023,G386/$H$1965)} -> 0.00078902646 | J386: {=_xlfn.IFS(B386=2015,I386*$G$2,B386=2016,I386*$G$3,B386=2017,I386*$G$4,B386=2018,I386*$G$5,B386=2019,I386*$G$6,B386=2020,I386*$G$7,B386=2021,I386*$G$8,B386=2022,I386*$G$9,B386=2023,I386*$G$10)} -> 213986.41 | K386: =SUM(G386,J386) -> 1337956.4 | L386: =IFERROR(VLOOKUP(F386,'LEAID Match'!$A$2:$B$240,2,FALSE),"") -> 0
A387: 0 | B387: 2017 | C387: 227 | D387: Nevada | E387: NV | F387: CORAL ACADEMY OF SCIENCE | G387: 651892 | H387: 1 | I387: {=_xlfn.IFS(B387=2015,G387/$H$1957,B387=2016,G387/$H$1958,B387=2017,G387/$H$1959,B387=2018,G387/$H$1960,B387=2019,G387/$H$1961,B387=2020,G387/$H$1962,B387=2021,G387/$H$1963,B387=2022,G387/$H$1964,B387=2023,G387/$H$1965)} -> 0.00086976266 | J387: {=_xlfn.IFS(B387=2015,I387*$G$2,B387=2016,I387*$G$3,B387=2017,I387*$G$4,B387=2018,I387*$G$5,B387=2019,I387*$G$6,B387=2020,I387*$G$7,B387=2021,I387*$G$8,B387=2022,I387*$G$9,B387=2023,I387*$G$10)} -> 128800.18 | K387: =SUM(G387,J387) -> 780692.18 | L387: =IFERROR(VLOOKUP(F387,'LEAID Match'!$A$2:$B$240,2,FALSE),"") -> 0
A388: 0 | B388: 2018 | C388: 227 | D388: Nevada | E388: NV | F388: CORAL ACADEMY OF SCIENCE | G388: 713311 | H388: 1 | I388: {=_xlfn.IFS(B388=2015,G388/$H$1957,B388=2016,G388/$H$1958,B388=2017,G388/$H$1959,B388=2018,G388/$H$1960,B388=2019,G388/$H$1961,B388=2020,G388/$H$1962,B388=2021,G388/$H$1963,B388=2022,G388/$H$1964,B388=2023,G388/$H$1965)} -> 0.00091782472 | J388: {=_xlfn.IFS(B388=2015,I388*$G$2,B388=2016,I388*$G$3,B388=2017,I388*$G$4,B388=2018,I388*$G$5,B388=2019,I388*$G$6,B388=2020,I388*$G$7,B388=2021,I388*$G$8,B388=2022,I388*$G$9,B388=2023,I388*$G$10)} -> 138154.58 | K388: =SUM(G388,J388) -> 851465.58 | L388: =IFERROR(VLOOKUP(F388,'LEAID Match'!$A$2:$B$240,2,FALSE),"") -> 0
A389: 0 | B389: 2019 | C389: 227 | D389: Nevada | E389: NV | F389: CORAL ACADEMY OF SCIENCE | G389: 738991 | H389: 1 | I389: {=_xlfn.IFS(B389=2015,G389/$H$1957,B389=2016,G389/$H$1958,B389=2017,G389/$H$1959,B389=2018,G389/$H$1960,B389=2019,G389/$H$1961,B389=2020,G389/$H$1962,B389=2021,G389/$H$1963,B389=2022,G389/$H$1964,B389=2023,G389/$H$1965)} -> 0.00091841554 | J389: {=_xlfn.IFS(B389=2015,I389*$G$2,B389=2016,I389*$G$3,B389=2017,I389*$G$4,B389=2018,I389*$G$5,B389=2019,I389*$G$6,B389=2020,I389*$G$7,B389=2021,I389*$G$8,B389=2022,I389*$G$9,B389=2023,I389*$G$10)} -> 145135.48 | K389: =SUM(G389,J389) -> 884126.48 | L389: =IFERROR(VLOOKUP(F389,'LEAID Match'!$A$2:$B$240,2,FALSE),"") -> 0
A390: 0 | B390: 2020 | C390: 227 | D390: Nevada | E390: NV | F390: CORAL ACADEMY OF SCIENCE | G390: 830113 | H390: 1 | I390: {=_xlfn.IFS(B390=2015,G390/$H$1957,B390=2016,G390/$H$1958,B390=2017,G390/$H$1959,B390=2018,G390/$H$1960,B390=2019,G390/$H$1961,B390=2020,G390/$H$1962,B390=2021,G390/$H$1963,B390=2022,G390/$H$1964,B390=2023,G390/$H$1965)} -> 0.00095476557 | J390: {=_xlfn.IFS(B390=2015,I390*$G$2,B390=2016,I390*$G$3,B390=2017,I390*$G$4,B390=2018,I390*$G$5,B390=2019,I390*$G$6,B390=2020,I390*$G$7,B390=2021,I390*$G$8,B390=2022,I390*$G$9,B390=2023,I390*$G$10)} -> 164872.64 | K390: =SUM(G390,J390) -> 994985.64 | L390: =IFERROR(VLOOKUP(F390,'LEAID Match'!$A$2:$B$240,2,FALSE),"") -> 0
A391: 0 | B391: 2021 | C391: 227 | D391: Nevada | E391: NV | F391: CORAL ACADEMY OF SCIENCE | G391: 824158 | H391: 1 | I391: {=_xlfn.IFS(B391=2015,G391/$H$1957,B391=2016,G391/$H$1958,B391=2017,G391/$H$1959,B391=2018,G391/$H$1960,B391=2019,G391/$H$1961,B391=2020,G391/$H$1962,B391=2021,G391/$H$1963,B391=2022,G391/$H$1964,B391=2023,G391/$H$1965)} -> 0.00094184355 | J391: {=_xlfn.IFS(B391=2015,I391*$G$2,B391=2016,I391*$G$3,B391=2017,I391*$G$4,B391=2018,I391*$G$5,B391=2019,I391*$G$6,B391=2020,I391*$G$7,B391=2021,I391*$G$8,B391=2022,I391*$G$9,B391=2023,I391*$G$10)} -> 161636.21 | K391: =SUM(G391,J391) -> 985794.21 | L391: =IFERROR(VLOOKUP(F391,'LEAID Match'!$A$2:$B$240,2,FALSE),"") -> 0
A392: 0 | B392: 2022 | C392: 227 | D392: Nevada | E392: NV | F392: CORAL ACADEMY OF SCIENCE | G392: 930846 | H392: 1 | I392: {=_xlfn.IFS(B392=2015,G392/$H$1957,B392=2016,G392/$H$1958,B392=2017,G392/$H$1959,B392=2018,G392/$H$1960,B392=2019,G392/$H$1961,B392=2020,G392/$H$1962,B392=2021,G392/$H$1963,B392=2022,G392/$H$1964,B392=2023,G392/$H$1965)} -> 0.0010004754 | J392: {=_xlfn.IFS(B392=2015,I392*$G$2,B392=2016,I392*$G$3,B392=2017,I392*$G$4,B392=2018,I392*$G$5,B392=2019,I392*$G$6,B392=2020,I392*$G$7,B392=2021,I392*$G$8,B392=2022,I392*$G$9,B392=2023,I392*$G$10)} -> 169666.27 | K392: =SUM(G392,J392) -> 1100512.3 | L392: =IFERROR(VLOOKUP(F392,'LEAID Match'!$A$2:$B$240,2,FALSE),"") -> 0
A393: 0 | B393: 2023 | C393: 227 | D393: Nevada | E393: NV | F393: CORAL ACADEMY OF SCIENCE | G393: 1095445 | H393: 1 | I393: {=_xlfn.IFS(B393=2015,G393/$H$1957,B393=2016,G393/$H$1958,B393=2017,G393/$H$1959,B393=2018,G393/$H$1960,B393=2019,G393/$H$1961,B393=2020,G393/$H$1962,B393=2021,G393/$H$1963,B393=2022,G393/$H$1964,B393=2023,G393/$H$1965)} -> 0.0011091267 | J393: {=_xlfn.IFS(B393=2015,I393*$G$2,B393=2016,I393*$G$3,B393=2017,I393*$G$4,B393=2018,I393*$G$5,B393=2019,I393*$G$6,B393=2020,I393*$G$7,B393=2021,I393*$G$8,B393=2022,I393*$G$9,B393=2023,I393*$G$10)} -> 188535.25 | K393: =SUM(G393,J393) -> 1283980.2 | L393: =IFERROR(VLOOKUP(F393,'LEAID Match'!$A$2:$B$240,2,FALSE),"") -> 0
A394: 0 | B394: 2015 | C394: 228 | D394: Nevada | E394: NV | F394: BAILEY CHARTER SCHOOL | G394: 245208 | I394: {=_xlfn.IFS(B394=2015,G394/$H$1957,B394=2016,G394/$H$1958,B394=2017,G394/$H$1959,B394=2018,G394/$H$1960,B394=2019,G394/$H$1961,B394=2020,G394/$H$1962,B394=2021,G394/$H$1963,B394=2022,G394/$H$1964,B394=2023,G394/$H$1965)} -> 0.00018936396 | J394: {=_xlfn.IFS(B394=2015,I394*$G$2,B394=2016,I394*$G$3,B394=2017,I394*$G$4,B394=2018,I394*$G$5,B394=2019,I394*$G$6,B394=2020,I394*$G$7,B394=2021,I394*$G$8,B394=2022,I394*$G$9,B394=2023,I394*$G$10)} -> 47083.943 | K394: =SUM(G394,J394) -> 292291.94 | L394: =IFERROR(VLOOKUP(F394,'LEAID Match'!$A$2:$B$240,2,FALSE),"") -> 0
A395: 0 | B395: 2016 | C395: 228 | D395: Nevada | E395: NV | F395: BAILEY CHARTER SCHOOL | G395: 326940 | I395: {=_xlfn.IFS(B395=2015,G395/$H$1957,B395=2016,G395/$H$1958,B395=2017,G395/$H$1959,B395=2018,G395/$H$1960,B395=2019,G395/$H$1961,B395=2020,G395/$H$1962,B395=2021,G395/$H$1963,B395=2022,G395/$H$1964,B395=2023,G395/$H$1965)} -> 0.00022951174 | J395: {=_xlfn.IFS(B395=2015,I395*$G$2,B395=2016,I395*$G$3,B395=2017,I395*$G$4,B395=2018,I395*$G$5,B395=2019,I395*$G$6,B395=2020,I395*$G$7,B395=2021,I395*$G$8,B395=2022,I395*$G$9,B395=2023,I395*$G$10)} -> 62244.291 | K395: =SUM(G395,J395) -> 389184.29 | L395: =IFERROR(VLOOKUP(F395,'LEAID Match'!$A$2:$B$240,2,FALSE),"") -> 0
A396: 0 | B396: 2017 | C396: 228 | D396: Nevada | E396: NV | F396: BAILEY CHARTER SCHOOL | G396: 176433 | I396: {=_xlfn.IFS(B396=2015,G396/$H$1957,B396=2016,G396/$H$1958,B396=2017,G396/$H$1959,B396=2018,G396/$H$1960,B396=2019,G396/$H$1961,B396=2020,G396/$H$1962,B396=2021,G396/$H$1963,B396=2022,G396/$H$1964,B396=2023,G396/$H$1965)} -> 0.00023539917 | J396: {=_xlfn.IFS(B396=2015,I396*$G$2,B396=2016,I396*$G$3,B396=2017,I396*$G$4,B396=2018,I396*$G$5,B396=2019,I396*$G$6,B396=2020,I396*$G$7,B396=2021,I396*$G$8,B396=2022,I396*$G$9,B396=2023,I396*$G$10)} -> 34859.459 | K396: =SUM(G396,J396) -> 211292.46 | L396: =IFERROR(VLOOKUP(F396,'LEAID Match'!$A$2:$B$240,2,FALSE),"") -> 0
A397: 0 | B397: 2018 | C397: 228 | D397: Nevada | E397: NV | F397: BAILEY CHARTER SCHOOL | G397: 181602 | I397: {=_xlfn.IFS(B397=2015,G397/$H$1957,B397=2016,G397/$H$1958,B397=2017,G397/$H$1959,B397=2018,G397/$H$1960,B397=2019,G397/$H$1961,B397=2020,G397/$H$1962,B397=2021,G397/$H$1963,B397=2022,G397/$H$1964,B397=2023,G397/$H$1965)} -> 0.00023366919 | J397: {=_xlfn.IFS(B397=2015,I397*$G$2,B397=2016,I397*$G$3,B397=2017,I397*$G$4,B397=2018,I397*$G$5,B397=2019,I397*$G$6,B397=2020,I397*$G$7,B397=2021,I397*$G$8,B397=2022,I397*$G$9,B397=2023,I397*$G$10)} -> 35172.803 | K397: =SUM(G397,J397) -> 216774.8 | L397: =IFERROR(VLOOKUP(F397,'LEAID Match'!$A$2:$B$240,2,FALSE),"") -> 0
A398: 0 | B398: 2019 | C398: 228 | D398: Nevada | E398: NV | F398: BAILEY CHARTER SCHOOL | G398: 168655 | I398: {=_xlfn.IFS(B398=2015,G398/$H$1957,B398=2016,G398/$H$1958,B398=2017,G398/$H$1959,B398=2018,G398/$H$1960,B398=2019,G398/$H$1961,B398=2020,G398/$H$1962,B398=2021,G398/$H$1963,B398=2022,G398/$H$1964,B398=2023,G398/$H$1965)} -> 0.00020960387 | J398: {=_xlfn.IFS(B398=2015,I398*$G$2,B398=2016,I398*$G$3,B398=2017,I398*$G$4,B398=2018,I398*$G$5,B398=2019,I398*$G$6,B398=2020,I398*$G$7,B398=2021,I398*$G$8,B398=2022,I398*$G$9,B398=2023,I398*$G$10)} -> 33123.306 | K398: =SUM(G398,J398) -> 201778.31 | L398: =IFERROR(VLOOKUP(F398,'LEAID Match'!$A$2:$B$240,2,FALSE),"") -> 0
A399: 0 | B399: 2020 | C399: 228 | D399: Nevada | E399: NV | F399: BAILEY CHARTER SCHOOL | G399: 171761 | I399: {=_xlfn.IFS(B399=2015,G399/$H$1957,B399=2016,G399/$H$1958,B399=2017,G399/$H$1959,B399=2018,G399/$H$1960,B399=2019,G399/$H$1961,B399=2020,G399/$H$1962,B399=2021,G399/$H$1963,B399=2022,G399/$H$1964,B399=2023,G399/$H$1965)} -> 0.00019755321 | J399: {=_xlfn.IFS(B399=2015,I399*$G$2,B399=2016,I399*$G$3,B399=2017,I399*$G$4,B399=2018,I399*$G$5,B399=2019,I399*$G$6,B399=2020,I399*$G$7,B399=2021,I399*$G$8,B399=2022,I399*$G$9,B399=2023,I399*$G$10)} -> 34114.258 | K399: =SUM(G399,J399) -> 205875.26 | L399: =IFERROR(VLOOKUP(F399,'LEAID Match'!$A$2:$B$240,2,FALSE),"") -> 0
A400: 0 | B400: 2021 | C400: 228 | D400: Nevada | E400: NV | F400: BAILEY CHARTER SCHOOL | G400: 129864 | I400: {=_xlfn.IFS(B400=2015,G400/$H$1957,B400=2016,G400/$H$1958,B400=2017,G400/$H$1959,B400=2018,G400/$H$1960,B400=2019,G400/$H$1961,B400=2020,G400/$H$1962,B400=2021,G400/$H$1963,B400=2022,G400/$H$1964,B400=2023,G400/$H$1965)} -> 0.00014840792 | J400: {=_xlfn.IFS(B400=2015,I400*$G$2,B400=2016,I400*$G$3,B400=2017,I400*$G$4,B400=2018,I400*$G$5,B400=2019,I400*$G$6,B400=2020,I400*$G$7,B400=2021,I400*$G$8,B400=2022,I400*$G$9,B400=2023,I400*$G$10)} -> 25469.297 | K400: =SUM(G400,J400) -> 155333.3 | L400: =IFERROR(VLOOKUP(F400,'LEAID Match'!$A$2:$B$240,2,FALSE),"") -> 0
A401: 0 | B401: 2022 | C401: 228 | D401: Nevada | E401: NV | F401: BAILEY CHARTER SCHOOL | G401: 155222 | I401: {=_xlfn.IFS(B401=2015,G401/$H$1957,B401=2016,G401/$H$1958,B401=2017,G401/$H$1959,B401=2018,G401/$H$1960,B401=2019,G401/$H$1961,B401=2020,G401/$H$1962,B401=2021,G401/$H$1963,B401=2022,G401/$H$1964,B401=2023,G401/$H$1965)} -> 0.00016683296 | J401: {=_xlfn.IFS(B401=2015,I401*$G$2,B401=2016,I401*$G$3,B401=2017,I401*$G$4,B401=2018,I401*$G$5,B401=2019,I401*$G$6,B401=2020,I401*$G$7,B401=2021,I401*$G$8,B401=2022,I401*$G$9,B401=2023,I401*$G$10)} -> 28292.476 | K401: =SUM(G401,J401) -> 183514.48 | L401: =IFERROR(VLOOKUP(F401,'LEAID Match'!$A$2:$B$240,2,FALSE),"") -> 0
A402: 0 | B402: 2023 | C402: 228 | D402: Nevada | E402: NV | F402: BAILEY CHARTER SCHOOL | G402: 176016 | I402: {=_xlfn.IFS(B402=2015,G402/$H$1957,B402=2016,G402/$H$1958,B402=2017,G402/$H$1959,B402=2018,G402/$H$1960,B402=2019,G402/$H$1961,B402=2020,G402/$H$1962,B402=2021,G402/$H$1963,B402=2022,G402/$H$1964,B402=2023,G402/$H$1965)} -> 0.00017821437 | J402: {=_xlfn.IFS(B402=2015,I402*$G$2,B402=2016,I402*$G$3,B402=2017,I402*$G$4,B402=2018,I402*$G$5,B402=2019,I402*$G$6,B402=2020,I402*$G$7,B402=2021,I402*$G$8,B402=2022,I402*$G$9,B402=2023,I402*$G$10)} -> 30293.826 | K402: =SUM(G402,J402) -> 206309.83 | L402: =IFERROR(VLOOKUP(F402,'LEAID Match'!$A$2:$B$240,2,FALSE),"") -> 0
A403: 0 | B403: 2015 | C403: 230 | D403: Nevada | E403: NV | F403: ANDRE AGASSI PREP ACDMY | G403: 1599402 | I403: {=_xlfn.IFS(B403=2015,G403/$H$1957,B403=2016,G403/$H$1958,B403=2017,G403/$H$1959,B403=2018,G403/$H$1960,B403=2019,G403/$H$1961,B403=2020,G403/$H$1962,B403=2021,G403/$H$1963,B403=2022,G403/$H$1964,B403=2023,G403/$H$1965)} -> 0.0012351518 | J403: {=_xlfn.IFS(B403=2015,I403*$G$2,B403=2016,I403*$G$3,B403=2017,I403*$G$4,B403=2018,I403*$G$5,B403=2019,I403*$G$6,B403=2020,I403*$G$7,B403=2021,I403*$G$8,B403=2022,I403*$G$9,B403=2023,I403*$G$10)} -> 307111.32 | K403: =SUM(G403,J403) -> 1906513.3 | L403: =IFERROR(VLOOKUP(F403,'LEAID Match'!$A$2:$B$240,2,FALSE),"") -> 0
A404: 0 | B404: 2016 | C404: 230 | D404: Nevada | E404: NV | F404: ANDRE AGASSI PREP ACDMY | G404: 1774231 | I404: {=_xlfn.IFS(B404=2015,G404/$H$1957,B404=2016,G404/$H$1958,B404=2017,G404/$H$1959,B404=2018,G404/$H$1960,B404=2019,G404/$H$1961,B404=2020,G404/$H$1962,B404=2021,G404/$H$1963,B404=2022,G404/$H$1964,B404=2023,G404/$H$1965)} -> 0.0012455094 | J404: {=_xlfn.IFS(B404=2015,I404*$G$2,B404=2016,I404*$G$3,B404=2017,I404*$G$4,B404=2018,I404*$G$5,B404=2019,I404*$G$6,B404=2020,I404*$G$7,B404=2021,I404*$G$8,B404=2022,I404*$G$9,B404=2023,I404*$G$10)} -> 337785.99 | K404: =SUM(G404,J404) -> 2112017 | L404: =IFERROR(VLOOKUP(F404,'LEAID Match'!$A$2:$B$240,2,FALSE),"") -> 0
A405: 0 | B405: 2017 | C405: 230 | D405: Nevada | E405: NV | F405: ANDRE AGASSI PREP ACDMY | G405: 1020451 | I405: {=_xlfn.IFS(B405=2015,G405/$H$1957,B405=2016,G405/$H$1958,B405=2017,G405/$H$1959,B405=2018,G405/$H$1960,B405=2019,G405/$H$1961,B405=2020,G405/$H$1962,B405=2021,G405/$H$1963,B405=2022,G405/$H$1964,B405=2023,G405/$H$1965)} -> 0.0013614988 | J405: {=_xlfn.IFS(B405=2015,I405*$G$2,B405=2016,I405*$G$3,B405=2017,I405*$G$4,B405=2018,I405*$G$5,B405=2019,I405*$G$6,B405=2020,I405*$G$7,B405=2021,I405*$G$8,B405=2022,I405*$G$9,B405=2023,I405*$G$10)} -> 201619.71 | K405: =SUM(G405,J405) -> 1222070.7 | L405: =IFERROR(VLOOKUP(F405,'LEAID Match'!$A$2:$B$240,2,FALSE),"") -> 0
A406: 0 | B406: 2018 | C406: 230 | D406: Nevada | E406: NV | F406: ANDRE AGASSI PREP ACDMY | G406: 12667 | I406: {=_xlfn.IFS(B406=2015,G406/$H$1957,B406=2016,G406/$H$1958,B406=2017,G406/$H$1959,B406=2018,G406/$H$1960,B406=2019,G406/$H$1961,B406=2020,G406/$H$1962,B406=2021,G406/$H$1963,B406=2022,G406/$H$1964,B406=2023,G406/$H$1965)} -> 1.6298761e-05 | J406: {=_xlfn.IFS(B406=2015,I406*$G$2,B406=2016,I406*$G$3,B406=2017,I406*$G$4,B406=2018,I406*$G$5,B406=2019,I406*$G$6,B406=2020,I406*$G$7,B406=2021,I406*$G$8,B406=2022,I406*$G$9,B406=2023,I406*$G$10)} -> 2453.3535 | K406: =SUM(G406,J406) -> 15120.353 | L406: =IFERROR(VLOOKUP(F406,'LEAID Match'!$A$2:$B$240,2,FALSE),"") -> 0
A407: 0 | B407: 2019 | C407: 230 | D407: Nevada | E407: NV | F407: ANDRE AGASSI PREP ACDMY | I407: {=_xlfn.IFS(B407=2015,G407/$H$1957,B407=2016,G407/$H$1958,B407=2017,G407/$H$1959,B407=2018,G407/$H$1960,B407=2019,G407/$H$1961,B407=2020,G407/$H$1962,B407=2021,G407/$H$1963,B407=2022,G407/$H$1964,B407=2023,G407/$H$1965)} -> 0 | J407: {=_xlfn.IFS(B407=2015,I407*$G$2,B407=2016,I407*$G$3,B407=2017,I407*$G$4,B407=2018,I407*$G$5,B407=2019,I407*$G$6,B407=2020,I407*$G$7,B407=2021,I407*$G$8,B407=2022,I407*$G$9,B407=2023,I407*$G$10)} -> 0 | K407: =SUM(G407,J407) -> 0 | L407: =IFERROR(VLOOKUP(F407,'LEAID Match'!$A$2:$B$240,2,FALSE),"") -> 0
A408: 0 | B408: 2020 | C408: 230 | D408: Nevada | E408: NV | F408: ANDRE AGASSI PREP ACDMY | I408: {=_xlfn.IFS(B408=2015,G408/$H$1957,B408=2016,G408/$H$1958,B408=2017,G408/$H$1959,B408=2018,G408/$H$1960,B408=2019,G408/$H$1961,B408=2020,G408/$H$1962,B408=2021,G408/$H$1963,B408=2022,G408/$H$1964,B408=2023,G408/$H$1965)} -> 0 | J408: {=_xlfn.IFS(B408=2015,I408*$G$2,B408=2016,I408*$G$3,B408=2017,I408*$G$4,B408=2018,I408*$G$5,B408=2019,I408*$G$6,B408=2020,I408*$G$7,B408=2021,I408*$G$8,B408=2022,I408*$G$9,B408=2023,I408*$G$10)} -> 0 | K408: =SUM(G408,J408) -> 0 | L408: =IFERROR(VLOOKUP(F408,'LEAID Match'!$A$2:$B$240,2,FALSE),"") -> 0
A409: 0 | B409: 2021 | C409: 230 | D409: Nevada | E409: NV | F409: ANDRE AGASSI PREP ACDMY | I409: {=_xlfn.IFS(B409=2015,G409/$H$1957,B409=2016,G409/$H$1958,B409=2017,G409/$H$1959,B409=2018,G409/$H$1960,B409=2019,G409/$H$1961,B409=2020,G409/$H$1962,B409=2021,G409/$H$1963,B409=2022,G409/$H$1964,B409=2023,G409/$H$1965)} -> 0 | J409: {=_xlfn.IFS(B409=2015,I409*$G$2,B409=2016,I409*$G$3,B409=2017,I409*$G$4,B409=2018,I409*$G$5,B409=2019,I409*$G$6,B409=2020,I409*$G$7,B409=2021,I409*$G$8,B409=2022,I409*$G$9,B409=2023,I409*$G$10)} -> 0 | K409: =SUM(G409,J409) -> 0 | L409: =IFERROR(VLOOKUP(F409,'LEAID Match'!$A$2:$B$240,2,FALSE),"") -> 0
A410: 0 | B410: 2022 | C410: 230 | D410: Nevada | E410: NV | F410: ANDRE AGASSI PREP ACDMY | I410: {=_xlfn.IFS(B410=2015,G410/$H$1957,B410=2016,G410/$H$1958,B410=2017,G410/$H$1959,B410=2018,G410/$H$1960,B410=2019,G410/$H$1961,B410=2020,G410/$H$1962,B410=2021,G410/$H$1963,B410=2022,G410/$H$1964,B410=2023,G410/$H$1965)} -> 0 | J410: {=_xlfn.IFS(B410=2015,I410*$G$2,B410=2016,I410*$G$3,B410=2017,I410*$G$4,B410=2018,I410*$G$5,B410=2019,I410*$G$6,B410=2020,I410*$G$7,B410=2021,I410*$G$8,B410=2022,I410*$G$9,B410=2023,I410*$G$10)} -> 0 | K410: =SUM(G410,J410) -> 0 | L410: =IFERROR(VLOOKUP(F410,'LEAID Match'!$A$2:$B$240,2,FALSE),"") -> 0
A411: 0 | B411: 2023 | C411: 230 | D411: Nevada | E411: NV | F411: ANDRE AGASSI PREP ACDMY | I411: {=_xlfn.IFS(B411=2015,G411/$H$1957,B411=2016,G411/$H$1958,B411=2017,G411/$H$1959,B411=2018,G411/$H$1960,B411=2019,G411/$H$1961,B411=2020,G411/$H$1962,B411=2021,G411/$H$1963,B411=2022,G411/$H$1964,B411=2023,G411/$H$1965)} -> 0 | J411: {=_xlfn.IFS(B411=2015,I411*$G$2,B411=2016,I411*$G$3,B411=2017,I411*$G$4,B411=2018,I411*$G$5,B411=2019,I411*$G$6,B411=2020,I411*$G$7,B411=2021,I411*$G$8,B411=2022,I411*$G$9,B411=2023,I411*$G$10)} -> 0 | K411: =SUM(G411,J411) -> 0 | L411: =IFERROR(VLOOKUP(F411,'LEAID Match'!$A$2:$B$240,2,FALSE),"") -> 0
A412: 0 | B412: 2015 | C412: 231 | D412: Nevada | E412: NV | F412: EXPLORE KNOWLEDGE CHARTER | G412: 663739 | I412: {=_xlfn.IFS(B412=2015,G412/$H$1957,B412=2016,G412/$H$1958,B412=2017,G412/$H$1959,B412=2018,G412/$H$1960,B412=2019,G412/$H$1961,B412=2020,G412/$H$1962,B412=2021,G412/$H$1963,B412=2022,G412/$H$1964,B412=2023,G412/$H$1965)} -> 0.00051257808 | J412: {=_xlfn.IFS(B412=2015,I412*$G$2,B412=2016,I412*$G$3,B412=2017,I412*$G$4,B412=2018,I412*$G$5,B412=2019,I412*$G$6,B412=2020,I412*$G$7,B412=2021,I412*$G$8,B412=2022,I412*$G$9,B412=2023,I412*$G$10)} -> 127448.73 | K412: =SUM(G412,J412) -> 791187.73 | L412: =IFERROR(VLOOKUP(F412,'LEAID Match'!$A$2:$B$240,2,FALSE),"") -> 0
A413: 0 | B413: 2016 | C413: 231 | D413: Nevada | E413: NV | F413: EXPLORE KNOWLEDGE CHARTER | G413: 714341 | I413: {=_xlfn.IFS(B413=2015,G413/$H$1957,B413=2016,G413/$H$1958,B413=2017,G413/$H$1959,B413=2018,G413/$H$1960,B413=2019,G413/$H$1961,B413=2020,G413/$H$1962,B413=2021,G413/$H$1963,B413=2022,G413/$H$1964,B413=2023,G413/$H$1965)} -> 0.00050146708 | J413: {=_xlfn.IFS(B413=2015,I413*$G$2,B413=2016,I413*$G$3,B413=2017,I413*$G$4,B413=2018,I413*$G$5,B413=2019,I413*$G$6,B413=2020,I413*$G$7,B413=2021,I413*$G$8,B413=2022,I413*$G$9,B413=2023,I413*$G$10)} -> 135999.42 | K413: =SUM(G413,J413) -> 850340.42 | L413: =IFERROR(VLOOKUP(F413,'LEAID Match'!$A$2:$B$240,2,FALSE),"") -> 0
A414: 0 | B414: 2017 | C414: 231 | D414: Nevada | E414: NV | F414: EXPLORE KNOWLEDGE CHARTER | G414: 375068 | I414: {=_xlfn.IFS(B414=2015,G414/$H$1957,B414=2016,G414/$H$1958,B414=2017,G414/$H$1959,B414=2018,G414/$H$1960,B414=2019,G414/$H$1961,B414=2020,G414/$H$1962,B414=2021,G414/$H$1963,B414=2022,G414/$H$1964,B414=2023,G414/$H$1965)} -> 0.00050042053 | J414: {=_xlfn.IFS(B414=2015,I414*$G$2,B414=2016,I414*$G$3,B414=2017,I414*$G$4,B414=2018,I414*$G$5,B414=2019,I414*$G$6,B414=2020,I414*$G$7,B414=2021,I414*$G$8,B414=2022,I414*$G$9,B414=2023,I414*$G$10)} -> 74105.568 | K414: =SUM(G414,J414) -> 449173.57 | L414: =IFERROR(VLOOKUP(F414,'LEAID Match'!$A$2:$B$240,2,FALSE),"") -> 0
A415: 0 | B415: 2018 | C415: 231 | D415: Nevada | E415: NV | F415: EXPLORE KNOWLEDGE CHARTER | G415: 430851 | I415: {=_xlfn.IFS(B415=2015,G415/$H$1957,B415=2016,G415/$H$1958,B415=2017,G415/$H$1959,B415=2018,G415/$H$1960,B415=2019,G415/$H$1961,B415=2020,G415/$H$1962,B415=2021,G415/$H$1963,B415=2022,G415/$H$1964,B415=2023,G415/$H$1965)} -> 0.00055438048 | J415: {=_xlfn.IFS(B415=2015,I415*$G$2,B415=2016,I415*$G$3,B415=2017,I415*$G$4,B415=2018,I415*$G$5,B415=2019,I415*$G$6,B415=2020,I415*$G$7,B415=2021,I415*$G$8,B415=2022,I415*$G$9,B415=2023,I415*$G$10)} -> 83447.526 | K415: =SUM(G415,J415) -> 514298.53 | L415: =IFERROR(VLOOKUP(F415,'LEAID Match'!$A$2:$B$240,2,FALSE),"") -> 0
A416: 0 | B416: 2019 | C416: 231 | D416: Nevada | E416: NV | F416: EXPLORE KNOWLEDGE CHARTER | G416: 425652 | I416: {=_xlfn.IFS(B416=2015,G416/$H$1957,B416=2016,G416/$H$1958,B416=2017,G416/$H$1959,B416=2018,G416/$H$1960,B416=2019,G416/$H$1961,B416=2020,G416/$H$1962,B416=2021,G416/$H$1963,B416=2022,G416/$H$1964,B416=2023,G416/$H$1965)} -> 0.00052899888 | J416: {=_xlfn.IFS(B416=2015,I416*$G$2,B416=2016,I416*$G$3,B416=2017,I416*$G$4,B416=2018,I416*$G$5,B416=2019,I416*$G$6,B416=2020,I416*$G$7,B416=2021,I416*$G$8,B416=2022,I416*$G$9,B416=2023,I416*$G$10)} -> 83596.7 | K416: =SUM(G416,J416) -> 509248.7 | L416: =IFERROR(VLOOKUP(F416,'LEAID Match'!$A$2:$B$240,2,FALSE),"") -> 0
A417: 0 | B417: 2020 | C417: 231 | D417: Nevada | E417: NV | F417: EXPLORE KNOWLEDGE CHARTER | G417: 469145 | I417: {=_xlfn.IFS(B417=2015,G417/$H$1957,B417=2016,G417/$H$1958,B417=2017,G417/$H$1959,B417=2018,G417/$H$1960,B417=2019,G417/$H$1961,B417=2020,G417/$H$1962,B417=2021,G417/$H$1963,B417=2022,G417/$H$1964,B417=2023,G417/$H$1965)} -> 0.0005395934 | J417: {=_xlfn.IFS(B417=2015,I417*$G$2,B417=2016,I417*$G$3,B417=2017,I417*$G$4,B417=2018,I417*$G$5,B417=2019,I417*$G$6,B417=2020,I417*$G$7,B417=2021,I417*$G$8,B417=2022,I417*$G$9,B417=2023,I417*$G$10)} -> 93179.089 | K417: =SUM(G417,J417) -> 562324.09 | L417: =IFERROR(VLOOKUP(F417,'LEAID Match'!$A$2:$B$240,2,FALSE),"") -> 0
A418: 0 | B418: 2021 | C418: 231 | D418: Nevada | E418: NV | F418: EXPLORE KNOWLEDGE CHARTER | G418: 409488 | I418: {=_xlfn.IFS(B418=2015,G418/$H$1957,B418=2016,G418/$H$1958,B418=2017,G418/$H$1959,B418=2018,G418/$H$1960,B418=2019,G418/$H$1961,B418=2020,G418/$H$1962,B418=2021,G418/$H$1963,B418=2022,G418/$H$1964,B418=2023,G418/$H$1965)} -> 0.00046796079 | J418: {=_xlfn.IFS(B418=2015,I418*$G$2,B418=2016,I418*$G$3,B418=2017,I418*$G$4,B418=2018,I418*$G$5,B418=2019,I418*$G$6,B418=2020,I418*$G$7,B418=2021,I418*$G$8,B418=2022,I418*$G$9,B418=2023,I418*$G$10)} -> 80309.951 | K418: =SUM(G418,J418) -> 489797.95 | L418: =IFERROR(VLOOKUP(F418,'LEAID Match'!$A$2:$B$240,2,FALSE),"") -> 0
A419: 0 | B419: 2022 | C419: 231 | D419: Nevada | E419: NV | F419: EXPLORE KNOWLEDGE CHARTER | G419: 451424 | I419: {=_xlfn.IFS(B419=2015,G419/$H$1957,B419=2016,G419/$H$1958,B419=2017,G419/$H$1959,B419=2018,G419/$H$1960,B419=2019,G419/$H$1961,B419=2020,G419/$H$1962,B419=2021,G419/$H$1963,B419=2022,G419/$H$1964,B419=2023,G419/$H$1965)} -> 0.00048519156 | J419: {=_xlfn.IFS(B419=2015,I419*$G$2,B419=2016,I419*$G$3,B419=2017,I419*$G$4,B419=2018,I419*$G$5,B419=2019,I419*$G$6,B419=2020,I419*$G$7,B419=2021,I419*$G$8,B419=2022,I419*$G$9,B419=2023,I419*$G$10)} -> 82281.525 | K419: =SUM(G419,J419) -> 533705.53 | L419: =IFERROR(VLOOKUP(F419,'LEAID Match'!$A$2:$B$240,2,FALSE),"") -> 0
A420: 0 | B420: 2023 | C420: 231 | D420: Nevada | E420: NV | F420: EXPLORE KNOWLEDGE CHARTER | G420: 507154 | I420: {=_xlfn.IFS(B420=2015,G420/$H$1957,B420=2016,G420/$H$1958,B420=2017,G420/$H$1959,B420=2018,G420/$H$1960,B420=2019,G420/$H$1961,B420=2020,G420/$H$1962,B420=2021,G420/$H$1963,B420=2022,G420/$H$1964,B420=2023,G420/$H$1965)} -> 0.00051348815 | J420: {=_xlfn.IFS(B420=2015,I420*$G$2,B420=2016,I420*$G$3,B420=2017,I420*$G$4,B420=2018,I420*$G$5,B420=2019,I420*$G$6,B420=2020,I420*$G$7,B420=2021,I420*$G$8,B420=2022,I420*$G$9,B420=2023,I420*$G$10)} -> 87285.446 | K420: =SUM(G420,J420) -> 594439.45 | L420: =IFERROR(VLOOKUP(F420,'LEAID Match'!$A$2:$B$240,2,FALSE),"") -> 0
...

Sheet LEAID Match
A1: employer_name | B1: LEAID
A2: 100 ACADEMY OF EXCELLENCE
A3: ACADEMY FOR CAREER ED
A4: ACCOUNTANCY BOARD
A5: ALAMO SEWER & WATER GID
A6: ALPINE ACADEMY CHARTER
A7: AMERICAN LEADERSHIP ACADEMY
A8: AMERICAN PREP ACADEMY
A9: ANDRE AGASSI PREP ACDMY
A10: AUSTIN VOL FIRE DEPT
A11: BAILEY CHARTER SCHOOL
A12: BATTLE BORN ACADEMY
A13: BATTLE MOUNTAIN GEN HOSP
... A23: CARSON CITY AIRPORT AUTH
A24: CARSON CITY SCHOOL | B24: 3200390
A25: CARSON MONTESSORI SCHOOL
A26: CC COMMUNICATIONS
A27: CENTRAL LYON COUNTY FPD
A28: CHURCHILL CO MOSQ ABATE
A29: CHURCHILL CO SCHOOL DIST | B29: 3200030
A30: CHURCHILL CO VOL FIRE DPT
A31: CHURCHILL COUNTY
A32: CITY OF BOULDER
A33: CITY OF CALIENTE
A34: CITY OF CARLIN
A35: CITY OF CARSON
A36: CITY OF ELKO
A37: CITY OF ELY
A38: CITY OF FALLON
A39: CITY OF FERNLEY
A40: CITY OF HENDERSON
A41: CITY OF LAS VEGAS
... A52: CIVICA NEVADA ACADEMY
A53: CLARK CO SCHOOL DISTRICT | B53: 3200060
A54: CLARK CO WATER RECLAM DST
A55: CLARK COUNTY
A56: CLV STRONG START ACADEMY
A57: CNTRL DISPATCH ADMIN AUTH
A58: CONSERVATION DST OF SO NV
A59: CORAL ACADEMY LAS VEGAS
A60: CORAL ACADEMY OF SCIENCE
A61: COSMETOLOGY BOARD
A62: DEMOCRACY PREP AT THE AGASSI CAMPUS
A63: DISCOVERY CHARTER SCHOOL
A64: DORAL ACADEMY OF N. NEVADA
A65: DORAL ACADEMY OF NV
A66: DOUGLAS CO MOSQUITO DIST
A67: DOUGLAS CO SCHOOL DIST | B67: 3200090
A68: DOUGLAS CO SEWER DISTRICT
A69: DOUGLAS COUNTY
A70: EAGLE CHARTER SCHOOL NV
A71: EAST FORK FIRE PROT DIST
A72: EAST FORK SWIMMING POOL
A73: EIGHTH JUDICIAL DIST COURT
A74: ELKO CO AGRICULTURE
A75: ELKO CO SCHOOL DISTRICT | B75: 3200120
A76: ELKO CONV & VISITORS AUTH
A77: ELKO COUNTY
A78: STATE SPONSORED CHARTER SCHOOLS | B78: 3200001
A79: ELKO COUNTY FIRE PROTECTION DISTRICT
A80: ELKO INST ACADEMIC ACH
A81: ELKO VOL FIRE DEPT
A82: EQUIPO ACADEMY
A83: ESMERALDA CO SCHOOL DIST | B83: 3200150
A84: ESMERALDA COUNTY
A85: EUREKA CO SCHOOL DISTRICT | B85: 3200180
A86: EUREKA COUNTY
A87: EXAM ALCOHOL & DRUG COUN
A88: EXPLORE ACADEMY OF LAS VEGAS
A89: EXPLORE KNOWLEDGE CHARTER
A90: FERNLEY SWIMMING POOL
A91: FOUNDERS ACADEMY
A92: FUTURO ACADEMY
A93: GERLACH GID
A94: GIRLS ATHLETIC LEADERSHIP SCHOOL LAS VEGAS
A95: GRASS VALLEY VOL FIRE DPT
A96: GROVER C DILS MED CENTER
A97: GVILLE RANCHOS IMPRO DIST
... A100: HONORS ACAD OF LITERATURE
A101: HUMBOLDT CO SCHOOL DIST | B101: 3200210
A102: HUMBOLDT COUNTY
A103: HUMBOLDT GEN HOSPITAL
A104: ICDA CHARTER HIGH SCHOOL
A105: IMAGINE SCHOOL AT MT VIEW
A106: INCLINE VILLAGE VCB
A107: INDIAN HILLS GID
A108: INNOVATIONS CHARTER
A109: KINGSBURY IMPRV DIST
A110: LAHONTAN CONSER DIST
A111: LANDER CO FAIR AND R
A112: LANDER CO SCHOOL DISTRICT | B112: 3200240
A113: LANDER CO SEWER AND WATER
A114: LANDER COUNTY GOVERNMENT
A115: LAS VEGAS HOUSING AUTHORITY
A116: LEADERSHIP ACADEMY OF NV
A117: LEARNING BRIDGE CHARTER
A118: LEGACY TRADITIONAL SCHOOLS-NEVADA, INC.
A119: LEGISLATIVE COUNSEL
A120: LINCOLN CO SCHOOL DIST | B120: 3200270
A121: LINCOLN CO. POWER DIST.
...

Sheet State Sponsored Charter Schools
A1: Year | B1: district_contributions | C1: state_contributions | E1: Elementary Schools
A2: 2015 | B2: =SUMIFS(Summary!$G$2:$G$1934,Summary!$H$2:$H$1934,1,Summary!$B$2:$B$1934,'State Sponsored Charter Schools'!$A2) -> 12113731 | C2: =SUMIFS(Summary!$J$2:$J$1934,Summary!$H$2:$H$1934,1,Summary!$B$2:$B$1934,'State Sponsored Charter Schools'!$A2) -> 2326034.3 | E2: Democracy Prep At Agassi Elementary
A3: 2016 | B3: =SUMIFS(Summary!$G$2:$G$1934,Summary!$H$2:$H$1934,1,Summary!$B$2:$B$1934,'State Sponsored Charter Schools'!A3) -> 17645220 | C3: =SUMIFS(Summary!$J$2:$J$1934,Summary!$H$2:$H$1934,1,Summary!$B$2:$B$1934,'State Sponsored Charter Schools'!$A3) -> 3359375.4 | E3: Discovery Charter School Sandhill
A4: 2017 | B4: =SUMIFS(Summary!$G$2:$G$1934,Summary!$H$2:$H$1934,1,Summary!$B$2:$B$1934,'State Sponsored Charter Schools'!A4) -> 11448136 | C4: =SUMIFS(Summary!$J$2:$J$1934,Summary!$H$2:$H$1934,1,Summary!$B$2:$B$1934,'State Sponsored Charter Schools'!$A4) -> 2261911.5 | E4: Futuro Academy Elementary
A5: 2018 | B5: =SUMIFS(Summary!$G$2:$G$1934,Summary!$H$2:$H$1934,1,Summary!$B$2:$B$1934,'State Sponsored Charter Schools'!A5) -> 14404210 | C5: =SUMIFS(Summary!$J$2:$J$1934,Summary!$H$2:$H$1934,1,Summary!$B$2:$B$1934,'State Sponsored Charter Schools'!$A5) -> 2789817.6 | E5: Imagine School Mountain View
A6: 2019 | B6: =SUMIFS(Summary!$G$2:$G$1934,Summary!$H$2:$H$1934,1,Summary!$B$2:$B$1934,'State Sponsored Charter Schools'!A6) -> 17080752 | C6: =SUMIFS(Summary!$J$2:$J$1934,Summary!$H$2:$H$1934,1,Summary!$B$2:$B$1934,'State Sponsored Charter Schools'!$A6) -> 3354605.4 | E6: Pinecrest Academy Of Nevada Horizon
A7: 2020 | B7: =SUMIFS(Summary!$G$2:$G$1934,Summary!$H$2:$H$1934,1,Summary!$B$2:$B$1934,'State Sponsored Charter Schools'!A7) -> 21347611 | C7: =SUMIFS(Summary!$J$2:$J$1934,Summary!$H$2:$H$1934,1,Summary!$B$2:$B$1934,'State Sponsored Charter Schools'!$A7) -> 4239949.2 | E7: Middle Schools
A8: 2021 | B8: =SUMIFS(Summary!$G$2:$G$1934,Summary!$H$2:$H$1934,1,Summary!$B$2:$B$1934,'State Sponsored Charter Schools'!A8) -> 23620492 | C8: =SUMIFS(Summary!$J$2:$J$1934,Summary!$H$2:$H$1934,1,Summary!$B$2:$B$1934,'State Sponsored Charter Schools'!$A8) -> 4632518.1 | E8: Democracy Prep At Agassi Middle
A9: 2022 | B9: =SUMIFS(Summary!$G$2:$G$1934,Summary!$H$2:$H$1934,1,Summary!$B$2:$B$1934,'State Sponsored Charter Schools'!A9) -> 27130542 | C9: =SUMIFS(Summary!$J$2:$J$1934,Summary!$H$2:$H$1934,1,Summary!$B$2:$B$1934,'State Sponsored Charter Schools'!$A9) -> 4945112.3 | E9: High Schools
A10: 2023 | B10: =SUMIFS(Summary!$G$2:$G$1934,Summary!$H$2:$H$1934,1,Summary!$B$2:$B$1934,'State Sponsored Charter Schools'!A10) -> 31690717 | C10: =SUMIFS(Summary!$J$2:$J$1934,Summary!$H$2:$H$1934,1,Summary!$B$2:$B$1934,'State Sponsored Charter Schools'!$A10) -> 5454237.5 | E10: Alpine Academy High School
E11: Beacon Academy Of Nevada
E12: Democracy Prep At Agassi High
E13: Nevada Connections Academy
E14: Nevada State High School Downtown
E15: Nevada State High School Downtown Henderson
E16: Nevada State High School Henderson
E17: Nevada State High School Ii Meadowwood
E18: Nevada State High School Northwest
E19: Nevada State High School Southwest
E20: Nevada State High School Summerlin
E21: Nevada State High School Sunrise
E22: Other Schools
... E84: Quest Academy West Alexander

Sheet Check
A1: Employer Contribution Check
A2: Year | B2: Total Reported | C2: Total from Formula | D2: Difference | E2: Notes
A3: 2015 | B3: 1543545788 | C3: =SUMIF(Summary!B:B,Check!A3,Summary!G:G) -> 1555659519 | D3: =B3-C3+'State Sponsored Charter Schools'!B2 -> 0
A4: 2016 | B4: 1695705372 | C4: =SUMIF(Summary!B:B,Check!A4,Summary!G:G) -> 1713350592 | D4: =B4-C4+'State Sponsored Charter Schools'!B3 -> 0
A5: 2017 | B5: 897592209 | C5: =SUMIF(Summary!B:B,Check!A5,Summary!G:G) -> 909040345 | D5: =B5-C5+'State Sponsored Charter Schools'!B4 -> 0
A6: 2018 | B6: 927699552 | C6: =SUMIF(Summary!B:B,Check!A6,Summary!G:G) -> 942103762 | D6: =B6-C6+'State Sponsored Charter Schools'!B5 -> 0
A7: 2019 | B7: 962664986 | C7: =SUMIF(Summary!B:B,Check!A7,Summary!G:G) -> 979745738 | D7: =B7-C7+'State Sponsored Charter Schools'!B6 -> 0
A8: 2020 | B8: 1042125593 | C8: =SUMIF(Summary!B:B,Check!A8,Summary!G:G) -> 1063473204 | D8: =B8-C8+'State Sponsored Charter Schools'!B7 -> 0
A9: 2021 | B9: 1046664500 | C9: =SUMIF(Summary!B:B,Check!A9,Summary!G:G) -> 1070284992 | D9: =B9-C9+'State Sponsored Charter Schools'!B8 -> 0
A10: 2022 | B10: 1099989308 | C10: =SUMIF(Summary!B:B,Check!A10,Summary!G:G) -> 1127119850 | D10: =B10-C10+'State Sponsored Charter Schools'!B9 -> 0
A11: 2023 | B11: 1157649798 | C11: =SUMIF(Summary!B:B,Check!A11,Summary!G:G) -> 1189340511 | D11: =B11-C11+'State Sponsored Charter Schools'!B10 -> 4
