Workbook

Sheet Summary
A1: LEAID | B1: Year | C1: district_name | D1: State | E1: state_abv | F1: plan | G1: district_contributions | H1: state_contributions | I1: total_contributions | J1: LEAID Match
A2: =J2 -> 4400030 | B2: 2015 | C2: Barrington | D2: Rhode Island | E2: RI | F2: Employees' Retirement System of the State of Rhode Island - Teachers | G2: 3183386 | H2: 2033777.6 | I2: 5217163.6 | J2: =VLOOKUP(C2,'LEAID Match'!$A$2:$B$59,2,FALSE) -> 4400030
A3: =J3 -> 4400030 | B3: 2016 | C3: Barrington | D3: Rhode Island | E3: RI | F3: Employees' Retirement System of the State of Rhode Island - Teachers | G3: 3359854 | H3: 2149124.2 | I3: 5508978.2 | J3: =VLOOKUP(C3,'LEAID Match'!$A$2:$B$59,2,FALSE) -> 4400030
A4: =J4 -> 4400030 | B4: 2017 | C4: Barrington | D4: Rhode Island | E4: RI | F4: Employees' Retirement System of the State of Rhode Island - Teachers | G4: 3266223 | H4: 2296864.5 | I4: 5563087.5 | J4: =VLOOKUP(C4,'LEAID Match'!$A$2:$B$59,2,FALSE) -> 4400030
A5: =J5 -> 4400030 | B5: 2018 | C5: Barrington | D5: Rhode Island | E5: RI | F5: Employees' Retirement System of the State of Rhode Island - Teachers | G5: 3366722 | H5: 3366722 | I5: 6733444 | J5: =VLOOKUP(C5,'LEAID Match'!$A$2:$B$59,2,FALSE) -> 4400030
A6: =J6 -> 4400030 | B6: 2019 | C6: Barrington | D6: Rhode Island | E6: RI | F6: Employees' Retirement System of the State of Rhode Island - Teachers | G6: 3510164 | H6: 2434762 | I6: 5944926 | J6: =VLOOKUP(C6,'LEAID Match'!$A$2:$B$59,2,FALSE) -> 4400030
A7: =J7 -> 4400030 | B7: 2020 | C7: Barrington | D7: Rhode Island | E7: RI | F7: Employees' Retirement System of the State of Rhode Island - Teachers | G7: 3439066 | H7: 2576397.4 | I7: 6015463.4 | J7: =VLOOKUP(C7,'LEAID Match'!$A$2:$B$59,2,FALSE) -> 4400030
A8: =J8 -> 4400030 | B8: 2021 | C8: Barrington | D8: Rhode Island | E8: RI | F8: Employees' Retirement System of the State of Rhode Island - Teachers | G8: 3874674 | H8: 2873452.9 | I8: 6748126.9 | J8: =VLOOKUP(C8,'LEAID Match'!$A$2:$B$59,2,FALSE) -> 4400030
A9: =J9 -> 4400030 | B9: 2022 | C9: Barrington | D9: Rhode Island | E9: RI | F9: Employees' Retirement System of the State of Rhode Island - Teachers | G9: 4056942 | H9: 3000262.2 | I9: 7057204.2 | J9: =VLOOKUP(C9,'LEAID Match'!$A$2:$B$59,2,FALSE) -> 4400030
A10: =J10 -> 4400008 | B10: 2015 | C10: Beacon Charter School | D10: Rhode Island | E10: RI | F10: Employees' Retirement System of the State of Rhode Island - Teachers | G10: 173008 | H10: 110530.05 | I10: 283538.05 | J10: =VLOOKUP(C10,'LEAID Match'!$A$2:$B$59,2,FALSE) -> 4400008
A11: =J11 -> 4400008 | B11: 2016 | C11: Beacon Charter School | D11: Rhode Island | E11: RI | F11: Employees' Retirement System of the State of Rhode Island - Teachers | G11: 235775 | H11: 150813.03 | I11: 386588.03 | J11: =VLOOKUP(C11,'LEAID Match'!$A$2:$B$59,2,FALSE) -> 4400008
A12: =J12 -> 4400008 | B12: 2017 | C12: Beacon Charter School | D12: Rhode Island | E12: RI | F12: Employees' Retirement System of the State of Rhode Island - Teachers | G12: 252459 | H12: 177533.53 | I12: 429992.53 | J12: =VLOOKUP(C12,'LEAID Match'!$A$2:$B$59,2,FALSE) -> 4400008
A13: =J13 -> 4400008 | B13: 2018 | C13: Beacon Charter School | D13: Rhode Island | E13: RI | F13: Employees' Retirement System of the State of Rhode Island - Teachers | G13: 271715 | H13: 271715 | I13: 543430 | J13: =VLOOKUP(C13,'LEAID Match'!$A$2:$B$59,2,FALSE) -> 4400008
... A440: =J440 -> 4401200 | B440: 2022 | C440: Woonsocket | D440: Rhode Island | E440: RI | F440: Employees' Retirement System of the State of Rhode Island - Teachers | G440: 5903500 | H440: 4365861.7 | I440: 10269362 | J440: =VLOOKUP(C440,'LEAID Match'!$A$2:$B$59,2,FALSE) -> 4401200

Sheet 2022
A1: Year | B1: district_name | C1: district_contributions | D1: district_prop | E1: state_contributions | F1: total_contributions
A2: 2022 | B2: Barrington | C2: 4056942 | D2: =C2/$C$61 -> 0.025799707 | E2: =D2*$C$67 -> 3000262.2 | F2: =SUM(C2,E2) -> 7057204.2
A3: 2022 | B3: Bristol/Warren | C3: 3554595 | D3: =C3/$C$61 -> 0.022605083 | E3: =D3*$C$67 -> 2628757.5 | F3: =SUM(C3,E3) -> 6183352.5
A4: 2022 | B4: Burrillville | C4: 2279213 | D4: =C4/$C$61 -> 0.014494421 | E4: =D4*$C$67 -> 1685564.3 | F4: =SUM(C4,E4) -> 3964777.3
A5: 2022 | B5: Central Falls | C5: 3008114 | D5: =C5/$C$61 -> 0.019129793 | E5: =D5*$C$67 -> 2224614.2 | F5: =SUM(C5,E5) -> 5232728.2
A6: 2022 | B6: Chariho | C6: 4057375 | D6: =C6/$C$61 -> 0.02580246 | E6: =D6*$C$67 -> 3000582.4 | F6: =SUM(C6,E6) -> 7057957.4
A7: 2022 | B7: Coventry | C7: 5495859 | D7: =C7/$C$61 -> 0.034950352 | E7: =D7*$C$67 -> 4064395.8 | F7: =SUM(C7,E7) -> 9560254.8
A8: 2022 | B8: Cranston | C8: 12733950 | D8: =C8/$C$61 -> 0.08098025 | E8: =D8*$C$67 -> 9417238 | F8: =SUM(C8,E8) -> 22151188
A9: 2022 | B9: Cumberland | C9: 4957780 | D9: =C9/$C$61 -> 0.031528494 | E9: =D9*$C$67 -> 3666466 | F9: =SUM(C9,E9) -> 8624246
A10: 2022 | B10: East Greenwich | C10: 2995818 | D10: =C10/$C$61 -> 0.019051597 | E10: =D10*$C$67 -> 2215520.8 | F10: =SUM(C10,E10) -> 5211338.8
A11: 2022 | B11: East Providence | C11: 5913064 | D11: =C11/$C$61 -> 0.037603524 | E11: =D11*$C$67 -> 4372934.6 | F11: =SUM(C11,E11) -> 10285999
A12: 2022 | B12: Exeter-West Greenwich | C12: 2071969 | D12: =C12/$C$61 -> 0.013176474 | E12: =D12*$C$67 -> 1532299.5 | F12: =SUM(C12,E12) -> 3604268.5
A13: 2022 | B13: Foster | C13: 252804 | D13: =C13/$C$61 -> 0.0016076811 | E13: =D13*$C$67 -> 186958.13 | F13: =SUM(C13,E13) -> 439762.13
... A59: 2022 | B59: Nuestro Mundo Charter School | C59: 125218 | D59: =C59/$C$61 -> 0.00079631104 | E59: =D59*$C$67 -> 92603.451 | F59: =SUM(C59,E59) -> 217821.45
B61: Summed Contributions | C61: =SUM(C2:C59) -> 157247601
B63: GASB 68 Report | C63: 157247601
B65: Check | C65: =C61-C63 -> 0
B67: State of Rhode Island | C67: 116290553

Sheet 2021
A1: Year | B1: district_name | C1: district_contributions | D1: district_prop | E1: state_contributions | F1: total_contributions
A2: 2021 | B2: Barrington | C2: 3874674 | D2: =C2/$C$58 -> 0.025513969 | E2: =D2*$C$64 -> 2873452.9 | F2: =SUM(E2,C2) -> 6748126.9
A3: 2021 | B3: Bristol/Warren | C3: 3584410 | D3: =C3/$C$58 -> 0.023602638 | E3: =D3*$C$64 -> 2658193.5 | F3: =SUM(E3,C3) -> 6242603.5
A4: 2021 | B4: Burrillville | C4: 2187060 | D4: =C4/$C$58 -> 0.014401362 | E4: =D4*$C$64 -> 1621920.7 | F4: =SUM(E4,C4) -> 3808980.7
A5: 2021 | B5: Central Falls | C5: 2754039 | D5: =C5/$C$58 -> 0.018134807 | E5: =D5*$C$64 -> 2042391.5 | F5: =SUM(E5,C5) -> 4796430.5
A6: 2021 | B6: Chariho | C6: 3855109 | D6: =C6/$C$58 -> 0.025385138 | E6: =D6*$C$64 -> 2858943.5 | F6: =SUM(E6,C6) -> 6714052.5
A7: 2021 | B7: Coventry | C7: 5228294 | D7: =C7/$C$58 -> 0.034427292 | E7: =D7*$C$64 -> 3877295.7 | F7: =SUM(E7,C7) -> 9105589.7
A8: 2021 | B8: Cranston | C8: 12210068 | D8: =C8/$C$58 -> 0.080400907 | E8: =D8*$C$64 -> 9054969.7 | F8: =SUM(E8,C8) -> 21265038
A9: 2021 | B9: Cumberland | C9: 4833646 | D9: =C9/$C$58 -> 0.031828612 | E9: =D9*$C$64 -> 3584625.2 | F9: =SUM(E9,C9) -> 8418271.2
A10: 2021 | B10: East Greenwich | C10: 2824167 | D10: =C10/$C$58 -> 0.018596587 | E10: =D10*$C$64 -> 2094398.4 | F10: =SUM(E10,C10) -> 4918565.4
A11: 2021 | B11: East Providence | C11: 5529672 | D11: =C11/$C$58 -> 0.036411807 | E11: =D11*$C$64 -> 4100797.2 | F11: =SUM(E11,C11) -> 9630469.2
A12: 2021 | B12: Exeter-West Greenwich | C12: 1969320 | D12: =C12/$C$58 -> 0.012967587 | E12: =D12*$C$64 -> 1460445 | F12: =SUM(E12,C12) -> 3429765
A13: 2021 | B13: Foster | C13: 234793 | D13: =C13/$C$58 -> 0.0015460659 | E13: =D13*$C$64 -> 174122.17 | F13: =SUM(E13,C13) -> 408915.17
... A56: 2021 | B56: Charette Charter School | C56: 73237 | D56: =C56/$C$58 -> 0.0004822513 | E56: =D56*$C$64 -> 54312.459 | F56: =SUM(E56,C56) -> 127549.46
B58: Summed Contributions | C58: =SUM(C2:C56) -> 151864805
B60: GASB 68 Report | C60: 151864806
B62: Check | C62: =C58-C60 -> -1
B64: State of Rhode Island | C64: 112622731

Sheet 2020
A1: Year | B1: district_name | C1: district_contributions | D1: district_prop | E1: state_contributions | F1: total_contributions
A2: 2020 | B2: Barrington | C2: 3439066 | D2: =C2/$C$58 -> 0.025199814 | E2: =D2*$C$64 -> 2576397.4 | F2: =SUM(C2,E2) -> 6015463.4
A3: 2020 | B3: Bristol/Warren | C3: 3243168 | D3: =C3/$C$58 -> 0.023764368 | E3: =D3*$C$64 -> 2429639.2 | F3: =SUM(C3,E3) -> 5672807.2
A4: 2020 | B4: Burrillville | C4: 2064970 | D4: =C4/$C$58 -> 0.015131102 | E4: =D4*$C$64 -> 1546984.9 | F4: =SUM(C4,E4) -> 3611954.9
A5: 2020 | B5: Central Falls | C5: 2431160 | D5: =C5/$C$58 -> 0.017814366 | E5: =D5*$C$64 -> 1821318.4 | F5: =SUM(C5,E5) -> 4252478.4
A6: 2020 | B6: Chariho | C6: 3449200 | D6: =C6/$C$58 -> 0.025274071 | E6: =D6*$C$64 -> 2583989.3 | F6: =SUM(C6,E6) -> 6033189.3
A7: 2020 | B7: Coventry | C7: 4789798 | D7: =C7/$C$58 -> 0.035097325 | E7: =D7*$C$64 -> 3588306.5 | F7: =SUM(C7,E7) -> 8378104.5
A8: 2020 | B8: Cranston | C8: 10773215 | D8: =C8/$C$58 -> 0.078940913 | E8: =D8*$C$64 -> 8070820.1 | F8: =SUM(C8,E8) -> 18844035
A9: 2020 | B9: Cumberland | C9: 4341190 | D9: =C9/$C$58 -> 0.031810142 | E9: =D9*$C$64 -> 3252229.1 | F9: =SUM(C9,E9) -> 7593419.1
A10: 2020 | B10: East Greenwich | C10: 2560332 | D10: =C10/$C$58 -> 0.018760876 | E10: =D10*$C$64 -> 1918088.4 | F10: =SUM(C10,E10) -> 4478420.4
A11: 2020 | B11: East Providence | C11: 5042374 | D11: =C11/$C$58 -> 0.03694808 | E11: =D11*$C$64 -> 3777525.4 | F11: =SUM(C11,E11) -> 8819899.4
A12: 2020 | B12: Exeter-West Greenwich | C12: 1826493 | D12: =C12/$C$58 -> 0.013383658 | E12: =D12*$C$64 -> 1368328.4 | F12: =SUM(C12,E12) -> 3194821.4
A13: 2020 | B13: Foster | C13: 239871 | D13: =C13/$C$58 -> 0.0017576588 | E13: =D13*$C$64 -> 179700.83 | F13: =SUM(C13,E13) -> 419571.83
... A56: 2020 | B56: Charette Charter School | C56: 27214 | D56: =C56/$C$58 -> 0.00019941104 | E56: =D56*$C$64 -> 20387.535 | F56: =SUM(C56,E56) -> 47601.535
B58: Summed Contributions | C58: =SUM(C2:C56) -> 136471882
B60: GASB 68 Report | C60: 136471882
B62: Check | C62: =C58-C60 -> 0
B64: State of Rhode Island | C64: 102238747

Sheet 2019
A1: Year | B1: district_name | C1: district_contributions | D1: district_prop | E1: state_contributions | F1: total_contributions
A2: 2019 | B2: Barrington | C2: 3510164 | D2: =C2/$C$58 -> 0.023814474 | E2: =D2*$C$64 -> 2434762 | F2: =SUM(E2,C2) -> 5944926
A3: 2019 | B3: Bristol/Warren | C3: 3494089 | D3: =C3/$C$58 -> 0.023705414 | E3: =D3*$C$64 -> 2423611.9 | F3: =SUM(E3,C3) -> 5917700.9
A4: 2019 | B4: Burrillville | C4: 2210699 | D4: =C4/$C$58 -> 0.01499834 | E4: =D4*$C$64 -> 1533411.5 | F4: =SUM(E4,C4) -> 3744110.5
A5: 2019 | B5: Central Falls | C5: 2884392 | D5: =C5/$C$58 -> 0.019568966 | E5: =D5*$C$64 -> 2000706.5 | F5: =SUM(E5,C5) -> 4885098.5
A6: 2019 | B6: Chariho | C6: 3627393 | D6: =C6/$C$58 -> 0.024609807 | E6: =D6*$C$64 -> 2516075.8 | F6: =SUM(E6,C6) -> 6143468.8
A7: 2019 | B7: Coventry | C7: 5070688 | D7: =C7/$C$58 -> 0.034401745 | E7: =D7*$C$64 -> 3517191.4 | F7: =SUM(E7,C7) -> 8587879.4
A8: 2019 | B8: Cranston | C8: 11597002 | D8: =C8/$C$58 -> 0.078679089 | E8: =D8*$C$64 -> 8044051.4 | F8: =SUM(E8,C8) -> 19641053
A9: 2019 | B9: Cumberland | C9: 4587352 | D9: =C9/$C$58 -> 0.031122585 | E9: =D9*$C$64 -> 3181934 | F9: =SUM(E9,C9) -> 7769286
A10: 2019 | B10: East Greenwich | C10: 2652750 | D10: =C10/$C$58 -> 0.017997406 | E10: =D10*$C$64 -> 1840032.2 | F10: =SUM(E10,C10) -> 4492782.2
A11: 2019 | B11: East Providence | C11: 5607265 | D11: =C11/$C$58 -> 0.038042116 | E11: =D11*$C$64 -> 3889378.3 | F11: =SUM(E11,C11) -> 9496643.3
A12: 2019 | B12: Exeter-West Greenwich | C12: 1898176 | D12: =C12/$C$58 -> 0.012878049 | E12: =D12*$C$64 -> 1316635.6 | F12: =SUM(E12,C12) -> 3214811.6
A13: 2019 | B13: Foster | C13: 254951 | D13: =C13/$C$58 -> 0.0017296981 | E13: =D13*$C$64 -> 176842.17 | F13: =SUM(E13,C13) -> 431793.17
... A56: 2019 | B56: Charette Charter School | C56: 30760 | D56: =C56/$C$58 -> 0.00020868917 | E56: =D56*$C$64 -> 21336.12 | F56: =SUM(E56,C56) -> 52096.12
B58: Summed Contributions | C58: =SUM(C2:C56) -> 147396242
B60: GASB 68 Report | C60: 147396241
B62: Check | C62: =C58-C60 -> 1
B64: State of Rhode Island | C64: 102238747

Sheet 2018
A1: Year | B1: district_name | C1: district_contributions | D1: district_prop | E1: state_contributions | F1: total_contributions
A2: 2018 | B2: Barrington | C2: 3366722 | D2: =C2/$C$57 -> 0.023902258 | E2: =D2*$C$57 -> 3366722 | F2: =SUM(E2,C2) -> 6733444
A3: 2018 | B3: Bristol/Warren | C3: 3315316 | D3: =C3/$C$57 -> 0.023537298 | E3: =D3*$C$57 -> 3315316 | F3: =SUM(E3,C3) -> 6630632
A4: 2018 | B4: Burrillville | C4: 2131274 | D4: =C4/$C$57 -> 0.015131116 | E4: =D4*$C$57 -> 2131274 | F4: =SUM(E4,C4) -> 4262548
A5: 2018 | B5: Central Falls | C5: 2638883 | D5: =C5/$C$57 -> 0.018734919 | E5: =D5*$C$57 -> 2638883 | F5: =SUM(E5,C5) -> 5277766
A6: 2018 | B6: Chariho | C6: 3501206 | D6: =C6/$C$57 -> 0.024857036 | E6: =D6*$C$57 -> 3501206 | F6: =SUM(E6,C6) -> 7002412
A7: 2018 | B7: Coventry | C7: 5031192 | D7: =C7/$C$57 -> 0.03571927 | E7: =D7*$C$57 -> 5031192 | F7: =SUM(E7,C7) -> 10062384
A8: 2018 | B8: Cranston | C8: 11085649 | D8: =C8/$C$57 -> 0.078703275 | E8: =D8*$C$57 -> 11085649 | F8: =SUM(E8,C8) -> 22171298
A9: 2018 | B9: Cumberland | C9: 4309643 | D9: =C9/$C$57 -> 0.030596586 | E9: =D9*$C$57 -> 4309643 | F9: =SUM(E9,C9) -> 8619286
A10: 2018 | B10: East Greenwich | C10: 2533100 | D10: =C10/$C$57 -> 0.017983906 | E10: =D10*$C$57 -> 2533100 | F10: =SUM(E10,C10) -> 5066200
A11: 2018 | B11: East Providence | C11: 5272813 | D11: =C11/$C$57 -> 0.037434673 | E11: =D11*$C$57 -> 5272813 | F11: =SUM(E11,C11) -> 10545626
A12: 2018 | B12: Exeter-West Greenwich | C12: 1871063 | D12: =C12/$C$57 -> 0.013283732 | E12: =D12*$C$57 -> 1871063 | F12: =SUM(E12,C12) -> 3742126
A13: 2018 | B13: Foster | C13: 235000 | D13: =C13/$C$57 -> 0.0016683975 | E13: =D13*$C$57 -> 235000 | F13: =SUM(E13,C13) -> 470000
... A55: 2018 | B55: South Side Charter School | C55: 66582 | D55: =C55/$C$57 -> 0.00047270317 | E55: =D55*$C$57 -> 66582 | F55: =SUM(E55,C55) -> 133164
B57: Summed Contributions | C57: =SUM(C2:C55) -> 140853720
B59: GASB 68 Report | C59: 140853724
B61: Check | C61: =C57-C59 -> -4
B63: State of Rhode Island | C63: 98120835

Sheet 2017
A1: Year | B1: district_name | C1: district_contributions | D1: district_prop | E1: state_contributions | F1: total_contributions
A2: 2017 | B2: Barrington | C2: 3266223 | D2: =C2/$C$57 -> 0.023791313 | E2: =D2*$C$63 -> 2296864.5 | F2: =SUM(E2,C2) -> 5563087.5
A3: 2017 | B3: Bristol/Warren | C3: 3147640 | D3: =C3/$C$57 -> 0.022927549 | E3: =D3*$C$63 -> 2213474.9 | F3: =SUM(E3,C3) -> 5361114.9
A4: 2017 | B4: Burrillville | C4: 1961232 | D4: =C4/$C$57 -> 0.014285701 | E4: =D4*$C$63 -> 1379172.3 | F4: =SUM(E4,C4) -> 3340404.3
A5: 2017 | B5: Central Falls | C5: 2598889 | D5: =C5/$C$57 -> 0.018930422 | E5: =D5*$C$63 -> 1827583.7 | F5: =SUM(E5,C5) -> 4426472.7
A6: 2017 | B6: Chariho | C6: 3466122 | D6: =C6/$C$57 -> 0.025247386 | E6: =D6*$C$63 -> 2437436.9 | F6: =SUM(E6,C6) -> 5903558.9
A7: 2017 | B7: Coventry | C7: 4948791 | D7: =C7/$C$57 -> 0.036047213 | E7: =D7*$C$63 -> 3480075.4 | F7: =SUM(E7,C7) -> 8428866.4
A8: 2017 | B8: Cranston | C8: 10852160 | D8: =C8/$C$57 -> 0.079047614 | E8: =D8*$C$63 -> 7631426.6 | F8: =SUM(E8,C8) -> 18483587
A9: 2017 | B9: Cumberland | C9: 4192515 | D9: =C9/$C$57 -> 0.030538465 | E9: =D9*$C$63 -> 2948249 | F9: =SUM(E9,C9) -> 7140764
A10: 2017 | B10: East Greenwich | C10: 2248280 | D10: =C10/$C$57 -> 0.016376571 | E10: =D10*$C$63 -> 1581029.4 | F10: =SUM(E10,C10) -> 3829309.4
A11: 2017 | B11: East Providence | C11: 5058545 | D11: =C11/$C$57 -> 0.036846666 | E11: =D11*$C$63 -> 3557256.3 | F11: =SUM(E11,C11) -> 8615801.3
A12: 2017 | B12: Exeter-West Greenwich | C12: 1890191 | D12: =C12/$C$57 -> 0.013768235 | E12: =D12*$C$63 -> 1329215 | F12: =SUM(E12,C12) -> 3219406
A13: 2017 | B13: Foster | C13: 239770 | D13: =C13/$C$57 -> 0.0017464953 | E13: =D13*$C$63 -> 168610.41 | F13: =SUM(E13,C13) -> 408380.41
... A55: 2017 | B55: South Side Charter School | C55: 38086 | D55: =C55/$C$57 -> 0.00027742011 | E55: =D55*$C$63 -> 26782.734 | F55: =SUM(E55,C55) -> 64868.734
B57: Summed Contributions | C57: =SUM(C2:C55) -> 137286371
B59: GASB 68 Report | C59: 137286370
B61: Check | C61: =C57-C59 -> 1
B63: State of Rhode Island | C63: 96542150

Sheet 2016
A1: Year | B1: district_name | C1: district_contributions | D1: district_prop | E1: state_contributions | F1: total_contributions
A2: 2016 | B2: Barrington | C2: 3359854 | D2: =C2/$C$57 -> 0.024422521 | E2: =D2*$C$63 -> 2149124.2 | F2: =SUM(E2,C2) -> 5508978.2
A3: 2016 | B3: Bristol/Warren | C3: 3190696 | D3: =C3/$C$57 -> 0.023192925 | E3: =D3*$C$63 -> 2040922.6 | F3: =SUM(E3,C3) -> 5231618.6
A4: 2016 | B4: Burrillville | C4: 1941839 | D4: =C4/$C$57 -> 0.014115079 | E4: =D4*$C$63 -> 1242093.6 | F4: =SUM(E4,C4) -> 3183932.6
A5: 2016 | B5: Central Falls | C5: 2724152 | D5: =C5/$C$57 -> 0.019801652 | E5: =D5*$C$63 -> 1742498.6 | F5: =SUM(E5,C5) -> 4466650.6
A6: 2016 | B6: Chariho | C6: 3624354 | D6: =C6/$C$57 -> 0.026345152 | E6: =D6*$C$63 -> 2318311.1 | F6: =SUM(E6,C6) -> 5942665.1
A7: 2016 | B7: Coventry | C7: 5039744 | D7: =C7/$C$57 -> 0.036633513 | E7: =D7*$C$63 -> 3223662.6 | F7: =SUM(E7,C7) -> 8263406.6
A8: 2016 | B8: Cranston | C8: 10740991 | D8: =C8/$C$57 -> 0.078075441 | E8: =D8*$C$63 -> 6870454.3 | F8: =SUM(E8,C8) -> 17611445
A9: 2016 | B9: Cumberland | C9: 4223527 | D9: =C9/$C$57 -> 0.030700494 | E9: =D9*$C$63 -> 2701570.9 | F9: =SUM(E9,C9) -> 6925097.9
A10: 2016 | B10: East Greenwich | C10: 2347911 | D10: =C10/$C$57 -> 0.017066785 | E10: =D10*$C$63 -> 1501836.8 | F10: =SUM(E10,C10) -> 3849747.8
A11: 2016 | B11: East Providence | C11: 4818824 | D11: =C11/$C$57 -> 0.035027662 | E11: =D11*$C$63 -> 3082351.5 | F11: =SUM(E11,C11) -> 7901175.5
A12: 2016 | B12: Exeter-West Greenwich | C12: 1901465 | D12: =C12/$C$57 -> 0.013821603 | E12: =D12*$C$63 -> 1216268.4 | F12: =SUM(E12,C12) -> 3117733.4
A13: 2016 | B13: Foster | C13: 234490 | D13: =C13/$C$57 -> 0.0017044898 | E13: =D13*$C$63 -> 149991.08 | F13: =SUM(E13,C13) -> 384481.08
... A55: 2016 | B55: South Side Charter School | C55: 30008 | D55: =C55/$C$57 -> 0.00021812585 | E55: =D55*$C$63 -> 19194.56 | F55: =SUM(E55,C55) -> 49202.56
B57: Summed Contributions | C57: =SUM(C2:C55) -> 137571955
B59: GASB 68 Report | C59: 137571950
B61: Check | C61: =C57-C59 -> 5
B63: State of Rhode Island | C63: 87997637

Sheet 2015
A1: Year | B1: district_name | C1: district_contributions | D1: district_prop | E1: state_contributions | F1: total_contributions
A2: 2015 | B2: Barrington | C2: 3183386 | D2: =C2/$C$57 -> 0.023942626 | E2: =D2*$C$63 -> 2033777.6 | F2: =SUM(E2,C2) -> 5217163.6
A3: 2015 | B3: Bristol/Warren | C3: 3120167 | D3: =C3/$C$57 -> 0.023467148 | E3: =D3*$C$63 -> 1993388.8 | F3: =SUM(E3,C3) -> 5113555.8
A4: 2015 | B4: Burrillville | C4: 1861216 | D4: =C4/$C$57 -> 0.013998428 | E4: =D4*$C$63 -> 1189079.6 | F4: =SUM(E4,C4) -> 3050295.6
A5: 2015 | B5: Central Falls | C5: 2563268 | D5: =C5/$C$57 -> 0.019278644 | E5: =D5*$C$63 -> 1637601.3 | F5: =SUM(E5,C5) -> 4200869.3
A6: 2015 | B6: Chariho | C6: 3719220 | D6: =C6/$C$57 -> 0.027972697 | E6: =D6*$C$63 -> 2376107.2 | F6: =SUM(E6,C6) -> 6095327.2
A7: 2015 | B7: Coventry | C7: 4850038 | D7: =C7/$C$57 -> 0.036477714 | E7: =D7*$C$63 -> 3098555.7 | F7: =SUM(E7,C7) -> 7948593.7
A8: 2015 | B8: Cranston | C8: 10073268 | D8: =C8/$C$57 -> 0.07576225 | E8: =D8*$C$63 -> 6435533.5 | F8: =SUM(E8,C8) -> 16508801
A9: 2015 | B9: Cumberland | C9: 3765727 | D9: =C9/$C$57 -> 0.028322482 | E9: =D9*$C$63 -> 2405819.3 | F9: =SUM(E9,C9) -> 6171546.3
A10: 2015 | B10: East Greenwich | C10: 2125947 | D10: =C10/$C$57 -> 0.015989501 | E10: =D10*$C$63 -> 1358209 | F10: =SUM(E10,C10) -> 3484156
A11: 2015 | B11: East Providence | C11: 4418964 | D11: =C11/$C$57 -> 0.033235555 | E11: =D11*$C$63 -> 2823154.4 | F11: =SUM(E11,C11) -> 7242118.4
A12: 2015 | B12: Exeter-West Greenwich | C12: 1855459 | D12: =C12/$C$57 -> 0.013955128 | E12: =D12*$C$63 -> 1185401.7 | F12: =SUM(E12,C12) -> 3040860.7
A13: 2015 | B13: Foster | C13: 247872 | D13: =C13/$C$57 -> 0.0018642749 | E13: =D13*$C$63 -> 158358.59 | F13: =SUM(E13,C13) -> 406230.59
... A55: 2015 | B55: South Side Charter School | C55: 19421 | D55: =C55/$C$57 -> 0.00014606766 | E55: =D55*$C$63 -> 12407.542 | F55: =SUM(E55,C55) -> 31828.542
B57: Summed Contributions | C57: =SUM(C2:C55) -> 132958934
B59: GASB 68 Report | C59: 132958935
B61: Check | C61: =C57-C59 -> -1
B63: State of Rhode Island | C63: 84943801

Sheet NCES Data -->

Sheet LEAID Match
A1: district_name | B1: LEAID
A2: Barrington | B2: 4400030
A3: Beacon Charter School | B3: 4400008
A4: Blackstone Academy Charter School | B4: 4400036
A5: Bristol/Warren | B5: 4400065
A6: Burrillville | B6: 4400090
A7: Central Falls | B7: 4400120
A8: Charette Charter School | B8: 4400037
A9: Chariho | B9: 4400150
A10: Compass School Charter School | B10: 4400035
A11: Coventry | B11: 4400210
A12: Cranston | B12: 4400240
A13: Cumberland | B13: 4400270
... A49: South Side Charter School | B49: 4400028
A50: Times2 Academy
A51: Tiverton | B51: 4401050
A52: Trinity Academy Charter School | B52: 4400018
A53: Urban Collaborative | B53: 4400005
A54: Village Green Charter School | B54: 4400025
A55: Warwick | B55: 4401110
A56: West Bay Collaborative | B56: 4400023
A57: West Warwick | B57: 4401140
A58: Westerly | B58: 4401170
A59: Woonsocket | B59: 4401200
