Workbook

Sheet Data
A1: Year | B1: employer_code | C1: State | D1: state_abv | E1: plan | F1: standardized_employer_name | G1: employer_contributions_tier2 | H1: employer_contributions_noncon | I1: employer_contributions_con | J1: total_contributions | K1: _merge1 | L1: _merge2 | M1: employer_name_tier2 | N1: employer_name_noncon | O1: employer_name_con | P1: LEAID_match
A2: 2015 | B2: 1 | C2: Utah | D2: UT | E2: Public Employees Contributory Retirement System & Non-Contributory Retirement System & Tier 2 Public Employees Contributory Retirement System | F2: 4 CORNERS COMM BEHAVIOR HEALTH | G2: 45591 | J2: =SUM(G2:I2) -> 45591 | K2: Master only (1) | L2: Master only (1) | M2: 4 Corners Comm Behavior Health | P2: =IFERROR(VLOOKUP(F2,Sheet1!$A$2:$B$54,2,FALSE),"")
A3: 2016 | B3: 1 | C3: Utah | D3: UT | E3: Public Employees Contributory Retirement System & Non-Contributory Retirement System & Tier 2 Public Employees Contributory Retirement System | F3: 4 CORNERS COMM BEHAVIOR HEALTH | G3: 63033 | J3: =SUM(G3:I3) -> 63033 | K3: Master only (1) | L3: Master only (1) | M3: 4 Corners Community Behavior Health | P3: =IFERROR(VLOOKUP(F3,Sheet1!$A$2:$B$54,2,FALSE),"")
A4: 2017 | B4: 1 | C4: Utah | D4: UT | E4: Public Employees Contributory Retirement System & Non-Contributory Retirement System & Tier 2 Public Employees Contributory Retirement System | F4: 4 CORNERS COMM BEHAVIOR HEALTH | G4: 82576 | J4: =SUM(G4:I4) -> 82576 | K4: Master only (1) | L4: Master only (1) | M4: 4 Corners Comm Behavior Health | P4: =IFERROR(VLOOKUP(F4,Sheet1!$A$2:$B$54,2,FALSE),"")
A5: 2018 | B5: 1 | C5: Utah | D5: UT | E5: Public Employees Contributory Retirement System & Non-Contributory Retirement System & Tier 2 Public Employees Contributory Retirement System | F5: 4 CORNERS COMM BEHAVIOR HEALTH | G5: 101227 | J5: =SUM(G5:I5) -> 101227 | K5: Master only (1) | L5: Master only (1) | M5: 4 Corners Comm Behavior Health | P5: =IFERROR(VLOOKUP(F5,Sheet1!$A$2:$B$54,2,FALSE),"")
A6: 2019 | B6: 1 | C6: Utah | D6: UT | E6: Public Employees Contributory Retirement System & Non-Contributory Retirement System & Tier 2 Public Employees Contributory Retirement System | F6: 4 CORNERS COMM BEHAVIOR HEALTH | G6: 136196 | J6: =SUM(G6:I6) -> 136196 | K6: Master only (1) | L6: Master only (1) | M6: 4 Corners Comm Behavior Health | P6: =IFERROR(VLOOKUP(F6,Sheet1!$A$2:$B$54,2,FALSE),"")
A7: 2020 | B7: 1 | C7: Utah | D7: UT | E7: Public Employees Contributory Retirement System & Non-Contributory Retirement System & Tier 2 Public Employees Contributory Retirement System | F7: 4 CORNERS COMM BEHAVIOR HEALTH | G7: 165021 | J7: =SUM(G7:I7) -> 165021 | K7: Master only (1) | L7: Master only (1) | M7: 4 Corners Comm Behavior Health | P7: =IFERROR(VLOOKUP(F7,Sheet1!$A$2:$B$54,2,FALSE),"")
A8: 2021 | B8: 1 | C8: Utah | D8: UT | E8: Public Employees Contributory Retirement System & Non-Contributory Retirement System & Tier 2 Public Employees Contributory Retirement System | F8: 4 CORNERS COMM BEHAVIOR HEALTH | G8: 204180 | J8: =SUM(G8:I8) -> 204180 | K8: Master only (1) | L8: Master only (1) | M8: 4 CORNERS COMM BEHAVIOR HEALTH | P8: =IFERROR(VLOOKUP(F8,Sheet1!$A$2:$B$54,2,FALSE),"")
A9: 2022 | B9: 1 | C9: Utah | D9: UT | E9: Public Employees Contributory Retirement System & Non-Contributory Retirement System & Tier 2 Public Employees Contributory Retirement System | F9: 4 CORNERS COMM BEHAVIOR HEALTH | G9: 287279 | J9: =SUM(G9:I9) -> 287279 | K9: Master only (1) | L9: Master only (1) | M9: 4 CORNERS COMM BEHAVIOR HEALTH | P9: =IFERROR(VLOOKUP(F9,Sheet1!$A$2:$B$54,2,FALSE),"")
A10: 2023 | B10: 1 | C10: Utah | D10: UT | E10: Public Employees Contributory Retirement System & Non-Contributory Retirement System & Tier 2 Public Employees Contributory Retirement System | F10: 4 CORNERS COMM BEHAVIOR HEALTH | G10: 332425 | J10: =SUM(G10:I10) -> 332425 | K10: Master only (1) | L10: Master only (1) | M10: 4 CORNERS COMM BEHAVIOR HEALTH | P10: =IFERROR(VLOOKUP(F10,Sheet1!$A$2:$B$54,2,FALSE),"")
A11: 2015 | B11: 2 | C11: Utah | D11: UT | E11: Public Employees Contributory Retirement System & Non-Contributory Retirement System & Tier 2 Public Employees Contributory Retirement System | F11: ACTIVE RE ENTRY INC | G11: 0 | H11: 68584 | J11: =SUM(G11:I11) -> 68584 | K11: Matched (3) | L11: Master only (1) | M11: Active Re Entry Inc | N11: Active Re Entry Inc | P11: =IFERROR(VLOOKUP(F11,Sheet1!$A$2:$B$54,2,FALSE),"")
A12: 2016 | B12: 2 | C12: Utah | D12: UT | E12: Public Employees Contributory Retirement System & Non-Contributory Retirement System & Tier 2 Public Employees Contributory Retirement System | F12: ACTIVE RE ENTRY INC | G12: 1262 | H12: 67677 | J12: =SUM(G12:I12) -> 68939 | K12: Matched (3) | L12: Master only (1) | M12: Active Re Entry Inc | N12: Active Re Entry Inc | P12: =IFERROR(VLOOKUP(F12,Sheet1!$A$2:$B$54,2,FALSE),"")
A13: 2017 | B13: 2 | C13: Utah | D13: UT | E13: Public Employees Contributory Retirement System & Non-Contributory Retirement System & Tier 2 Public Employees Contributory Retirement System | F13: ACTIVE RE ENTRY INC | G13: 1757 | H13: 68763 | J13: =SUM(G13:I13) -> 70520 | K13: Matched (3) | L13: Master only (1) | M13: Active Re Entry Inc | N13: Active Re Entry Inc | P13: =IFERROR(VLOOKUP(F13,Sheet1!$A$2:$B$54,2,FALSE),"")
A14: 2018 | B14: 2 | C14: Utah | D14: UT | E14: Public Employees Contributory Retirement System & Non-Contributory Retirement System & Tier 2 Public Employees Contributory Retirement System | F14: ACTIVE RE ENTRY INC | G14: 1114 | H14: 76000 | J14: =SUM(G14:I14) -> 77114 | K14: Matched (3) | L14: Master only (1) | M14: Active Re Entry Inc | N14: Active Re Entry Inc | P14: =IFERROR(VLOOKUP(F14,Sheet1!$A$2:$B$54,2,FALSE),"")
A15: 2019 | B15: 2 | C15: Utah | D15: UT | E15: Public Employees Contributory Retirement System & Non-Contributory Retirement System & Tier 2 Public Employees Contributory Retirement System | F15: ACTIVE RE ENTRY INC | G15: 3160 | H15: 70695 | J15: =SUM(G15:I15) -> 73855 | K15: Matched (3) | L15: Master only (1) | M15: Active Re Entry Inc | N15: Active Re Entry Inc | P15: =IFERROR(VLOOKUP(F15,Sheet1!$A$2:$B$54,2,FALSE),"")
A16: 2020 | B16: 2 | C16: Utah | D16: UT | E16: Public Employees Contributory Retirement System & Non-Contributory Retirement System & Tier 2 Public Employees Contributory Retirement System | F16: ACTIVE RE ENTRY INC | G16: 10558 | H16: 85052 | J16: =SUM(G16:I16) -> 95610 | K16: Matched (3) | L16: Master only (1) | M16: Active Re Entry Inc | N16: Active Re Entry Inc | P16: =IFERROR(VLOOKUP(F16,Sheet1!$A$2:$B$54,2,FALSE),"")
A17: 2021 | B17: 2 | C17: Utah | D17: UT | E17: Public Employees Contributory Retirement System & Non-Contributory Retirement System & Tier 2 Public Employees Contributory Retirement System | F17: ACTIVE RE ENTRY INC | G17: 6993 | H17: 74751 | J17: =SUM(G17:I17) -> 81744 | K17: Matched (3) | L17: Master only (1) | M17: ACTIVE RE ENTRY INC | N17: ACTIVE RE ENTRY INC | P17: =IFERROR(VLOOKUP(F17,Sheet1!$A$2:$B$54,2,FALSE),"")
A18: 2022 | B18: 2 | C18: Utah | D18: UT | E18: Public Employees Contributory Retirement System & Non-Contributory Retirement System & Tier 2 Public Employees Contributory Retirement System | F18: ACTIVE RE ENTRY INC | G18: 6755 | H18: 76869 | J18: =SUM(G18:I18) -> 83624 | K18: Matched (3) | L18: Master only (1) | M18: ACTIVE RE ENTRY INC | N18: ACTIVE RE ENTRY INC | P18: =IFERROR(VLOOKUP(F18,Sheet1!$A$2:$B$54,2,FALSE),"")
A19: 2023 | B19: 2 | C19: Utah | D19: UT | E19: Public Employees Contributory Retirement System & Non-Contributory Retirement System & Tier 2 Public Employees Contributory Retirement System | F19: ACTIVE RE ENTRY INC | G19: 6356 | H19: 85192 | J19: =SUM(G19:I19) -> 91548 | K19: Matched (3) | L19: Master only (1) | M19: ACTIVE RE ENTRY INC | N19: ACTIVE RE ENTRY INC | P19: =IFERROR(VLOOKUP(F19,Sheet1!$A$2:$B$54,2,FALSE),"")
A20: 2015 | B20: 3 | C20: Utah | D20: UT | E20: Public Employees Contributory Retirement System & Non-Contributory Retirement System & Tier 2 Public Employees Contributory Retirement System | F20: ALPINE CITY | G20: 9435 | J20: =SUM(G20:I20) -> 9435 | K20: Master only (1) | L20: Master only (1) | M20: Alpine City | P20: =IFERROR(VLOOKUP(F20,Sheet1!$A$2:$B$54,2,FALSE),"")
A21: 2016 | B21: 3 | C21: Utah | D21: UT | E21: Public Employees Contributory Retirement System & Non-Contributory Retirement System & Tier 2 Public Employees Contributory Retirement System | F21: ALPINE CITY | G21: 11480 | J21: =SUM(G21:I21) -> 11480 | K21: Master only (1) | L21: Master only (1) | M21: Alpine City | P21: =IFERROR(VLOOKUP(F21,Sheet1!$A$2:$B$54,2,FALSE),"")
A22: 2017 | B22: 3 | C22: Utah | D22: UT | E22: Public Employees Contributory Retirement System & Non-Contributory Retirement System & Tier 2 Public Employees Contributory Retirement System | F22: ALPINE CITY | G22: 17813 | J22: =SUM(G22:I22) -> 17813 | K22: Master only (1) | L22: Master only (1) | M22: Alpine City | P22: =IFERROR(VLOOKUP(F22,Sheet1!$A$2:$B$54,2,FALSE),"")
A23: 2018 | B23: 3 | C23: Utah | D23: UT | E23: Public Employees Contributory Retirement System & Non-Contributory Retirement System & Tier 2 Public Employees Contributory Retirement System | F23: ALPINE CITY | G23: 19831 | J23: =SUM(G23:I23) -> 19831 | K23: Master only (1) | L23: Master only (1) | M23: Alpine City | P23: =IFERROR(VLOOKUP(F23,Sheet1!$A$2:$B$54,2,FALSE),"")
A24: 2019 | B24: 3 | C24: Utah | D24: UT | E24: Public Employees Contributory Retirement System & Non-Contributory Retirement System & Tier 2 Public Employees Contributory Retirement System | F24: ALPINE CITY | G24: 24810 | J24: =SUM(G24:I24) -> 24810 | K24: Master only (1) | L24: Master only (1) | M24: Alpine City | P24: =IFERROR(VLOOKUP(F24,Sheet1!$A$2:$B$54,2,FALSE),"")
A25: 2020 | B25: 3 | C25: Utah | D25: UT | E25: Public Employees Contributory Retirement System & Non-Contributory Retirement System & Tier 2 Public Employees Contributory Retirement System | F25: ALPINE CITY | G25: 26242 | J25: =SUM(G25:I25) -> 26242 | K25: Master only (1) | L25: Master only (1) | M25: Alpine City | P25: =IFERROR(VLOOKUP(F25,Sheet1!$A$2:$B$54,2,FALSE),"")
A26: 2021 | B26: 3 | C26: Utah | D26: UT | E26: Public Employees Contributory Retirement System & Non-Contributory Retirement System & Tier 2 Public Employees Contributory Retirement System | F26: ALPINE CITY | G26: 30395 | J26: =SUM(G26:I26) -> 30395 | K26: Master only (1) | L26: Master only (1) | M26: ALPINE CITY | P26: =IFERROR(VLOOKUP(F26,Sheet1!$A$2:$B$54,2,FALSE),"")
A27: 2022 | B27: 3 | C27: Utah | D27: UT | E27: Public Employees Contributory Retirement System & Non-Contributory Retirement System & Tier 2 Public Employees Contributory Retirement System | F27: ALPINE CITY | G27: 34622 | J27: =SUM(G27:I27) -> 34622 | K27: Master only (1) | L27: Master only (1) | M27: ALPINE CITY | P27: =IFERROR(VLOOKUP(F27,Sheet1!$A$2:$B$54,2,FALSE),"")
A28: 2023 | B28: 3 | C28: Utah | D28: UT | E28: Public Employees Contributory Retirement System & Non-Contributory Retirement System & Tier 2 Public Employees Contributory Retirement System | F28: ALPINE CITY | G28: 42931 | J28: =SUM(G28:I28) -> 42931 | K28: Master only (1) | L28: Master only (1) | M28: ALPINE CITY | P28: =IFERROR(VLOOKUP(F28,Sheet1!$A$2:$B$54,2,FALSE),"")
A29: 2015 | B29: 4 | C29: Utah | D29: UT | E29: Public Employees Contributory Retirement System & Non-Contributory Retirement System & Tier 2 Public Employees Contributory Retirement System | F29: ALPINE SCHOOL DISTRICT | G29: 3021679 | H29: 45090758 | I29: 213001 | J29: =SUM(G29:I29) -> 48325438 | K29: Matched (3) | L29: Matched (3) | M29: Alpine School District | N29: Alpine School District | O29: Alpine School District | P29: =IFERROR(VLOOKUP(F29,Sheet1!$A$2:$B$54,2,FALSE),"") -> 4900030
A30: 2016 | B30: 4 | C30: Utah | D30: UT | E30: Public Employees Contributory Retirement System & Non-Contributory Retirement System & Tier 2 Public Employees Contributory Retirement System | F30: ALPINE SCHOOL DISTRICT | G30: 3768441 | H30: 47060547 | I30: 177633 | J30: =SUM(G30:I30) -> 51006621 | K30: Matched (3) | L30: Matched (3) | M30: Alpine School District | N30: Alpine School District | O30: Alpine School District | P30: =IFERROR(VLOOKUP(F30,Sheet1!$A$2:$B$54,2,FALSE),"") -> 4900030
A31: 2017 | B31: 4 | C31: Utah | D31: UT | E31: Public Employees Contributory Retirement System & Non-Contributory Retirement System & Tier 2 Public Employees Contributory Retirement System | F31: ALPINE SCHOOL DISTRICT | G31: 4592044 | H31: 48766784 | I31: 150886 | J31: =SUM(G31:I31) -> 53509714 | K31: Matched (3) | L31: Matched (3) | M31: Alpine School District | N31: Alpine School District | O31: Alpine School District | P31: =IFERROR(VLOOKUP(F31,Sheet1!$A$2:$B$54,2,FALSE),"") -> 4900030
A32: 2018 | B32: 4 | C32: Utah | D32: UT | E32: Public Employees Contributory Retirement System & Non-Contributory Retirement System & Tier 2 Public Employees Contributory Retirement System | F32: ALPINE SCHOOL DISTRICT | G32: 5685454 | H32: 50640824 | I32: 117064 | J32: =SUM(G32:I32) -> 56443342 | K32: Matched (3) | L32: Matched (3) | M32: Alpine School District | N32: Alpine School District | O32: Alpine School District | P32: =IFERROR(VLOOKUP(F32,Sheet1!$A$2:$B$54,2,FALSE),"") -> 4900030
A33: 2019 | B33: 4 | C33: Utah | D33: UT | E33: Public Employees Contributory Retirement System & Non-Contributory Retirement System & Tier 2 Public Employees Contributory Retirement System | F33: ALPINE SCHOOL DISTRICT | G33: 7129418 | H33: 53982408 | I33: 109839 | J33: =SUM(G33:I33) -> 61221665 | K33: Matched (3) | L33: Matched (3) | M33: Alpine School District | N33: Alpine School District | O33: Alpine School District | P33: =IFERROR(VLOOKUP(F33,Sheet1!$A$2:$B$54,2,FALSE),"") -> 4900030
A34: 2020 | B34: 4 | C34: Utah | D34: UT | E34: Public Employees Contributory Retirement System & Non-Contributory Retirement System & Tier 2 Public Employees Contributory Retirement System | F34: ALPINE SCHOOL DISTRICT | G34: 8418551 | H34: 57172626 | I34: 99317 | J34: =SUM(G34:I34) -> 65690494 | K34: Matched (3) | L34: Matched (3) | M34: Alpine School District | N34: Alpine School District | O34: Alpine School District | P34: =IFERROR(VLOOKUP(F34,Sheet1!$A$2:$B$54,2,FALSE),"") -> 4900030
A35: 2021 | B35: 4 | C35: Utah | D35: UT | E35: Public Employees Contributory Retirement System & Non-Contributory Retirement System & Tier 2 Public Employees Contributory Retirement System | F35: ALPINE SCHOOL DISTRICT | G35: 10175615 | H35: 61600619 | I35: 84846 | J35: =SUM(G35:I35) -> 71861080 | K35: Matched (3) | L35: Matched (3) | M35: ALPINE SCHOOL DISTRICT | N35: ALPINE SCHOOL DISTRICT | O35: ALPINE SCHOOL DISTRICT | P35: =IFERROR(VLOOKUP(F35,Sheet1!$A$2:$B$54,2,FALSE),"") -> 4900030
A36: 2022 | B36: 4 | C36: Utah | D36: UT | E36: Public Employees Contributory Retirement System & Non-Contributory Retirement System & Tier 2 Public Employees Contributory Retirement System | F36: ALPINE SCHOOL DISTRICT | G36: 12534346 | H36: 65773348 | I36: 54354 | J36: =SUM(G36:I36) -> 78362048 | K36: Matched (3) | L36: Matched (3) | M36: ALPINE SCHOOL DISTRICT | N36: ALPINE SCHOOL DISTRICT | O36: ALPINE SCHOOL DISTRICT | P36: =IFERROR(VLOOKUP(F36,Sheet1!$A$2:$B$54,2,FALSE),"") -> 4900030
A37: 2023 | B37: 4 | C37: Utah | D37: UT | E37: Public Employees Contributory Retirement System & Non-Contributory Retirement System & Tier 2 Public Employees Contributory Retirement System | F37: ALPINE SCHOOL DISTRICT | G37: 15556618 | H37: 72071075 | I37: 37508 | J37: =SUM(G37:I37) -> 87665201 | K37: Matched (3) | L37: Matched (3) | M37: ALPINE SCHOOL DISTRICT | N37: ALPINE SCHOOL DISTRICT | O37: ALPINE SCHOOL DISTRICT | P37: =IFERROR(VLOOKUP(F37,Sheet1!$A$2:$B$54,2,FALSE),"") -> 4900030
A38: 2015 | B38: 5 | C38: Utah | D38: UT | E38: Public Employees Contributory Retirement System & Non-Contributory Retirement System & Tier 2 Public Employees Contributory Retirement System | F38: ALPINE UNISERV | G38: 2785 | H38: 20372 | J38: =SUM(G38:I38) -> 23157 | K38: Matched (3) | L38: Master only (1) | M38: Alpine Uniserv | N38: Alpine Uniserv | P38: =IFERROR(VLOOKUP(F38,Sheet1!$A$2:$B$54,2,FALSE),"")
A39: 2016 | B39: 5 | C39: Utah | D39: UT | E39: Public Employees Contributory Retirement System & Non-Contributory Retirement System & Tier 2 Public Employees Contributory Retirement System | F39: ALPINE UNISERV | G39: 0 | H39: 19785 | J39: =SUM(G39:I39) -> 19785 | K39: Matched (3) | L39: Master only (1) | M39: Alpine Uniserv | N39: Alpine Uniserv | P39: =IFERROR(VLOOKUP(F39,Sheet1!$A$2:$B$54,2,FALSE),"")
A40: 2017 | B40: 5 | C40: Utah | D40: UT | E40: Public Employees Contributory Retirement System & Non-Contributory Retirement System & Tier 2 Public Employees Contributory Retirement System | F40: ALPINE UNISERV | G40: 0 | H40: 17987 | J40: =SUM(G40:I40) -> 17987 | K40: Matched (3) | L40: Master only (1) | M40: Alpine Uniserv | N40: Alpine Uniserv | P40: =IFERROR(VLOOKUP(F40,Sheet1!$A$2:$B$54,2,FALSE),"")
A41: 2018 | B41: 5 | C41: Utah | D41: UT | E41: Public Employees Contributory Retirement System & Non-Contributory Retirement System & Tier 2 Public Employees Contributory Retirement System | F41: ALPINE UNISERV | G41: 0 | H41: 22709 | J41: =SUM(G41:I41) -> 22709 | K41: Matched (3) | L41: Master only (1) | M41: Alpine Uniserv | N41: Alpine Uniserv | P41: =IFERROR(VLOOKUP(F41,Sheet1!$A$2:$B$54,2,FALSE),"")
A42: 2019 | B42: 5 | C42: Utah | D42: UT | E42: Public Employees Contributory Retirement System & Non-Contributory Retirement System & Tier 2 Public Employees Contributory Retirement System | F42: ALPINE UNISERV | G42: 0 | H42: 24742 | J42: =SUM(G42:I42) -> 24742 | K42: Matched (3) | L42: Master only (1) | M42: Alpine Uniserv | N42: Alpine Uniserv | P42: =IFERROR(VLOOKUP(F42,Sheet1!$A$2:$B$54,2,FALSE),"")
A43: 2020 | B43: 5 | C43: Utah | D43: UT | E43: Public Employees Contributory Retirement System & Non-Contributory Retirement System & Tier 2 Public Employees Contributory Retirement System | F43: ALPINE UNISERV | G43: 0 | H43: 27381 | J43: =SUM(G43:I43) -> 27381 | K43: Matched (3) | L43: Master only (1) | M43: Alpine Uniserv | N43: Alpine Uniserv | P43: =IFERROR(VLOOKUP(F43,Sheet1!$A$2:$B$54,2,FALSE),"")
A44: 2021 | B44: 5 | C44: Utah | D44: UT | E44: Public Employees Contributory Retirement System & Non-Contributory Retirement System & Tier 2 Public Employees Contributory Retirement System | F44: ALPINE UNISERV | G44: 0 | H44: 30106 | J44: =SUM(G44:I44) -> 30106 | K44: Matched (3) | L44: Master only (1) | M44: ALPINE UNISERV | N44: ALPINE UNISERV | P44: =IFERROR(VLOOKUP(F44,Sheet1!$A$2:$B$54,2,FALSE),"")
A45: 2022 | B45: 5 | C45: Utah | D45: UT | E45: Public Employees Contributory Retirement System & Non-Contributory Retirement System & Tier 2 Public Employees Contributory Retirement System | F45: ALPINE UNISERV | G45: 7187 | H45: 44528 | J45: =SUM(G45:I45) -> 51715 | K45: Matched (3) | L45: Master only (1) | M45: ALPINE UNISERV | N45: ALPINE UNISERV | P45: =IFERROR(VLOOKUP(F45,Sheet1!$A$2:$B$54,2,FALSE),"")
A46: 2023 | B46: 5 | C46: Utah | D46: UT | E46: Public Employees Contributory Retirement System & Non-Contributory Retirement System & Tier 2 Public Employees Contributory Retirement System | F46: ALPINE UNISERV | G46: 7896 | H46: 49211 | J46: =SUM(G46:I46) -> 57107 | K46: Matched (3) | L46: Master only (1) | M46: ALPINE UNISERV | N46: ALPINE UNISERV | P46: =IFERROR(VLOOKUP(F46,Sheet1!$A$2:$B$54,2,FALSE),"")
A47: 2015 | B47: 6 | C47: Utah | D47: UT | E47: Public Employees Contributory Retirement System & Non-Contributory Retirement System & Tier 2 Public Employees Contributory Retirement System | F47: AMERICAN FORK CITY | G47: 49007 | J47: =SUM(G47:I47) -> 49007 | K47: Master only (1) | L47: Master only (1) | M47: American Fork City | P47: =IFERROR(VLOOKUP(F47,Sheet1!$A$2:$B$54,2,FALSE),"")
A48: 2016 | B48: 6 | C48: Utah | D48: UT | E48: Public Employees Contributory Retirement System & Non-Contributory Retirement System & Tier 2 Public Employees Contributory Retirement System | F48: AMERICAN FORK CITY | G48: 67068 | J48: =SUM(G48:I48) -> 67068 | K48: Master only (1) | L48: Master only (1) | M48: American Fork City | P48: =IFERROR(VLOOKUP(F48,Sheet1!$A$2:$B$54,2,FALSE),"")
A49: 2017 | B49: 6 | C49: Utah | D49: UT | E49: Public Employees Contributory Retirement System & Non-Contributory Retirement System & Tier 2 Public Employees Contributory Retirement System | F49: AMERICAN FORK CITY | G49: 77924 | J49: =SUM(G49:I49) -> 77924 | K49: Master only (1) | L49: Master only (1) | M49: American Fork City | P49: =IFERROR(VLOOKUP(F49,Sheet1!$A$2:$B$54,2,FALSE),"")
A50: 2018 | B50: 6 | C50: Utah | D50: UT | E50: Public Employees Contributory Retirement System & Non-Contributory Retirement System & Tier 2 Public Employees Contributory Retirement System | F50: AMERICAN FORK CITY | G50: 76287 | J50: =SUM(G50:I50) -> 76287 | K50: Master only (1) | L50: Master only (1) | M50: American Fork City | P50: =IFERROR(VLOOKUP(F50,Sheet1!$A$2:$B$54,2,FALSE),"")
A51: 2019 | B51: 6 | C51: Utah | D51: UT | E51: Public Employees Contributory Retirement System & Non-Contributory Retirement System & Tier 2 Public Employees Contributory Retirement System | F51: AMERICAN FORK CITY | G51: 93347 | J51: =SUM(G51:I51) -> 93347 | K51: Master only (1) | L51: Master only (1) | M51: American Fork City | P51: =IFERROR(VLOOKUP(F51,Sheet1!$A$2:$B$54,2,FALSE),"")
A52: 2020 | B52: 6 | C52: Utah | D52: UT | E52: Public Employees Contributory Retirement System & Non-Contributory Retirement System & Tier 2 Public Employees Contributory Retirement System | F52: AMERICAN FORK CITY | G52: 103869 | J52: =SUM(G52:I52) -> 103869 | K52: Master only (1) | L52: Master only (1) | M52: American Fork City | P52: =IFERROR(VLOOKUP(F52,Sheet1!$A$2:$B$54,2,FALSE),"")
A53: 2021 | B53: 6 | C53: Utah | D53: UT | E53: Public Employees Contributory Retirement System & Non-Contributory Retirement System & Tier 2 Public Employees Contributory Retirement System | F53: AMERICAN FORK CITY | G53: 130669 | J53: =SUM(G53:I53) -> 130669 | K53: Master only (1) | L53: Master only (1) | M53: AMERICAN FORK CITY | P53: =IFERROR(VLOOKUP(F53,Sheet1!$A$2:$B$54,2,FALSE),"")
A54: 2022 | B54: 6 | C54: Utah | D54: UT | E54: Public Employees Contributory Retirement System & Non-Contributory Retirement System & Tier 2 Public Employees Contributory Retirement System | F54: AMERICAN FORK CITY | G54: 169283 | J54: =SUM(G54:I54) -> 169283 | K54: Master only (1) | L54: Master only (1) | M54: AMERICAN FORK CITY | P54: =IFERROR(VLOOKUP(F54,Sheet1!$A$2:$B$54,2,FALSE),"")
A55: 2023 | B55: 6 | C55: Utah | D55: UT | E55: Public Employees Contributory Retirement System & Non-Contributory Retirement System & Tier 2 Public Employees Contributory Retirement System | F55: AMERICAN FORK CITY | G55: 244538 | J55: =SUM(G55:I55) -> 244538 | K55: Master only (1) | L55: Master only (1) | M55: AMERICAN FORK CITY | P55: =IFERROR(VLOOKUP(F55,Sheet1!$A$2:$B$54,2,FALSE),"")
A56: 2015 | B56: 7 | C56: Utah | D56: UT | E56: Public Employees Contributory Retirement System & Non-Contributory Retirement System & Tier 2 Public Employees Contributory Retirement System | F56: AMERICAN LEADERSHIP ACADEMY | G56: 89553 | H56: 865137 | J56: =SUM(G56:I56) -> 954690 | K56: Matched (3) | L56: Master only (1) | M56: American Leadership Academy | N56: American Leadership Academy | P56: =IFERROR(VLOOKUP(F56,Sheet1!$A$2:$B$54,2,FALSE),"") -> 4900030
A57: 2016 | B57: 7 | C57: Utah | D57: UT | E57: Public Employees Contributory Retirement System & Non-Contributory Retirement System & Tier 2 Public Employees Contributory Retirement System | F57: AMERICAN LEADERSHIP ACADEMY | G57: 110512 | H57: 852839 | J57: =SUM(G57:I57) -> 963351 | K57: Matched (3) | L57: Master only (1) | M57: American Leadership Academy | N57: American Leadership Academy | P57: =IFERROR(VLOOKUP(F57,Sheet1!$A$2:$B$54,2,FALSE),"") -> 4900030
A58: 2017 | B58: 7 | C58: Utah | D58: UT | E58: Public Employees Contributory Retirement System & Non-Contributory Retirement System & Tier 2 Public Employees Contributory Retirement System | F58: AMERICAN LEADERSHIP ACADEMY | G58: 142470 | H58: 913172 | J58: =SUM(G58:I58) -> 1055642 | K58: Matched (3) | L58: Master only (1) | M58: American Leadership Academy | N58: American Leadership Academy | P58: =IFERROR(VLOOKUP(F58,Sheet1!$A$2:$B$54,2,FALSE),"") -> 4900030
A59: 2018 | B59: 7 | C59: Utah | D59: UT | E59: Public Employees Contributory Retirement System & Non-Contributory Retirement System & Tier 2 Public Employees Contributory Retirement System | F59: AMERICAN LEADERSHIP ACADEMY | G59: 154146 | H59: 883682 | J59: =SUM(G59:I59) -> 1037828 | K59: Matched (3) | L59: Master only (1) | M59: American Leadership Academy | N59: American Leadership Academy | P59: =IFERROR(VLOOKUP(F59,Sheet1!$A$2:$B$54,2,FALSE),"") -> 4900030
A60: 2019 | B60: 7 | C60: Utah | D60: UT | E60: Public Employees Contributory Retirement System & Non-Contributory Retirement System & Tier 2 Public Employees Contributory Retirement System | F60: AMERICAN LEADERSHIP ACADEMY | G60: 176017 | H60: 907008 | J60: =SUM(G60:I60) -> 1083025 | K60: Matched (3) | L60: Master only (1) | M60: American Leadership Academy | N60: American Leadership Academy | P60: =IFERROR(VLOOKUP(F60,Sheet1!$A$2:$B$54,2,FALSE),"") -> 4900030
A61: 2020 | B61: 7 | C61: Utah | D61: UT | E61: Public Employees Contributory Retirement System & Non-Contributory Retirement System & Tier 2 Public Employees Contributory Retirement System | F61: AMERICAN LEADERSHIP ACADEMY | G61: 216477 | H61: 980438 | J61: =SUM(G61:I61) -> 1196915 | K61: Matched (3) | L61: Master only (1) | M61: American Leadership Academy | N61: American Leadership Academy | P61: =IFERROR(VLOOKUP(F61,Sheet1!$A$2:$B$54,2,FALSE),"") -> 4900030
A62: 2021 | B62: 7 | C62: Utah | D62: UT | E62: Public Employees Contributory Retirement System & Non-Contributory Retirement System & Tier 2 Public Employees Contributory Retirement System | F62: AMERICAN LEADERSHIP ACADEMY | G62: 272893 | H62: 1022861 | J62: =SUM(G62:I62) -> 1295754 | K62: Matched (3) | L62: Master only (1) | M62: AMERICAN LEADERSHIP ACADEMY | N62: AMERICAN LEADERSHIP ACADEMY | P62: =IFERROR(VLOOKUP(F62,Sheet1!$A$2:$B$54,2,FALSE),"") -> 4900030
A63: 2022 | B63: 7 | C63: Utah | D63: UT | E63: Public Employees Contributory Retirement System & Non-Contributory Retirement System & Tier 2 Public Employees Contributory Retirement System | F63: AMERICAN LEADERSHIP ACADEMY | G63: 295661 | H63: 930045 | J63: =SUM(G63:I63) -> 1225706 | K63: Matched (3) | L63: Master only (1) | M63: AMERICAN LEADERSHIP ACADEMY | N63: AMERICAN LEADERSHIP ACADEMY | P63: =IFERROR(VLOOKUP(F63,Sheet1!$A$2:$B$54,2,FALSE),"") -> 4900030
A64: 2023 | B64: 7 | C64: Utah | D64: UT | E64: Public Employees Contributory Retirement System & Non-Contributory Retirement System & Tier 2 Public Employees Contributory Retirement System | F64: AMERICAN LEADERSHIP ACADEMY | G64: 365681 | H64: 1020226 | J64: =SUM(G64:I64) -> 1385907 | K64: Matched (3) | L64: Master only (1) | M64: AMERICAN LEADERSHIP ACADEMY | N64: AMERICAN LEADERSHIP ACADEMY | P64: =IFERROR(VLOOKUP(F64,Sheet1!$A$2:$B$54,2,FALSE),"") -> 4900030
A65: 2015 | B65: 8 | C65: Utah | D65: UT | E65: Public Employees Contributory Retirement System & Non-Contributory Retirement System & Tier 2 Public Employees Contributory Retirement System | F65: AMES CHARTER SCHOOL | G65: 5097 | H65: 325054 | J65: =SUM(G65:I65) -> 330151 | K65: Matched (3) | L65: Master only (1) | M65: Ames Charter School | N65: Ames Charter School | P65: =IFERROR(VLOOKUP(F65,Sheet1!$A$2:$B$54,2,FALSE),"") -> 4900017
A66: 2016 | B66: 8 | C66: Utah | D66: UT | E66: Public Employees Contributory Retirement System & Non-Contributory Retirement System & Tier 2 Public Employees Contributory Retirement System | F66: AMES CHARTER SCHOOL | G66: 6265 | H66: 344475 | J66: =SUM(G66:I66) -> 350740 | K66: Matched (3) | L66: Master only (1) | M66: Ames Charter School | N66: Ames Charter School | P66: =IFERROR(VLOOKUP(F66,Sheet1!$A$2:$B$54,2,FALSE),"") -> 4900017
A67: 2017 | B67: 8 | C67: Utah | D67: UT | E67: Public Employees Contributory Retirement System & Non-Contributory Retirement System & Tier 2 Public Employees Contributory Retirement System | F67: AMES CHARTER SCHOOL | G67: 4801 | H67: 366210 | J67: =SUM(G67:I67) -> 371011 | K67: Matched (3) | L67: Master only (1) | M67: AMES Charter School | N67: AMES Charter School | P67: =IFERROR(VLOOKUP(F67,Sheet1!$A$2:$B$54,2,FALSE),"") -> 4900017
... A73: 2023 | B73: 8 | C73: Utah | D73: UT | E73: Public Employees Contributory Retirement System & Non-Contributory Retirement System & Tier 2 Public Employees Contributory Retirement System | F73: AMES CHARTER SCHOOL | G73: 59390 | H73: 433050 | J73: =SUM(G73:I73) -> 492440 | K73: Matched (3) | L73: Master only (1) | M73: AMES CHARTER SCHOOL | N73: AMES CHARTER SCHOOL | P73: =IFERROR(VLOOKUP(F73,Sheet1!$A$2:$B$54,2,FALSE),"") -> 4900017
A74: 2016 | B74: 9 | C74: Utah | D74: UT | E74: Public Employees Contributory Retirement System & Non-Contributory Retirement System & Tier 2 Public Employees Contributory Retirement System | F74: ASH CREEK SS DISTRICT | G74: 1264 | J74: =SUM(G74:I74) -> 1264 | K74: Master only (1) | L74: Master only (1) | M74: Ash Creek Special Service District | P74: =IFERROR(VLOOKUP(F74,Sheet1!$A$2:$B$54,2,FALSE),"")
A75: 2017 | B75: 9 | C75: Utah | D75: UT | E75: Public Employees Contributory Retirement System & Non-Contributory Retirement System & Tier 2 Public Employees Contributory Retirement System | F75: ASH CREEK SS DISTRICT | G75: 2991 | J75: =SUM(G75:I75) -> 2991 | K75: Master only (1) | L75: Master only (1) | M75: Ash Creek SS District | P75: =IFERROR(VLOOKUP(F75,Sheet1!$A$2:$B$54,2,FALSE),"")
A76: 2018 | B76: 9 | C76: Utah | D76: UT | E76: Public Employees Contributory Retirement System & Non-Contributory Retirement System & Tier 2 Public Employees Contributory Retirement System | F76: ASH CREEK SS DISTRICT | G76: 8969 | J76: =SUM(G76:I76) -> 8969 | K76: Master only (1) | L76: Master only (1) | M76: Ash Creek SS District | P76: =IFERROR(VLOOKUP(F76,Sheet1!$A$2:$B$54,2,FALSE),"")
A77: 2019 | B77: 9 | C77: Utah | D77: UT | E77: Public Employees Contributory Retirement System & Non-Contributory Retirement System & Tier 2 Public Employees Contributory Retirement System | F77: ASH CREEK SS DISTRICT | G77: 10645 | J77: =SUM(G77:I77) -> 10645 | K77: Master only (1) | L77: Master only (1) | M77: Ash Creek SS District | P77: =IFERROR(VLOOKUP(F77,Sheet1!$A$2:$B$54,2,FALSE),"")
A78: 2020 | B78: 9 | C78: Utah | D78: UT | E78: Public Employees Contributory Retirement System & Non-Contributory Retirement System & Tier 2 Public Employees Contributory Retirement System | F78: ASH CREEK SS DISTRICT | G78: 17500 | J78: =SUM(G78:I78) -> 17500 | K78: Master only (1) | L78: Master only (1) | M78: Ash Creek SS District | P78: =IFERROR(VLOOKUP(F78,Sheet1!$A$2:$B$54,2,FALSE),"")
A79: 2021 | B79: 9 | C79: Utah | D79: UT | E79: Public Employees Contributory Retirement System & Non-Contributory Retirement System & Tier 2 Public Employees Contributory Retirement System | F79: ASH CREEK SS DISTRICT | G79: 25682 | J79: =SUM(G79:I79) -> 25682 | K79: Master only (1) | L79: Master only (1) | M79: ASH CREEK SS DISTRICT | P79: =IFERROR(VLOOKUP(F79,Sheet1!$A$2:$B$54,2,FALSE),"")
A80: 2022 | B80: 9 | C80: Utah | D80: UT | E80: Public Employees Contributory Retirement System & Non-Contributory Retirement System & Tier 2 Public Employees Contributory Retirement System | F80: ASH CREEK SS DISTRICT | G80: 43030 | J80: =SUM(G80:I80) -> 43030 | K80: Master only (1) | L80: Master only (1) | M80: ASH CREEK SS DISTRICT | P80: =IFERROR(VLOOKUP(F80,Sheet1!$A$2:$B$54,2,FALSE),"")
A81: 2023 | B81: 9 | C81: Utah | D81: UT | E81: Public Employees Contributory Retirement System & Non-Contributory Retirement System & Tier 2 Public Employees Contributory Retirement System | F81: ASH CREEK SS DISTRICT | G81: 54982 | J81: =SUM(G81:I81) -> 54982 | K81: Master only (1) | L81: Master only (1) | M81: ASH CREEK SS DISTRICT | P81: =IFERROR(VLOOKUP(F81,Sheet1!$A$2:$B$54,2,FALSE),"")
A82: 2015 | B82: 10 | C82: Utah | D82: UT | E82: Public Employees Contributory Retirement System & Non-Contributory Retirement System & Tier 2 Public Employees Contributory Retirement System | F82: ASHLEY VALLEY IMPROV DIST | G82: 8397 | J82: =SUM(G82:I82) -> 8397 | K82: Master only (1) | L82: Master only (1) | M82: Ashley Valley Improvement District | P82: =IFERROR(VLOOKUP(F82,Sheet1!$A$2:$B$54,2,FALSE),"")
A83: 2016 | B83: 10 | C83: Utah | D83: UT | E83: Public Employees Contributory Retirement System & Non-Contributory Retirement System & Tier 2 Public Employees Contributory Retirement System | F83: ASHLEY VALLEY IMPROV DIST | G83: 8709 | J83: =SUM(G83:I83) -> 8709 | K83: Master only (1) | L83: Master only (1) | M83: Ashley Valley Improvement District | P83: =IFERROR(VLOOKUP(F83,Sheet1!$A$2:$B$54,2,FALSE),"")
A84: 2017 | B84: 10 | C84: Utah | D84: UT | E84: Public Employees Contributory Retirement System & Non-Contributory Retirement System & Tier 2 Public Employees Contributory Retirement System | F84: ASHLEY VALLEY IMPROV DIST | G84: 10437 | J84: =SUM(G84:I84) -> 10437 | K84: Master only (1) | L84: Master only (1) | M84: Ashley Valley Improv Dist | P84: =IFERROR(VLOOKUP(F84,Sheet1!$A$2:$B$54,2,FALSE),"")
A85: 2018 | B85: 10 | C85: Utah | D85: UT | E85: Public Employees Contributory Retirement System & Non-Contributory Retirement System & Tier 2 Public Employees Contributory Retirement System | F85: ASHLEY VALLEY IMPROV DIST | G85: 16516 | J85: =SUM(G85:I85) -> 16516 | K85: Master only (1) | L85: Master only (1) | M85: Ashley Valley Improv Dist | P85: =IFERROR(VLOOKUP(F85,Sheet1!$A$2:$B$54,2,FALSE),"")
... A162: 2023 | B162: 19 | C162: Utah | D162: UT | E162: Public Employees Contributory Retirement System & Non-Contributory Retirement System & Tier 2 Public Employees Contributory Retirement System | F162: BEAVER HOUSING AUTHORITY | G162: 12172 | J162: =SUM(G162:I162) -> 12172 | K162: Master only (1) | L162: Master only (1) | M162: BEAVER HOUSING AUTHORITY | P162: =IFERROR(VLOOKUP(F162,Sheet1!$A$2:$B$54,2,FALSE),"")
A163: 2015 | B163: 20 | C163: Utah | D163: UT | E163: Public Employees Contributory Retirement System & Non-Contributory Retirement System & Tier 2 Public Employees Contributory Retirement System | F163: BEAVER SCHOOL DISTRICT | G163: 37308 | H163: 1250028 | J163: =SUM(G163:I163) -> 1287336 | K163: Matched (3) | L163: Master only (1) | M163: Beaver School District | N163: Beaver School District | P163: =IFERROR(VLOOKUP(F163,Sheet1!$A$2:$B$54,2,FALSE),"") -> 4900060
A164: 2016 | B164: 20 | C164: Utah | D164: UT | E164: Public Employees Contributory Retirement System & Non-Contributory Retirement System & Tier 2 Public Employees Contributory Retirement System | F164: BEAVER SCHOOL DISTRICT | G164: 63747 | H164: 1272442 | J164: =SUM(G164:I164) -> 1336189 | K164: Matched (3) | L164: Master only (1) | M164: Beaver School District | N164: Beaver School District | P164: =IFERROR(VLOOKUP(F164,Sheet1!$A$2:$B$54,2,FALSE),"") -> 4900060
A165: 2017 | B165: 20 | C165: Utah | D165: UT | E165: Public Employees Contributory Retirement System & Non-Contributory Retirement System & Tier 2 Public Employees Contributory Retirement System | F165: BEAVER SCHOOL DISTRICT | G165: 75937 | H165: 1262661 | J165: =SUM(G165:I165) -> 1338598 | K165: Matched (3) | L165: Master only (1) | M165: Beaver School District | N165: Beaver School District | P165: =IFERROR(VLOOKUP(F165,Sheet1!$A$2:$B$54,2,FALSE),"") -> 4900060
A166: 2018 | B166: 20 | C166: Utah | D166: UT | E166: Public Employees Contributory Retirement System & Non-Contributory Retirement System & Tier 2 Public Employees Contributory Retirement System | F166: BEAVER SCHOOL DISTRICT | G166: 101110 | H166: 1306406 | J166: =SUM(G166:I166) -> 1407516 | K166: Matched (3) | L166: Master only (1) | M166: Beaver School District | N166: Beaver School District | P166: =IFERROR(VLOOKUP(F166,Sheet1!$A$2:$B$54,2,FALSE),"") -> 4900060
A167: 2019 | B167: 20 | C167: Utah | D167: UT | E167: Public Employees Contributory Retirement System & Non-Contributory Retirement System & Tier 2 Public Employees Contributory Retirement System | F167: BEAVER SCHOOL DISTRICT | G167: 125281 | H167: 1379993 | J167: =SUM(G167:I167) -> 1505274 | K167: Matched (3) | L167: Master only (1) | M167: Beaver School District | N167: Beaver School District | P167: =IFERROR(VLOOKUP(F167,Sheet1!$A$2:$B$54,2,FALSE),"") -> 4900060
A168: 2020 | B168: 20 | C168: Utah | D168: UT | E168: Public Employees Contributory Retirement System & Non-Contributory Retirement System & Tier 2 Public Employees Contributory Retirement System | F168: BEAVER SCHOOL DISTRICT | G168: 157416 | H168: 1453942 | J168: =SUM(G168:I168) -> 1611358 | K168: Matched (3) | L168: Master only (1) | M168: Beaver School District | N168: Beaver School District | P168: =IFERROR(VLOOKUP(F168,Sheet1!$A$2:$B$54,2,FALSE),"") -> 4900060
A169: 2021 | B169: 20 | C169: Utah | D169: UT | E169: Public Employees Contributory Retirement System & Non-Contributory Retirement System & Tier 2 Public Employees Contributory Retirement System | F169: BEAVER SCHOOL DISTRICT | G169: 197498 | H169: 1453882 | J169: =SUM(G169:I169) -> 1651380 | K169: Matched (3) | L169: Master only (1) | M169: BEAVER SCHOOL DISTRICT | N169: BEAVER SCHOOL DISTRICT | P169: =IFERROR(VLOOKUP(F169,Sheet1!$A$2:$B$54,2,FALSE),"") -> 4900060
A170: 2022 | B170: 20 | C170: Utah | D170: UT | E170: Public Employees Contributory Retirement System & Non-Contributory Retirement System & Tier 2 Public Employees Contributory Retirement System | F170: BEAVER SCHOOL DISTRICT | G170: 240649 | H170: 1510541 | J170: =SUM(G170:I170) -> 1751190 | K170: Matched (3) | L170: Master only (1) | M170: BEAVER SCHOOL DISTRICT | N170: BEAVER SCHOOL DISTRICT | P170: =IFERROR(VLOOKUP(F170,Sheet1!$A$2:$B$54,2,FALSE),"") -> 4900060
A171: 2023 | B171: 20 | C171: Utah | D171: UT | E171: Public Employees Contributory Retirement System & Non-Contributory Retirement System & Tier 2 Public Employees Contributory Retirement System | F171: BEAVER SCHOOL DISTRICT | G171: 283481 | H171: 1596285 | J171: =SUM(G171:I171) -> 1879766 | K171: Matched (3) | L171: Master only (1) | M171: BEAVER SCHOOL DISTRICT | N171: BEAVER SCHOOL DISTRICT | P171: =IFERROR(VLOOKUP(F171,Sheet1!$A$2:$B$54,2,FALSE),"") -> 4900060
A172: 2015 | B172: 21 | C172: Utah | D172: UT | E172: Public Employees Contributory Retirement System & Non-Contributory Retirement System & Tier 2 Public Employees Contributory Retirement System | F172: BEAVER VALLEY HOSPITAL | G172: 30558 | J172: =SUM(G172:I172) -> 30558 | K172: Master only (1) | L172: Master only (1) | M172: Beaver Valley Hospital | P172: =IFERROR(VLOOKUP(F172,Sheet1!$A$2:$B$54,2,FALSE),"")
A173: 2016 | B173: 21 | C173: Utah | D173: UT | E173: Public Employees Contributory Retirement System & Non-Contributory Retirement System & Tier 2 Public Employees Contributory Retirement System | F173: BEAVER VALLEY HOSPITAL | G173: 50623 | J173: =SUM(G173:I173) -> 50623 | K173: Master only (1) | L173: Master only (1) | M173: Beaver Valley Hospital | P173: =IFERROR(VLOOKUP(F173,Sheet1!$A$2:$B$54,2,FALSE),"")
A174: 2017 | B174: 21 | C174: Utah | D174: UT | E174: Public Employees Contributory Retirement System & Non-Contributory Retirement System & Tier 2 Public Employees Contributory Retirement System | F174: BEAVER VALLEY HOSPITAL | G174: 72438 | J174: =SUM(G174:I174) -> 72438 | K174: Master only (1) | L174: Master only (1) | M174: Beaver Valley Hospital | P174: =IFERROR(VLOOKUP(F174,Sheet1!$A$2:$B$54,2,FALSE),"")
A175: 2018 | B175: 21 | C175: Utah | D175: UT | E175: Public Employees Contributory Retirement System & Non-Contributory Retirement System & Tier 2 Public Employees Contributory Retirement System | F175: BEAVER VALLEY HOSPITAL | G175: 93957 | J175: =SUM(G175:I175) -> 93957 | K175: Master only (1) | L175: Master only (1) | M175: Beaver Valley Hospital | P175: =IFERROR(VLOOKUP(F175,Sheet1!$A$2:$B$54,2,FALSE),"")
A176: 2019 | B176: 21 | C176: Utah | D176: UT | E176: Public Employees Contributory Retirement System & Non-Contributory Retirement System & Tier 2 Public Employees Contributory Retirement System | F176: BEAVER VALLEY HOSPITAL | G176: 108765 | J176: =SUM(G176:I176) -> 108765 | K176: Master only (1) | L176: Master only (1) | M176: Beaver Valley Hospital | P176: =IFERROR(VLOOKUP(F176,Sheet1!$A$2:$B$54,2,FALSE),"")
A177: 2020 | B177: 21 | C177: Utah | D177: UT | E177: Public Employees Contributory Retirement System & Non-Contributory Retirement System & Tier 2 Public Employees Contributory Retirement System | F177: BEAVER VALLEY HOSPITAL | G177: 118979 | J177: =SUM(G177:I177) -> 118979 | K177: Master only (1) | L177: Master only (1) | M177: Beaver Valley Hospital | P177: =IFERROR(VLOOKUP(F177,Sheet1!$A$2:$B$54,2,FALSE),"")
A178: 2021 | B178: 21 | C178: Utah | D178: UT | E178: Public Employees Contributory Retirement System & Non-Contributory Retirement System & Tier 2 Public Employees Contributory Retirement System | F178: BEAVER VALLEY HOSPITAL | G178: 136850 | J178: =SUM(G178:I178) -> 136850 | K178: Master only (1) | L178: Master only (1) | M178: BEAVER VALLEY HOSPITAL | P178: =IFERROR(VLOOKUP(F178,Sheet1!$A$2:$B$54,2,FALSE),"")
A179: 2022 | B179: 21 | C179: Utah | D179: UT | E179: Public Employees Contributory Retirement System & Non-Contributory Retirement System & Tier 2 Public Employees Contributory Retirement System | F179: BEAVER VALLEY HOSPITAL | G179: 164713 | J179: =SUM(G179:I179) -> 164713 | K179: Master only (1) | L179: Master only (1) | M179: BEAVER VALLEY HOSPITAL | P179: =IFERROR(VLOOKUP(F179,Sheet1!$A$2:$B$54,2,FALSE),"")
A180: 2023 | B180: 21 | C180: Utah | D180: UT | E180: Public Employees Contributory Retirement System & Non-Contributory Retirement System & Tier 2 Public Employees Contributory Retirement System | F180: BEAVER VALLEY HOSPITAL | G180: 214457 | J180: =SUM(G180:I180) -> 214457 | K180: Master only (1) | L180: Master only (1) | M180: BEAVER VALLEY HOSPITAL | P180: =IFERROR(VLOOKUP(F180,Sheet1!$A$2:$B$54,2,FALSE),"")
A181: 2015 | B181: 22 | C181: Utah | D181: UT | E181: Public Employees Contributory Retirement System & Non-Contributory Retirement System & Tier 2 Public Employees Contributory Retirement System | F181: BENCHLAND WATER COMPANY | G181: 2526 | J181: =SUM(G181:I181) -> 2526 | K181: Master only (1) | L181: Master only (1) | M181: Benchland Water Company | P181: =IFERROR(VLOOKUP(F181,Sheet1!$A$2:$B$54,2,FALSE),"")
...

Sheet Sheet1
A1: district_name
A2: ALPINE SCHOOL DISTRICT | B2: 4900030
A3: AMERICAN LEADERSHIP ACADEMY | B3: 4900030
A4: AMES CHARTER SCHOOL | B4: 4900017
A5: BEAVER SCHOOL DISTRICT | B5: 4900060
A6: BOX ELDER SCHOOL DISTRICT | B6: 4900090
A7: CACHE COUNTY SCHOOL DISTRICT | B7: 4900120
A8: CANYONS SCHOOL DISTRICT | B8: 4900142
A9: CARBON SCHOOL DISTRICT | B9: 4900150
A10: DAGGETT SCHOOL DISTRICT | B10: 4900180
A11: DAVIS SCHOOL DISTRICT | B11: 4900210
A12: DUCHESNE SCHOOL DISTRICT | B12: 4900240
A13: EMERY SCHOOL DISTRICT | B13: 4900270
... A22: KANE SCHOOL DISTRICT | B22: 4900480
A23: LIBERTY ACADEMY CHARTER
A24: LOGAN SCHOOL DISTRICT | B24: 4900510
A25: MILLARD SCHOOL DISTRICT | B25: 4900540
A26: MONTICELLO ACADEMY | B26: 4900049
A27: MORGAN SCHOOL DISTRICT | B27: 4900570
A28: MURRAY SCHOOL DISTRICT | B28: 4900600
A29: NEBO SCHOOL DISTRICT | B29: 4900630
A30: NORTH SANPETE SCHOOL DISTRICT | B30: 4900660
A31: NORTH SUMMIT SCHOOL DISTRICT | B31: 4900690
A32: NUAMES CHARTER SCHOOL | B32: 4900063
A33: OGDEN SCHOOL DISTRICT | B33: 4900720
A34: PARK CITY SCHOOL DISTRICT | B34: 4900750
A35: PIUTE SCHOOL DISTRICT | B35: 4900780
... A54: WEBER COUNTY SCHOOL DISTRICT | B54: 4901200

Sheet Check
A1: Tier 2 | G1: Noncontributory | M1: Contributory
A2: Year | B2: Reported | C2: Total from Formula | D2: Difference | E2: Notes | G2: Year | H2: Reported | I2: Total from Formula | J2: Difference | K2: Notes | M2: Year | N2: Reported | O2: Total from Formula | P2: Difference | Q2: Notes
A3: 2015 | B3: 53713837 | C3: =SUMIF(Data!A:A,Check!A3,Data!G:G) -> 53713832 | D3: =B3-C3 -> 5 | G3: 2015 | H3: 640324454 | I3: =SUMIF(Data!A:A,Check!A3,Data!H:H) -> 640324453 | J3: =H3-I3 -> 1 | M3: 2015 | N3: 5606961 | O3: =SUMIF(Data!A:A,Check!A3,Data!I:I) -> 5606963 | P3: =N3-O3 -> -2
A4: 2016 | B4: 68066603 | C4: =SUMIF(Data!A:A,Check!A4,Data!G:G) -> 68066610 | D4: =B4-C4 -> -7 | G4: 2016 | H4: 655450485 | I4: =SUMIF(Data!A:A,Check!A4,Data!H:H) -> 655450486 | J4: =H4-I4 -> -1 | M4: 2016 | N4: 4744792 | O4: =SUMIF(Data!A:A,Check!A4,Data!I:I) -> 4744795 | P4: =N4-O4 -> -3
A5: 2017 | B5: 82274953 | C5: =SUMIF(Data!A:A,Check!A5,Data!G:G) -> 82274948 | D5: =B5-C5 -> 5 | G5: 2017 | H5: 661095616 | I5: =SUMIF(Data!A:A,Check!A5,Data!H:H) -> 661095617 | J5: =H5-I5 -> -1 | M5: 2017 | N5: 4027252 | O5: =SUMIF(Data!A:A,Check!A5,Data!I:I) -> 4027254 | P5: =N5-O5 -> -2
A6: 2018 | B6: 101883279 | C6: =SUMIF(Data!A:A,Check!A6,Data!G:G) -> 101883278 | D6: =B6-C6 -> 1 | G6: 2018 | H6: 679843579 | I6: =SUMIF(Data!A:A,Check!A6,Data!H:H) -> 679843580 | J6: =H6-I6 -> -1 | M6: 2018 | N6: 3435106 | O6: =SUMIF(Data!A:A,Check!A6,Data!I:I) -> 3435104 | P6: =N6-O6 -> 2
A7: 2019 | B7: 124977980 | C7: =SUMIF(Data!A:A,Check!A7,Data!G:G) -> 124977982 | D7: =B7-C7 -> -2 | G7: 2019 | H7: 650951891 | I7: =SUMIF(Data!A:A,Check!A7,Data!H:H) -> 650951893 | J7: =H7-I7 -> -2 | M7: 2019 | N7: 1974684 | O7: =SUMIF(Data!A:A,Check!A7,Data!I:I) -> 1974685 | P7: =N7-O7 -> -1
A8: 2020 | B8: 145842014 | C8: =SUMIF(Data!A:A,Check!A8,Data!G:G) -> 145842010 | D8: =B8-C8 -> 4 | G8: 2020 | H8: 673314260 | I8: =SUMIF(Data!A:A,Check!A8,Data!H:H) -> 673314264 | J8: =H8-I8 -> -4 | M8: 2020 | N8: 1707033 | O8: =SUMIF(Data!A:A,Check!A8,Data!I:I) -> 1707035 | P8: =N8-O8 -> -2
A9: 2021 | B9: 173214968 | C9: =SUMIF(Data!A:A,Check!A9,Data!G:G) -> 173214971 | D9: =B9-C9 -> -3 | G9: 2021 | H9: 702128198 | I9: =SUMIF(Data!A:A,Check!A9,Data!H:H) -> 702128203 | J9: =H9-I9 -> -5 | M9: 2021 | N9: 1498182 | O9: =SUMIF(Data!A:A,Check!A9,Data!I:I) -> 1498182 | P9: =N9-O9 -> 0
A10: 2022 | B10: 211419012 | C10: =SUMIF(Data!A:A,Check!A10,Data!G:G) -> 211419001 | D10: =B10-C10 -> 11 | G10: 2022 | H10: 730814329 | I10: =SUMIF(Data!A:A,Check!A10,Data!H:H) -> 730814330 | J10: =H10-I10 -> -1 | M10: 2022 | N10: 1162184 | O10: =SUMIF(Data!A:A,Check!A10,Data!I:I) -> 1162186 | P10: =N10-O10 -> -2
A11: 2023 | B11: 255949107 | C11: =SUMIF(Data!A:A,Check!A11,Data!G:G) -> 255949116 | D11: =B11-C11 -> -9 | G11: 2023 | H11: 784541621 | I11: =SUMIF(Data!A:A,Check!A11,Data!H:H) -> 784541622 | J11: =H11-I11 -> -1 | M11: 2023 | N11: 919015 | O11: =SUMIF(Data!A:A,Check!A11,Data!I:I) -> 919015 | P11: =N11-O11 -> 0
F14: 2015 | H14: =SUM(B3,H3,N3) -> 699645252
F15: 2016 | H15: =SUM(B4,H4,N4) -> 728261880
F16: 2017 | H16: =SUM(B5,H5,N5) -> 747397821
F17: 2018 | H17: =SUM(B6,H6,N6) -> 785161964
F18: 2019 | H18: =SUM(B7,H7,N7) -> 777904555
F19: 2020 | H19: =SUM(B8,H8,N8) -> 820863307
F20: 2021 | H20: =SUM(B9,H9,N9) -> 876841348
F21: 2022 | H21: =SUM(B10,H10,N10) -> 943395525
F22: 2023 | H22: =SUM(B11,H11,N11) -> 1041409743
