Workbook

Sheet Summary
A1: LEAID | B1: Year | C1: employer_code | D1: year_employer_code | E1: standardized_employer_name | F1: plan1_employer_contributions | G1: plan1_allocation_percentage | H1: plan1_state_agency_contributions | I1: plan1_state_agency_allocation | J1: plan2_3_employer_contributions | K1: plan2_3_allocation_percentage | L1: plan_2_3state_agency_contributio | M1: plan2_3_state_agency_allocation | N1: uaal_employer_contributions | O1: uaal_allocation_percentage | P1: uaal_state_agency_contributions | Q1: uaal_state_agency_allocation | R1: employer_name_1 | S1: employer_name_2_3 | T1: employer_name_uaal | U1: total_plan1_allocation | V1: state_transfer_to_uaal | W1: LEAID_match | X1: district_contributions | Y1: state_contributions | Z1: total_contributions
A2: =W2 -> 5300030 | B2: 2015 | C2: 0002 | D2: 2015_0002 | E2: Aberdeen School District 005 | F2: 16203.45 | G2: 7.241e-05 | J2: 843611.2 | K2: 0.00317449 | N2: 673366.29 | O2: 0.0030091 | R2: Aberdeen School District 005 | S2: Aberdeen School District 005 | T2: Aberdeen School District 005 | U2: =SUM(G2,I2,O2,Q2) -> 0.00308151 | W2: =IFERROR(VLOOKUP(E2,'LEAID Match'!$A$2:$B$326,2,FALSE),"") -> 5300030 | X2: =SUM(F2,J2) -> 859814.65 | Y2: =V2 -> 0 | Z2: =SUM(X2:Y2) -> 859814.65
A3: =W3 -> 5300030 | B3: 2016 | C3: 0002 | D3: 2016_0002 | E3: Aberdeen School District 005 | F3: 9831.81 | G3: 3.235e-05 | J3: 916252.96 | K3: 0.00280712 | N3: 825766.04 | O3: 0.00271709 | R3: Aberdeen School District 005 | S3: Aberdeen School District 005 | T3: Aberdeen School District 005 | U3: =SUM(G3,I3,O3,Q3) -> 0.00274944 | W3: =IFERROR(VLOOKUP(E3,'LEAID Match'!$A$2:$B$326,2,FALSE),"") -> 5300030 | X3: =SUM(F3,J3) -> 926084.77 | Y3: =V3 -> 0 | Z3: =SUM(X3:Y3) -> 926084.77
A4: =W4 -> 5300030 | B4: 2017 | C4: 0002 | D4: 2017_0002 | E4: Aberdeen School District 005 | F4: 10785.44 | G4: 3.082e-05 | J4: 1180625 | K4: 0.0032043 | N4: 1094541.5 | O4: 0.00312783 | R4: Aberdeen School District 005 | S4: Aberdeen School District 005 | T4: Aberdeen School District 005 | U4: =SUM(G4,I4,O4,Q4) -> 0.00315865 | W4: =IFERROR(VLOOKUP(E4,'LEAID Match'!$A$2:$B$326,2,FALSE),"") -> 5300030 | X4: =SUM(F4,J4) -> 1191410.4 | Y4: =V4 -> 0 | Z4: =SUM(X4:Y4) -> 1191410.4
A5: =W5 -> 5300030 | B5: 2018 | C5: 0002 | D5: 2018_0002 | E5: Aberdeen School District 005 | F5: 11614.09 | G5: 2.793e-05 | J5: 1310785.1 | K5: 0.00294836 | N5: 1205823.6 | O5: 0.00289936 | R5: Aberdeen School District 005 | S5: Aberdeen School District 005 | T5: Aberdeen School District 005 | U5: =SUM(G5,I5,O5,Q5) -> 0.00292729 | W5: =IFERROR(VLOOKUP(E5,'LEAID Match'!$A$2:$B$326,2,FALSE),"") -> 5300030 | X5: =SUM(F5,J5) -> 1322399.2 | Y5: =V5 -> 0 | Z5: =SUM(X5:Y5) -> 1322399.2
A6: =W6 -> 5300030 | B6: 2019 | C6: 0002 | D6: 2019_0002 | E6: Aberdeen School District 005 | F6: 14236.27 | G6: 2.867e-05 | J6: 1594959.8 | K6: 0.00305147 | N6: 1499030.4 | O6: 0.00301843 | R6: Aberdeen School District 005 | S6: Aberdeen School District 005 | T6: Aberdeen School District 005 | U6: =SUM(G6,I6,O6,Q6) -> 0.0030471 | W6: =IFERROR(VLOOKUP(E6,'LEAID Match'!$A$2:$B$326,2,FALSE),"") -> 5300030 | X6: =SUM(F6,J6) -> 1609196.1 | Y6: =V6 -> 0 | Z6: =SUM(X6:Y6) -> 1609196.1
A7: =W7 -> 5300030 | B7: 2020 | C7: 0002 | D7: 2020_0002 | E7: Aberdeen School District 005 | F7: 2538.41 | G7: 4.83e-06 | J7: 1512740.3 | K7: 0.00259993 | N7: 1354628.2 | O7: 0.0025795 | R7: Aberdeen School District 005 | S7: Aberdeen School District 005 | T7: Aberdeen School District 005 | U7: =SUM(G7,I7,O7,Q7) -> 0.00258433 | W7: =IFERROR(VLOOKUP(E7,'LEAID Match'!$A$2:$B$326,2,FALSE),"") -> 5300030 | X7: =SUM(F7,J7) -> 1515278.7 | Y7: =V7 -> 0 | Z7: =SUM(X7:Y7) -> 1515278.7
A8: =W8 -> 5300030 | B8: 2021 | C8: 0002 | D8: 2021_0002 | E8: Aberdeen School District 005 | J8: 1492988 | K8: 0.00246708 | N8: 1346779.2 | O8: 0.00245039 | S8: Aberdeen School District 005 | T8: Aberdeen School District 005 | U8: =SUM(G8,I8,O8,Q8) -> 0.00245039 | W8: =IFERROR(VLOOKUP(E8,'LEAID Match'!$A$2:$B$326,2,FALSE),"") -> 5300030 | X8: =SUM(F8,J8) -> 1492988 | Y8: =V8 -> 0 | Z8: =SUM(X8:Y8) -> 1492988
A9: =W9 -> 5300030 | B9: 2022 | C9: 0002 | D9: 2022_0002 | E9: Aberdeen School District 005 | J9: 1597289.3 | K9: 0.00249726 | N9: 1287189.4 | O9: 0.00250841 | S9: Aberdeen School District 005 | T9: Aberdeen School District 005 | U9: =SUM(G9,I9,O9,Q9) -> 0.00250841 | W9: =IFERROR(VLOOKUP(E9,'LEAID Match'!$A$2:$B$326,2,FALSE),"") -> 5300030 | X9: =SUM(F9,J9) -> 1597289.3 | Y9: =V9 -> 0 | Z9: =SUM(X9:Y9) -> 1597289.3
A10: =W10 -> 5300030 | B10: 2023 | C10: 0002 | D10: 2023_0002 | E10: Aberdeen School District 005 | J10: 1957433.1 | K10: 0.00289276 | N10: 1552291.9 | O10: 0.0028761 | S10: Aberdeen School District 005 | T10: Aberdeen School District 005 | U10: =SUM(G10,I10,O10,Q10) -> 0.0028761 | V10: =U10*250000000 -> 719025 | W10: =IFERROR(VLOOKUP(E10,'LEAID Match'!$A$2:$B$326,2,FALSE),"") -> 5300030 | X10: =SUM(F10,J10) -> 1957433.1 | Y10: =V10 -> 719025 | Z10: =SUM(X10:Y10) -> 2676458.1
A11: =W11 | B11: 2015 | C11: 0008 | D11: 2015_0008 | E11: Administrative Office of the Courts | H11: 15867.71 | I11: 7.091e-05 | R11: Administrative Office of the Court | U11: =SUM(G11,I11,O11,Q11) -> 7.091e-05 | W11: =IFERROR(VLOOKUP(E11,'LEAID Match'!$A$2:$B$326,2,FALSE),"") | X11: =SUM(F11,J11) -> 0 | Y11: =V11 -> 0 | Z11: =SUM(X11:Y11) -> 0
A12: =W12 | B12: 2016 | C12: 0008 | D12: 2016_0008 | E12: Administrative Office of the Courts | H12: 19997.69 | I12: 6.58e-05 | R12: Administrative Office of the Courts | U12: =SUM(G12,I12,O12,Q12) -> 6.58e-05 | W12: =IFERROR(VLOOKUP(E12,'LEAID Match'!$A$2:$B$326,2,FALSE),"") | X12: =SUM(F12,J12) -> 0 | Y12: =V12 -> 0 | Z12: =SUM(X12:Y12) -> 0
A13: =W13 | B13: 2017 | C13: 0008 | D13: 2017_0008 | E13: Administrative Office of the Courts | H13: 11547.38 | I13: 3.3e-05 | R13: Administrative Office of the Courts | U13: =SUM(G13,I13,O13,Q13) -> 3.3e-05 | W13: =IFERROR(VLOOKUP(E13,'LEAID Match'!$A$2:$B$326,2,FALSE),"") | X13: =SUM(F13,J13) -> 0 | Y13: =V13 -> 0 | Z13: =SUM(X13:Y13) -> 0
A14: =W14 -> 5300060 | B14: 2015 | C14: 0010 | D14: 2015_0010 | E14: Adna School District 226 | F14: 26571.52 | G14: 0.00011874 | J14: 110832.78 | K14: 0.00041706 | N14: 88424.29 | O14: 0.00039514 | R14: Adna School District 226 | S14: Adna School District 226 | T14: Adna School District 226 | U14: =SUM(G14,I14,O14,Q14) -> 0.00051388 | W14: =IFERROR(VLOOKUP(E14,'LEAID Match'!$A$2:$B$326,2,FALSE),"") -> 5300060 | X14: =SUM(F14,J14) -> 137404.3 | Y14: =V14 -> 0 | Z14: =SUM(X14:Y14) -> 137404.3
A15: =W15 -> 5300060 | B15: 2016 | C15: 0010 | D15: 2016_0010 | E15: Adna School District 226 | F15: 17912.64 | G15: 5.894e-05 | J15: 142809.68 | K15: 0.00043753 | N15: 128106.09 | O15: 0.00042152 | R15: Adna School District 226 | S15: Adna School District 226 | T15: Adna School District 226 | U15: =SUM(G15,I15,O15,Q15) -> 0.00048046 | W15: =IFERROR(VLOOKUP(E15,'LEAID Match'!$A$2:$B$326,2,FALSE),"") -> 5300060 | X15: =SUM(F15,J15) -> 160722.32 | Y15: =V15 -> 0 | Z15: =SUM(X15:Y15) -> 160722.32
A16: =W16 -> 5300060 | B16: 2017 | C16: 0010 | D16: 2017_0010 | E16: Adna School District 226 | F16: 4606.14 | G16: 1.316e-05 | J16: 157838.78 | K16: 0.00042839 | N16: 146295.19 | O16: 0.00041806 | R16: Adna School District 226 | S16: Adna School District 226 | T16: Adna School District 226 | U16: =SUM(G16,I16,O16,Q16) -> 0.00043122 | W16: =IFERROR(VLOOKUP(E16,'LEAID Match'!$A$2:$B$326,2,FALSE),"") -> 5300060 | X16: =SUM(F16,J16) -> 162444.92 | Y16: =V16 -> 0 | Z16: =SUM(X16:Y16) -> 162444.92
A17: =W17 -> 5300060 | B17: 2018 | C17: 0010 | D17: 2018_0010 | E17: Adna School District 226 | J17: 193729.25 | K17: 0.00043576 | N17: 178276.53 | O17: 0.00042866 | S17: Adna School District 226 | T17: Adna School District 226 | U17: =SUM(G17,I17,O17,Q17) -> 0.00042866 | W17: =IFERROR(VLOOKUP(E17,'LEAID Match'!$A$2:$B$326,2,FALSE),"") -> 5300060 | X17: =SUM(F17,J17) -> 193729.25 | Y17: =V17 -> 0 | Z17: =SUM(X17:Y17) -> 193729.25
A18: =W18 -> 5300060 | B18: 2019 | C18: 0010 | D18: 2019_0010 | E18: Adna School District 226 | J18: 229309.7 | K18: 0.00043871 | N18: 215176.09 | O18: 0.00043328 | S18: Adna School District 226 | T18: Adna School District 226 | U18: =SUM(G18,I18,O18,Q18) -> 0.00043328 | W18: =IFERROR(VLOOKUP(E18,'LEAID Match'!$A$2:$B$326,2,FALSE),"") -> 5300060 | X18: =SUM(F18,J18) -> 229309.7 | Y18: =V18 -> 0 | Z18: =SUM(X18:Y18) -> 229309.7
A19: =W19 -> 5300060 | B19: 2020 | C19: 0010 | D19: 2020_0010 | E19: Adna School District 226 | J19: 264605.24 | K19: 0.00045477 | N19: 237024.73 | O19: 0.00045135 | S19: Adna School District 226 | T19: Adna School District 226 | U19: =SUM(G19,I19,O19,Q19) -> 0.00045135 | W19: =IFERROR(VLOOKUP(E19,'LEAID Match'!$A$2:$B$326,2,FALSE),"") -> 5300060 | X19: =SUM(F19,J19) -> 264605.24 | Y19: =V19 -> 0 | Z19: =SUM(X19:Y19) -> 264605.24
A20: =W20 -> 5300060 | B20: 2021 | C20: 0010 | D20: 2021_0010 | E20: Adna School District 226 | J20: 235760.33 | K20: 0.00038958 | N20: 213131.24 | O20: 0.00038778 | S20: Adna School District 226 | T20: Adna School District 226 | U20: =SUM(G20,I20,O20,Q20) -> 0.00038778 | W20: =IFERROR(VLOOKUP(E20,'LEAID Match'!$A$2:$B$326,2,FALSE),"") -> 5300060 | X20: =SUM(F20,J20) -> 235760.33 | Y20: =V20 -> 0 | Z20: =SUM(X20:Y20) -> 235760.33
A21: =W21 -> 5300060 | B21: 2022 | C21: 0010 | D21: 2022_0010 | E21: Adna School District 226 | J21: 306078.04 | K21: 0.00047853 | N21: 246078.83 | O21: 0.00047955 | S21: Adna School District 226 | T21: Adna School District 226 | U21: =SUM(G21,I21,O21,Q21) -> 0.00047955 | W21: =IFERROR(VLOOKUP(E21,'LEAID Match'!$A$2:$B$326,2,FALSE),"") -> 5300060 | X21: =SUM(F21,J21) -> 306078.04 | Y21: =V21 -> 0 | Z21: =SUM(X21:Y21) -> 306078.04
A22: =W22 -> 5300060 | B22: 2023 | C22: 0010 | D22: 2023_0010 | E22: Adna School District 226 | J22: 292261.89 | K22: 0.00043191 | N22: 232715.66 | O22: 0.00043118 | S22: Adna School District 226 | T22: Adna School District 226 | U22: =SUM(G22,I22,O22,Q22) -> 0.00043118 | V22: =U22*250000000 -> 107795 | W22: =IFERROR(VLOOKUP(E22,'LEAID Match'!$A$2:$B$326,2,FALSE),"") -> 5300060 | X22: =SUM(F22,J22) -> 292261.89 | Y22: =V22 -> 107795 | Z22: =SUM(X22:Y22) -> 400056.89
A23: =W23 -> 5300090 | B23: 2015 | C23: 0017 | D23: 2015_0017 | E23: Almira School District 017 | F23: 6663.06 | G23: 2.978e-05 | J23: 37055.38 | K23: 0.00013944 | N23: 29570.38 | O23: 0.00013214 | R23: Almira School District 017 | S23: Almira School District 017 | T23: Almira School District 017 | U23: =SUM(G23,I23,O23,Q23) -> 0.00016192 | W23: =IFERROR(VLOOKUP(E23,'LEAID Match'!$A$2:$B$326,2,FALSE),"") -> 5300090 | X23: =SUM(F23,J23) -> 43718.44 | Y23: =V23 -> 0 | Z23: =SUM(X23:Y23) -> 43718.44
A24: =W24 -> 5300090 | B24: 2016 | C24: 0017 | D24: 2016_0017 | E24: Almira School District 017 | F24: 8256.9 | G24: 2.717e-05 | J24: 41808.72 | K24: 0.00012809 | N24: 37323.79 | O24: 0.00012281 | R24: Almira School District 017 | S24: Almira School District 017 | T24: Almira School District 017 | U24: =SUM(G24,I24,O24,Q24) -> 0.00014998 | W24: =IFERROR(VLOOKUP(E24,'LEAID Match'!$A$2:$B$326,2,FALSE),"") -> 5300090 | X24: =SUM(F24,J24) -> 50065.62 | Y24: =V24 -> 0 | Z24: =SUM(X24:Y24) -> 50065.62
A25: =W25 -> 5300090 | B25: 2017 | C25: 0017 | D25: 2017_0017 | E25: Almira School District 017 | F25: 8865.49 | G25: 2.533e-05 | J25: 48095.3 | K25: 0.00013053 | N25: 44588.35 | O25: 0.00012742 | R25: Almira School District 017 | S25: Almira School District 017 | T25: Almira School District 017 | U25: =SUM(G25,I25,O25,Q25) -> 0.00015275 | W25: =IFERROR(VLOOKUP(E25,'LEAID Match'!$A$2:$B$326,2,FALSE),"") -> 5300090 | X25: =SUM(F25,J25) -> 56960.79 | Y25: =V25 -> 0 | Z25: =SUM(X25:Y25) -> 56960.79
A26: =W26 -> 5300090 | B26: 2018 | C26: 0017 | D26: 2018_0017 | E26: Almira School District 017 | F26: 10016.95 | G26: 2.409e-05 | J26: 54656.6 | K26: 0.00012294 | N26: 49879.99 | O26: 0.00011993 | R26: Almira School District 017 | S26: Almira School District 017 | T26: Almira School District 017 | U26: =SUM(G26,I26,O26,Q26) -> 0.00014402 | W26: =IFERROR(VLOOKUP(E26,'LEAID Match'!$A$2:$B$326,2,FALSE),"") -> 5300090 | X26: =SUM(F26,J26) -> 64673.55 | Y26: =V26 -> 0 | Z26: =SUM(X26:Y26) -> 64673.55
A27: =W27 -> 5300090 | B27: 2019 | C27: 0017 | D27: 2019_0017 | E27: Almira School District 017 | F27: 11165.67 | G27: 2.248e-05 | J27: 57484.84 | K27: 0.00010998 | N27: 53913.45 | O27: 0.00010856 | R27: Almira School District 017 | S27: Almira School District 017 | T27: Almira School District 017 | U27: =SUM(G27,I27,O27,Q27) -> 0.00013104 | W27: =IFERROR(VLOOKUP(E27,'LEAID Match'!$A$2:$B$326,2,FALSE),"") -> 5300090 | X27: =SUM(F27,J27) -> 68650.51 | Y27: =V27 -> 0 | Z27: =SUM(X27:Y27) -> 68650.51
A28: =W28 -> 5300090 | B28: 2020 | C28: 0017 | D28: 2020_0017 | E28: Almira School District 017 | F28: 2804.4 | G28: 5.34e-06 | J28: 62676.48 | K28: 0.00010772 | N28: 56200.91 | O28: 0.00010702 | R28: Almira School District 017 | S28: Almira School District 017 | T28: Almira School District 017 | U28: =SUM(G28,I28,O28,Q28) -> 0.00011236 | W28: =IFERROR(VLOOKUP(E28,'LEAID Match'!$A$2:$B$326,2,FALSE),"") -> 5300090 | X28: =SUM(F28,J28) -> 65480.88 | Y28: =V28 -> 0 | Z28: =SUM(X28:Y28) -> 65480.88
A29: =W29 -> 5300090 | B29: 2021 | C29: 0017 | D29: 2021_0017 | E29: Almira School District 017 | J29: 60448.22 | K29: 9.989e-05 | N29: 54432.33 | O29: 9.904e-05 | S29: Almira School District 017 | T29: Almira School District 017 | U29: =SUM(G29,I29,O29,Q29) -> 9.904e-05 | W29: =IFERROR(VLOOKUP(E29,'LEAID Match'!$A$2:$B$326,2,FALSE),"") -> 5300090 | X29: =SUM(F29,J29) -> 60448.22 | Y29: =V29 -> 0 | Z29: =SUM(X29:Y29) -> 60448.22
A30: =W30 -> 5300090 | B30: 2022 | C30: 0017 | D30: 2022_0017 | E30: Almira School District 017 | J30: 68589.96 | K30: 0.00010724 | N30: 54611.46 | O30: 0.00010642 | S30: Almira School District 017 | T30: Almira School District 017 | U30: =SUM(G30,I30,O30,Q30) -> 0.00010642 | W30: =IFERROR(VLOOKUP(E30,'LEAID Match'!$A$2:$B$326,2,FALSE),"") -> 5300090 | X30: =SUM(F30,J30) -> 68589.96 | Y30: =V30 -> 0 | Z30: =SUM(X30:Y30) -> 68589.96
A31: =W31 -> 5300090 | B31: 2023 | C31: 0017 | D31: 2023_0017 | E31: Almira School District 017 | J31: 64551.59 | K31: 9.54e-05 | N31: 51508.65 | O31: 9.544e-05 | S31: Almira School District 017 | T31: Almira School District 017 | U31: =SUM(G31,I31,O31,Q31) -> 9.544e-05 | V31: =U31*250000000 -> 23860 | W31: =IFERROR(VLOOKUP(E31,'LEAID Match'!$A$2:$B$326,2,FALSE),"") -> 5300090 | X31: =SUM(F31,J31) -> 64551.59 | Y31: =V31 -> 23860 | Z31: =SUM(X31:Y31) -> 88411.59
A32: =W32 -> 5300150 | B32: 2015 | C32: 0020 | D32: 2015_0020 | E32: Anacortes School District 103 | F32: 18136.72 | G32: 8.105e-05 | J32: 680420.16 | K32: 0.0025604 | N32: 542825.85 | O32: 0.00242575 | R32: Anacortes School District 103 | S32: Anacortes School District 103 | T32: Anacortes School District 103 | U32: =SUM(G32,I32,O32,Q32) -> 0.0025068 | W32: =IFERROR(VLOOKUP(E32,'LEAID Match'!$A$2:$B$326,2,FALSE),"") -> 5300150 | X32: =SUM(F32,J32) -> 698556.88 | Y32: =V32 -> 0 | Z32: =SUM(X32:Y32) -> 698556.88
A33: =W33 -> 5300150 | B33: 2016 | C33: 0020 | D33: 2016_0020 | E33: Anacortes School District 103 | F33: 23216.83 | G33: 7.639e-05 | J33: 837418.15 | K33: 0.00256559 | N33: 757940.6 | O33: 0.00249391 | R33: Anacortes School District 103 | S33: Anacortes School District 103 | T33: Anacortes School District 103 | U33: =SUM(G33,I33,O33,Q33) -> 0.0025703 | W33: =IFERROR(VLOOKUP(E33,'LEAID Match'!$A$2:$B$326,2,FALSE),"") -> 5300150 | X33: =SUM(F33,J33) -> 860634.98 | Y33: =V33 -> 0 | Z33: =SUM(X33:Y33) -> 860634.98
A34: =W34 -> 5300150 | B34: 2017 | C34: 0020 | D34: 2017_0020 | E34: Anacortes School District 103 | F34: 12583.5 | G34: 3.596e-05 | J34: 892670.68 | K34: 0.00242277 | N34: 827580.1 | O34: 0.00236495 | R34: Anacortes School District 103 | S34: Anacortes School District 103 | T34: Anacortes School District 103 | U34: =SUM(G34,I34,O34,Q34) -> 0.00240091 | W34: =IFERROR(VLOOKUP(E34,'LEAID Match'!$A$2:$B$326,2,FALSE),"") -> 5300150 | X34: =SUM(F34,J34) -> 905254.18 | Y34: =V34 -> 0 | Z34: =SUM(X34:Y34) -> 905254.18
A35: =W35 -> 5300150 | B35: 2018 | C35: 0020 | D35: 2018_0020 | E35: Anacortes School District 103 | F35: 2612.23 | G35: 6.28e-06 | J35: 1185172.7 | K35: 0.00266582 | N35: 1090753.3 | O35: 0.00262268 | R35: Anacortes School District 103 | S35: Anacortes School District 103 | T35: Anacortes School District 103 | U35: =SUM(G35,I35,O35,Q35) -> 0.00262896 | W35: =IFERROR(VLOOKUP(E35,'LEAID Match'!$A$2:$B$326,2,FALSE),"") -> 5300150 | X35: =SUM(F35,J35) -> 1187784.9 | Y35: =V35 -> 0 | Z35: =SUM(X35:Y35) -> 1187784.9
A36: =W36 -> 5300150 | B36: 2019 | C36: 0020 | D36: 2019_0020 | E36: Anacortes School District 103 | J36: 1478392.9 | K36: 0.00282846 | N36: 1388703.7 | O36: 0.00279628 | S36: Anacortes School District 103 | T36: Anacortes School District 103 | U36: =SUM(G36,I36,O36,Q36) -> 0.00279628 | W36: =IFERROR(VLOOKUP(E36,'LEAID Match'!$A$2:$B$326,2,FALSE),"") -> 5300150 | X36: =SUM(F36,J36) -> 1478392.9 | Y36: =V36 -> 0 | Z36: =SUM(X36:Y36) -> 1478392.9
A37: =W37 -> 5300150 | B37: 2020 | C37: 0020 | D37: 2020_0020 | E37: Anacortes School District 103 | J37: 1454387.9 | K37: 0.00249964 | N37: 1296419.5 | O37: 0.00246866 | S37: Anacortes School District 103 | T37: Anacortes School District 103 | U37: =SUM(G37,I37,O37,Q37) -> 0.00246866 | W37: =IFERROR(VLOOKUP(E37,'LEAID Match'!$A$2:$B$326,2,FALSE),"") -> 5300150 | X37: =SUM(F37,J37) -> 1454387.9 | Y37: =V37 -> 0 | Z37: =SUM(X37:Y37) -> 1454387.9
A38: =W38 -> 5300150 | B38: 2021 | C38: 0020 | D38: 2021_0020 | E38: Anacortes School District 103 | J38: 1469471.6 | K38: 0.00242822 | N38: 1328928.9 | O38: 0.00241791 | S38: Anacortes School District 103 | T38: Anacortes School District 103 | U38: =SUM(G38,I38,O38,Q38) -> 0.00241791 | W38: =IFERROR(VLOOKUP(E38,'LEAID Match'!$A$2:$B$326,2,FALSE),"") -> 5300150 | X38: =SUM(F38,J38) -> 1469471.6 | Y38: =V38 -> 0 | Z38: =SUM(X38:Y38) -> 1469471.6
A39: =W39 -> 5300150 | B39: 2022 | C39: 0020 | D39: 2022_0020 | E39: Anacortes School District 103 | J39: 1539973.6 | K39: 0.00240765 | N39: 1222705.1 | O39: 0.00238275 | S39: Anacortes School District 103 | T39: Anacortes School District 103 | U39: =SUM(G39,I39,O39,Q39) -> 0.00238275 | W39: =IFERROR(VLOOKUP(E39,'LEAID Match'!$A$2:$B$326,2,FALSE),"") -> 5300150 | X39: =SUM(F39,J39) -> 1539973.6 | Y39: =V39 -> 0 | Z39: =SUM(X39:Y39) -> 1539973.6
A40: =W40 -> 5300150 | B40: 2023 | C40: 0020 | D40: 2023_0020 | E40: Anacortes School District 103 | J40: 1694391.1 | K40: 0.00250402 | N40: 1351247.6 | O40: 0.0025036 | S40: Anacortes School District 103 | T40: Anacortes School District 103 | U40: =SUM(G40,I40,O40,Q40) -> 0.0025036 | V40: =U40*250000000 -> 625900 | W40: =IFERROR(VLOOKUP(E40,'LEAID Match'!$A$2:$B$326,2,FALSE),"") -> 5300150 | X40: =SUM(F40,J40) -> 1694391.1 | Y40: =V40 -> 625900 | Z40: =SUM(X40:Y40) -> 2320291.1
A41: =W41 -> 5300240 | B41: 2015 | C41: 0026 | D41: 2015_0026 | E41: Arlington School District 016 | F41: 43783.82 | G41: 0.00019566 | J41: 1397381.3 | K41: 0.00525831 | N41: 1114334.4 | O41: 0.00497967 | R41: Arlington School District 016 | S41: Arlington School District 016 | T41: Arlington School District 016 | U41: =SUM(G41,I41,O41,Q41) -> 0.00517533 | W41: =IFERROR(VLOOKUP(E41,'LEAID Match'!$A$2:$B$326,2,FALSE),"") -> 5300240 | X41: =SUM(F41,J41) -> 1441165.1 | Y41: =V41 -> 0 | Z41: =SUM(X41:Y41) -> 1441165.1
A42: =W42 -> 5300240 | B42: 2016 | C42: 0026 | D42: 2016_0026 | E42: Arlington School District 016 | F42: 38042.1 | G42: 0.00012517 | J42: 1762713.4 | K42: 0.00540042 | N42: 1580442.9 | O42: 0.00520026 | R42: Arlington School District 016 | S42: Arlington School District 016 | T42: Arlington School District 016 | U42: =SUM(G42,I42,O42,Q42) -> 0.00532543 | W42: =IFERROR(VLOOKUP(E42,'LEAID Match'!$A$2:$B$326,2,FALSE),"") -> 5300240 | X42: =SUM(F42,J42) -> 1800755.6 | Y42: =V42 -> 0 | Z42: =SUM(X42:Y42) -> 1800755.6
A43: =W43 -> 5300240 | B43: 2017 | C43: 0026 | D43: 2017_0026 | E43: Arlington School District 016 | F43: 37765.8 | G43: 0.00010792 | J43: 1947038.2 | K43: 0.0052844 | N43: 1805047.6 | O43: 0.00515822 | R43: Arlington School District 016 | S43: Arlington School District 016 | T43: Arlington School District 016 | U43: =SUM(G43,I43,O43,Q43) -> 0.00526614 | W43: =IFERROR(VLOOKUP(E43,'LEAID Match'!$A$2:$B$326,2,FALSE),"") -> 5300240 | X43: =SUM(F43,J43) -> 1984804 | Y43: =V43 -> 0 | Z43: =SUM(X43:Y43) -> 1984804
A44: =W44 -> 5300240 | B44: 2018 | C44: 0026 | D44: 2018_0026 | E44: Arlington School District 016 | F44: 32560.1 | G44: 7.829e-05 | J44: 2324058.6 | K44: 0.00522753 | N44: 2138433.3 | O44: 0.00514179 | R44: Arlington School District 016 | S44: Arlington School District 016 | T44: Arlington School District 016 | U44: =SUM(G44,I44,O44,Q44) -> 0.00522008 | W44: =IFERROR(VLOOKUP(E44,'LEAID Match'!$A$2:$B$326,2,FALSE),"") -> 5300240 | X44: =SUM(F44,J44) -> 2356618.7 | Y44: =V44 -> 0 | Z44: =SUM(X44:Y44) -> 2356618.7
A45: =W45 -> 5300240 | B45: 2019 | C45: 0026 | D45: 2019_0026 | E45: Arlington School District 016 | F45: 20899.08 | G45: 4.208e-05 | J45: 2681957.7 | K45: 0.00513111 | N45: 2518304.3 | O45: 0.00507082 | R45: Arlington School District 016 | S45: Arlington School District 016 | T45: Arlington School District 016 | U45: =SUM(G45,I45,O45,Q45) -> 0.0051129 | W45: =IFERROR(VLOOKUP(E45,'LEAID Match'!$A$2:$B$326,2,FALSE),"") -> 5300240 | X45: =SUM(F45,J45) -> 2702856.8 | Y45: =V45 -> 0 | Z45: =SUM(X45:Y45) -> 2702856.8
A46: =W46 -> 5300240 | B46: 2020 | C46: 0026 | D46: 2020_0026 | E46: Arlington School District 016 | F46: 18361.29 | G46: 3.496e-05 | J46: 3028793.8 | K46: 0.00520554 | N46: 2713888.1 | O46: 0.00516782 | R46: Arlington School District 016 | S46: Arlington School District 016 | T46: Arlington School District 016 | U46: =SUM(G46,I46,O46,Q46) -> 0.00520278 | W46: =IFERROR(VLOOKUP(E46,'LEAID Match'!$A$2:$B$326,2,FALSE),"") -> 5300240 | X46: =SUM(F46,J46) -> 3047155.1 | Y46: =V46 -> 0 | Z46: =SUM(X46:Y46) -> 3047155.1
A47: =W47 -> 5300240 | B47: 2021 | C47: 0026 | D47: 2021_0026 | E47: Arlington School District 016 | F47: 21687.47 | G47: 3.946e-05 | J47: 3404426.6 | K47: 0.00562562 | N47: 3073787 | O47: 0.00559258 | R47: Arlington School District 016 | S47: Arlington School District 016 | T47: Arlington School District 016 | U47: =SUM(G47,I47,O47,Q47) -> 0.00563204 | W47: =IFERROR(VLOOKUP(E47,'LEAID Match'!$A$2:$B$326,2,FALSE),"") -> 5300240 | X47: =SUM(F47,J47) -> 3426114.1 | Y47: =V47 -> 0 | Z47: =SUM(X47:Y47) -> 3426114.1
A48: =W48 -> 5300240 | B48: 2022 | C48: 0026 | D48: 2022_0026 | E48: Arlington School District 016 | F48: 3230.59 | G48: 6.3e-06 | J48: 3252356.5 | K48: 0.00508486 | N48: 2574876.6 | O48: 0.0050178 | R48: Arlington School District 016 | S48: Arlington School District 016 | T48: Arlington School District 016 | U48: =SUM(G48,I48,O48,Q48) -> 0.0050241 | W48: =IFERROR(VLOOKUP(E48,'LEAID Match'!$A$2:$B$326,2,FALSE),"") -> 5300240 | X48: =SUM(F48,J48) -> 3255587.1 | Y48: =V48 -> 0 | Z48: =SUM(X48:Y48) -> 3255587.1
A49: =W49 -> 5300240 | B49: 2023 | C49: 0026 | D49: 2023_0026 | E49: Arlington School District 016 | J49: 3462028.5 | K49: 0.0051163 | N49: 2760144.4 | O49: 0.00511401 | S49: Arlington School District 016 | T49: Arlington School District 016 | U49: =SUM(G49,I49,O49,Q49) -> 0.00511401 | V49: =U49*250000000 -> 1278502.5 | W49: =IFERROR(VLOOKUP(E49,'LEAID Match'!$A$2:$B$326,2,FALSE),"") -> 5300240 | X49: =SUM(F49,J49) -> 3462028.5 | Y49: =V49 -> 1278502.5 | Z49: =SUM(X49:Y49) -> 4740531
A50: =W50 -> 5300280 | B50: 2015 | C50: 0029 | D50: 2015_0029 | E50: Asotin-Anatone School District 420 | F50: 1570.8 | G50: 7.02e-06 | J50: 149858.91 | K50: 0.00056392 | N50: 119926.66 | O50: 0.00053592 | R50: Asotin-Anatone School District 420 | S50: Asotin Anatone School District 420 | T50: Asotin-Anatone School District 420 | U50: =SUM(G50,I50,O50,Q50) -> 0.00054294 | W50: =IFERROR(VLOOKUP(E50,'LEAID Match'!$A$2:$B$326,2,FALSE),"") -> 5300280 | X50: =SUM(F50,J50) -> 151429.71 | Y50: =V50 -> 0 | Z50: =SUM(X50:Y50) -> 151429.71
A51: =W51 -> 5300280 | B51: 2016 | C51: 0029 | D51: 2016_0029 | E51: Asotin-Anatone School District 420 | J51: 186993.83 | K51: 0.00057289 | N51: 167653.68 | O51: 0.00055164 | S51: Asotin-Anatone School District 420 | T51: Asotin-Anatone School District 420 | U51: =SUM(G51,I51,O51,Q51) -> 0.00055164 | W51: =IFERROR(VLOOKUP(E51,'LEAID Match'!$A$2:$B$326,2,FALSE),"") -> 5300280 | X51: =SUM(F51,J51) -> 186993.83 | Y51: =V51 -> 0 | Z51: =SUM(X51:Y51) -> 186993.83
A52: =W52 -> 5300280 | B52: 2017 | C52: 0029 | D52: 2017_0029 | E52: Asotin-Anatone School District 420 | J52: 216194.54 | K52: 0.00058677 | N52: 200606.08 | O52: 0.00057326 | S52: Asotin-Anatone School District 420 | T52: Asotin-Anatone School District 420 | U52: =SUM(G52,I52,O52,Q52) -> 0.00057326 | W52: =IFERROR(VLOOKUP(E52,'LEAID Match'!$A$2:$B$326,2,FALSE),"") -> 5300280 | X52: =SUM(F52,J52) -> 216194.54 | Y52: =V52 -> 0 | Z52: =SUM(X52:Y52) -> 216194.54
A53: =W53 -> 5300280 | B53: 2018 | C53: 0029 | D53: 2018_0029 | E53: Asotin-Anatone School District 420 | J53: 239234.29 | K53: 0.00053811 | N53: 219980.1 | O53: 0.00052893 | S53: Asotin-Anatone School District 420 | T53: Asotin-Anatone School District 420 | U53: =SUM(G53,I53,O53,Q53) -> 0.00052893 | W53: =IFERROR(VLOOKUP(E53,'LEAID Match'!$A$2:$B$326,2,FALSE),"") -> 5300280 | X53: =SUM(F53,J53) -> 239234.29 | Y53: =V53 -> 0 | Z53: =SUM(X53:Y53) -> 239234.29
A54: =W54 -> 5300280 | B54: 2019 | C54: 0029 | D54: 2019_0029 | E54: Asotin-Anatone School District 420 | J54: 264570.26 | K54: 0.00050618 | N54: 248788.25 | O54: 0.00050096 | S54: Asotin-Anatone School District 420 | T54: Asotin-Anatone School District 420 | U54: =SUM(G54,I54,O54,Q54) -> 0.00050096 | W54: =IFERROR(VLOOKUP(E54,'LEAID Match'!$A$2:$B$326,2,FALSE),"") -> 5300280 | X54: =SUM(F54,J54) -> 264570.26 | Y54: =V54 -> 0 | Z54: =SUM(X54:Y54) -> 264570.26
A55: =W55 -> 5300280 | B55: 2020 | C55: 0029 | D55: 2020_0029 | E55: Asotin-Anatone School District 420 | J55: 265825.27 | K55: 0.00045687 | N55: 237336.04 | O55: 0.00045194 | S55: Asotin-Anatone School District 420 | T55: Asotin-Anatone School District 420 | U55: =SUM(G55,I55,O55,Q55) -> 0.00045194 | W55: =IFERROR(VLOOKUP(E55,'LEAID Match'!$A$2:$B$326,2,FALSE),"") -> 5300280 | X55: =SUM(F55,J55) -> 265825.27 | Y55: =V55 -> 0 | Z55: =SUM(X55:Y55) -> 265825.27
A56: =W56 -> 5300280 | B56: 2021 | C56: 0029 | D56: 2021_0029 | E56: Asotin-Anatone School District 420 | J56: 293413.16 | K56: 0.00048485 | N56: 265414.46 | O56: 0.00048291 | S56: Asotin-Anatone School District 420 | T56: Asotin-Anatone School District 420 | U56: =SUM(G56,I56,O56,Q56) -> 0.00048291 | W56: =IFERROR(VLOOKUP(E56,'LEAID Match'!$A$2:$B$326,2,FALSE),"") -> 5300280 | X56: =SUM(F56,J56) -> 293413.16 | Y56: =V56 -> 0 | Z56: =SUM(X56:Y56) -> 293413.16
A57: =W57 -> 5300280 | B57: 2022 | C57: 0029 | D57: 2022_0029 | E57: Asotin-Anatone School District 420 | J57: 317853.89 | K57: 0.00049694 | N57: 252651.51 | O57: 0.00049236 | S57: Asotin-Anatone School District 420 | T57: Asotin-Anatone School District 420 | U57: =SUM(G57,I57,O57,Q57) -> 0.00049236 | W57: =IFERROR(VLOOKUP(E57,'LEAID Match'!$A$2:$B$326,2,FALSE),"") -> 5300280 | X57: =SUM(F57,J57) -> 317853.89 | Y57: =V57 -> 0 | Z57: =SUM(X57:Y57) -> 317853.89
A58: =W58 -> 5300280 | B58: 2023 | C58: 0029 | D58: 2023_0029 | E58: Asotin-Anatone School District 420 | J58: 294017.65 | K58: 0.00043451 | N58: 234054.74 | O58: 0.00043366 | S58: Asotin-Anatone School District 420 | T58: Asotin-Anatone School District 420 | U58: =SUM(G58,I58,O58,Q58) -> 0.00043366 | V58: =U58*250000000 -> 108415 | W58: =IFERROR(VLOOKUP(E58,'LEAID Match'!$A$2:$B$326,2,FALSE),"") -> 5300280 | X58: =SUM(F58,J58) -> 294017.65 | Y58: =V58 -> 108415 | Z58: =SUM(X58:Y58) -> 402432.65
A59: =W59 -> 5300300 | B59: 2015 | C59: 0039 | D59: 2015_0039 | E59: Auburn School District 408 | F59: 175830.03 | G59: 0.00078574 | J59: 4165580.3 | K59: 0.01567497 | N59: 3322382.9 | O59: 0.01484686 | R59: Auburn School District 408 | S59: Auburn School District 408 | T59: Auburn School District 408 | U59: =SUM(G59,I59,O59,Q59) -> 0.0156326 | W59: =IFERROR(VLOOKUP(E59,'LEAID Match'!$A$2:$B$326,2,FALSE),"") -> 5300300 | X59: =SUM(F59,J59) -> 4341410.3 | Y59: =V59 -> 0 | Z59: =SUM(X59:Y59) -> 4341410.3
A60: =W60 -> 5300300 | B60: 2016 | C60: 0039 | D60: 2016_0039 | E60: Auburn School District 408 | F60: 139483.31 | G60: 0.00045895 | J60: 5296086.1 | K60: 0.0162256 | N60: 4795720.8 | O60: 0.01577976 | R60: Auburn School District 408 | S60: Auburn School District 408 | T60: Auburn School District 408 | U60: =SUM(G60,I60,O60,Q60) -> 0.01623871 | W60: =IFERROR(VLOOKUP(E60,'LEAID Match'!$A$2:$B$326,2,FALSE),"") -> 5300300 | X60: =SUM(F60,J60) -> 5435569.4 | Y60: =V60 -> 0 | Z60: =SUM(X60:Y60) -> 5435569.4
A61: =W61 -> 5300300 | B61: 2017 | C61: 0039 | D61: 2017_0039 | E61: Auburn School District 408 | F61: 122598.39 | G61: 0.00035035 | J61: 5913706 | K61: 0.01605022 | N61: 5482235.3 | O61: 0.01566639 | R61: Auburn School District 408 | S61: Auburn School District 408 | T61: Auburn School District 408 | U61: =SUM(G61,I61,O61,Q61) -> 0.01601674 | W61: =IFERROR(VLOOKUP(E61,'LEAID Match'!$A$2:$B$326,2,FALSE),"") -> 5300300 | X61: =SUM(F61,J61) -> 6036304.4 | Y61: =V61 -> 0 | Z61: =SUM(X61:Y61) -> 6036304.4
A62: =W62 -> 5300300 | B62: 2018 | C62: 0039 | D62: 2018_0039 | E62: Auburn School District 408 | F62: 103158.86 | G62: 0.00024804 | J62: 7241036.2 | K62: 0.01628735 | N62: 6658620.3 | O62: 0.01601041 | R62: Auburn School District 408 | S62: Auburn School District 408 | T62: Auburn School District 408 | U62: =SUM(G62,I62,O62,Q62) -> 0.01625845 | W62: =IFERROR(VLOOKUP(E62,'LEAID Match'!$A$2:$B$326,2,FALSE),"") -> 5300300 | X62: =SUM(F62,J62) -> 7344195.1 | Y62: =V62 -> 0 | Z62: =SUM(X62:Y62) -> 7344195.1
A63: =W63 -> 5300300 | B63: 2019 | C63: 0039 | D63: 2019_0039 | E63: Auburn School District 408 | F63: 67287.35 | G63: 0.00013549 | J63: 8356841.9 | K63: 0.01598829 | N63: 7861196 | O63: 0.0158292 | R63: Auburn School District 408 | S63: Auburn School District 408 | T63: Auburn School District 408 | U63: =SUM(G63,I63,O63,Q63) -> 0.01596469 | W63: =IFERROR(VLOOKUP(E63,'LEAID Match'!$A$2:$B$326,2,FALSE),"") -> 5300300 | X63: =SUM(F63,J63) -> 8424129.3 | Y63: =V63 -> 0 | Z63: =SUM(X63:Y63) -> 8424129.3
A64: =W64 -> 5300300 | B64: 2020 | C64: 0039 | D64: 2020_0039 | E64: Auburn School District 408 | F64: 33881.09 | G64: 6.452e-05 | J64: 9306597.6 | K64: 0.01599512 | N64: 8295580.8 | O64: 0.01579653 | R64: Auburn School District 408 | S64: Auburn School District 408 | T64: Auburn School District 408 | U64: =SUM(G64,I64,O64,Q64) -> 0.01586105 | W64: =IFERROR(VLOOKUP(E64,'LEAID Match'!$A$2:$B$326,2,FALSE),"") -> 5300300 | X64: =SUM(F64,J64) -> 9340478.7 | Y64: =V64 -> 0 | Z64: =SUM(X64:Y64) -> 9340478.7
A65: =W65 -> 5300300 | B65: 2021 | C65: 0039 | D65: 2021_0039 | E65: Auburn School District 408 | F65: 16099.43 | G65: 2.929e-05 | J65: 9823124.4 | K65: 0.01623215 | N65: 8883691.3 | O65: 0.01616338 | R65: Auburn School District 408 | S65: Auburn School District 408 | T65: Auburn School District 408 | U65: =SUM(G65,I65,O65,Q65) -> 0.01619267 | W65: =IFERROR(VLOOKUP(E65,'LEAID Match'!$A$2:$B$326,2,FALSE),"") -> 5300300 | X65: =SUM(F65,J65) -> 9839223.8 | Y65: =V65 -> 0 | Z65: =SUM(X65:Y65) -> 9839223.8
A66: =W66 -> 5300300 | B66: 2022 | C66: 0039 | D66: 2022_0039 | E66: Auburn School District 408 | F66: 12552.47 | G66: 2.446e-05 | J66: 9863574.7 | K66: 0.01542109 | N66: 7863815.4 | O66: 0.01532463 | R66: Auburn School District 408 | S66: Auburn School District 408 | T66: Auburn School District 408 | U66: =SUM(G66,I66,O66,Q66) -> 0.01534909 | W66: =IFERROR(VLOOKUP(E66,'LEAID Match'!$A$2:$B$326,2,FALSE),"") -> 5300300 | X66: =SUM(F66,J66) -> 9876127.2 | Y66: =V66 -> 0 | Z66: =SUM(X66:Y66) -> 9876127.2
A67: =W67 -> 5300300 | B67: 2023 | C67: 0039 | D67: 2023_0039 | E67: Auburn School District 408 | F67: 13811.12 | G67: 2.559e-05 | J67: 11691335 | K67: 0.01727783 | N67: 9288359 | O67: 0.01720952 | R67: Auburn School District 408 | S67: Auburn School District 408 | T67: Auburn School District 408 | U67: =SUM(G67,I67,O67,Q67) -> 0.01723511 | V67: =U67*250000000 -> 4308777.5 | W67: =IFERROR(VLOOKUP(E67,'LEAID Match'!$A$2:$B$326,2,FALSE),"") -> 5300300 | X67: =SUM(F67,J67) -> 11705146 | Y67: =V67 -> 4308777.5 | Z67: =SUM(X67:Y67) -> 16013924
A68: =W68 -> 5300330 | B68: 2015 | C68: 0042 | D68: 2015_0042 | E68: Bainbridge Island School District 303 | F68: 33395.35 | G68: 0.00014924 | J68: 1001503.8 | K68: 0.00376863 | N68: 802348.59 | O68: 0.00358548 | R68: Bainbridge Island School District 303 | S68: Bainbridge Island School District 303 | T68: Bainbridge Island School District 303 | U68: =SUM(G68,I68,O68,Q68) -> 0.00373472 | W68: =IFERROR(VLOOKUP(E68,'LEAID Match'!$A$2:$B$326,2,FALSE),"") -> 5300330 | X68: =SUM(F68,J68) -> 1034899.1 | Y68: =V68 -> 0 | Z68: =SUM(X68:Y68) -> 1034899.1
A69: =W69 -> 5300330 | B69: 2016 | C69: 0042 | D69: 2016_0042 | E69: Bainbridge Island School District 303 | F69: 42207.74 | G69: 0.00013888 | J69: 1212320.9 | K69: 0.00371418 | N69: 1083392.4 | O69: 0.00356478 | R69: Bainbridge Island School District 303 | S69: Bainbridge Island School District 303 | T69: Bainbridge Island School District 303 | U69: =SUM(G69,I69,O69,Q69) -> 0.00370366 | W69: =IFERROR(VLOOKUP(E69,'LEAID Match'!$A$2:$B$326,2,FALSE),"") -> 5300330 | X69: =SUM(F69,J69) -> 1254528.6 | Y69: =V69 -> 0 | Z69: =SUM(X69:Y69) -> 1254528.6
A70: =W70 -> 5300330 | B70: 2017 | C70: 0042 | D70: 2017_0042 | E70: Bainbridge Island School District 303 | F70: 38727.79 | G70: 0.00011067 | J70: 1335131.7 | K70: 0.00362364 | N70: 1237718 | O70: 0.00353698 | R70: Bainbridge Island School District 303 | S70: Bainbridge Island School District 303 | T70: Bainbridge Island School District 303 | U70: =SUM(G70,I70,O70,Q70) -> 0.00364765 | W70: =IFERROR(VLOOKUP(E70,'LEAID Match'!$A$2:$B$326,2,FALSE),"") -> 5300330 | X70: =SUM(F70,J70) -> 1373859.4 | Y70: =V70 -> 0 | Z70: =SUM(X70:Y70) -> 1373859.4
A71: =W71 -> 5300330 | B71: 2018 | C71: 0042 | D71: 2018_0042 | E71: Bainbridge Island School District 303 | F71: 27569.78 | G71: 6.629e-05 | J71: 1546251.7 | K71: 0.003478 | N71: 1423127.4 | O71: 0.00342186 | R71: Bainbridge Island School District 303 | S71: Bainbridge Island School District 303 | T71: Bainbridge Island School District 303 | U71: =SUM(G71,I71,O71,Q71) -> 0.00348815 | W71: =IFERROR(VLOOKUP(E71,'LEAID Match'!$A$2:$B$326,2,FALSE),"") -> 5300330 | X71: =SUM(F71,J71) -> 1573821.5 | Y71: =V71 -> 0 | Z71: =SUM(X71:Y71) -> 1573821.5
A72: =W72 -> 5300330 | B72: 2019 | C72: 0042 | D72: 2019_0042 | E72: Bainbridge Island School District 303 | F72: 31466.66 | G72: 6.336e-05 | J72: 1932430.6 | K72: 0.00369712 | N72: 1813606.5 | O72: 0.00365185 | R72: Bainbridge Island School District 303 | S72: Bainbridge Island School District 303 | T72: Bainbridge Island School District 303 | U72: =SUM(G72,I72,O72,Q72) -> 0.00371521 | W72: =IFERROR(VLOOKUP(E72,'LEAID Match'!$A$2:$B$326,2,FALSE),"") -> 5300330 | X72: =SUM(F72,J72) -> 1963897.3 | Y72: =V72 -> 0 | Z72: =SUM(X72:Y72) -> 1963897.3
A73: =W73 -> 5300330 | B73: 2020 | C73: 0042 | D73: 2020_0042 | E73: Bainbridge Island School District 303 | F73: 35575.66 | G73: 6.774e-05 | J73: 2185115.7 | K73: 0.00375553 | N73: 1960664.1 | O73: 0.00373352 | R73: Bainbridge Island School District 303 | S73: Bainbridge Island School District 303 | T73: Bainbridge Island School District 303 | U73: =SUM(G73,I73,O73,Q73) -> 0.00380126 | W73: =IFERROR(VLOOKUP(E73,'LEAID Match'!$A$2:$B$326,2,FALSE),"") -> 5300330 | X73: =SUM(F73,J73) -> 2220691.4 | Y73: =V73 -> 0 | Z73: =SUM(X73:Y73) -> 2220691.4
A74: =W74 -> 5300330 | B74: 2021 | C74: 0042 | D74: 2021_0042 | E74: Bainbridge Island School District 303 | F74: 20237.8 | G74: 3.682e-05 | J74: 2176167.8 | K74: 0.00359599 | N74: 1965393.6 | O74: 0.00357592 | R74: Bainbridge Island School District 303 | S74: Bainbridge Island School District 303 | T74: Bainbridge Island School District 303 | U74: =SUM(G74,I74,O74,Q74) -> 0.00361274 | W74: =IFERROR(VLOOKUP(E74,'LEAID Match'!$A$2:$B$326,2,FALSE),"") -> 5300330 | X74: =SUM(F74,J74) -> 2196405.5 | Y74: =V74 -> 0 | Z74: =SUM(X74:Y74) -> 2196405.5
A75: =W75 -> 5300330 | B75: 2022 | C75: 0042 | D75: 2022_0042 | E75: Bainbridge Island School District 303 | F75: 19245.8 | G75: 3.751e-05 | J75: 2147793.3 | K75: 0.00335794 | N75: 1713259.9 | O75: 0.00333872 | R75: Bainbridge Island School District 303 | S75: Bainbridge Island School District 303 | T75: Bainbridge Island School District 303 | U75: =SUM(G75,I75,O75,Q75) -> 0.00337623 | W75: =IFERROR(VLOOKUP(E75,'LEAID Match'!$A$2:$B$326,2,FALSE),"") -> 5300330 | X75: =SUM(F75,J75) -> 2167039.1 | Y75: =V75 -> 0 | Z75: =SUM(X75:Y75) -> 2167039.1
A76: =W76 -> 5300330 | B76: 2023 | C76: 0042 | D76: 2023_0042 | E76: Bainbridge Island School District 303 | F76: 388.71 | G76: 7.2e-07 | J76: 2272196.3 | K76: 0.00335792 | N76: 1809298 | O76: 0.00335228 | R76: Bainbridge Island School District 303 | S76: Bainbridge Island School District 303 | T76: Bainbridge Island School District 303 | U76: =SUM(G76,I76,O76,Q76) -> 0.003353 | V76: =U76*250000000 -> 838250 | W76: =IFERROR(VLOOKUP(E76,'LEAID Match'!$A$2:$B$326,2,FALSE),"") -> 5300330 | X76: =SUM(F76,J76) -> 2272585 | Y76: =V76 -> 838250 | Z76: =SUM(X76:Y76) -> 3110835
A77: =W77 -> 5300380 | B77: 2015 | C77: 0045 | D77: 2015_0045 | E77: Battle Ground School District 119 | F77: 158286.04 | G77: 0.00070734 | J77: 3006300.7 | K77: 0.01131263 | N77: 2398666.5 | O77: 0.01071901 | R77: Battle Ground School District 119 | S77: Battle Ground School District 119 | T77: Battle Ground School District 119 | U77: =SUM(G77,I77,O77,Q77) -> 0.01142635 | W77: =IFERROR(VLOOKUP(E77,'LEAID Match'!$A$2:$B$326,2,FALSE),"") -> 5300380 | X77: =SUM(F77,J77) -> 3164586.7 | Y77: =V77 -> 0 | Z77: =SUM(X77:Y77) -> 3164586.7
A78: =W78 -> 5300380 | B78: 2016 | C78: 0045 | D78: 2016_0045 | E78: Battle Ground School District 119 | F78: 127826.96 | G78: 0.0004206 | J78: 3405513.8 | K78: 0.01043346 | N78: 3073568.6 | O78: 0.01011322 | R78: Battle Ground School District 119 | S78: Battle Ground School District 119 | T78: Battle Ground School District 119 | U78: =SUM(G78,I78,O78,Q78) -> 0.01053382 | W78: =IFERROR(VLOOKUP(E78,'LEAID Match'!$A$2:$B$326,2,FALSE),"") -> 5300380 | X78: =SUM(F78,J78) -> 3533340.8 | Y78: =V78 -> 0 | Z78: =SUM(X78:Y78) -> 3533340.8
A79: =W79 -> 5300380 | B79: 2017 | C79: 0045 | D79: 2017_0045 | E79: Battle Ground School District 119 | F79: 134837.35 | G79: 0.00038532 | J79: 4399637.5 | K79: 0.01194093 | N79: 4078824.7 | O79: 0.01165591 | R79: Battle Ground School District 119 | S79: Battle Ground School District 119 | T79: Battle Ground School District 119 | U79: =SUM(G79,I79,O79,Q79) -> 0.01204123 | W79: =IFERROR(VLOOKUP(E79,'LEAID Match'!$A$2:$B$326,2,FALSE),"") -> 5300380 | X79: =SUM(F79,J79) -> 4534474.8 | Y79: =V79 -> 0 | Z79: =SUM(X79:Y79) -> 4534474.8
A80: =W80 -> 5300380 | B80: 2018 | C80: 0045 | D80: 2018_0045 | E80: Battle Ground School District 119 | F80: 98778.34 | G80: 0.00023751 | J80: 4932176.7 | K80: 0.011094 | N80: 4536470.3 | O80: 0.01090778 | R80: Battle Ground School District 119 | S80: Battle Ground School District 119 | T80: Battle Ground School District 119 | U80: =SUM(G80,I80,O80,Q80) -> 0.01114529 | W80: =IFERROR(VLOOKUP(E80,'LEAID Match'!$A$2:$B$326,2,FALSE),"") -> 5300380 | X80: =SUM(F80,J80) -> 5030955 | Y80: =V80 -> 0 | Z80: =SUM(X80:Y80) -> 5030955
A81: =W81 -> 5300380 | B81: 2019 | C81: 0045 | D81: 2019_0045 | E81: Battle Ground School District 119 | F81: 81414.56 | G81: 0.00016394 | J81: 5828076.2 | K81: 0.01115026 | N81: 5478061.8 | O81: 0.01103055 | R81: Battle Ground School District 119 | S81: Battle Ground School District 119 | T81: Battle Ground School District 119 | U81: =SUM(G81,I81,O81,Q81) -> 0.01119449 | W81: =IFERROR(VLOOKUP(E81,'LEAID Match'!$A$2:$B$326,2,FALSE),"") -> 5300380 | X81: =SUM(F81,J81) -> 5909490.8 | Y81: =V81 -> 0 | Z81: =SUM(X81:Y81) -> 5909490.8
A82: =W82 -> 5300380 | B82: 2020 | C82: 0045 | D82: 2020_0045 | E82: Battle Ground School District 119 | F82: 46532.67 | G82: 8.861e-05 | J82: 6079881.4 | K82: 0.0104494 | N82: 5433973.4 | O82: 0.01034743 | R82: Battle Ground School District 119 | S82: Battle Ground School District 119 | T82: Battle Ground School District 119 | U82: =SUM(G82,I82,O82,Q82) -> 0.01043604 | W82: =IFERROR(VLOOKUP(E82,'LEAID Match'!$A$2:$B$326,2,FALSE),"") -> 5300380 | X82: =SUM(F82,J82) -> 6126414 | Y82: =V82 -> 0 | Z82: =SUM(X82:Y82) -> 6126414
A83: =W83 -> 5300380 | B83: 2021 | C83: 0045 | D83: 2021_0045 | E83: Battle Ground School District 119 | F83: 18415.4 | G83: 3.351e-05 | J83: 6200391 | K83: 0.01024579 | N83: 5605691.6 | O83: 0.01019924 | R83: Battle Ground School District 119 | S83: Battle Ground School District 119 | T83: Battle Ground School District 119 | U83: =SUM(G83,I83,O83,Q83) -> 0.01023275 | W83: =IFERROR(VLOOKUP(E83,'LEAID Match'!$A$2:$B$326,2,FALSE),"") -> 5300380 | X83: =SUM(F83,J83) -> 6218806.4 | Y83: =V83 -> 0 | Z83: =SUM(X83:Y83) -> 6218806.4
A84: =W84 -> 5300380 | B84: 2022 | C84: 0045 | D84: 2022_0045 | E84: Battle Ground School District 119 | F84: 14859.57 | G84: 2.896e-05 | J84: 6090100.3 | K84: 0.00952149 | N84: 4841026.8 | O84: 0.00943396 | R84: Battle Ground School District 119 | S84: Battle Ground School District 119 | T84: Battle Ground School District 119 | U84: =SUM(G84,I84,O84,Q84) -> 0.00946292 | W84: =IFERROR(VLOOKUP(E84,'LEAID Match'!$A$2:$B$326,2,FALSE),"") -> 5300380 | X84: =SUM(F84,J84) -> 6104959.9 | Y84: =V84 -> 0 | Z84: =SUM(X84:Y84) -> 6104959.9
A85: =W85 -> 5300380 | B85: 2023 | C85: 0045 | D85: 2023_0045 | E85: Battle Ground School District 119 | F85: 15818.53 | G85: 2.931e-05 | J85: 6600519.7 | K85: 0.00975446 | N85: 5256903.2 | O85: 0.00974002 | R85: Battle Ground School District 119 | S85: Battle Ground School District 119 | T85: Battle Ground School District 119 | U85: =SUM(G85,I85,O85,Q85) -> 0.00976933 | V85: =U85*250000000 -> 2442332.5 | W85: =IFERROR(VLOOKUP(E85,'LEAID Match'!$A$2:$B$326,2,FALSE),"") -> 5300380 | X85: =SUM(F85,J85) -> 6616338.2 | Y85: =V85 -> 2442332.5 | Z85: =SUM(X85:Y85) -> 9058670.7
A86: =W86 | B86: 2015 | C86: 0049 | D86: 2015_0049 | E86: Bellevue Community College | H86: 14775.14 | I86: 6.603e-05 | L86: 46584.91 | M86: 0.0001753 | P86: 36998.01 | Q86: 0.00016533 | R86: Bellevue Community College | S86: Bellevue Community College | T86: Bellevue Community College | U86: =SUM(G86,I86,O86,Q86) -> 0.00023136 | W86: =IFERROR(VLOOKUP(E86,'LEAID Match'!$A$2:$B$326,2,FALSE),"") | X86: =SUM(F86,J86) -> 0 | Y86: =V86 -> 0 | Z86: =SUM(X86:Y86) -> 0
A87: =W87 | B87: 2016 | C87: 0049 | D87: 2016_0049 | E87: Bellevue Community College | H87: 20302.85 | I87: 6.68e-05 | L87: 68774.77 | M87: 0.0002107 | P87: 62803.9 | Q87: 0.00020665 | R87: Bellevue Community College | S87: Bellevue Community College | T87: Bellevue Community College | U87: =SUM(G87,I87,O87,Q87) -> 0.00027345 | W87: =IFERROR(VLOOKUP(E87,'LEAID Match'!$A$2:$B$326,2,FALSE),"") | X87: =SUM(F87,J87) -> 0 | Y87: =V87 -> 0 | Z87: =SUM(X87:Y87) -> 0
A88: =W88 | B88: 2017 | C88: 0049 | D88: 2017_0049 | E88: Bellevue Community College | H88: 14372.37 | I88: 4.107e-05 | L88: 82639.79 | M88: 0.00022429 | P88: 76614.18 | Q88: 0.00021894 | R88: Bellevue Community College | S88: Bellevue Community College | T88: Bellevue Community College | U88: =SUM(G88,I88,O88,Q88) -> 0.00026001 | W88: =IFERROR(VLOOKUP(E88,'LEAID Match'!$A$2:$B$326,2,FALSE),"") | X88: =SUM(F88,J88) -> 0 | Y88: =V88 -> 0 | Z88: =SUM(X88:Y88) -> 0
A89: =W89 | B89: 2018 | C89: 0049 | D89: 2018_0049 | E89: Bellevue Community College | H89: 16602.44 | I89: 3.992e-05 | L89: 102447.74 | M89: 0.00023044 | P89: 94151.59 | Q89: 0.00022638 | R89: Bellevue Community College | S89: Bellevue Community College | T89: Bellevue Community College | U89: =SUM(G89,I89,O89,Q89) -> 0.0002663 | W89: =IFERROR(VLOOKUP(E89,'LEAID Match'!$A$2:$B$326,2,FALSE),"") | X89: =SUM(F89,J89) -> 0 | Y89: =V89 -> 0 | Z89: =SUM(X89:Y89) -> 0
A90: =W90 | B90: 2019 | C90: 0049 | D90: 2019_0049 | E90: Bellevue Community College | H90: 17992.35 | I90: 3.623e-05 | L90: 112485.05 | M90: 0.00021521 | P90: 106064.97 | Q90: 0.00021357 | R90: Bellevue Community College | S90: Bellevue Community College | T90: Bellevue Community College | U90: =SUM(G90,I90,O90,Q90) -> 0.0002498 | W90: =IFERROR(VLOOKUP(E90,'LEAID Match'!$A$2:$B$326,2,FALSE),"") | X90: =SUM(F90,J90) -> 0 | Y90: =V90 -> 0 | Z90: =SUM(X90:Y90) -> 0
A91: =W91 | B91: 2020 | C91: 0049 | D91: 2020_0049 | E91: Bellevue Community College | H91: 19923.36 | I91: 3.794e-05 | L91: 131530.32 | M91: 0.00022606 | P91: 116673.01 | Q91: 0.00022217 | R91: Bellevue Community College | S91: Bellevue Community College | T91: Bellevue Community College | U91: =SUM(G91,I91,O91,Q91) -> 0.00026011 | W91: =IFERROR(VLOOKUP(E91,'LEAID Match'!$A$2:$B$326,2,FALSE),"") | X91: =SUM(F91,J91) -> 0 | Y91: =V91 -> 0 | Z91: =SUM(X91:Y91) -> 0
A92: =W92 | B92: 2021 | C92: 0049 | D92: 2021_0049 | E92: Bellevue Community College | H92: 9327.86 | I92: 1.697e-05 | L92: 144907.97 | M92: 0.00023945 | P92: 131245.97 | Q92: 0.00023879 | R92: Bellevue Community College | S92: Bellevue Community College | T92: Bellevue Community College | U92: =SUM(G92,I92,O92,Q92) -> 0.00025576 | W92: =IFERROR(VLOOKUP(E92,'LEAID Match'!$A$2:$B$326,2,FALSE),"") | X92: =SUM(F92,J92) -> 0 | Y92: =V92 -> 0 | Z92: =SUM(X92:Y92) -> 0
A93: =W93 | B93: 2022 | C93: 0049 | D93: 2022_0049 | E93: Bellevue Community College | H93: 1462.02 | I93: 2.85e-06 | L93: 158133.63 | M93: 0.00024723 | P93: 123969.87 | Q93: 0.00024159 | R93: Bellevue Community College | S93: Bellevue Community College | T93: Bellevue Community College | U93: =SUM(G93,I93,O93,Q93) -> 0.00024444 | W93: =IFERROR(VLOOKUP(E93,'LEAID Match'!$A$2:$B$326,2,FALSE),"") | X93: =SUM(F93,J93) -> 0 | Y93: =V93 -> 0 | Z93: =SUM(X93:Y93) -> 0
A94: =W94 | B94: 2023 | C94: 0049 | D94: 2023_0049 | E94: Bellevue Community College | H94: 211.37 | I94: 3.9e-07 | L94: 177350.47 | M94: 0.00026209 | P94: 141731.83 | Q94: 0.0002626 | R94: Bellevue Community College | S94: Bellevue Community College | T94: Bellevue Community College | U94: =SUM(G94,I94,O94,Q94) -> 0.00026299 | V94: =U94*250000000 -> 65747.5 | W94: =IFERROR(VLOOKUP(E94,'LEAID Match'!$A$2:$B$326,2,FALSE),"") | X94: =SUM(F94,J94) -> 0 | Y94: =V94 -> 65747.5 | Z94: =SUM(X94:Y94) -> 65747.5
A95: =W95 -> 5300390 | B95: 2015 | C95: 0050 | D95: 2015_0050 | E95: Bellevue School District 405 | F95: 181703.17 | G95: 0.00081198 | J95: 5482730.4 | K95: 0.02063137 | N95: 4375984.9 | O95: 0.01955513 | R95: Bellevue School District 405 | S95: Bellevue School District 405 | T95: Bellevue School District 405 | U95: =SUM(G95,I95,O95,Q95) -> 0.02036711 | W95: =IFERROR(VLOOKUP(E95,'LEAID Match'!$A$2:$B$326,2,FALSE),"") -> 5300390 | X95: =SUM(F95,J95) -> 5664433.6 | Y95: =V95 -> 0 | Z95: =SUM(X95:Y95) -> 5664433.6
A96: =W96 -> 5300390 | B96: 2016 | C96: 0050 | D96: 2016_0050 | E96: Bellevue School District 405 | F96: 167024.36 | G96: 0.00054957 | J96: 6727631.2 | K96: 0.02061142 | N96: 6036868 | O96: 0.01986361 | R96: Bellevue School District 405 | S96: Bellevue School District 405 | T96: Bellevue School District 405 | U96: =SUM(G96,I96,O96,Q96) -> 0.02041318 | W96: =IFERROR(VLOOKUP(E96,'LEAID Match'!$A$2:$B$326,2,FALSE),"") -> 5300390 | X96: =SUM(F96,J96) -> 6894655.6 | Y96: =V96 -> 0 | Z96: =SUM(X96:Y96) -> 6894655.6
A97: =W97 -> 5300390 | B97: 2017 | C97: 0050 | D97: 2017_0050 | E97: Bellevue School District 405 | F97: 163899.39 | G97: 0.00046837 | J97: 7570571.6 | K97: 0.02054707 | N97: 7018356.5 | O97: 0.02005611 | R97: Bellevue School District 405 | S97: Bellevue School District 405 | T97: Bellevue School District 405 | U97: =SUM(G97,I97,O97,Q97) -> 0.02052448 | W97: =IFERROR(VLOOKUP(E97,'LEAID Match'!$A$2:$B$326,2,FALSE),"") -> 5300390 | X97: =SUM(F97,J97) -> 7734471 | Y97: =V97 -> 0 | Z97: =SUM(X97:Y97) -> 7734471
A98: =W98 -> 5300390 | B98: 2018 | C98: 0050 | D98: 2018_0050 | E98: Bellevue School District 405 | F98: 173444.13 | G98: 0.00041704 | J98: 9024516.4 | K98: 0.02029895 | N98: 8307341.3 | O98: 0.0199747 | R98: Bellevue School District 405 | S98: Bellevue School District 405 | T98: Bellevue School District 405 | U98: =SUM(G98,I98,O98,Q98) -> 0.02039174 | W98: =IFERROR(VLOOKUP(E98,'LEAID Match'!$A$2:$B$326,2,FALSE),"") -> 5300390 | X98: =SUM(F98,J98) -> 9197960.5 | Y98: =V98 -> 0 | Z98: =SUM(X98:Y98) -> 9197960.5
A99: =W99 -> 5300390 | B99: 2019 | C99: 0050 | D99: 2019_0050 | E99: Bellevue School District 405 | F99: 142537.14 | G99: 0.00028701 | J99: 10814430 | K99: 0.02069014 | N99: 10144092 | O99: 0.02042601 | R99: Bellevue School District 405 | S99: Bellevue School District 405 | T99: Bellevue School District 405 | U99: =SUM(G99,I99,O99,Q99) -> 0.02071302 | W99: =IFERROR(VLOOKUP(E99,'LEAID Match'!$A$2:$B$326,2,FALSE),"") -> 5300390 | X99: =SUM(F99,J99) -> 10956967 | Y99: =V99 -> 0 | Z99: =SUM(X99:Y99) -> 10956967
A100: =W100 -> 5300390 | B100: 2020 | C100: 0050 | D100: 2020_0050 | E100: Bellevue School District 405 | F100: 116321.49 | G100: 0.0002215 | J100: 12207433 | K100: 0.02098074 | N100: 10961425 | O100: 0.02087286 | R100: Bellevue School District 405 | S100: Bellevue School District 405 | T100: Bellevue School District 405 | U100: =SUM(G100,I100,O100,Q100) -> 0.02109436 | W100: =IFERROR(VLOOKUP(E100,'LEAID Match'!$A$2:$B$326,2,FALSE),"") -> 5300390 | X100: =SUM(F100,J100) -> 12323754 | Y100: =V100 -> 0 | Z100: =SUM(X100:Y100) -> 12323754
...

Sheet GASB Data -->

Sheet Final Check
A1: Employer Contribution Check Plan 1 | J1: Employer Contribution Check Plan 2/3 | S1: Employer Contribution Check Plan 1 UAAL | AB1: Allocation Percentage Check
A2: Year | B2: Employer Reported | C2: Employer Total from Formula | D2: State Agency Contributions | E2: State Total from Formula | F2: Employer Difference | G2: State Difference | H2: Notes | J2: Year | K2: Employer Reported | L2: Employer Total from Formula | M2: State Agency Contributions | N2: State Total from Formula | O2: Employer Difference | P2: State Difference | Q2: Notes | S2: Year | T2: Employer Reported | U2: Employer Total from Formula | V2: State Agency Contributions | W2: State Total from Formula | X2: Employer Difference | Y2: State Difference | Z2: Notes | AB2: Year | AC2: Plan 1 Employer | AD2: Plan 1 State | AE2: Plan 1 UAAL Employer | AF2: Plan 1 UAAL State | AG2: Total
A3: 2015 | B3: 11366880 | C3: =SUMIF(Summary!B:B,'Final Check'!A3,Summary!F:F) -> 11366880 | D3: 388219.29 | E3: =SUMIF(Summary!B:B,'Final Check'!A3,Summary!H:H) -> 388219.29 | F3: =B3-C3 -> 0 | G3: =D3-E3 -> 0 | J3: 2015 | K3: 2.6382385e+08 | L3: =SUMIF(Summary!B:B,'Final Check'!A3,Summary!J:J) -> 2.6382385e+08 | M3: 1923475.1 | N3: =SUMIF(Summary!B:B,'Final Check'!A3,Summary!L:L) -> 1923475.1 | O3: =K3-L3 -> 0 | P3: =M3-N3 -> 0 | S3: 2015 | T3: 2.1048975e+08 | U3: =SUMIF(Summary!B:B,'Final Check'!A3,Summary!N:N) -> 2.1048975e+08 | V3: 1532019.3 | W3: =SUMIF(Summary!B:B,'Final Check'!A3,Summary!P:P) -> 1532019.3 | X3: =T3-U3 -> 2.682209e-07 | Y3: =V3-W3 -> 0 | AB3: 2015 | AC3: =SUMIF(Summary!B:B,'Final Check'!AB3,Summary!G:G) -> 0.05079567 | AD3: =SUMIF(Summary!B:B,'Final Check'!AB3,Summary!I:I) -> 0.00173489 | AE3: =SUMIF(Summary!B:B,'Final Check'!AB3,Summary!O:O) -> 0.94062337 | AF3: =SUMIF(Summary!B:B,'Final Check'!AB3,Summary!Q:Q) -> 0.00684619 | AG3: =SUM(AC3:AF3) -> 1.0000001
A4: 2016 | B4: 10029664 | C4: =SUMIF(Summary!B:B,'Final Check'!A4,Summary!F:F) -> 10029664 | D4: 368815.48 | E4: =SUMIF(Summary!B:B,'Final Check'!A4,Summary!H:H) -> 368815.48 | F4: =B4-C4 -> 0 | G4: =D4-E4 -> 0 | J4: 2016 | K4: 3.2357568e+08 | L4: =SUMIF(Summary!B:B,'Final Check'!A4,Summary!J:J) -> 3.2357568e+08 | M4: 2827472.4 | N4: =SUMIF(Summary!B:B,'Final Check'!A4,Summary!L:L) -> 2827472.5 | O4: =K4-L4 -> 0 | P4: =M4-N4 -> -0.1 | S4: 2016 | T4: 2.909465e+08 | U4: =SUMIF(Summary!B:B,'Final Check'!A4,Summary!N:N) -> 2.909465e+08 | V4: 2570989.3 | W4: =SUMIF(Summary!B:B,'Final Check'!A4,Summary!P:P) -> 2570989.3 | X4: =T4-U4 -> 0 | Y4: =V4-W4 -> 0 | AB4: 2016 | AC4: =SUMIF(Summary!B:B,'Final Check'!AB4,Summary!G:G) -> 0.0330014 | AD4: =SUMIF(Summary!B:B,'Final Check'!AB4,Summary!I:I) -> 0.00121352 | AE4: =SUMIF(Summary!B:B,'Final Check'!AB4,Summary!O:O) -> 0.95732554 | AF4: =SUMIF(Summary!B:B,'Final Check'!AB4,Summary!Q:Q) -> 0.00845956 | AG4: =SUM(AC4:AF4) -> 1
A5: 2017 | B5: 8086251.5 | C5: =SUMIF(Summary!B:B,'Final Check'!A5,Summary!F:F) -> 8086251.6 | D5: 326043.38 | E5: =SUMIF(Summary!B:B,'Final Check'!A5,Summary!H:H) -> 326043.38 | F5: =B5-C5 -> 0 | G5: =D5-E5 -> 0 | J5: 2017 | K5: 3.6490793e+08 | L5: =SUMIF(Summary!B:B,'Final Check'!A5,Summary!J:J) -> 3.6490793e+08 | M5: 3542176 | N5: =SUMIF(Summary!B:B,'Final Check'!A5,Summary!L:L) -> 3542176 | O5: =K5-L5 -> 0 | P5: =M5-N5 -> 0 | S5: 2017 | T5: 3.3824175e+08 | U5: =SUMIF(Summary!B:B,'Final Check'!A5,Summary!N:N) -> 3.3824175e+08 | V5: 3282093.9 | W5: =SUMIF(Summary!B:B,'Final Check'!A5,Summary!P:P) -> 3282093.9 | X5: =T5-U5 -> 0 | Y5: =V5-W5 -> 0 | AB5: 2017 | AC5: =SUMIF(Summary!B:B,'Final Check'!AB5,Summary!G:G) -> 0.02310781 | AD5: =SUMIF(Summary!B:B,'Final Check'!AB5,Summary!I:I) -> 0.00093172 | AE5: =SUMIF(Summary!B:B,'Final Check'!AB5,Summary!O:O) -> 0.96658137 | AF5: =SUMIF(Summary!B:B,'Final Check'!AB5,Summary!Q:Q) -> 0.00937909 | AG5: =SUM(AC5:AF5) -> 0.99999999
A6: 2018 | B6: 6678806.5 | C6: =SUMIF(Summary!B:B,'Final Check'!A6,Summary!F:F) -> 6678806.5 | D6: 271603.94 | E6: =SUMIF(Summary!B:B,'Final Check'!A6,Summary!H:H) -> 271603.94 | F6: =B6-C6 -> 0 | G6: =D6-E6 -> 0 | J6: 2018 | K6: 4.3988162e+08 | L6: =SUMIF(Summary!B:B,'Final Check'!A6,Summary!J:J) -> 4.3988162e+08 | M6: 4698876.1 | N6: =SUMIF(Summary!B:B,'Final Check'!A6,Summary!L:L) -> 4698876.1 | O6: =K6-L6 -> 0 | P6: =M6-N6 -> 0 | S6: 2018 | T6: 4.046323e+08 | U6: =SUMIF(Summary!B:B,'Final Check'!A6,Summary!N:N) -> 4.046323e+08 | V6: 4310448.2 | W6: =SUMIF(Summary!B:B,'Final Check'!A6,Summary!P:P) -> 4310448.2 | X6: =T6-U6 -> 0 | Y6: =V6-W6 -> 0 | AB6: 2018 | AC6: =SUMIF(Summary!B:B,'Final Check'!AB6,Summary!G:G) -> 0.01605893 | AD6: =SUMIF(Summary!B:B,'Final Check'!AB6,Summary!I:I) -> 0.00065304 | AE6: =SUMIF(Summary!B:B,'Final Check'!AB6,Summary!O:O) -> 0.97292369 | AF6: =SUMIF(Summary!B:B,'Final Check'!AB6,Summary!Q:Q) -> 0.01036432 | AG6: =SUM(AC6:AF6) -> 0.99999998
A7: 2019 | B7: 5381785 | C7: =SUMIF(Summary!B:B,'Final Check'!A7,Summary!F:F) -> 5381785 | D7: 241304.74 | E7: =SUMIF(Summary!B:B,'Final Check'!A7,Summary!H:H) -> 241304.74 | F7: =B7-C7 -> 0 | G7: =D7-E7 -> 0 | J7: 2019 | K7: 5.1714333e+08 | L7: =SUMIF(Summary!B:B,'Final Check'!A7,Summary!J:J) -> 5.1714333e+08 | M7: 5541972.2 | N7: =SUMIF(Summary!B:B,'Final Check'!A7,Summary!L:L) -> 5541972.2 | O7: =K7-L7 -> 0 | P7: =M7-N7 -> 0 | S7: 2019 | T7: 4.8580801e+08 | U7: =SUMIF(Summary!B:B,'Final Check'!A7,Summary!N:N) -> 4.8580801e+08 | V7: 5195170.5 | W7: =SUMIF(Summary!B:B,'Final Check'!A7,Summary!P:P) -> 5195170.5 | X7: =T7-U7 -> 0 | Y7: =V7-W7 -> 0 | AB7: 2019 | AC7: =SUMIF(Summary!B:B,'Final Check'!AB7,Summary!G:G) -> 0.01083669 | AD7: =SUMIF(Summary!B:B,'Final Check'!AB7,Summary!I:I) -> 0.00048588 | AE7: =SUMIF(Summary!B:B,'Final Check'!AB7,Summary!O:O) -> 0.97821649 | AF7: =SUMIF(Summary!B:B,'Final Check'!AB7,Summary!Q:Q) -> 0.01046093 | AG7: =SUM(AC7:AF7) -> 0.99999999
A8: 2020 | B8: 4223996.3 | C8: =SUMIF(Summary!B:B,'Final Check'!A8,Summary!F:F) -> 4223996.3 | D8: 224773.37 | E8: =SUMIF(Summary!B:B,'Final Check'!A8,Summary!H:H) -> 224773.37 | F8: =B8-C8 -> 0 | G8: =D8-E8 -> 0 | J8: 2020 | K8: 5.7510956e+08 | L8: =SUMIF(Summary!B:B,'Final Check'!A8,Summary!J:J) -> 5.7510956e+08 | M8: 6730413.9 | N8: =SUMIF(Summary!B:B,'Final Check'!A8,Summary!L:L) -> 6730413.9 | O8: =K8-L8 -> 0 | P8: =M8-N8 -> 0 | S8: 2020 | T8: 5.1471309e+08 | U8: =SUMIF(Summary!B:B,'Final Check'!A8,Summary!N:N) -> 5.1471309e+08 | V8: 5990088.5 | W8: =SUMIF(Summary!B:B,'Final Check'!A8,Summary!P:P) -> 5990088.5 | X8: =T8-U8 -> 0 | Y8: =V8-W8 -> 0 | AB8: 2020 | AC8: =SUMIF(Summary!B:B,'Final Check'!AB8,Summary!G:G) -> 0.00804332 | AD8: =SUMIF(Summary!B:B,'Final Check'!AB8,Summary!I:I) -> 0.00042801 | AE8: =SUMIF(Summary!B:B,'Final Check'!AB8,Summary!O:O) -> 0.98012218 | AF8: =SUMIF(Summary!B:B,'Final Check'!AB8,Summary!Q:Q) -> 0.01140639 | AG8: =SUM(AC8:AF8) -> 0.9999999
A9: 2021 | B9: 2893717 | C9: =SUMIF(Summary!B:B,'Final Check'!A9,Summary!F:F) -> 2893717 | D9: 175966.81 | E9: =SUMIF(Summary!B:B,'Final Check'!A9,Summary!H:H) -> 175966.81 | F9: =B9-C9 -> 0 | G9: =D9-E9 -> 0 | J9: 2021 | K9: 5.9742305e+08 | L9: =SUMIF(Summary!B:B,'Final Check'!A9,Summary!J:J) -> 5.9742305e+08 | M9: 7741682.4 | N9: =SUMIF(Summary!B:B,'Final Check'!A9,Summary!L:L) -> 7741682.4 | O9: =K9-L9 -> -9.5367432e-07 | P9: =M9-N9 -> 0 | S9: 2021 | T9: 5.3954277e+08 | U9: =SUMIF(Summary!B:B,'Final Check'!A9,Summary!N:N) -> 5.3954277e+08 | V9: 7006043.5 | W9: =SUMIF(Summary!B:B,'Final Check'!A9,Summary!P:P) -> 7006043.5 | X9: =T9-U9 -> 0 | Y9: =V9-W9 -> 0 | AB9: 2021 | AC9: =SUMIF(Summary!B:B,'Final Check'!AB9,Summary!G:G) -> 0.00526497 | AD9: =SUMIF(Summary!B:B,'Final Check'!AB9,Summary!I:I) -> 0.00032018 | AE9: =SUMIF(Summary!B:B,'Final Check'!AB9,Summary!O:O) -> 0.98166772 | AF9: =SUMIF(Summary!B:B,'Final Check'!AB9,Summary!Q:Q) -> 0.01274712 | AG9: =SUM(AC9:AF9) -> 0.99999999
A10: 2022 | B10: 1836087.4 | C10: =SUMIF(Summary!B:B,'Final Check'!A10,Summary!F:F) -> 1836087.4 | D10: 103921.6 | E10: =SUMIF(Summary!B:B,'Final Check'!A10,Summary!H:H) -> 103921.6 | F10: =B10-C10 -> 0 | G10: =D10-E10 -> 0 | J10: 2022 | K10: 631238644 | L10: =SUMIF(Summary!B:B,'Final Check'!A10,Summary!J:J) -> 6.3123864e+08 | M10: 8377438.5 | N10: =SUMIF(Summary!B:B,'Final Check'!A10,Summary!L:L) -> 8377438.5 | O10: =K10-L10 -> 0 | P10: =M10-N10 -> 0 | S10: 2022 | T10: 5.0458304e+08 | U10: =SUMIF(Summary!B:B,'Final Check'!A10,Summary!N:N) -> 5.0458304e+08 | V10: 6625866.7 | W10: =SUMIF(Summary!B:B,'Final Check'!A10,Summary!P:P) -> 6625866.7 | X10: =T10-U10 -> 0 | Y10: =V10-W10 -> 0 | AB10: 2022 | AC10: =SUMIF(Summary!B:B,'Final Check'!AB10,Summary!G:G) -> 0.00357812 | AD10: =SUMIF(Summary!B:B,'Final Check'!AB10,Summary!I:I) -> 0.00020252 | AE10: =SUMIF(Summary!B:B,'Final Check'!AB10,Summary!O:O) -> 0.98330726 | AF10: =SUMIF(Summary!B:B,'Final Check'!AB10,Summary!Q:Q) -> 0.01291217 | AG10: =SUM(AC10:AF10) -> 1.0000001
A11: 2023 | B11: 1341220.8 | C11: =SUMIF(Summary!B:B,'Final Check'!A11,Summary!F:F) -> 1341220.8 | D11: 109560.56 | E11: =SUMIF(Summary!B:B,'Final Check'!A11,Summary!H:H) -> 109560.56 | F11: =B11-C11 -> 0 | G11: =D11-E11 -> 0 | J11: 2023 | K11: 6.6703359e+08 | L11: =SUMIF(Summary!B:B,'Final Check'!A11,Summary!J:J) -> 6.6703359e+08 | M11: 9633439.8 | N11: =SUMIF(Summary!B:B,'Final Check'!A11,Summary!L:L) -> 9633439.8 | O11: =K11-L11 -> 0 | P11: =M11-N11 -> 0 | S11: 2023 | T11: 5.3058379e+08 | U11: =SUMIF(Summary!B:B,'Final Check'!A11,Summary!N:N) -> 5.3058379e+08 | V11: 7687443.8 | W11: =SUMIF(Summary!B:B,'Final Check'!A11,Summary!P:P) -> 7687443.7 | X11: =T11-U11 -> 0 | Y11: =V11-W11 -> 0 | AB11: 2023 | AC11: =SUMIF(Summary!B:B,'Final Check'!AB11,Summary!G:G) -> 0.002485 | AD11: =SUMIF(Summary!B:B,'Final Check'!AB11,Summary!I:I) -> 0.00020299 | AE11: =SUMIF(Summary!B:B,'Final Check'!AB11,Summary!O:O) -> 0.98306867 | AF11: =SUMIF(Summary!B:B,'Final Check'!AB11,Summary!Q:Q) -> 0.01424333 | AG11: =SUM(AC11:AF11) -> 0.99999999

Sheet Plan 1
A1: year | B1: employer_code | C1: year_employer_code | D1: standardized_employer_name | E1: employer_name_1 | F1: plan1_employer_contributions | G1: plan1_allocation_percentage | H1: state_agency_contributions | I1: state_agency_allocation
A2: 2015 | B2: 1219 | C2: =_xlfn.TEXTJOIN("_",TRUE,A2:B2) -> 2015_1219 | D2: University of WA | E2: University of WA | H2: 43230.42 | I2: 0.00019319
A3: 2015 | B3: 0772 | C3: =_xlfn.TEXTJOIN("_",TRUE,A3:B3) -> 2015_0772 | D3: Superintendent of Public Instruction | E3: Superintendent of Public Instruction | H3: 29066.84 | I3: 0.00012989
A4: 2015 | B4: 0873 | C4: =_xlfn.TEXTJOIN("_",TRUE,A4:B4) -> 2015_0873 | D4: Skagit Valley College | E4: Skagit Valley College | H4: 23909.88 | I4: 0.00010685
A5: 2015 | B5: 0179 | C5: =_xlfn.TEXTJOIN("_",TRUE,A5:B5) -> 2015_0179 | D5: Spokane Community College | E5: Spokane Community College | H5: 18081.77 | I5: 8.08e-05
A6: 2015 | B6: 0839 | C6: =_xlfn.TEXTJOIN("_",TRUE,A6:B6) -> 2015_0839 | D6: Seattle Community College | E6: Seattle Community College | H6: 17606.05 | I6: 7.868e-05
A7: 2015 | B7: 0008 | C7: =_xlfn.TEXTJOIN("_",TRUE,A7:B7) -> 2015_0008 | D7: Administrative Office of the Court | E7: Administrative Office of the Court | H7: 15867.71 | I7: 7.091e-05
A8: 2015 | B8: 0169 | C8: =_xlfn.TEXTJOIN("_",TRUE,A8:B8) -> 2015_0169 | D8: Columbia Basin Community College | E8: Columbia Basin Community College | H8: 15085.47 | I8: 6.741e-05
A9: 2015 | B9: 1079 | C9: =_xlfn.TEXTJOIN("_",TRUE,A9:B9) -> 2015_1079 | D9: Western WA University | E9: Western WA University | H9: 15010.04 | I9: 6.708e-05
A10: 2015 | B10: 0049 | C10: =_xlfn.TEXTJOIN("_",TRUE,A10:B10) -> 2015_0049 | D10: Bellevue Community College | E10: Bellevue Community College | H10: 14775.14 | I10: 6.603e-05
A11: 2015 | B11: 1667 | C11: =_xlfn.TEXTJOIN("_",TRUE,A11:B11) -> 2015_1667 | D11: Bellingham Technical College | E11: Bellingham Technical College | H11: 14474.2 | I11: 6.468e-05
A12: 2015 | B12: 0906 | C12: =_xlfn.TEXTJOIN("_",TRUE,A12:B12) -> 2015_0906 | D12: Social & Health Services Department of | E12: Social & Health Services Department of | H12: 13138.13 | I12: 5.871e-05
A13: 2015 | B13: 0256 | C13: =_xlfn.TEXTJOIN("_",TRUE,A13:B13) -> 2015_0256 | D13: Edmonds Community College | E13: Edmonds Community College | H13: 12581.9 | I13: 5.623e-05
A14: 2015 | B14: 0287 | C14: =_xlfn.TEXTJOIN("_",TRUE,A14:B14) -> 2015_0287 | D14: Everett Community College | E14: Everett Community College | H14: 12238.19 | I14: 5.469e-05
A15: 2015 | B15: 0360 | C15: =_xlfn.TEXTJOIN("_",TRUE,A15:B15) -> 2015_0360 | D15: Grays Harbor College | E15: Grays Harbor College | H15: 10720.32 | I15: 4.791e-05
A16: 2015 | B16: 0273 | C16: =_xlfn.TEXTJOIN("_",TRUE,A16:B16) -> 2015_0273 | D16: Employment Security Department of | E16: Employment Security Department of | H16: 10526.88 | I16: 4.704e-05
A17: 2015 | B17: 0176 | C17: =_xlfn.TEXTJOIN("_",TRUE,A17:B17) -> 2015_0176 | D17: Community & Technical Colleges State Board for | E17: Community & Technical Colleges State Board for | H17: 10517.04 | I17: 4.7e-05
A18: 2015 | B18: 0675 | C18: =_xlfn.TEXTJOIN("_",TRUE,A18:B18) -> 2015_0675 | D18: Olympic College | E18: Olympic College | H18: 8216.03 | I18: 3.672e-05
A19: 2015 | B19: 1088 | C19: =_xlfn.TEXTJOIN("_",TRUE,A19:B19) -> 2015_1088 | D19: Whatcom Community College | E19: Whatcom Community College | H19: 8132.32 | I19: 3.634e-05
A20: 2015 | B20: 1735 | C20: =_xlfn.TEXTJOIN("_",TRUE,A20:B20) -> 2015_1735 | D20: Financial Institutions Department of | E20: Financial Institutions Department of | H20: 8102.15 | I20: 3.621e-05
A21: 2015 | B21: 0254 | C21: =_xlfn.TEXTJOIN("_",TRUE,A21:B21) -> 2015_0254 | D21: Ecology Department of | E21: Ecology Department of | H21: 8015.05 | I21: 3.582e-05
A22: 2015 | B22: 0068 | C22: =_xlfn.TEXTJOIN("_",TRUE,A22:B22) -> 2015_0068 | D22: Big Bend Community College | E22: Big Bend Community College | H22: 7998.96 | I22: 3.575e-05
A23: 2015 | B23: 0864 | C23: =_xlfn.TEXTJOIN("_",TRUE,A23:B23) -> 2015_0864 | D23: Shoreline Community College | E23: Shoreline Community College | H23: 7992.36 | I23: 3.572e-05
A24: 2015 | B24: 0997 | C24: =_xlfn.TEXTJOIN("_",TRUE,A24:B24) -> 2015_0997 | D24: Transportation Department of | E24: Transportation Department of | H24: 7832.43 | I24: 3.5e-05
A25: 2015 | B25: 1053 | C25: =_xlfn.TEXTJOIN("_",TRUE,A25:B25) -> 2015_1053 | D25: Walla Walla Community College | E25: Walla Walla Community College | H25: 7482.15 | I25: 3.344e-05
A26: 2015 | B26: 0178 | C26: =_xlfn.TEXTJOIN("_",TRUE,A26:B26) -> 2015_0178 | D26: Centralia College | E26: Centralia College | H26: 7333.2 | I26: 3.277e-05
A27: 2015 | B27: 1074 | C27: =_xlfn.TEXTJOIN("_",TRUE,A27:B27) -> 2015_1074 | D27: Wenatchee Valley College | E27: Wenatchee Valley College | H27: 7172.05 | I27: 3.205e-05
A28: 2015 | B28: 1021 | C28: =_xlfn.TEXTJOIN("_",TRUE,A28:B28) -> 2015_1021 | D28: WA State University | E28: WA State University | H28: 6428.75 | I28: 2.873e-05
A29: 2015 | B29: 0377 | C29: =_xlfn.TEXTJOIN("_",TRUE,A29:B29) -> 2015_0377 | D29: Highline Community College | E29: Highline Community College | H29: 6210.5 | I29: 2.775e-05
A30: 2015 | B30: 1591 | C30: =_xlfn.TEXTJOIN("_",TRUE,A30:B30) -> 2015_1591 | D30: South Puget Sound Community College | E30: South Puget Sound Community College | H30: 5274.54 | I30: 2.357e-05
A31: 2015 | B31: 0117 | C31: =_xlfn.TEXTJOIN("_",TRUE,A31:B31) -> 2015_0117 | D31: Central WA University | E31: Central WA University | H31: 3907.71 | I31: 1.746e-05
A32: 2015 | B32: 0152 | C32: =_xlfn.TEXTJOIN("_",TRUE,A32:B32) -> 2015_0152 | D32: Clark Community College | E32: Clark Community College | H32: 3563.41 | I32: 1.592e-05
A33: 2015 | B33: 0365 | C33: =_xlfn.TEXTJOIN("_",TRUE,A33:B33) -> 2015_0365 | D33: Green Hill School | E33: Green Hill School | H33: 2888.41 | I33: 1.291e-05
A34: 2015 | B34: 1673 | C34: =_xlfn.TEXTJOIN("_",TRUE,A34:B34) -> 2015_1673 | D34: Lake Washington Institute of Technology | E34: Lake Washington Institute of Technology | H34: 2563.45 | I34: 1.146e-05
A35: 2015 | B35: 1130 | C35: =_xlfn.TEXTJOIN("_",TRUE,A35:B35) -> 2015_1130 | D35: Yakima Valley College | E35: Yakima Valley College | H35: 1294.61 | I35: 5.79e-06
A36: 2015 | B36: 0741 | C36: =_xlfn.TEXTJOIN("_",TRUE,A36:B36) -> 2015_0741 | D36: Pierce College | E36: Pierce College | H36: 940.39 | I36: 4.2e-06
A37: 2015 | B37: 0247 | C37: =_xlfn.TEXTJOIN("_",TRUE,A37:B37) -> 2015_0247 | D37: Eastern WA University | E37: Eastern WA University | H37: 40.84 | I37: 1.8e-07
A38: 2015 | B38: 0844 | C38: =_xlfn.TEXTJOIN("_",TRUE,A38:B38) -> 2015_0844 | D38: Seattle School District 001 | E38: Seattle School District 001 | F38: 694302.83 | G38: 0.00310266
A39: 2015 | B39: 0966 | C39: =_xlfn.TEXTJOIN("_",TRUE,A39:B39) -> 2015_0966 | D39: Tacoma School District 010 | E39: Tacoma School District 010 | F39: 547754.85 | G39: 0.00244777
A40: 2015 | B40: 0653 | C40: =_xlfn.TEXTJOIN("_",TRUE,A40:B40) -> 2015_0653 | D40: Northshore School District 417 | E40: Northshore School District 417 | F40: 390283.46 | G40: 0.00174407
A41: 2015 | B41: 0518 | C41: =_xlfn.TEXTJOIN("_",TRUE,A41:B41) -> 2015_0518 | D41: Lake Washington School District 414 | E41: Lake Washington School District 414 | F41: 339951.2 | G41: 0.00151915
A42: 2015 | B42: 0926 | C42: =_xlfn.TEXTJOIN("_",TRUE,A42:B42) -> 2015_0926 | D42: Spokane Public Schools | E42: Spokane Public Schools | F42: 267426.77 | G42: 0.00119506
A43: 2015 | B43: 0290 | C43: =_xlfn.TEXTJOIN("_",TRUE,A43:B43) -> 2015_0290 | D43: Everett School District 002 | E43: Everett School District 002 | F43: 251782.25 | G43: 0.00112515
A44: 2015 | B44: 0784 | C44: =_xlfn.TEXTJOIN("_",TRUE,A44:B44) -> 2015_0784 | D44: Puyallup School District 003 | E44: Puyallup School District 003 | F44: 244595.12 | G44: 0.00109303
A45: 2015 | B45: 0291 | C45: =_xlfn.TEXTJOIN("_",TRUE,A45:B45) -> 2015_0291 | D45: Evergreen School District 114 | E45: Evergreen School District 114 | F45: 223888.51 | G45: 0.0010005
A46: 2015 | B46: 1128 | C46: =_xlfn.TEXTJOIN("_",TRUE,A46:B46) -> 2015_1128 | D46: Yakima School District 007 | E46: Yakima School District 007 | F46: 220955.26 | G46: 0.00098739
A47: 2015 | B47: 0258 | C47: =_xlfn.TEXTJOIN("_",TRUE,A47:B47) -> 2015_0258 | D47: Edmonds School District 015 | E47: Edmonds School District 015 | F47: 210920.83 | G47: 0.00094255
A48: 2015 | B48: 0623 | C48: =_xlfn.TEXTJOIN("_",TRUE,A48:B48) -> 2015_0623 | D48: Mukilteo School District 006 | E48: Mukilteo School District 006 | F48: 205831.45 | G48: 0.00091981
A49: 2015 | B49: 0435 | C49: =_xlfn.TEXTJOIN("_",TRUE,A49:B49) -> 2015_0435 | D49: Kent School District 415 | E49: Kent School District 415 | F49: 204506.61 | G49: 0.00091389
... A263: 2015 | B263: 0536 | C263: =_xlfn.TEXTJOIN("_",TRUE,A263:B263) -> 2015_0536 | D263: Liberty School District 362 | E263: Liberty School District 362 | F263: 485.35 | G263: 2.17e-06
A264: 2016 | B264: 1219 | C264: =_xlfn.TEXTJOIN("_",TRUE,A264:B264) -> 2016_1219 | D264: University of WA | E264: University of WA | H264: 37704.29 | I264: 0.00012406
A265: 2016 | B265: 0772 | C265: =_xlfn.TEXTJOIN("_",TRUE,A265:B265) -> 2016_0772 | D265: Superintendent of Public Instruction | E265: Superintendent of Public Instruction | H265: 26513.3 | I265: 8.724e-05
A266: 2016 | B266: 0179 | C266: =_xlfn.TEXTJOIN("_",TRUE,A266:B266) -> 2016_0179 | D266: Spokane Community College | E266: Spokane Community College | H266: 21168.64 | I266: 6.965e-05
A267: 2016 | B267: 0049 | C267: =_xlfn.TEXTJOIN("_",TRUE,A267:B267) -> 2016_0049 | D267: Bellevue Community College | E267: Bellevue Community College | H267: 20302.85 | I267: 6.68e-05
A268: 2016 | B268: 0008 | C268: =_xlfn.TEXTJOIN("_",TRUE,A268:B268) -> 2016_0008 | D268: Administrative Office of the Courts | E268: Administrative Office of the Courts | H268: 19997.69 | I268: 6.58e-05
A269: 2016 | B269: 0169 | C269: =_xlfn.TEXTJOIN("_",TRUE,A269:B269) -> 2016_0169 | D269: Columbia Basin Community College | E269: Columbia Basin Community College | H269: 19459.26 | I269: 6.403e-05
A270: 2016 | B270: 0839 | C270: =_xlfn.TEXTJOIN("_",TRUE,A270:B270) -> 2016_0839 | D270: Seattle Community College | E270: Seattle Community College | H270: 15527.29 | I270: 5.109e-05
A271: 2016 | B271: 0256 | C271: =_xlfn.TEXTJOIN("_",TRUE,A271:B271) -> 2016_0256 | D271: Edmonds Community College | E271: Edmonds Community College | H271: 15512.02 | I271: 5.104e-05
A272: 2016 | B272: 0287 | C272: =_xlfn.TEXTJOIN("_",TRUE,A272:B272) -> 2016_0287 | D272: Everett Community College | E272: Everett Community College | H272: 13928.17 | I272: 4.583e-05
A273: 2016 | B273: 0873 | C273: =_xlfn.TEXTJOIN("_",TRUE,A273:B273) -> 2016_0873 | D273: Skagit Valley College | E273: Skagit Valley College | H273: 13411.55 | I273: 4.413e-05
A274: 2016 | B274: 0360 | C274: =_xlfn.TEXTJOIN("_",TRUE,A274:B274) -> 2016_0360 | D274: Grays Harbor College | E274: Grays Harbor College | H274: 13374.68 | I274: 4.401e-05
A275: 2016 | B275: 0273 | C275: =_xlfn.TEXTJOIN("_",TRUE,A275:B275) -> 2016_0273 | D275: Employment Security Department of | E275: Employment Security Department of | H275: 13133.35 | I275: 4.321e-05
... A298: 2016 | B298: 0247 | C298: =_xlfn.TEXTJOIN("_",TRUE,A298:B298) -> 2016_0247 | D298: Eastern WA University | E298: Eastern WA University | H298: 40.84 | I298: 1.3e-07
A299: 2016 | B299: 0844 | C299: =_xlfn.TEXTJOIN("_",TRUE,A299:B299) -> 2016_0844 | D299: Seattle School District 001 | E299: Seattle School District 001 | F299: 658666.4 | G299: 0.00216726
A300: 2016 | B300: 0966 | C300: =_xlfn.TEXTJOIN("_",TRUE,A300:B300) -> 2016_0966 | D300: Tacoma School District 010 | E300: Tacoma School District 010 | F300: 443955.88 | G300: 0.00146078
A301: 2016 | B301: 0653 | C301: =_xlfn.TEXTJOIN("_",TRUE,A301:B301) -> 2016_0653 | D301: Northshore School District 417 | E301: Northshore School District 417 | F301: 326678.87 | G301: 0.0010749
A302: 2016 | B302: 0518 | C302: =_xlfn.TEXTJOIN("_",TRUE,A302:B302) -> 2016_0518 | D302: Lake Washington School District 414 | E302: Lake Washington School District 414 | F302: 277132.53 | G302: 0.00091187
A303: 2016 | B303: 0926 | C303: =_xlfn.TEXTJOIN("_",TRUE,A303:B303) -> 2016_0926 | D303: Spokane Public Schools | E303: Spokane Public Schools | F303: 254773.57 | G303: 0.0008383
A304: 2016 | B304: 0290 | C304: =_xlfn.TEXTJOIN("_",TRUE,A304:B304) -> 2016_0290 | D304: Everett School District 002 | E304: Everett School District 002 | F304: 238988.61 | G304: 0.00078636
A305: 2016 | B305: 0784 | C305: =_xlfn.TEXTJOIN("_",TRUE,A305:B305) -> 2016_0784 | D305: Puyallup School District 003 | E305: Puyallup School District 003 | F305: 193162.23 | G305: 0.00063558
A306: 2016 | B306: 0291 | C306: =_xlfn.TEXTJOIN("_",TRUE,A306:B306) -> 2016_0291 | D306: Evergreen School District 114 | E306: Evergreen School District 114 | F306: 187677.89 | G306: 0.00061753
A307: 2016 | B307: 0258 | C307: =_xlfn.TEXTJOIN("_",TRUE,A307:B307) -> 2016_0258 | D307: Edmonds School District 015 | E307: Edmonds School District 015 | F307: 187204.58 | G307: 0.00061597
A308: 2016 | B308: 1128 | C308: =_xlfn.TEXTJOIN("_",TRUE,A308:B308) -> 2016_1128 | D308: Yakima School District 007 | E308: Yakima School District 007 | F308: 185833.94 | G308: 0.00061146
A309: 2016 | B309: 0623 | C309: =_xlfn.TEXTJOIN("_",TRUE,A309:B309) -> 2016_0623 | D309: Mukilteo School District 006 | E309: Mukilteo School District 006 | F309: 170945.18 | G309: 0.00056248
A310: 2016 | B310: 0050 | C310: =_xlfn.TEXTJOIN("_",TRUE,A310:B310) -> 2016_0050 | D310: Bellevue School District 405 | E310: Bellevue School District 405 | F310: 167024.36 | G310: 0.00054957
... A504: 2016 | B504: 0266 | C504: =_xlfn.TEXTJOIN("_",TRUE,A504:B504) -> 2016_0266 | D504: North Central WA Educational Service District | E504: North Central WA Educational Service District | F504: 582.52 | G504: 1.92e-06
A505: 2017 | B505: 1219 | C505: =_xlfn.TEXTJOIN("_",TRUE,A505:B505) -> 2017_1219 | D505: University of WA | E505: University of WA | H505: 38597.55 | I505: 0.0001103
A506: 2017 | B506: 0772 | C506: =_xlfn.TEXTJOIN("_",TRUE,A506:B506) -> 2017_0772 | D506: Superintendent of Public Instruction | E506: Superintendent of Public Instruction | H506: 25879.86 | I506: 7.396e-05
A507: 2017 | B507: 0179 | C507: =_xlfn.TEXTJOIN("_",TRUE,A507:B507) -> 2017_0179 | D507: Spokane Community College | E507: Spokane Community College | H507: 23681.49 | I507: 6.767e-05
A508: 2017 | B508: 0169 | C508: =_xlfn.TEXTJOIN("_",TRUE,A508:B508) -> 2017_0169 | D508: Columbia Basin Community College | E508: Columbia Basin Community College | H508: 20021.17 | I508: 5.721e-05
A509: 2017 | B509: 0839 | C509: =_xlfn.TEXTJOIN("_",TRUE,A509:B509) -> 2017_0839 | D509: Seattle Community College | E509: Seattle Community College | H509: 16926.29 | I509: 4.837e-05
A510: 2017 | B510: 0049 | C510: =_xlfn.TEXTJOIN("_",TRUE,A510:B510) -> 2017_0049 | D510: Bellevue Community College | E510: Bellevue Community College | H510: 14372.37 | I510: 4.107e-05
A511: 2017 | B511: 0360 | C511: =_xlfn.TEXTJOIN("_",TRUE,A511:B511) -> 2017_0360 | D511: Grays Harbor College | E511: Grays Harbor College | H511: 14246.93 | I511: 4.071e-05
A512: 2017 | B512: 0176 | C512: =_xlfn.TEXTJOIN("_",TRUE,A512:B512) -> 2017_0176 | D512: Community & Technical Colleges State Board for | E512: Community & Technical Colleges State Board for | H512: 13976.66 | I512: 3.994e-05
A513: 2017 | B513: 1088 | C513: =_xlfn.TEXTJOIN("_",TRUE,A513:B513) -> 2017_1088 | D513: Whatcom Community College | E513: Whatcom Community College | H513: 13323.87 | I513: 3.808e-05
A514: 2017 | B514: 0273 | C514: =_xlfn.TEXTJOIN("_",TRUE,A514:B514) -> 2017_0273 | D514: Employment Security Department of | E514: Employment Security Department of | H514: 12610.16 | I514: 3.604e-05
A515: 2017 | B515: 0008 | C515: =_xlfn.TEXTJOIN("_",TRUE,A515:B515) -> 2017_0008 | D515: Administrative Office of the Courts | E515: Administrative Office of the Courts | H515: 11547.38 | I515: 3.3e-05
A516: 2017 | B516: 1053 | C516: =_xlfn.TEXTJOIN("_",TRUE,A516:B516) -> 2017_1053 | D516: Walla Walla Community College | E516: Walla Walla Community College | H516: 10849.48 | I516: 3.1e-05
... A536: 2017 | B536: 0247 | C536: =_xlfn.TEXTJOIN("_",TRUE,A536:B536) -> 2017_0247 | D536: Eastern WA University | E536: Eastern WA University | H536: 51.8 | I536: 1.5e-07
A537: 2017 | B537: 0844 | C537: =_xlfn.TEXTJOIN("_",TRUE,A537:B537) -> 2017_0844 | D537: Seattle School District 001 | E537: Seattle School District 001 | F537: 545900.93 | G537: 0.00156
A538: 2017 | B538: 0966 | C538: =_xlfn.TEXTJOIN("_",TRUE,A538:B538) -> 2017_0966 | D538: Tacoma School District 010 | E538: Tacoma School District 010 | F538: 318777.94 | G538: 0.00091096
A539: 2017 | B539: 0518 | C539: =_xlfn.TEXTJOIN("_",TRUE,A539:B539) -> 2017_0518 | D539: Lake Washington School District 414 | E539: Lake Washington School District 414 | F539: 264055.56 | G539: 0.00075458
A540: 2017 | B540: 0653 | C540: =_xlfn.TEXTJOIN("_",TRUE,A540:B540) -> 2017_0653 | D540: Northshore School District 417 | E540: Northshore School District 417 | F540: 244221.24 | G540: 0.0006979
A541: 2017 | B541: 0926 | C541: =_xlfn.TEXTJOIN("_",TRUE,A541:B541) -> 2017_0926 | D541: Spokane School District 081 | E541: Spokane School District 081 | F541: 211909.54 | G541: 0.00060557
A542: 2017 | B542: 0290 | C542: =_xlfn.TEXTJOIN("_",TRUE,A542:B542) -> 2017_0290 | D542: Everett School District 002 | E542: Everett School District 002 | F542: 175065.49 | G542: 0.00050028
A543: 2017 | B543: 0291 | C543: =_xlfn.TEXTJOIN("_",TRUE,A543:B543) -> 2017_0291 | D543: Evergreen School District 114 | E543: Evergreen School District 114 | F543: 166457.23 | G543: 0.00047568
A544: 2017 | B544: 0050 | C544: =_xlfn.TEXTJOIN("_",TRUE,A544:B544) -> 2017_0050 | D544: Bellevue School District 405 | E544: Bellevue School District 405 | F544: 163899.39 | G544: 0.00046837
A545: 2017 | B545: 1128 | C545: =_xlfn.TEXTJOIN("_",TRUE,A545:B545) -> 2017_1128 | D545: Yakima School District 007 | E545: Yakima School District 007 | F545: 159169.08 | G545: 0.00045485
A546: 2017 | B546: 0258 | C546: =_xlfn.TEXTJOIN("_",TRUE,A546:B546) -> 2017_0258 | D546: Edmonds School District 015 | E546: Edmonds School District 015 | F546: 149032.41 | G546: 0.00042588
A547: 2017 | B547: 0673 | C547: =_xlfn.TEXTJOIN("_",TRUE,A547:B547) -> 2017_0673 | D547: Olympia School District 111 | E547: Olympia School District 111 | F547: 137328.48 | G547: 0.00039244
...

Sheet Plan 2 and 3
A1: year | B1: employer_code | C1: employer_code_year | D1: standardized_employer_code | E1: employer_name_2_3 | F1: plan2_3_employer_contributions | G1: plan2_3_allocation_percentage | H1: plan_2_3state_agency_contributions | I1: plan2_3_state_agency_allocation
A2: 2015 | B2: 1021 | C2: =_xlfn.TEXTJOIN("_",TRUE,A2:B2) -> 2015_1021 | D2: WA State University | E2: WA State University | H2: 359624.59 | I2: 0.00135326
A3: 2015 | B3: 1219 | C3: =_xlfn.TEXTJOIN("_",TRUE,A3:B3) -> 2015_1219 | D3: University of WA | E3: University of WA | H3: 305200.26 | I3: 0.00114846
A4: 2015 | B4: 0938 | C4: =_xlfn.TEXTJOIN("_",TRUE,A4:B4) -> 2015_0938 | D4: School for the Blind | E4: School for the Blind | H4: 132137.86 | I4: 0.00049723
A5: 2015 | B5: 0939 | C5: =_xlfn.TEXTJOIN("_",TRUE,A5:B5) -> 2015_0939 | D5: Center for Childhood Deafness WA State | E5: Center for Childhood Deafness WA State | H5: 112559.93 | I5: 0.00042356
A6: 2015 | B6: 0179 | C6: =_xlfn.TEXTJOIN("_",TRUE,A6:B6) -> 2015_0179 | D6: Spokane Community College | E6: Spokane Community College | H6: 73369.16 | I6: 0.00027609
A7: 2015 | B7: 0152 | C7: =_xlfn.TEXTJOIN("_",TRUE,A7:B7) -> 2015_0152 | D7: Clark Community College | E7: Clark Community College | H7: 70112.53 | I7: 0.00026383
A8: 2015 | B8: 0963 | C8: =_xlfn.TEXTJOIN("_",TRUE,A8:B8) -> 2015_0963 | D8: Tacoma Community College | E8: Tacoma Community College | H8: 69729.84 | I8: 0.00026239
A9: 2015 | B9: 0117 | C9: =_xlfn.TEXTJOIN("_",TRUE,A9:B9) -> 2015_0117 | D9: Central WA University | E9: Central WA University | H9: 69629.13 | I9: 0.00026201
A10: 2015 | B10: 0839 | C10: =_xlfn.TEXTJOIN("_",TRUE,A10:B10) -> 2015_0839 | D10: Seattle Community College | E10: Seattle Community College | H10: 61251.05 | I10: 0.00023049
A11: 2015 | B11: 1591 | C11: =_xlfn.TEXTJOIN("_",TRUE,A11:B11) -> 2015_1591 | D11: South Puget Sound Community College | E11: South Puget Sound Community College | H11: 57183.53 | I11: 0.00021518
A12: 2015 | B12: 0049 | C12: =_xlfn.TEXTJOIN("_",TRUE,A12:B12) -> 2015_0049 | D12: Bellevue Community College | E12: Bellevue Community College | H12: 46584.91 | I12: 0.0001753
A13: 2015 | B13: 0247 | C13: =_xlfn.TEXTJOIN("_",TRUE,A13:B13) -> 2015_0247 | D13: Eastern WA University | E13: Eastern WA University | H13: 42309.11 | I13: 0.00015921
... A45: 2015 | B45: 0298 | C45: =_xlfn.TEXTJOIN("_",TRUE,A45:B45) -> 2015_0298 | D45: Ferries WA State | E45: Ferries WA State | H45: 152.15 | I45: 5.7e-07
A46: 2015 | B46: 0844 | C46: =_xlfn.TEXTJOIN("_",TRUE,A46:B46) -> 2015_0844 | D46: Seattle School District 001 | E46: Seattle School District 001 | F46: 15048761 | G46: 0.05662808
A47: 2015 | B47: 0966 | C47: =_xlfn.TEXTJOIN("_",TRUE,A47:B47) -> 2015_0966 | D47: Tacoma School District 010 | E47: Tacoma School District 010 | F47: 8522516.4 | G47: 0.03207
A48: 2015 | B48: 0926 | C48: =_xlfn.TEXTJOIN("_",TRUE,A48:B48) -> 2015_0926 | D48: Spokane Public Schools | E48: Spokane Public Schools | F48: 8309907.2 | G48: 0.03126996
A49: 2015 | B49: 0518 | C49: =_xlfn.TEXTJOIN("_",TRUE,A49:B49) -> 2015_0518 | D49: Lake Washington School District 414 | E49: Lake Washington School District 414 | F49: 7033264.5 | G49: 0.02646598
A50: 2015 | B50: 0435 | C50: =_xlfn.TEXTJOIN("_",TRUE,A50:B50) -> 2015_0435 | D50: Kent School District 415 | E50: Kent School District 415 | F50: 7021184 | G50: 0.02642053
A51: 2015 | B51: 0291 | C51: =_xlfn.TEXTJOIN("_",TRUE,A51:B51) -> 2015_0291 | D51: Evergreen School District 114 | E51: Evergreen School District 114 | F51: 6735260.8 | G51: 0.0253446
A52: 2015 | B52: 0294 | C52: =_xlfn.TEXTJOIN("_",TRUE,A52:B52) -> 2015_0294 | D52: Federal Way School District 210 | E52: Federal Way School District 210 | F52: 5754300.8 | G52: 0.02165328
A53: 2015 | B53: 0258 | C53: =_xlfn.TEXTJOIN("_",TRUE,A53:B53) -> 2015_0258 | D53: Edmonds School District 015 | E53: Edmonds School District 015 | F53: 5614524.1 | G53: 0.0211273
A54: 2015 | B54: 0290 | C54: =_xlfn.TEXTJOIN("_",TRUE,A54:B54) -> 2015_0290 | D54: Everett School District 002 | E54: Everett School District 002 | F54: 5512496.5 | G54: 0.02074337
A55: 2015 | B55: 1031 | C55: =_xlfn.TEXTJOIN("_",TRUE,A55:B55) -> 2015_1031 | D55: Vancouver School District 037 | E55: Vancouver School District 037 | F55: 5483520.4 | G55: 0.02063434
A56: 2015 | B56: 0050 | C56: =_xlfn.TEXTJOIN("_",TRUE,A56:B56) -> 2015_0050 | D56: Bellevue School District 405 | E56: Bellevue School District 405 | F56: 5482730.4 | G56: 0.02063137
A57: 2015 | B57: 0653 | C57: =_xlfn.TEXTJOIN("_",TRUE,A57:B57) -> 2015_0653 | D57: Northshore School District 417 | E57: Northshore School District 417 | F57: 5330002.4 | G57: 0.02005665
... A348: 2015 | B348: 0932 | C348: =_xlfn.TEXTJOIN("_",TRUE,A348:B348) -> 2015_0932 | D348: Star School District 054 | E348: Star School District 054 | F348: 4505.86 | G348: 1.696e-05
A349: 2016 | B349: 1021 | C349: =_xlfn.TEXTJOIN("_",TRUE,A349:B349) -> 2016_1021 | D349: WA State University | E349: WA State University | H349: 579531.83 | I349: 0.00177551
A350: 2016 | B350: 1219 | C350: =_xlfn.TEXTJOIN("_",TRUE,A350:B350) -> 2016_1219 | D350: University of WA | E350: University of WA | H350: 493645.65 | I350: 0.00151238
A351: 2016 | B351: 0938 | C351: =_xlfn.TEXTJOIN("_",TRUE,A351:B351) -> 2016_0938 | D351: School for the Blind | E351: School for the Blind | H351: 157201.62 | I351: 0.00048162
A352: 2016 | B352: 0939 | C352: =_xlfn.TEXTJOIN("_",TRUE,A352:B352) -> 2016_0939 | D352: Center for Childhood Deafness WA State | E352: Center for Childhood Deafness WA State | H352: 155101.45 | I352: 0.00047518
A353: 2016 | B353: 0117 | C353: =_xlfn.TEXTJOIN("_",TRUE,A353:B353) -> 2016_0117 | D353: Central WA University | E353: Central WA University | H353: 108345.11 | I353: 0.00033194
A354: 2016 | B354: 0152 | C354: =_xlfn.TEXTJOIN("_",TRUE,A354:B354) -> 2016_0152 | D354: Clark Community College | E354: Clark Community College | H354: 91012.96 | I354: 0.00027884
A355: 2016 | B355: 0839 | C355: =_xlfn.TEXTJOIN("_",TRUE,A355:B355) -> 2016_0839 | D355: Seattle Community College | E355: Seattle Community College | H355: 90737.9 | I355: 0.00027799
A356: 2016 | B356: 0179 | C356: =_xlfn.TEXTJOIN("_",TRUE,A356:B356) -> 2016_0179 | D356: Spokane Community College | E356: Spokane Community College | H356: 84091.43 | I356: 0.00025763
A357: 2016 | B357: 0963 | C357: =_xlfn.TEXTJOIN("_",TRUE,A357:B357) -> 2016_0963 | D357: Tacoma Community College | E357: Tacoma Community College | H357: 80748.05 | I357: 0.00024739
A358: 2016 | B358: 1591 | C358: =_xlfn.TEXTJOIN("_",TRUE,A358:B358) -> 2016_1591 | D358: South Puget Sound Community College | E358: South Puget Sound Community College | H358: 74358.6 | I358: 0.00022781
A359: 2016 | B359: 0049 | C359: =_xlfn.TEXTJOIN("_",TRUE,A359:B359) -> 2016_0049 | D359: Bellevue Community College | E359: Bellevue Community College | H359: 68774.77 | I359: 0.0002107
A360: 2016 | B360: 1079 | C360: =_xlfn.TEXTJOIN("_",TRUE,A360:B360) -> 2016_1079 | D360: Western WA University | E360: Western WA University | H360: 61236.23 | I360: 0.00018761
... A392: 2016 | B392: 0635 | C392: =_xlfn.TEXTJOIN("_",TRUE,A392:B392) -> 2016_0635 | D392: Natural Resources Department of | E392: Natural Resources Department of | H392: 11.65 | I392: 4e-08
A393: 2016 | B393: 0844 | C393: =_xlfn.TEXTJOIN("_",TRUE,A393:B393) -> 2016_0844 | D393: Seattle School District 001 | E393: Seattle School District 001 | F393: 18639504 | G393: 0.05710577
A394: 2016 | B394: 0966 | C394: =_xlfn.TEXTJOIN("_",TRUE,A394:B394) -> 2016_0966 | D394: Tacoma School District 010 | E394: Tacoma School District 010 | F394: 10440612 | G394: 0.03198686
A395: 2016 | B395: 0926 | C395: =_xlfn.TEXTJOIN("_",TRUE,A395:B395) -> 2016_0926 | D395: Spokane Public Schools | E395: Spokane Public Schools | F395: 10142466 | G395: 0.03107343
A396: 2016 | B396: 0435 | C396: =_xlfn.TEXTJOIN("_",TRUE,A396:B396) -> 2016_0435 | D396: Kent School District 415 | E396: Kent School District 415 | F396: 8823421.4 | G396: 0.02703228
A397: 2016 | B397: 0518 | C397: =_xlfn.TEXTJOIN("_",TRUE,A397:B397) -> 2016_0518 | D397: Lake Washington School District 414 | E397: Lake Washington School District 414 | F397: 7485121.6 | G397: 0.02293214
A398: 2016 | B398: 0291 | C398: =_xlfn.TEXTJOIN("_",TRUE,A398:B398) -> 2016_0291 | D398: Evergreen School District 114 | E398: Evergreen School District 114 | F398: 7477530.8 | G398: 0.02290888
A399: 2016 | B399: 0294 | C399: =_xlfn.TEXTJOIN("_",TRUE,A399:B399) -> 2016_0294 | D399: Federal Way School District 210 | E399: Federal Way School District 210 | F399: 7014684.4 | G399: 0.02149086
A400: 2016 | B400: 1031 | C400: =_xlfn.TEXTJOIN("_",TRUE,A400:B400) -> 2016_1031 | D400: Vancouver School District 037 | E400: Vancouver School District 037 | F400: 6970839.4 | G400: 0.02135653
A401: 2016 | B401: 0258 | C401: =_xlfn.TEXTJOIN("_",TRUE,A401:B401) -> 2016_0258 | D401: Edmonds School District 015 | E401: Edmonds School District 015 | F401: 6896546.5 | G401: 0.02112892
A402: 2016 | B402: 0050 | C402: =_xlfn.TEXTJOIN("_",TRUE,A402:B402) -> 2016_0050 | D402: Bellevue School District 405 | E402: Bellevue School District 405 | F402: 6727631.2 | G402: 0.02061142
A403: 2016 | B403: 0290 | C403: =_xlfn.TEXTJOIN("_",TRUE,A403:B403) -> 2016_0290 | D403: Everett School District 002 | E403: Everett School District 002 | F403: 6724303.7 | G403: 0.02060122
A404: 2016 | B404: 0653 | C404: =_xlfn.TEXTJOIN("_",TRUE,A404:B404) -> 2016_0653 | D404: Northshore School District 417 | E404: Northshore School District 417 | F404: 6558308 | G404: 0.02009266
... A702: 2016 | B702: 0932 | C702: =_xlfn.TEXTJOIN("_",TRUE,A702:B702) -> 2016_0932 | D702: Star School District 054 | E702: Star School District 054 | F702: 6680.61 | G702: 2.047e-05
A703: 2017 | B703: 1219 | C703: =_xlfn.TEXTJOIN("_",TRUE,A703:B703) -> 2017_1219 | D703: University of WA | E703: University of WA | H703: 716938.57 | I703: 0.00194582
A704: 2017 | B704: 1021 | C704: =_xlfn.TEXTJOIN("_",TRUE,A704:B704) -> 2017_1021 | D704: WA State University | E704: WA State University | H704: 701979.8 | I704: 0.00190522
A705: 2017 | B705: 0938 | C705: =_xlfn.TEXTJOIN("_",TRUE,A705:B705) -> 2017_0938 | D705: School for the Blind | E705: School for the Blind | H705: 171257.14 | I705: 0.0004648
A706: 2017 | B706: 0939 | C706: =_xlfn.TEXTJOIN("_",TRUE,A706:B706) -> 2017_0939 | D706: Center for Childhood Deafness WA State | E706: Center for Childhood Deafness WA State | H706: 167046.68 | I706: 0.00045338
A707: 2017 | B707: 0117 | C707: =_xlfn.TEXTJOIN("_",TRUE,A707:B707) -> 2017_0117 | D707: Central WA University | E707: Central WA University | H707: 125939.82 | I707: 0.00034181
A708: 2017 | B708: 0179 | C708: =_xlfn.TEXTJOIN("_",TRUE,A708:B708) -> 2017_0179 | D708: Spokane Community College | E708: Spokane Community College | H708: 124345.24 | I708: 0.00033748
A709: 2017 | B709: 0152 | C709: =_xlfn.TEXTJOIN("_",TRUE,A709:B709) -> 2017_0152 | D709: Clark Community College | E709: Clark Community College | H709: 106519.13 | I709: 0.0002891
A710: 2017 | B710: 0963 | C710: =_xlfn.TEXTJOIN("_",TRUE,A710:B710) -> 2017_0963 | D710: Tacoma Community College | E710: Tacoma Community College | H710: 106284.64 | I710: 0.00028846
A711: 2017 | B711: 0839 | C711: =_xlfn.TEXTJOIN("_",TRUE,A711:B711) -> 2017_0839 | D711: Seattle Community College | E711: Seattle Community College | H711: 95391.83 | I711: 0.0002589
A712: 2017 | B712: 1591 | C712: =_xlfn.TEXTJOIN("_",TRUE,A712:B712) -> 2017_1591 | D712: South Puget Sound Community College | E712: South Puget Sound Community College | H712: 88698.67 | I712: 0.00024073
A713: 2017 | B713: 0049 | C713: =_xlfn.TEXTJOIN("_",TRUE,A713:B713) -> 2017_0049 | D713: Bellevue Community College | E713: Bellevue Community College | H713: 82639.79 | I713: 0.00022429
A714: 2017 | B714: 1079 | C714: =_xlfn.TEXTJOIN("_",TRUE,A714:B714) -> 2017_1079 | D714: Western WA University | E714: Western WA University | H714: 80916.07 | I714: 0.00021961
... A745: 2017 | B745: 0635 | C745: =_xlfn.TEXTJOIN("_",TRUE,A745:B745) -> 2017_0635 | D745: Natural Resources Department of | E745: Natural Resources Department of | H745: 692.92 | I745: 0.000188
A746: 2017 | B746: 0844 | C746: =_xlfn.TEXTJOIN("_",TRUE,A746:B746) -> 2017_0844 | D746: Seattle School District 001 | E746: Seattle School District 001 | F746: 20714948 | G746: 0.05622185
A747: 2017 | B747: 0966 | C747: =_xlfn.TEXTJOIN("_",TRUE,A747:B747) -> 2017_0966 | D747: Tacoma School District 010 | E747: Tacoma School District 010 | F747: 11660855 | G747: 0.0316484
A748: 2017 | B748: 0926 | C748: =_xlfn.TEXTJOIN("_",TRUE,A748:B748) -> 2017_0926 | D748: Spokane School District 081 | E748: Spokane School District 081 | F748: 11568104 | G748: 0.03139666
A749: 2017 | B749: 0435 | C749: =_xlfn.TEXTJOIN("_",TRUE,A749:B749) -> 2017_0435 | D749: Kent School District 415 | E749: Kent School District 415 | F749: 10034744 | G749: 0.02723501
A750: 2017 | B750: 0518 | C750: =_xlfn.TEXTJOIN("_",TRUE,A750:B750) -> 2017_0518 | D750: Lake Washington School District 414 | E750: Lake Washington School District 414 | F750: 9944431.6 | G750: 0.0269899
A751: 2017 | B751: 0291 | C751: =_xlfn.TEXTJOIN("_",TRUE,A751:B751) -> 2017_0291 | D751: Evergreen School District 114 | E751: Evergreen School District 114 | F751: 9026901.3 | G751: 0.02449966
A752: 2017 | B752: 0294 | C752: =_xlfn.TEXTJOIN("_",TRUE,A752:B752) -> 2017_0294 | D752: Federal Way School District 210 | E752: Federal Way School District 210 | F752: 8805166.3 | G752: 0.02389785
A753: 2017 | B753: 1031 | C753: =_xlfn.TEXTJOIN("_",TRUE,A753:B753) -> 2017_1031 | D753: Vancouver School District 037 | E753: Vancouver School District 037 | F753: 7697702.3 | G753: 0.02089212
A754: 2017 | B754: 0258 | C754: =_xlfn.TEXTJOIN("_",TRUE,A754:B754) -> 2017_0258 | D754: Edmonds School District 015 | E754: Edmonds School District 015 | F754: 7621228.9 | G754: 0.02068456
A755: 2017 | B755: 0050 | C755: =_xlfn.TEXTJOIN("_",TRUE,A755:B755) -> 2017_0050 | D755: Bellevue School District 405 | E755: Bellevue School District 405 | F755: 7570571.6 | G755: 0.02054707
A756: 2017 | B756: 0290 | C756: =_xlfn.TEXTJOIN("_",TRUE,A756:B756) -> 2017_0290 | D756: Everett School District 002 | E756: Everett School District 002 | F756: 7495003.5 | G756: 0.02034198
A757: 2017 | B757: 0784 | C757: =_xlfn.TEXTJOIN("_",TRUE,A757:B757) -> 2017_0784 | D757: Puyallup School District 003 | E757: Puyallup School District 003 | F757: 7403933.7 | G757: 0.02009481
... A1057: 2017 | B1057: 1412 | C1057: =_xlfn.TEXTJOIN("_",TRUE,A1057:B1057) -> 2017_1412 | D1057: Stehekin School District 069 | E1057: Stehekin School District 069 | F1057: 3912.07 | G1057: 1.062e-05
A1058: 2018 | B1058: 1219 | C1058: =_xlfn.TEXTJOIN("_",TRUE,A1058:B1058) -> 2018_1219 | D1058: University of WA | E1058: University of WA | H1058: 1052610 | I1058: 0.00236765
A1059: 2018 | B1059: 1021 | C1059: =_xlfn.TEXTJOIN("_",TRUE,A1059:B1059) -> 2018_1021 | D1059: WA State University | E1059: WA State University | H1059: 868148.63 | I1059: 0.00195274
A1060: 2018 | B1060: 0939 | C1060: =_xlfn.TEXTJOIN("_",TRUE,A1060:B1060) -> 2018_0939 | D1060: Center for Childhood Deafness WA State | E1060: Center for Childhood Deafness WA State | H1060: 205550.62 | I1060: 0.00046235
A1061: 2018 | B1061: 0938 | C1061: =_xlfn.TEXTJOIN("_",TRUE,A1061:B1061) -> 2018_0938 | D1061: School for the Blind | E1061: School for the Blind | H1061: 203771.94 | I1061: 0.00045835
A1062: 2018 | B1062: 0117 | C1062: =_xlfn.TEXTJOIN("_",TRUE,A1062:B1062) -> 2018_0117 | D1062: Central WA University | E1062: Central WA University | H1062: 179324.33 | I1062: 0.00040336
A1063: 2018 | B1063: 0179 | C1063: =_xlfn.TEXTJOIN("_",TRUE,A1063:B1063) -> 2018_0179 | D1063: Spokane Community College | E1063: Spokane Community College | H1063: 152081.02 | I1063: 0.00034208
A1064: 2018 | B1064: 0152 | C1064: =_xlfn.TEXTJOIN("_",TRUE,A1064:B1064) -> 2018_0152 | D1064: Clark Community College | E1064: Clark Community College | H1064: 138238.49 | I1064: 0.00031094
A1065: 2018 | B1065: 1079 | C1065: =_xlfn.TEXTJOIN("_",TRUE,A1065:B1065) -> 2018_1079 | D1065: Western WA University | E1065: Western WA University | H1065: 130556.13 | I1065: 0.00029366
A1066: 2018 | B1066: 0963 | C1066: =_xlfn.TEXTJOIN("_",TRUE,A1066:B1066) -> 2018_0963 | D1066: Tacoma Community College | E1066: Tacoma Community College | H1066: 127826.03 | I1066: 0.00028752
A1067: 2018 | B1067: 1591 | C1067: =_xlfn.TEXTJOIN("_",TRUE,A1067:B1067) -> 2018_1591 | D1067: South Puget Sound Community College | E1067: South Puget Sound Community College | H1067: 121388.37 | I1067: 0.00027304
A1068: 2018 | B1068: 0377 | C1068: =_xlfn.TEXTJOIN("_",TRUE,A1068:B1068) -> 2018_0377 | D1068: Highline Community College | E1068: Highline Community College | H1068: 110513.51 | I1068: 0.00024858
A1069: 2018 | B1069: 0839 | C1069: =_xlfn.TEXTJOIN("_",TRUE,A1069:B1069) -> 2018_0839 | D1069: Seattle Community College | E1069: Seattle Community College | H1069: 110176.35 | I1069: 0.00024782
... A1099: 2018 | B1099: 0190 | C1099: =_xlfn.TEXTJOIN("_",TRUE,A1099:B1099) -> 2018_0190 | D1099: Corrections Southwest Region | E1099: Corrections Southwest Region | H1099: 1507.02 | I1099: 3.39e-06
A1100: 2018 | B1100: 0844 | C1100: =_xlfn.TEXTJOIN("_",TRUE,A1100:B1100) -> 2018_0844 | D1100: Seattle School District 001 | E1100: Seattle School District 001 | F1100: 25061649 | G1100: 0.05637145
A1101: 2018 | B1101: 0926 | C1101: =_xlfn.TEXTJOIN("_",TRUE,A1101:B1101) -> 2018_0926 | D1101: Spokane School District 081 | E1101: Spokane School District 081 | F1101: 13975735 | G1101: 0.03143578
A1102: 2018 | B1102: 0966 | C1102: =_xlfn.TEXTJOIN("_",TRUE,A1102:B1102) -> 2018_0966 | D1102: Tacoma School District 010 | E1102: Tacoma School District 010 | F1102: 13884575 | G1102: 0.03123073
A1103: 2018 | B1103: 0291 | C1103: =_xlfn.TEXTJOIN("_",TRUE,A1103:B1103) -> 2018_0291 | D1103: Evergreen School District 114 | E1103: Evergreen School District 114 | F1103: 11852426 | G1103: 0.0266598
A1104: 2018 | B1104: 0435 | C1104: =_xlfn.TEXTJOIN("_",TRUE,A1104:B1104) -> 2018_0435 | D1104: Kent School District 415 | E1104: Kent School District 415 | F1104: 11362460 | G1104: 0.02555771
A1105: 2018 | B1105: 0518 | C1105: =_xlfn.TEXTJOIN("_",TRUE,A1105:B1105) -> 2018_0518 | D1105: Lake Washington School District 414 | E1105: Lake Washington School District 414 | F1105: 10946160 | G1105: 0.02462132
A1106: 2018 | B1106: 1031 | C1106: =_xlfn.TEXTJOIN("_",TRUE,A1106:B1106) -> 2018_1031 | D1106: Vancouver School District 037 | E1106: Vancouver School District 037 | F1106: 9450124.5 | G1106: 0.02125627
A1107: 2018 | B1107: 0258 | C1107: =_xlfn.TEXTJOIN("_",TRUE,A1107:B1107) -> 2018_0258 | D1107: Edmonds School District 015 | E1107: Edmonds School District 015 | F1107: 9249001.2 | G1107: 0.02080388
...

Sheet Plan 1 UAAL
A1: year | B1: employer_code | C1: year_employer_code | D1: standardized_employer_name | E1: employer_name_uaal | F1: 1uaal_employer_contributions | G1: 1uaal_allocation_percentage | H1: 1uaal_state_agency_contributions | I1: 1uaal_state_agency_allocation
A2: 2015 | B2: 1021 | C2: =_xlfn.TEXTJOIN("_",TRUE,A2:B2) -> 2015_1021 | D2: WA State University | E2: WA State University | H2: 286384.46 | I2: 0.00127978
A3: 2015 | B3: 1219 | C3: =_xlfn.TEXTJOIN("_",TRUE,A3:B3) -> 2015_1219 | D3: University of WA | E3: University of WA | H3: 242738.21 | I3: 0.00108473
A4: 2015 | B4: 0938 | C4: =_xlfn.TEXTJOIN("_",TRUE,A4:B4) -> 2015_0938 | D4: School for the Blind | E4: School for the Blind | H4: 105405.36 | I4: 0.00047103
A5: 2015 | B5: 0939 | C5: =_xlfn.TEXTJOIN("_",TRUE,A5:B5) -> 2015_0939 | D5: Center for Childhood Deafness WA State | E5: Center for Childhood Deafness WA State | H5: 89878.83 | I5: 0.00040164
A6: 2015 | B6: 0179 | C6: =_xlfn.TEXTJOIN("_",TRUE,A6:B6) -> 2015_0179 | D6: Spokane Community College | E6: Spokane Community College | H6: 58356.3 | I6: 0.00026078
A7: 2015 | B7: 0152 | C7: =_xlfn.TEXTJOIN("_",TRUE,A7:B7) -> 2015_0152 | D7: Clark Community College | E7: Clark Community College | H7: 55655.1 | I7: 0.00024871
A8: 2015 | B8: 0117 | C8: =_xlfn.TEXTJOIN("_",TRUE,A8:B8) -> 2015_0117 | D8: Central WA University | E8: Central WA University | H8: 55493.08 | I8: 0.00024798
A9: 2015 | B9: 0963 | C9: =_xlfn.TEXTJOIN("_",TRUE,A9:B9) -> 2015_0963 | D9: Tacoma Community College | E9: Tacoma Community College | H9: 55363.84 | I9: 0.00024741
A10: 2015 | B10: 0839 | C10: =_xlfn.TEXTJOIN("_",TRUE,A10:B10) -> 2015_0839 | D10: Seattle Community College | E10: Seattle Community College | H10: 48643.75 | I10: 0.00021738
A11: 2015 | B11: 1591 | C11: =_xlfn.TEXTJOIN("_",TRUE,A11:B11) -> 2015_1591 | D11: South Puget Sound Community College | E11: South Puget Sound Community College | H11: 45459.76 | I11: 0.00020315
A12: 2015 | B12: 0049 | C12: =_xlfn.TEXTJOIN("_",TRUE,A12:B12) -> 2015_0049 | D12: Bellevue Community College | E12: Bellevue Community College | H12: 36998.01 | I12: 0.00016533
A13: 2015 | B13: 1079 | C13: =_xlfn.TEXTJOIN("_",TRUE,A13:B13) -> 2015_1079 | D13: Western WA University | E13: Western WA University | H13: 33687.62 | I13: 0.00015054
... A45: 2015 | B45: 0298 | C45: =_xlfn.TEXTJOIN("_",TRUE,A45:B45) -> 2015_0298 | D45: Ferries WA State | E45: Ferries WA State | H45: 118.95 | I45: 5.3e-07
A46: 2015 | B46: 0844 | C46: =_xlfn.TEXTJOIN("_",TRUE,A46:B46) -> 2015_0844 | D46: Seattle School District 001 | E46: Seattle School District 001 | F46: 12003890 | G46: 0.05364223
A47: 2015 | B47: 0966 | C47: =_xlfn.TEXTJOIN("_",TRUE,A47:B47) -> 2015_0966 | D47: Tacoma School District 010 | E47: Tacoma School District 010 | F47: 6798731 | G47: 0.03038174
A48: 2015 | B48: 0926 | C48: =_xlfn.TEXTJOIN("_",TRUE,A48:B48) -> 2015_0926 | D48: Spokane Public Schools | E48: Spokane Public Schools | F48: 6623280 | G48: 0.0295977
A49: 2015 | B49: 0518 | C49: =_xlfn.TEXTJOIN("_",TRUE,A49:B49) -> 2015_0518 | D49: Lake Washington School District 414 | E49: Lake Washington School District 414 | F49: 5606749 | G49: 0.02505509
A50: 2015 | B50: 0435 | C50: =_xlfn.TEXTJOIN("_",TRUE,A50:B50) -> 2015_0435 | D50: Kent School District 415 | E50: Kent School District 415 | F50: 5605762.8 | G50: 0.02505068
A51: 2015 | B51: 0291 | C51: =_xlfn.TEXTJOIN("_",TRUE,A51:B51) -> 2015_0291 | D51: Evergreen School District 114 | E51: Evergreen School District 114 | F51: 5374313 | G51: 0.02401639
A52: 2015 | B52: 0294 | C52: =_xlfn.TEXTJOIN("_",TRUE,A52:B52) -> 2015_0294 | D52: Federal Way School District 210 | E52: Federal Way School District 210 | F52: 4595962.1 | G52: 0.02053815
A53: 2015 | B53: 0258 | C53: =_xlfn.TEXTJOIN("_",TRUE,A53:B53) -> 2015_0258 | D53: Edmonds School District 015 | E53: Edmonds School District 015 | F53: 4465257.6 | G53: 0.01995406
A54: 2015 | B54: 0290 | C54: =_xlfn.TEXTJOIN("_",TRUE,A54:B54) -> 2015_0290 | D54: Everett School District 002 | E54: Everett School District 002 | F54: 4398019.4 | G54: 0.01965359
A55: 2015 | B55: 0050 | C55: =_xlfn.TEXTJOIN("_",TRUE,A55:B55) -> 2015_0050 | D55: Bellevue School District 405 | E55: Bellevue School District 405 | F55: 4375984.9 | G55: 0.01955513
A56: 2015 | B56: 1031 | C56: =_xlfn.TEXTJOIN("_",TRUE,A56:B56) -> 2015_1031 | D56: Vancouver School District 037 | E56: Vancouver School District 037 | F56: 4373567 | G56: 0.01954432
A57: 2015 | B57: 0653 | C57: =_xlfn.TEXTJOIN("_",TRUE,A57:B57) -> 2015_0653 | D57: Northshore School District 417 | E57: Northshore School District 417 | F57: 4251525.7 | G57: 0.01899895
... A348: 2015 | B348: 0932 | C348: =_xlfn.TEXTJOIN("_",TRUE,A348:B348) -> 2015_0932 | D348: Star School District 054 | E348: Star School District 054 | F348: 3604.35 | G348: 1.611e-05
A349: 2016 | B349: 1021 | C349: =_xlfn.TEXTJOIN("_",TRUE,A349:B349) -> 2016_1021 | D349: WA State University | E349: WA State University | H349: 526803.62 | I349: 0.00173339
A350: 2016 | B350: 1219 | C350: =_xlfn.TEXTJOIN("_",TRUE,A350:B350) -> 2016_1219 | D350: University of WA | E350: University of WA | H350: 448563.74 | I350: 0.00147595
A351: 2016 | B351: 0938 | C351: =_xlfn.TEXTJOIN("_",TRUE,A351:B351) -> 2016_0938 | D351: School for the Blind | E351: School for the Blind | H351: 141254.36 | I351: 0.00046478
A352: 2016 | B352: 0939 | C352: =_xlfn.TEXTJOIN("_",TRUE,A352:B352) -> 2016_0939 | D352: Center for Childhood Deafness WA State | E352: Center for Childhood Deafness WA State | H352: 140028.01 | I352: 0.00046075
A353: 2016 | B353: 0117 | C353: =_xlfn.TEXTJOIN("_",TRUE,A353:B353) -> 2016_0117 | D353: Central WA University | E353: Central WA University | H353: 99167.81 | I353: 0.0003263
A354: 2016 | B354: 0152 | C354: =_xlfn.TEXTJOIN("_",TRUE,A354:B354) -> 2016_0152 | D354: Clark Community College | E354: Clark Community College | H354: 83260.27 | I354: 0.00027396
A355: 2016 | B355: 0839 | C355: =_xlfn.TEXTJOIN("_",TRUE,A355:B355) -> 2016_0839 | D355: Seattle Community College | E355: Seattle Community College | H355: 82526.03 | I355: 0.00027154
A356: 2016 | B356: 0179 | C356: =_xlfn.TEXTJOIN("_",TRUE,A356:B356) -> 2016_0179 | D356: Spokane Community College | E356: Spokane Community College | H356: 76448.08 | I356: 0.00025154
A357: 2016 | B357: 0963 | C357: =_xlfn.TEXTJOIN("_",TRUE,A357:B357) -> 2016_0963 | D357: Tacoma Community College | E357: Tacoma Community College | H357: 73850.63 | I357: 0.000243
A358: 2016 | B358: 1591 | C358: =_xlfn.TEXTJOIN("_",TRUE,A358:B358) -> 2016_1591 | D358: South Puget Sound Community College | E358: South Puget Sound Community College | H358: 68317.28 | I358: 0.00022479
A359: 2016 | B359: 0049 | C359: =_xlfn.TEXTJOIN("_",TRUE,A359:B359) -> 2016_0049 | D359: Bellevue Community College | E359: Bellevue Community College | H359: 62803.9 | I359: 0.00020665
A360: 2016 | B360: 1079 | C360: =_xlfn.TEXTJOIN("_",TRUE,A360:B360) -> 2016_1079 | D360: Western WA University | E360: Western WA University | H360: 56202.23 | I360: 0.00018493
... A392: 2016 | B392: 0635 | C392: =_xlfn.TEXTJOIN("_",TRUE,A392:B392) -> 2016_0635 | D392: Natural Resources Department of | E392: Natural Resources Department of | H392: 10.79 | I392: 4e-08
A393: 2016 | B393: 0844 | C393: =_xlfn.TEXTJOIN("_",TRUE,A393:B393) -> 2016_0844 | D393: Seattle School District 001 | E393: Seattle School District 001 | F393: 16666344 | G393: 0.05483866
A394: 2016 | B394: 0966 | C394: =_xlfn.TEXTJOIN("_",TRUE,A394:B394) -> 2016_0966 | D394: Tacoma School District 010 | E394: Tacoma School District 010 | F394: 9385090.7 | G394: 0.03088054
A395: 2016 | B395: 0926 | C395: =_xlfn.TEXTJOIN("_",TRUE,A395:B395) -> 2016_0926 | D395: Spokane Public Schools | E395: Spokane Public Schools | F395: 9193983.1 | G395: 0.03025173
A396: 2016 | B396: 0435 | C396: =_xlfn.TEXTJOIN("_",TRUE,A396:B396) -> 2016_0435 | D396: Kent School District 415 | E396: Kent School District 415 | F396: 7886366.8 | G396: 0.02594917
A397: 2016 | B397: 0518 | C397: =_xlfn.TEXTJOIN("_",TRUE,A397:B397) -> 2016_0518 | D397: Lake Washington School District 414 | E397: Lake Washington School District 414 | F397: 6744036.3 | G397: 0.02219046
A398: 2016 | B398: 0291 | C398: =_xlfn.TEXTJOIN("_",TRUE,A398:B398) -> 2016_0291 | D398: Evergreen School District 114 | E398: Evergreen School District 114 | F398: 6741695.7 | G398: 0.02218276
A399: 2016 | B399: 1031 | C399: =_xlfn.TEXTJOIN("_",TRUE,A399:B399) -> 2016_1031 | D399: Vancouver School District 037 | E399: Vancouver School District 037 | F399: 6320870 | G399: 0.02079808
A400: 2016 | B400: 0294 | C400: =_xlfn.TEXTJOIN("_",TRUE,A400:B400) -> 2016_0294 | D400: Federal Way School District 210 | E400: Federal Way School District 210 | F400: 6257920.2 | G400: 0.02059096
A401: 2016 | B401: 0258 | C401: =_xlfn.TEXTJOIN("_",TRUE,A401:B401) -> 2016_0258 | D401: Edmonds School District 015 | E401: Edmonds School District 015 | F401: 6247830 | G401: 0.02055775
A402: 2016 | B402: 0290 | C402: =_xlfn.TEXTJOIN("_",TRUE,A402:B402) -> 2016_0290 | D402: Everett School District 002 | E402: Everett School District 002 | F402: 6082527.4 | G402: 0.02001385
A403: 2016 | B403: 0050 | C403: =_xlfn.TEXTJOIN("_",TRUE,A403:B403) -> 2016_0050 | D403: Bellevue School District 405 | E403: Bellevue School District 405 | F403: 6036868 | G403: 0.01986361
A404: 2016 | B404: 0653 | C404: =_xlfn.TEXTJOIN("_",TRUE,A404:B404) -> 2016_0653 | D404: Northshore School District 417 | E404: Northshore School District 417 | F404: 5925994.4 | G404: 0.01949879
... A702: 2016 | B702: 0057 | C702: =_xlfn.TEXTJOIN("_",TRUE,A702:B702) -> 2016_0057 | D702: Benge School District 122 | E702: Benge School District 122 | F702: 6043.66 | G702: 1.989e-05
A703: 2017 | B703: 1219 | C703: =_xlfn.TEXTJOIN("_",TRUE,A703:B703) -> 2017_1219 | D703: University of WA | E703: University of WA | H703: 664662.19 | I703: 0.00189938
A704: 2017 | B704: 1021 | C704: =_xlfn.TEXTJOIN("_",TRUE,A704:B704) -> 2017_1021 | D704: WA State University | E704: WA State University | H704: 650792.38 | I704: 0.00185975
A705: 2017 | B705: 0938 | C705: =_xlfn.TEXTJOIN("_",TRUE,A705:B705) -> 2017_0938 | D705: School for the Blind | E705: School for the Blind | H705: 158770.79 | I705: 0.00045371
A706: 2017 | B706: 0939 | C706: =_xlfn.TEXTJOIN("_",TRUE,A706:B706) -> 2017_0939 | D706: Center for Childhood Deafness WA State | E706: Center for Childhood Deafness WA State | H706: 154658.92 | I706: 0.00044196
A707: 2017 | B707: 0117 | C707: =_xlfn.TEXTJOIN("_",TRUE,A707:B707) -> 2017_0117 | D707: Central WA University | E707: Central WA University | H707: 116711.6 | I707: 0.00033352
A708: 2017 | B708: 0179 | C708: =_xlfn.TEXTJOIN("_",TRUE,A708:B708) -> 2017_0179 | D708: Spokane Community College | E708: Spokane Community College | H708: 115267.14 | I708: 0.00032939
A709: 2017 | B709: 0963 | C709: =_xlfn.TEXTJOIN("_",TRUE,A709:B709) -> 2017_0963 | D709: Tacoma Community College | E709: Tacoma Community College | H709: 98535.48 | I709: 0.00028158
A710: 2017 | B710: 0152 | C710: =_xlfn.TEXTJOIN("_",TRUE,A710:B710) -> 2017_0152 | D710: Clark Community College | E710: Clark Community College | H710: 98167.75 | I710: 0.00028053
A711: 2017 | B711: 0839 | C711: =_xlfn.TEXTJOIN("_",TRUE,A711:B711) -> 2017_0839 | D711: Seattle Community College | E711: Seattle Community College | H711: 88442 | I711: 0.00025274
A712: 2017 | B712: 1591 | C712: =_xlfn.TEXTJOIN("_",TRUE,A712:B712) -> 2017_1591 | D712: South Puget Sound Community College | E712: South Puget Sound Community College | H712: 82226.21 | I712: 0.00023497
A713: 2017 | B713: 0049 | C713: =_xlfn.TEXTJOIN("_",TRUE,A713:B713) -> 2017_0049 | D713: Bellevue Community College | E713: Bellevue Community College | H713: 76614.18 | I713: 0.00021894
A714: 2017 | B714: 1079 | C714: =_xlfn.TEXTJOIN("_",TRUE,A714:B714) -> 2017_1079 | D714: Western WA University | E714: Western WA University | H714: 75015.96 | I714: 0.00021437
... A745: 2017 | B745: 0635 | C745: =_xlfn.TEXTJOIN("_",TRUE,A745:B745) -> 2017_0635 | D745: Natural Resources Department of | E745: Natural Resources Department of | H745: 642.39 | I745: 1.84e-06
A746: 2017 | B746: 0844 | C746: =_xlfn.TEXTJOIN("_",TRUE,A746:B746) -> 2017_0844 | D746: Seattle School District 001 | E746: Seattle School District 001 | F746: 19204175 | G746: 0.05487909
A747: 2017 | B747: 0966 | C747: =_xlfn.TEXTJOIN("_",TRUE,A747:B747) -> 2017_0966 | D747: Tacoma School District 010 | E747: Tacoma School District 010 | F747: 10809984 | G747: 0.0308913
A748: 2017 | B748: 0926 | C748: =_xlfn.TEXTJOIN("_",TRUE,A748:B748) -> 2017_0926 | D748: Spokane School District 081 | E748: Spokane School District 081 | F748: 10725084 | G748: 0.03064869
A749: 2017 | B749: 0435 | C749: =_xlfn.TEXTJOIN("_",TRUE,A749:B749) -> 2017_0435 | D749: Kent School District 415 | E749: Kent School District 415 | F749: 9302649.3 | G749: 0.02658385
A750: 2017 | B750: 0518 | C750: =_xlfn.TEXTJOIN("_",TRUE,A750:B750) -> 2017_0518 | D750: Lake Washington School District 414 | E750: Lake Washington School District 414 | F750: 9218494.1 | G750: 0.02634336
A751: 2017 | B751: 0291 | C751: =_xlfn.TEXTJOIN("_",TRUE,A751:B751) -> 2017_0291 | D751: Evergreen School District 114 | E751: Evergreen School District 114 | F751: 8368509.9 | G751: 0.02391439
A752: 2017 | B752: 0294 | C752: =_xlfn.TEXTJOIN("_",TRUE,A752:B752) -> 2017_0294 | D752: Federal Way School District 210 | E752: Federal Way School District 210 | F752: 8163680.2 | G752: 0.02332906
A753: 2017 | B753: 1031 | C753: =_xlfn.TEXTJOIN("_",TRUE,A753:B753) -> 2017_1031 | D753: Vancouver School District 037 | E753: Vancouver School District 037 | F753: 7136464.6 | G753: 0.02039362
A754: 2017 | B754: 0258 | C754: =_xlfn.TEXTJOIN("_",TRUE,A754:B754) -> 2017_0258 | D754: Edmonds School District 015 | E754: Edmonds School District 015 | F754: 7060908.1 | G754: 0.0201777
A755: 2017 | B755: 0050 | C755: =_xlfn.TEXTJOIN("_",TRUE,A755:B755) -> 2017_0050 | D755: Bellevue School District 405 | E755: Bellevue School District 405 | F755: 7018356.5 | G755: 0.02005611
A756: 2017 | B756: 0290 | C756: =_xlfn.TEXTJOIN("_",TRUE,A756:B756) -> 2017_0290 | D756: Everett School District 002 | E756: Everett School District 002 | F756: 6948330.3 | G756: 0.01985599
A757: 2017 | B757: 0784 | C757: =_xlfn.TEXTJOIN("_",TRUE,A757:B757) -> 2017_0784 | D757: Puyallup School District 003 | E757: Puyallup School District 003 | F757: 6863419 | G757: 0.01961335
... A1057: 2017 | B1057: 1412 | C1057: =_xlfn.TEXTJOIN("_",TRUE,A1057:B1057) -> 2017_1412 | D1057: Stehekin School District 069 | E1057: Stehekin School District 069 | F1057: 3626.87 | G1057: 1.036e-05
A1058: 2018 | B1058: 1219 | C1058: =_xlfn.TEXTJOIN("_",TRUE,A1058:B1058) -> 2018_1219 | D1058: University of WA | E1058: University of WA | H1058: 958439.4 | I1058: 0.00230453
A1059: 2018 | B1059: 1021 | C1059: =_xlfn.TEXTJOIN("_",TRUE,A1059:B1059) -> 2018_1021 | D1059: WA State University | E1059: WA State University | H1059: 798239.66 | I1059: 0.00191934
A1060: 2018 | B1060: 0939 | C1060: =_xlfn.TEXTJOIN("_",TRUE,A1060:B1060) -> 2018_0939 | D1060: Center for Childhood Deafness WA State | E1060: Center for Childhood Deafness WA State | H1060: 189069.66 | I1060: 0.00045461
A1061: 2018 | B1061: 0938 | C1061: =_xlfn.TEXTJOIN("_",TRUE,A1061:B1061) -> 2018_0938 | D1061: School for the Blind | E1061: School for the Blind | H1061: 187466.16 | I1061: 0.00045076
A1062: 2018 | B1062: 0117 | C1062: =_xlfn.TEXTJOIN("_",TRUE,A1062:B1062) -> 2018_0117 | D1062: Central WA University | E1062: Central WA University | H1062: 164798.15 | I1062: 0.00039625
A1063: 2018 | B1063: 0179 | C1063: =_xlfn.TEXTJOIN("_",TRUE,A1063:B1063) -> 2018_0179 | D1063: Spokane Community College | E1063: Spokane Community College | H1063: 139841.68 | I1063: 0.00033624
A1064: 2018 | B1064: 0152 | C1064: =_xlfn.TEXTJOIN("_",TRUE,A1064:B1064) -> 2018_0152 | D1064: Clark Community College | E1064: Clark Community College | H1064: 127043.9 | I1064: 0.00030547
A1065: 2018 | B1065: 1079 | C1065: =_xlfn.TEXTJOIN("_",TRUE,A1065:B1065) -> 2018_1079 | D1065: Western WA University | E1065: Western WA University | H1065: 119965.57 | I1065: 0.00028845
A1066: 2018 | B1066: 0963 | C1066: =_xlfn.TEXTJOIN("_",TRUE,A1066:B1066) -> 2018_0963 | D1066: Tacoma Community College | E1066: Tacoma Community College | H1066: 117486.25 | I1066: 0.00028249
A1067: 2018 | B1067: 1591 | C1067: =_xlfn.TEXTJOIN("_",TRUE,A1067:B1067) -> 2018_1591 | D1067: South Puget Sound Community College | E1067: South Puget Sound Community College | H1067: 111526.69 | I1067: 0.00026816
A1068: 2018 | B1068: 0377 | C1068: =_xlfn.TEXTJOIN("_",TRUE,A1068:B1068) -> 2018_0377 | D1068: Highline Community College | E1068: Highline Community College | H1068: 101651.54 | I1068: 0.00024442
A1069: 2018 | B1069: 0839 | C1069: =_xlfn.TEXTJOIN("_",TRUE,A1069:B1069) -> 2018_0839 | D1069: Seattle Community College | E1069: Seattle Community College | H1069: 101258.54 | I1069: 0.00024347
... A1099: 2018 | B1099: 0190 | C1099: =_xlfn.TEXTJOIN("_",TRUE,A1099:B1099) -> 2018_0190 | D1099: Corrections Southwest Region | E1099: Corrections Southwest Region | H1099: 1383.83 | I1099: 3.33e-06
A1100: 2018 | B1100: 0844 | C1100: =_xlfn.TEXTJOIN("_",TRUE,A1100:B1100) -> 2018_0844 | D1100: Seattle School District 001 | E1100: Seattle School District 001 | F1100: 23061733 | G1100: 0.0554511
A1101: 2018 | B1101: 0926 | C1101: =_xlfn.TEXTJOIN("_",TRUE,A1101:B1101) -> 2018_0926 | D1101: Spokane School District 081 | E1101: Spokane School District 081 | F1101: 12849557 | G1101: 0.03089629
A1102: 2018 | B1102: 0966 | C1102: =_xlfn.TEXTJOIN("_",TRUE,A1102:B1102) -> 2018_0966 | D1102: Tacoma School District 010 | E1102: Tacoma School District 010 | F1102: 12774176 | G1102: 0.03071504
A1103: 2018 | B1103: 0291 | C1103: =_xlfn.TEXTJOIN("_",TRUE,A1103:B1103) -> 2018_0291 | D1103: Evergreen School District 114 | E1103: Evergreen School District 114 | F1103: 10906688 | G1103: 0.02622474
A1104: 2018 | B1104: 0435 | C1104: =_xlfn.TEXTJOIN("_",TRUE,A1104:B1104) -> 2018_0435 | D1104: Kent School District 415 | E1104: Kent School District 415 | F1104: 10457837 | G1104: 0.02514549
A1105: 2018 | B1105: 0518 | C1105: =_xlfn.TEXTJOIN("_",TRUE,A1105:B1105) -> 2018_0518 | D1105: Lake Washington School District 414 | E1105: Lake Washington School District 414 | F1105: 10065989 | G1105: 0.0242033
A1106: 2018 | B1106: 1031 | C1106: =_xlfn.TEXTJOIN("_",TRUE,A1106:B1106) -> 2018_1031 | D1106: Vancouver School District 037 | E1106: Vancouver School District 037 | F1106: 8691776.5 | G1106: 0.02089906
A1107: 2018 | B1107: 0258 | C1107: =_xlfn.TEXTJOIN("_",TRUE,A1107:B1107) -> 2018_0258 | D1107: Edmonds School District 015 | E1107: Edmonds School District 015 | F1107: 8509182 | G1107: 0.02046002
...

Sheet NCES Data -->

Sheet LEAID Match
A1: district_name | B1: LEAID | C1: count
A2: Enumclaw School District 216 | B2: 5300001 | C2: =COUNTIF($B$2:$B$322,B2) -> 1
A3: Inchelium School District 070 | B3: 5300002 | C3: =COUNTIF($B$2:$B$322,B3) -> 1
A4: Kelso School District 458 | B4: 5300003 | C4: =COUNTIF($B$2:$B$322,B4) -> 1
A5: North Central WA Educational Service District 171 | B5: 5300004 | C5: =COUNTIF($B$2:$B$322,B5) -> 1
A6: Educational Service District 112 | B6: 5300005 | C6: =COUNTIF($B$2:$B$322,B6) -> 1
A7: Puget Sound Educational Service District 121 | B7: 5300006 | C7: =COUNTIF($B$2:$B$322,B7) -> 1
A8: Olympic Educational Service District 114 | B8: 5300007 | C8: =COUNTIF($B$2:$B$322,B8) -> 1
A9: Northwest Regional Educational Service District 189 | B9: 5300008 | C9: =COUNTIF($B$2:$B$322,B9) -> 1
A10: Northeast WA Educational Service District 101 | B10: 5300010 | C10: =COUNTIF($B$2:$B$322,B10) -> 1
A11: Educational Service District 113 | B11: 5300011 | C11: =COUNTIF($B$2:$B$322,B11) -> 1
A12: Educational Service District 123 | B12: 5300012 | C12: =COUNTIF($B$2:$B$322,B12) -> 1
A13: Aberdeen School District 005 | B13: 5300030 | C13: =COUNTIF($B$2:$B$322,B13) -> 1
... A29: Rainier Valley Leadership Academy | B29: 5300342 | C29: =COUNTIF($B$2:$B$322,B29) -> 1
A30: Summit Public Schools | C30: =COUNTIF($B$2:$B$322,B30) -> 0
A31: Innovation Schools | B31: 5300344 | C31: =COUNTIF($B$2:$B$322,B31) -> 1
A32: Impact Public Schools | B32: 5300345 | C32: =COUNTIF($B$2:$B$322,B32) -> 1
A33: Catalyst Public Schools | B33: 5300347 | C33: =COUNTIF($B$2:$B$322,B33) -> 1
A34: Lumen Public School | B34: 5300350 | C34: =COUNTIF($B$2:$B$322,B34) -> 1
A35: Intergenerational School | B35: 5300351 | C35: =COUNTIF($B$2:$B$322,B35) -> 1
A36: Pinnacles Prep Charter School | B36: 5300352 | C36: =COUNTIF($B$2:$B$322,B36) -> 1
A37: Pullman Community Motessori | B37: 5300355 | C37: =COUNTIF($B$2:$B$322,B37) -> 1
A38: Battle Ground School District 119 | B38: 5300380 | C38: =COUNTIF($B$2:$B$322,B38) -> 1
A39: Bellevue School District 405 | B39: 5300390 | C39: =COUNTIF($B$2:$B$322,B39) -> 1
A40: Bellingham School District 501 | B40: 5300420 | C40: =COUNTIF($B$2:$B$322,B40) -> 1
A41: Benge School District 122 | B41: 5300450 | C41: =COUNTIF($B$2:$B$322,B41) -> 1
A42: Bethel School District 403 | B42: 5300480 | C42: =COUNTIF($B$2:$B$322,B42) -> 1
... A320: Zillah School District 205 | B320: 5310170 | C320: =COUNTIF($B$2:$B$322,B320) -> 1
A321: Cascade Public Schools | C321: =COUNTIF($B$2:$B$322,B321) -> 0
A322: Center for Childhood Deafness WA State | B322: 5300015 | C322: =COUNTIF($B$2:$B$322,B322) -> 1
A323: Chief Leschi Schools | C323: =COUNTIF($B$2:$B$322,B323) -> 0
A324: Green Hill School | C324: =COUNTIF($B$2:$B$322,B324) -> 0
A325: Quileute Tribal School | C325: =COUNTIF($B$2:$B$322,B325) -> 0
A326: Quinault Lake School District 097 | C326: =COUNTIF($B$2:$B$322,B326) -> 0
