Workbook

Sheet Summary
A1: LEAID | B1: Year | C1: district_name | D1: state_contributions | E1: LEAID
B2: 2015 | C2: Addison Central SU | D2: 368073.12 | E2: =IFERROR(VLOOKUP(C2,'LEAID Match'!$A$2:$B$214,2,FALSE),"")
B3: 2016 | C3: Addison Central SU | D3: 388128.09 | E3: =IFERROR(VLOOKUP(C3,'LEAID Match'!$A$2:$B$214,2,FALSE),"")
B4: 2017 | C4: Addison Central SU | D4: 405265 | E4: =IFERROR(VLOOKUP(C4,'LEAID Match'!$A$2:$B$214,2,FALSE),"")
B5: 2018 | C5: Addison Central SU | E5: =IFERROR(VLOOKUP(C5,'LEAID Match'!$A$2:$B$214,2,FALSE),"")
B6: 2019 | C6: Addison Central SU | D6: 0 | E6: =IFERROR(VLOOKUP(C6,'LEAID Match'!$A$2:$B$214,2,FALSE),"")
B7: 2020 | C7: Addison Central SU | D7: 0 | E7: =IFERROR(VLOOKUP(C7,'LEAID Match'!$A$2:$B$214,2,FALSE),"")
B8: 2021 | C8: Addison Central SU | D8: 0 | E8: =IFERROR(VLOOKUP(C8,'LEAID Match'!$A$2:$B$214,2,FALSE),"")
B9: 2018 | C9: Addison Central Unified USD | D9: 2438169 | E9: =IFERROR(VLOOKUP(C9,'LEAID Match'!$A$2:$B$214,2,FALSE),"")
B10: 2019 | C10: Addison Central Unified USD | D10: 2356959 | E10: =IFERROR(VLOOKUP(C10,'LEAID Match'!$A$2:$B$214,2,FALSE),"")
B11: 2020 | C11: Addison Central Unified USD | D11: 2547252 | E11: =IFERROR(VLOOKUP(C11,'LEAID Match'!$A$2:$B$214,2,FALSE),"")
B12: 2021 | C12: Addison Central Unified USD | D12: 2637631 | E12: =IFERROR(VLOOKUP(C12,'LEAID Match'!$A$2:$B$214,2,FALSE),"")
B13: 2022 | C13: Addison Central Unified USD | D13: 6494062 | E13: =IFERROR(VLOOKUP(C13,'LEAID Match'!$A$2:$B$214,2,FALSE),"")
B14: 2015 | C14: Addison Northwest SU | D14: 230714.04 | E14: =IFERROR(VLOOKUP(C14,'LEAID Match'!$A$2:$B$214,2,FALSE),"")
B15: 2016 | C15: Addison Northwest SU | D15: 246220.22 | E15: =IFERROR(VLOOKUP(C15,'LEAID Match'!$A$2:$B$214,2,FALSE),"")
B16: 2017 | C16: Addison Northwest SU | D16: 263421 | E16: =IFERROR(VLOOKUP(C16,'LEAID Match'!$A$2:$B$214,2,FALSE),"")
B17: 2018 | C17: Addison Northwest SU | E17: =IFERROR(VLOOKUP(C17,'LEAID Match'!$A$2:$B$214,2,FALSE),"")
B18: 2019 | C18: Addison Northwest SU | D18: 0 | E18: =IFERROR(VLOOKUP(C18,'LEAID Match'!$A$2:$B$214,2,FALSE),"")
B19: 2020 | C19: Addison Northwest SU | D19: 0 | E19: =IFERROR(VLOOKUP(C19,'LEAID Match'!$A$2:$B$214,2,FALSE),"")
B20: 2021 | C20: Addison Northwest SU | D20: 0 | E20: =IFERROR(VLOOKUP(C20,'LEAID Match'!$A$2:$B$214,2,FALSE),"")
B21: 2018 | C21: Addison NW Unified USD | D21: 1303544 | E21: =IFERROR(VLOOKUP(C21,'LEAID Match'!$A$2:$B$214,2,FALSE),"")
B22: 2019 | C22: Addison NW Unified USD | D22: 1372296 | E22: =IFERROR(VLOOKUP(C22,'LEAID Match'!$A$2:$B$214,2,FALSE),"")
B23: 2020 | C23: Addison NW Unified USD | D23: 1360802 | E23: =IFERROR(VLOOKUP(C23,'LEAID Match'!$A$2:$B$214,2,FALSE),"")
B24: 2021 | C24: Addison NW Unified USD | D24: 1323092 | E24: =IFERROR(VLOOKUP(C24,'LEAID Match'!$A$2:$B$214,2,FALSE),"")
B25: 2022 | C25: Addison NW Unified USD | D25: 3367013 | E25: =IFERROR(VLOOKUP(C25,'LEAID Match'!$A$2:$B$214,2,FALSE),"")
B26: 2015 | C26: Austine School | D26: 1362.59 | E26: =IFERROR(VLOOKUP(C26,'LEAID Match'!$A$2:$B$214,2,FALSE),"")
B27: 2016 | C27: Austine School | E27: =IFERROR(VLOOKUP(C27,'LEAID Match'!$A$2:$B$214,2,FALSE),"")
B28: 2017 | C28: Austine School | E28: =IFERROR(VLOOKUP(C28,'LEAID Match'!$A$2:$B$214,2,FALSE),"")
B29: 2018 | C29: Austine School | E29: =IFERROR(VLOOKUP(C29,'LEAID Match'!$A$2:$B$214,2,FALSE),"")
B30: 2019 | C30: Austine School | D30: 0 | E30: =IFERROR(VLOOKUP(C30,'LEAID Match'!$A$2:$B$214,2,FALSE),"")
B31: 2020 | C31: Barre Unified USD | D31: 3148844 | E31: =IFERROR(VLOOKUP(C31,'LEAID Match'!$A$2:$B$214,2,FALSE),"")
B32: 2021 | C32: Barre Unified USD | D32: 3251765 | E32: =IFERROR(VLOOKUP(C32,'LEAID Match'!$A$2:$B$214,2,FALSE),"")
B33: 2022 | C33: Barre Unified USD | D33: 8046178 | E33: =IFERROR(VLOOKUP(C33,'LEAID Match'!$A$2:$B$214,2,FALSE),"")
B34: 2015 | C34: Barstow Joint | D34: 121062.37 | E34: =IFERROR(VLOOKUP(C34,'LEAID Match'!$A$2:$B$214,2,FALSE),"")
B35: 2016 | C35: Barstow Joint | D35: 139052.6 | E35: =IFERROR(VLOOKUP(C35,'LEAID Match'!$A$2:$B$214,2,FALSE),"")
B36: 2017 | C36: Barstow Joint | E36: =IFERROR(VLOOKUP(C36,'LEAID Match'!$A$2:$B$214,2,FALSE),"")
B37: 2018 | C37: Barstow Joint | E37: =IFERROR(VLOOKUP(C37,'LEAID Match'!$A$2:$B$214,2,FALSE),"")
B38: 2019 | C38: Barstow Joint | D38: 0 | E38: =IFERROR(VLOOKUP(C38,'LEAID Match'!$A$2:$B$214,2,FALSE),"")
B39: 2020 | C39: Barstow Joint | D39: 0 | E39: =IFERROR(VLOOKUP(C39,'LEAID Match'!$A$2:$B$214,2,FALSE),"")
B40: 2017 | C40: Barstow Unified USD | D40: 158748 | E40: =IFERROR(VLOOKUP(C40,'LEAID Match'!$A$2:$B$214,2,FALSE),"")
B41: 2018 | C41: Barstow Unified USD | D41: 198520 | E41: =IFERROR(VLOOKUP(C41,'LEAID Match'!$A$2:$B$214,2,FALSE),"")
B42: 2019 | C42: Barstow Unified USD | D42: 186522 | E42: =IFERROR(VLOOKUP(C42,'LEAID Match'!$A$2:$B$214,2,FALSE),"")
B43: 2020 | C43: Barstow Unified USD | D43: 193700 | E43: =IFERROR(VLOOKUP(C43,'LEAID Match'!$A$2:$B$214,2,FALSE),"")
B44: 2021 | C44: Barstow Unified USD | D44: 218114 | E44: =IFERROR(VLOOKUP(C44,'LEAID Match'!$A$2:$B$214,2,FALSE),"")
B45: 2022 | C45: Barstow Unified USD | D45: 495529 | E45: =IFERROR(VLOOKUP(C45,'LEAID Match'!$A$2:$B$214,2,FALSE),"")
B46: 2015 | C46: Bellows Free Academy | D46: 1047142.2 | E46: =IFERROR(VLOOKUP(C46,'LEAID Match'!$A$2:$B$214,2,FALSE),"")
B47: 2016 | C47: Bellows Free Academy | D47: 849598.18 | E47: =IFERROR(VLOOKUP(C47,'LEAID Match'!$A$2:$B$214,2,FALSE),"")
B48: 2017 | C48: Bellows Free Academy | D48: 865456 | E48: =IFERROR(VLOOKUP(C48,'LEAID Match'!$A$2:$B$214,2,FALSE),"")
B49: 2018 | C49: Bellows Free Academy | E49: =IFERROR(VLOOKUP(C49,'LEAID Match'!$A$2:$B$214,2,FALSE),"")
B50: 2019 | C50: Bellows Free Academy | D50: 0 | E50: =IFERROR(VLOOKUP(C50,'LEAID Match'!$A$2:$B$214,2,FALSE),"")
B51: 2020 | C51: Bellows Free Academy | D51: 0 | E51: =IFERROR(VLOOKUP(C51,'LEAID Match'!$A$2:$B$214,2,FALSE),"")
B52: 2021 | C52: Bellows Free Academy | D52: 0 | E52: =IFERROR(VLOOKUP(C52,'LEAID Match'!$A$2:$B$214,2,FALSE),"")
B53: 2015 | C53: Bolton School | D53: 28131.89 | E53: =IFERROR(VLOOKUP(C53,'LEAID Match'!$A$2:$B$214,2,FALSE),"")
B54: 2016 | C54: Bolton School | D54: 0 | E54: =IFERROR(VLOOKUP(C54,'LEAID Match'!$A$2:$B$214,2,FALSE),"")
B55: 2017 | C55: Bolton School | E55: =IFERROR(VLOOKUP(C55,'LEAID Match'!$A$2:$B$214,2,FALSE),"")
B56: 2018 | C56: Bolton School | E56: =IFERROR(VLOOKUP(C56,'LEAID Match'!$A$2:$B$214,2,FALSE),"")
B57: 2019 | C57: Bolton School | D57: 0 | E57: =IFERROR(VLOOKUP(C57,'LEAID Match'!$A$2:$B$214,2,FALSE),"")
B58: 2015 | C58: Braintree School | D58: 43590.24 | E58: =IFERROR(VLOOKUP(C58,'LEAID Match'!$A$2:$B$214,2,FALSE),"")
B59: 2016 | C59: Braintree School | D59: 49460.98 | E59: =IFERROR(VLOOKUP(C59,'LEAID Match'!$A$2:$B$214,2,FALSE),"")
B60: 2017 | C60: Braintree School | D60: 48411 | E60: =IFERROR(VLOOKUP(C60,'LEAID Match'!$A$2:$B$214,2,FALSE),"")
B61: 2018 | C61: Braintree School | E61: =IFERROR(VLOOKUP(C61,'LEAID Match'!$A$2:$B$214,2,FALSE),"")
B62: 2019 | C62: Braintree School | D62: 0 | E62: =IFERROR(VLOOKUP(C62,'LEAID Match'!$A$2:$B$214,2,FALSE),"")
B63: 2020 | C63: Braintree School | D63: 0 | E63: =IFERROR(VLOOKUP(C63,'LEAID Match'!$A$2:$B$214,2,FALSE),"")
B64: 2021 | C64: Braintree School | D64: 0 | E64: =IFERROR(VLOOKUP(C64,'LEAID Match'!$A$2:$B$214,2,FALSE),"")
B65: 2015 | C65: Brandon Town School | D65: 216505.46 | E65: =IFERROR(VLOOKUP(C65,'LEAID Match'!$A$2:$B$214,2,FALSE),"")
B66: 2016 | C66: Brandon Town School | D66: 223363.43 | E66: =IFERROR(VLOOKUP(C66,'LEAID Match'!$A$2:$B$214,2,FALSE),"")
B67: 2017 | C67: Brandon Town School | E67: =IFERROR(VLOOKUP(C67,'LEAID Match'!$A$2:$B$214,2,FALSE),"")
B68: 2018 | C68: Brandon Town School | E68: =IFERROR(VLOOKUP(C68,'LEAID Match'!$A$2:$B$214,2,FALSE),"")
B69: 2019 | C69: Brandon Town School | D69: 0 | E69: =IFERROR(VLOOKUP(C69,'LEAID Match'!$A$2:$B$214,2,FALSE),"")
B70: 2020 | C70: Brandon Town School | D70: 0 | E70: =IFERROR(VLOOKUP(C70,'LEAID Match'!$A$2:$B$214,2,FALSE),"")
B71: 2015 | C71: Bridgewater School | D71: 6424.3 | E71: =IFERROR(VLOOKUP(C71,'LEAID Match'!$A$2:$B$214,2,FALSE),"")
B72: 2016 | C72: Bridgewater School | E72: =IFERROR(VLOOKUP(C72,'LEAID Match'!$A$2:$B$214,2,FALSE),"")
B73: 2017 | C73: Bridgewater School | E73: =IFERROR(VLOOKUP(C73,'LEAID Match'!$A$2:$B$214,2,FALSE),"")
B74: 2018 | C74: Bridgewater School | E74: =IFERROR(VLOOKUP(C74,'LEAID Match'!$A$2:$B$214,2,FALSE),"")
B75: 2019 | C75: Bridgewater School | D75: 0 | E75: =IFERROR(VLOOKUP(C75,'LEAID Match'!$A$2:$B$214,2,FALSE),"")
B76: 2015 | C76: Bridport School | D76: 34522.99 | E76: =IFERROR(VLOOKUP(C76,'LEAID Match'!$A$2:$B$214,2,FALSE),"")
B77: 2016 | C77: Bridport School | D77: 55894.5 | E77: =IFERROR(VLOOKUP(C77,'LEAID Match'!$A$2:$B$214,2,FALSE),"")
B78: 2017 | C78: Bridport School | D78: 65937 | E78: =IFERROR(VLOOKUP(C78,'LEAID Match'!$A$2:$B$214,2,FALSE),"")
B79: 2018 | C79: Bridport School | E79: =IFERROR(VLOOKUP(C79,'LEAID Match'!$A$2:$B$214,2,FALSE),"")
B80: 2019 | C80: Bridport School | D80: 0 | E80: =IFERROR(VLOOKUP(C80,'LEAID Match'!$A$2:$B$214,2,FALSE),"")
B81: 2020 | C81: Bridport School | D81: 0 | E81: =IFERROR(VLOOKUP(C81,'LEAID Match'!$A$2:$B$214,2,FALSE),"")
B82: 2021 | C82: Bridport School | D82: 0 | E82: =IFERROR(VLOOKUP(C82,'LEAID Match'!$A$2:$B$214,2,FALSE),"")
B83: 2015 | C83: Brookfield School | D83: 40671.45 | E83: =IFERROR(VLOOKUP(C83,'LEAID Match'!$A$2:$B$214,2,FALSE),"")
B84: 2016 | C84: Brookfield School | D84: 39770.6 | E84: =IFERROR(VLOOKUP(C84,'LEAID Match'!$A$2:$B$214,2,FALSE),"")
B85: 2017 | C85: Brookfield School | D85: 38686 | E85: =IFERROR(VLOOKUP(C85,'LEAID Match'!$A$2:$B$214,2,FALSE),"")
B86: 2018 | C86: Brookfield School | E86: =IFERROR(VLOOKUP(C86,'LEAID Match'!$A$2:$B$214,2,FALSE),"")
B87: 2019 | C87: Brookfield School | D87: 0 | E87: =IFERROR(VLOOKUP(C87,'LEAID Match'!$A$2:$B$214,2,FALSE),"")
B88: 2020 | C88: Brookfield School | D88: 0 | E88: =IFERROR(VLOOKUP(C88,'LEAID Match'!$A$2:$B$214,2,FALSE),"")
B89: 2021 | C89: Brookfield School | D89: 0 | E89: =IFERROR(VLOOKUP(C89,'LEAID Match'!$A$2:$B$214,2,FALSE),"")
B90: 2019 | C90: Caledonia Cooperative SD | D90: 477513 | E90: =IFERROR(VLOOKUP(C90,'LEAID Match'!$A$2:$B$214,2,FALSE),"")
B91: 2020 | C91: Caledonia Cooperative SD | D91: 567074 | E91: =IFERROR(VLOOKUP(C91,'LEAID Match'!$A$2:$B$214,2,FALSE),"")
B92: 2021 | C92: Caledonia Cooperative SD | D92: 556377 | E92: =IFERROR(VLOOKUP(C92,'LEAID Match'!$A$2:$B$214,2,FALSE),"")
B93: 2022 | C93: Caledonia Cooperative SD | D93: 1338716 | E93: =IFERROR(VLOOKUP(C93,'LEAID Match'!$A$2:$B$214,2,FALSE),"")
B94: 2019 | C94: Central VT SU | D94: 384190 | E94: =IFERROR(VLOOKUP(C94,'LEAID Match'!$A$2:$B$214,2,FALSE),"")
B95: 2020 | C95: Central VT SU | D95: 436459 | E95: =IFERROR(VLOOKUP(C95,'LEAID Match'!$A$2:$B$214,2,FALSE),"")
B96: 2021 | C96: Central VT SU | D96: 452363 | E96: =IFERROR(VLOOKUP(C96,'LEAID Match'!$A$2:$B$214,2,FALSE),"")
B97: 2022 | C97: Central VT SU | D97: 1261617 | E97: =IFERROR(VLOOKUP(C97,'LEAID Match'!$A$2:$B$214,2,FALSE),"")
B98: 2020 | C98: Champlain Islands Unified USD | D98: 290799 | E98: =IFERROR(VLOOKUP(C98,'LEAID Match'!$A$2:$B$214,2,FALSE),"")
... B108: 2017 | C108: Champlain Valley Union #15 | D108: 928793 | E108: =IFERROR(VLOOKUP(C108,'LEAID Match'!$A$2:$B$214,2,FALSE),"")
B109: 2018 | C109: Champlain Valley Union #15 | E109: =IFERROR(VLOOKUP(C109,'LEAID Match'!$A$2:$B$214,2,FALSE),"")
...

Sheet GASB 68 Data -->

Sheet 2015
A1: Year | B1: employer_number | C1: district_name | D1: district_contributions
A2: 2015 | B2: 300100 | C2: Addison School | D2: 56010.18
A3: 2015 | B3: 300200 | C3: Albany School | D3: 59865.38
A4: 2015 | B4: 300300 | C4: Alburg School | D4: 163807.84
A5: 2015 | B5: 300500 | C5: Arlington School | D5: 349530.48
A6: 2015 | B6: 300700 | C6: Bakersfield School | D6: 71031.1
A7: 2015 | B7: 300900 | C7: Barnard School | D7: 54919.37
A8: 2015 | B8: 301000 | C8: Barnet School | D8: 165974.81
A9: 2015 | B9: 301100 | C9: Barre City School | D9: 668933.74
A10: 2015 | B10: 301200 | C10: Barre Town School | D10: 527849.27
A11: 2015 | B11: 301300 | C11: Barton School | D11: 110989.81
A12: 2015 | B12: 301600 | C12: Bennington School | D12: 408793.46
A13: 2015 | B13: 301800 | C13: Benson School | D13: 46477
... A109: 2015 | B109: 314900 | C109: Newport Town School | D109: 77007.91
A110: 2015 | B110: 315000 | C110: No Bennington Id School
A111: 2015 | B111: 315100 | C111: North Hero School | D111: 48528.41
A112: 2015 | B112: 315500 | C112: Northfield School | D112: 390159.57
A113: 2015 | B113: 315700 | C113: Norwich School | D113: 289145.71
A114: 2015 | B114: 315800 | C114: Orange School | D114: 78174.02
A115: 2015 | B115: 315900 | C115: Orleans Id School | D115: 69456.47
A116: 2015 | B116: 316000 | C116: Orwell School | D116: 65165.28
A117: 2015 | B117: 316200 | C117: Union District #47 | D117: 183812.69
A118: 2015 | B118: 316300 | C118: Peacham School | D118: 45848.07
A119: 2015 | B119: 316600 | C119: Pittsford School | D119: 139488.53
A120: 2015 | B120: 316900 | C120: Pomfret School | D120: 6081.53
A121: 2015 | B121: 317000 | C121: Poultney School | D121: 273651.42
A122: 2015 | B122: 317100 | C122: Pownal School | D122: 170104.15
... A204: 2015 | B204: 327850 | C204: Dept Of Social & Rehab Serv | D204: 8350.44
A205: 2015 | B205: 327890 | C205: Department Of Corrections
A206: 2015 | B206: 327900 | C206: Addison Northwest SU | D206: 230714.04
A207: 2015 | B207: 328100 | C207: Rutland Northeast SU | D207: 345907.97
A208: 2015 | B208: 328300 | C208: Rutland South West SU | D208: 85346.87
A209: 2015 | B209: 328400 | C209: Addison Central SU | D209: 368073.12
A210: 2015 | B210: 328500 | C210: Grand Isle SU | D210: 41201.29
A211: 2015 | B211: 328600 | C211: Barstow Joint | D211: 121062.37
A212: 2015 | B212: 328700 | C212: Addison NE SU | D212: 139861.76
A213: 2015 | B213: 328800 | C213: Washington NE SU | D213: 106620.19
A214: 2015 | B214: 329100 | C214: Austine School | D214: 1362.59
A215: 2015 | B215: 329300 | C215: Vac School | D215: 12935.92
A216: 2015 | B216: 329400 | C216: Windsor SW SU
A217: 2015 | B217: 329700 | C217: Middlebury Union #3 | D217: 666337.46
A218: 2015 | B218: 329800 | C218: Union High #2 | D218: 426428.71
A219: 2015 | B219: 329900 | C219: Orleans Central SU | D219: 205878.22
A220: 2015 | B220: 330600 | C220: Orange Windsor SU | D220: 114555.98
A221: 2015 | B221: 330900 | C221: Brattleboro Union #6 | D221: 864075.3
A222: 2015 | B222: 331000 | C222: Woodstock Union #4 | D222: 449255.48
A223: 2015 | B223: 331200 | C223: Vergennes Union #5 | D223: 310070.37
A224: 2015 | B224: 331300 | C224: Chittenden Central SU | D224: 51181.43
A225: 2015 | B225: 331400 | C225: Bennington-Rutland SU | D225: 158363.23
A226: 2015 | B226: 331900 | C226: Twinfield Union #33 | D226: 297423.1
A227: 2015 | B227: 332000 | C227: Otter Valley Union #8 | D227: 354434.79
A228: 2015 | B228: 332400 | C228: North Country Union #22 | D228: 939843.64
... A251: 2015 | B251: 335600 | C251: Orange East SU | D251: 89005.85
A252: 2015 | B252: 335700 | C252: Rutland Windsor SU
A253: 2015 | B253: 335800 | C253: Two Rivers SU | D253: 92814.39
A254: 2015 | B254: 335900 | C254: Caledonia North SU | D254: 222935.06
A255: 2015 | B255: 336200 | C255: Franklin West SU | D255: 198789.42
A256: 2015 | B256: 336310 | C256: Orleans SW SU | D256: 247716.3
A257: 2015 | B257: 336410 | C257: Lamoille North SU | D257: 24491.22
A258: 2015 | B258: 336500 | C258: Washington West SU | D258: 47596.31
A259: 2015 | B259: 336600 | C259: Union #29 | D259: 168835.43
A260: 2015 | B260: 336700 | C260: Mt Abraham Union #28 | D260: 639846.22
A261: 2015 | B261: 336800 | C261: Orleans Essex N SU | D261: 227603.07
A262: 2015 | B262: 336900 | C262: Windsor SE SU | D262: 140959.89
A263: 2015 | B263: 337100 | C263: Leland & Gray Union #34 | D263: 259753.46
A264: 2015 | B264: 337200 | C264: Hazen Union #26 | D264: 243266.01
... A293: 2015 | B293: 340500 | C293: Mountain Towns Regional SD | D293: 224534.33
C295: Summed Formulas | D295: =SUM(D2:D293) -> 72908805
C297: GASB 68 Number | D297: 72908805
C299: Check | D299: =D295-D297 -> 0

Sheet 2016
A1: Year | B1: district_name | C1: district_contributions
A2: 2016 | B2: Addison School | C2: 54922.82
A3: 2016 | B3: Albany School | C3: 57014.25
A4: 2016 | B4: Alburg School | C4: 150487.72
A5: 2016 | B5: Arlington School | C5: 378749.61
A6: 2016 | B6: Bakersfield School | C6: 85455.65
A7: 2016 | B7: Barnard School | C7: 44687.79
A8: 2016 | B8: Barnet School | C8: 153563.2
A9: 2016 | B9: Barre City School | C9: 568285.37
A10: 2016 | B10: Barre Town School | C10: 505038.22
A11: 2016 | B11: Barton School | C11: 100922.91
A12: 2016 | B12: Bennington School | C12: 411318.66
A13: 2016 | B13: Benson School | C13: 51069.95
... A21: 2016 | B21: Brattleboro Town School | C21: 515798.77
A22: 2016 | B22: Bridgewater School
A23: 2016 | B23: Bridport School | C23: 55894.5
A24: 2016 | B24: Brighton School | C24: 85807.07
A25: 2016 | B25: Bristol School | C25: 193216.03
A26: 2016 | B26: Brookfield School | C26: 39770.6
A27: 2016 | B27: Brownington School | C27: 63398.16
A28: 2016 | B28: Burke School | C28: 127895.41
A29: 2016 | B29: Burlington School | C29: 3410479.1
A30: 2016 | B30: Cabot School | C30: 132091.79
A31: 2016 | B31: Calais School | C31: 86389.57
A32: 2016 | B32: Cambridge School | C32: 231894.76
A33: 2016 | B33: Canaan School | C33: 170899.03
A34: 2016 | B34: Castleton/Hubbardton SD 42 | C34: 210041.23
... A83: 2016 | B83: Jay/Westfield School | C83: 66335.2
A84: 2016 | B84: Jericho School
A85: 2016 | B85: Johnson School | C85: 149189.91
A86: 2016 | B86: Leicester School | C86: 42212.9
A87: 2016 | B87: Lincoln School | C87: 77454.45
A88: 2016 | B88: Lowell School | C88: 90139.67
A89: 2016 | B89: Ludlow School | C89: 91612.91
A90: 2016 | B90: Lunenburg School | C90: 65108.02
A91: 2016 | B91: Lyndon Town School | C91: 263960.57
A92: 2016 | B92: Manchester School | C92: 349495.35
A93: 2016 | B93: Marlboro School | C93: 73650.66
A94: 2016 | B94: Middlebury Id School | C94: 254826.27
A95: 2016 | B95: Middlesex School | C95: 111576.68
A96: 2016 | B96: Middletown Springs School | C96: 44534.68
... A109: 2016 | B109: Newport Town School | C109: 81772.07
A110: 2016 | B110: No Bennington Id School
A111: 2016 | B111: North Hero School | C111: 45997.48
A112: 2016 | B112: Northfield School | C112: 356888.62
A113: 2016 | B113: Norwich School | C113: 272807.71
A114: 2016 | B114: Orange School | C114: 69035.72
A115: 2016 | B115: Orleans Id School | C115: 63000.98
A116: 2016 | B116: Orwell School | C116: 70343.33
A117: 2016 | B117: Union District #47 | C117: 162721.96
A118: 2016 | B118: Peacham School | C118: 46819.93
A119: 2016 | B119: Pittsford School | C119: 163984.63
A120: 2016 | B120: Pomfret School
A121: 2016 | B121: Poultney School | C121: 271249.88
A122: 2016 | B122: Pownal School | C122: 153465.09
A123: 2016 | B123: Proctor School | C123: 231911.15
A124: 2016 | B124: Prosper Valley School | C124: 60087.47
A125: 2016 | B125: Putney School | C125: 133906.25
A126: 2016 | B126: Randolph School | C126: 164334.48
A127: 2016 | B127: Reading School | C127: 39790.84
A128: 2016 | B128: Readsboro School | C128: 39317.18
A129: 2016 | B129: Richford School | C129: 231231.83
A130: 2016 | B130: Richmond School
A131: 2016 | B131: Ripton School | C131: 34963.34
A132: 2016 | B132: Rochester School | C132: 104036.13
A133: 2016 | B133: Rockingham School | C133: 342440.74
A134: 2016 | B134: Roxbury School | C134: 33696.49
A135: 2016 | B135: Royalton School | C135: 227563.02
A136: 2016 | B136: Rutland City School | C136: 1917958.3
A137: 2016 | B137: Rutland Town School | C137: 265095.99
A138: 2016 | B138: St Albans City School | C138: 474759.31
A139: 2016 | B139: St Albans Town School | C139: 447101.54
A140: 2016 | B140: St Johnsbury School | C140: 537227.46
A141: 2016 | B141: Salisbury School | C141: 81432.81
A142: 2016 | B142: Shaftsbury School | C142: 121017.87
... A164: 2016 | B164: Tunbridge School | C164: 89335.68
A165: 2016 | B165: Underhill Id School
A166: 2016 | B166: Underhill Town School
A167: 2016 | B167: Vergennes School | C167: 149409.84
A168: 2016 | B168: Vernon School | C168: 120097.21
A169: 2016 | B169: Waitsfield School | C169: 116878.71
A170: 2016 | B170: Walden School | C170: 64729.87
A171: 2016 | B171: Wallingford School | C171: 111370.87
A172: 2016 | B172: Wardsboro School | C172: 42932.77
A173: 2016 | B173: Warren School | C173: 133506.48
A174: 2016 | B174: Washington School | C174: 57669.8
A175: 2016 | B175: Waterbury/Duxbury School | C175: 528182.81
A176: 2016 | B176: Waterford School | C176: 77571.29
A177: 2016 | B177: Waterville School | C177: 63780.09
A178: 2016 | B178: Weathersfield School | C178: 128073.25
... A203: 2016 | B203: Thetford Academy | C203: 259644.56
A204: 2016 | B204: Dept Of Education
A205: 2016 | B205: Dept Of Social & Rehab Serv
A206: 2016 | B206: Department Of Corrections
A207: 2016 | B207: Addison Northwest SU | C207: 246220.22
A208: 2016 | B208: Rutland Northeast SU | C208: 353639.27
A209: 2016 | B209: Rutland South West SU | C209: 133740.25
A210: 2016 | B210: Addison Central SU | C210: 388128.09
A211: 2016 | B211: Grand Isle SU | C211: 35207.74
A212: 2016 | B212: Barstow Joint | C212: 139052.6
...

Sheet 2017
A1: Year | B1: district_name | C1: district_contributions
A2: 2017 | B2: Addison Central SU | C2: 405265
A3: 2017 | B3: Addison NE SU | C3: 280006
A4: 2017 | B4: Addison Northwest SU | C4: 263421
A5: 2017 | B5: Addison Rutland SU | C5: 279929
A6: 2017 | B6: Addison School | C6: 59629
A7: 2017 | B7: Albany School | C7: 64137
A8: 2017 | B8: Alburg School | C8: 130349
A9: 2017 | B9: Arlington School | C9: 423575
A10: 2017 | B10: Austine School
A11: 2017 | B11: Bakersfield School | C11: 88083
A12: 2017 | B12: Barnard School | C12: 52640
A13: 2017 | B13: Barnet School | C13: 147561
A14: 2017 | B14: Barre City School | C14: 515012
A15: 2017 | B15: Barre SU | C15: 394693
A16: 2017 | B16: Barre Town School | C16: 438105
A17: 2017 | B17: Barstow Joint
A18: 2017 | B18: Barstow Unified USD | C18: 158748
A19: 2017 | B19: Barton School | C19: 109490
A20: 2017 | B20: Bellows Free Academy | C20: 865456
A21: 2017 | B21: Bennington School | C21: 432367
A22: 2017 | B22: Bennington-Rutland SU | C22: 358569
A23: 2017 | B23: Benson School | C23: 54716
A24: 2017 | B24: Berkshire School | C24: 99864
A25: 2017 | B25: Berlin School | C25: 149457
A26: 2017 | B26: Bethel School | C26: 217296
A27: 2017 | B27: Blue Mtn Union #21 | C27: 383350
A28: 2017 | B28: Bolton School
A29: 2017 | B29: Bradford School | C29: 156431
A30: 2017 | B30: Braintree School | C30: 48411
A31: 2017 | B31: Brandon Town School
A32: 2017 | B32: Brattleboro Town School | C32: 559102
A33: 2017 | B33: Brattleboro Union #6 | C33: 853460
A34: 2017 | B34: Bridgewater School
A35: 2017 | B35: Bridport School | C35: 65937
A36: 2017 | B36: Brighton School | C36: 75565
A37: 2017 | B37: Bristol School | C37: 203367
A38: 2017 | B38: Brookfield School | C38: 38686
A39: 2017 | B39: Brownington School | C39: 68630
A40: 2017 | B40: Burke School | C40: 134752
A41: 2017 | B41: Burlington School | C41: 3576586
A42: 2017 | B42: Burr & Burton Seminary | C42: 612011
A43: 2017 | B43: Cabot School | C43: 151041
A44: 2017 | B44: Calais School | C44: 94559
A45: 2017 | B45: Caledonia -Fed | C45: 140756
A46: 2017 | B46: Caledonia North SU | C46: 228218
... A57: 2017 | B57: Chittenden South SU | C57: 878073
A58: 2017 | B58: Clarendon School
A59: 2017 | B59: Colchester School | C59: 1908810
A60: 2017 | B60: Concord School | C60: 94548
A61: 2017 | B61: Cornwall School | C61: 72805
A62: 2017 | B62: Coventry School | C62: 79699
A63: 2017 | B63: Craftsbury School | C63: 120352
A64: 2017 | B64: Danville School | C64: 242330
A65: 2017 | B65: Department Of Corrections
A66: 2017 | B66: Dept Of Education | C66: 19376
A67: 2017 | B67: Dept Of Social & Rehab Serv | C67: 4551
A68: 2017 | B68: Derby School | C68: 239336
A69: 2017 | B69: Dorset School | C69: 145732
A70: 2017 | B70: Dover School | C70: 75325
A71: 2017 | B71: Dummerston School | C71: 136408
A72: 2017 | B72: East Montpelier School | C72: 157122
A73: 2017 | B73: Eden School | C73: 96518
A74: 2017 | B74: Elmore Morristown Unified USD | C74: 576710
A75: 2017 | B75: Elmore School
A76: 2017 | B76: Enosburg School | C76: 465805
A77: 2017 | B77: Essex Caledonia SU | C77: 148184
A78: 2017 | B78: Essex Comm. Ed # 46 | C78: 1601454
A79: 2017 | B79: Essex Jct Id School | C79: 995648
A80: 2017 | B80: Essex Town School | C80: 1214481
A81: 2017 | B81: Fair Haven School | C81: 217054
A82: 2017 | B82: Fair Haven Union #16 | C82: 315481
A83: 2017 | B83: Fairfax School | C83: 522820
A84: 2017 | B84: Fairfield School | C84: 147238
A85: 2017 | B85: Fayston School | C85: 89421
A86: 2017 | B86: Ferrisburg School | C86: 123213
A87: 2017 | B87: Fletcher School | C87: 99367
... A98: 2017 | B98: Green Mtn Uhs Union #35 | C98: 239060
A99: 2017 | B99: Guildhall School
A100: 2017 | B100: Guilford School | C100: 107833
A101: 2017 | B101: Halifax School | C101: 33887
A102: 2017 | B102: Hannaford Regional Tech SD | C102: 163139
A103: 2017 | B103: Hardwick School | C103: 144880
A104: 2017 | B104: Hartford School | C104: 1756593
A105: 2017 | B105: Hartland School | C105: 210214
A106: 2017 | B106: Harwood Union #19 | C106: 538603
A107: 2017 | B107: Hazen Union #26 | C107: 247439
A108: 2017 | B108: Highgate School | C108: 213988
A109: 2017 | B109: Hinesburg School | C109: 353196
A110: 2017 | B110: Holland School | C110: 32935
A111: 2017 | B111: Huntington School | C111: 76197
... A116: 2017 | B116: Jay/Westfield School | C116: 59465
A117: 2017 | B117: Jericho School
A118: 2017 | B118: Johnson School | C118: 144382
A119: 2017 | B119: Lake Region Uhs #24 | C119: 247468
A120: 2017 | B120: Lakeview Uhs #43 | C120: 53320
A121: 2017 | B121: Lamoille North SU | C121: 250296
A122: 2017 | B122: Lamoille So SU | C122: 228919
A123: 2017 | B123: Lamoille Uhs #18 | C123: 634968
A124: 2017 | B124: Leicester School
...

Sheet 2018
A1: Year | B1: district_name | C1: district_contributions
A2: 2018 | B2: Addison Central SU
A3: 2018 | B3: Addison Central Unified USD | C3: 2438169
A4: 2018 | B4: Addison NE SU | C4: 425068
A5: 2018 | B5: Addison Northwest SU
A6: 2018 | B6: Addison NW Unified USD | C6: 1303544
A7: 2018 | B7: Addison Rutland SU | C7: 435904
A8: 2018 | B8: Addison School | C8: 394
A9: 2018 | B9: Albany School | C9: 69931
A10: 2018 | B10: Alburg School | C10: 193711
A11: 2018 | B11: Arlington School | C11: 558829
A12: 2018 | B12: Austine School
A13: 2018 | B13: Bakersfield School | C13: 116123
A14: 2018 | B14: Barnard School | C14: 81968
A15: 2018 | B15: Barnet School | C15: 209336
A16: 2018 | B16: Barre City School | C16: 724966
A17: 2018 | B17: Barre SU | C17: 591490
A18: 2018 | B18: Barre Town School | C18: 627920
A19: 2018 | B19: Barstow Joint
A20: 2018 | B20: Barstow Unified USD | C20: 198520
A21: 2018 | B21: Barton School | C21: 116598
A22: 2018 | B22: Bellows Free Academy
A23: 2018 | B23: Bennington School | C23: 586140
A24: 2018 | B24: Bennington-Rutland SU | C24: 544913
A25: 2018 | B25: Benson School | C25: 75996
A26: 2018 | B26: Berkshire School | C26: 145655
A27: 2018 | B27: Berlin School | C27: 206757
A28: 2018 | B28: Bethel School | C28: 306673
A29: 2018 | B29: Blue Mtn Union #21 | C29: 542301
A30: 2018 | B30: Bolton School
A31: 2018 | B31: Bradford School | C31: 233779
A32: 2018 | B32: Braintree School
A33: 2018 | B33: Brandon Town School
A34: 2018 | B34: Brattleboro Town School | C34: 785879
A35: 2018 | B35: Brattleboro Union #6 | C35: 1208716
A36: 2018 | B36: Bridgewater School
A37: 2018 | B37: Bridport School
A38: 2018 | B38: Brighton School | C38: 110270
A39: 2018 | B39: Bristol School | C39: 246441
A40: 2018 | B40: Brookfield School
A41: 2018 | B41: Brownington School | C41: 92357
A42: 2018 | B42: Burke School | C42: 194614
A43: 2018 | B43: Burlington School | C43: 4958630
A44: 2018 | B44: Burr & Burton Seminary | C44: 836184
A45: 2018 | B45: Cabot School | C45: 208578
A46: 2018 | B46: Calais School | C46: 129678
A47: 2018 | B47: Caledonia -Fed | C47: 191604
A48: 2018 | B48: Caledonia North SU | C48: 313620
A49: 2018 | B49: Cambridge School | C49: 272569
A50: 2018 | B50: Canaan School | C50: 265310
A51: 2018 | B51: Castleton/Hubbardton SD 42 | C51: 293118
A52: 2018 | B52: Cavendish School | C52: 100373
A53: 2018 | B53: Champlain Valley SD | C53: 5257410
A54: 2018 | B54: Champlain Valley Union #15
A55: 2018 | B55: Charleston School | C55: 129609
A56: 2018 | B56: Charlotte School
A57: 2018 | B57: Chelsea School | C57: 196123
A58: 2018 | B58: Chittenden Central SU
A59: 2018 | B59: Chittenden East SU | C59: 750141
A60: 2018 | B60: Chittenden South SU
A61: 2018 | B61: Clarendon School
A62: 2018 | B62: Colchester School | C62: 2694825
A63: 2018 | B63: Concord School | C63: 132290
A64: 2018 | B64: Cornwall School
A65: 2018 | B65: Coventry School | C65: 123390
A66: 2018 | B66: Craftsbury School | C66: 175202
A67: 2018 | B67: Danville School | C67: 352229
A68: 2018 | B68: Department Of Corrections
A69: 2018 | B69: Dept Of Education | C69: 27252
A70: 2018 | B70: Dept Of Social & Rehab Serv | C70: 9682
A71: 2018 | B71: Derby School | C71: 318832
A72: 2018 | B72: Dorset School | C72: 205518
A73: 2018 | B73: Dover School | C73: 106357
A74: 2018 | B74: Dummerston School | C74: 182873
A75: 2018 | B75: East Montpelier School | C75: 206444
A76: 2018 | B76: Eden School
A77: 2018 | B77: Elmore Morristown Unified USD | C77: 835169
A78: 2018 | B78: Elmore School
A79: 2018 | B79: Enosburg School | C79: 663575
A80: 2018 | B80: Essex Caledonia SU | C80: 186622
A81: 2018 | B81: Essex Comm. Ed # 46
A82: 2018 | B82: Essex Jct Id School
A83: 2018 | B83: Essex Town School | C83: 14995
A84: 2018 | B84: Essex Westford Ed Com UUSD | C84: 5675355
A85: 2018 | B85: Fair Haven School | C85: 307883
A86: 2018 | B86: Fair Haven Union #16 | C86: 419918
A87: 2018 | B87: Fairfax School | C87: 769070
A88: 2018 | B88: Fairfield School
A89: 2018 | B89: Fayston School
A90: 2018 | B90: Ferrisburg School
A91: 2018 | B91: Fletcher School | C91: 141116
A92: 2018 | B92: Franklin Ctl SU - Spec Ed
A93: 2018 | B93: Franklin Esea | C93: 409237
A94: 2018 | B94: Franklin NW SU | C94: 645427
A95: 2018 | B95: Franklin School | C95: 90645
A96: 2018 | B96: Franklin West SU | C96: 319016
A97: 2018 | B97: Georgia School | C97: 595850
A98: 2018 | B98: Glover School | C98: 98228
A99: 2018 | B99: Grafton School | C99: 88742
A100: 2018 | B100: Grand Isle School | C100: 185215
...

Sheet 2019
A1: Year | B1: district_name | C1: district_contributions
A2: 2019 | B2: Addison Central SU | C2: 0
A3: 2019 | B3: Addison Central Unified USD | C3: 2356959
A4: 2019 | B4: Addison NE SU | C4: 0
A5: 2019 | B5: Addison Northwest SU | C5: 0
A6: 2019 | B6: Addison NW Unified USD | C6: 1372296
A7: 2019 | B7: Addison Rutland SU | C7: 524541
A8: 2019 | B8: Addison School | C8: 0
A9: 2019 | B9: Albany School | C9: 72779
A10: 2019 | B10: Alburg School | C10: 191576
A11: 2019 | B11: Arlington School | C11: 564865
A12: 2019 | B12: Austine School | C12: 0
A13: 2019 | B13: Bakersfield School | C13: 116951
... A324: 2019 | B324: Worcester School | C324: 96566
B326: Summed Formulas | C326: =SUM(C2:C324) -> 113747928
B328: GASB 68 Number | C328: 113747925
B330: Check | C330: =C326-C328 -> 3

Sheet 2020
A1: Year | B1: district_name | C1: district_contributions
A2: 2020 | B2: Addison Central SU | C2: 0
A3: 2020 | B3: Addison Central Unified USD | C3: 2547252
A4: 2020 | B4: Addison NE SU | C4: 0
A5: 2020 | B5: Addison Northwest SU | C5: 0
A6: 2020 | B6: Addison NW Unified USD | C6: 1360802
A7: 2020 | B7: Addison Rutland SU | C7: 0
A8: 2020 | B8: Addison School | C8: 0
A9: 2020 | B9: Albany School | C9: 0
A10: 2020 | B10: Alburg School | C10: 209896
A11: 2020 | B11: Arlington School | C11: 583653
A12: 2020 | B12: Bakersfield School | C12: 0
A13: 2020 | B13: Barnard School | C13: 89301
... A331: 2020 | B331: Worcester School | C331: 0
B333: Summed Formulas | C333: =SUM(C2:C331) -> 120247383
B335: GASB 68 Number | C335: 120247389
B337: Check | C337: =C333-C335 -> -6

Sheet 2021
A1: Year
A2: 2021 | B2: Addison Central SU | C2: 0
A3: 2021 | B3: Addison Central Unified USD | C3: 2637631
A4: 2021 | B4: Addison NE SU | C4: 0
A5: 2021 | B5: Addison Northwest SU | C5: 0
A6: 2021 | B6: Addison NW Unified USD | C6: 1323092
A7: 2021 | B7: Addison Rutland SU | C7: 0
A8: 2021 | B8: Addison School | C8: 0
A9: 2021 | B9: Albany School | C9: 0
A10: 2021 | B10: Alburg School | C10: 222580
A11: 2021 | B11: Arlington School | C11: 585633
A12: 2021 | B12: Bakersfield School | C12: 0
A13: 2021 | B13: Barnard School | C13: 0
... A311: 2021 | B311: Worcester School | C311: 0
B313: Summed Formulas | C313: =SUM(C2:C311) -> 125910462
B315: GASB 68 Number | C315: 125910465
B317: Check | C317: =C313-C315 -> -3

Sheet 2022
A1: Year | B1: district_name | C1: district_contributions
A2: 2022 | B2: Burke School | C2: 0
A3: 2022 | B3: Burlington School | C3: 14780207
A4: 2022 | B4: Burr & Burton Seminary | C4: 2295577
A5: 2022 | B5: Addison Central Unified USD | C5: 6494062
A6: 2022 | B6: Addison NE SU | C6: 0
A7: 2022 | B7: Addison NW Unified USD | C7: 3367013
A8: 2022 | B8: Addison Rutland SU | C8: 0
A9: 2022 | B9: Addison School | C9: 0
A10: 2022 | B10: Albany School | C10: 0
A11: 2022 | B11: Alburg School | C11: 562740
A12: 2022 | B12: Arlington School | C12: 1099652
A13: 2022 | B13: Bakersfield School | C13: 0
... A268: 2022 | B268: Worcester School | C268: 0
B270: Summed Formulas | C270: =SUM(C2:C268) -> 314663635
B272: GASB 68 Number | C272: 314663632
B274: Check | C274: =C270-C272 -> 3

Sheet NCES Data -->

Sheet Combining LEAID
A1: LEAID | B1: NAME | C1: STNAME | D1: Year | E1: TOTALEXP | F1: TCURELSC | G1: TCURINST | H1: E13 | I1: V91 | J1: V92 | K1: TCURSSVC | L1: E17 | M1: E07 | N1: E08 | O1: E09 | P1: V40 | Q1: V45 | R1: V90 | S1: E11
A2: 5009570 | B2: North Country Junior UHSD #22 | C2: Vermont | D2: 2015 | E2: 7145000 | F2: 5354000 | G2: 3417000 | H2: 3417000 | I2: 0 | J2: 0 | K2: 1806000 | L2: 428000 | M2: 100000 | N2: 21000 | O2: 393000 | P2: 506000 | Q2: 221000 | R2: 137000 | S2: 149000
A3: 5009570 | B3: North Country Junior UHSD #22 | C3: Vermont | D3: 2016 | E3: 5673000 | F3: 5400000 | G3: 3447000 | H3: 3447000 | I3: 0 | J3: 0 | K3: 1953000 | L3: 409000 | M3: 87000 | N3: 179000 | O3: 412000 | P3: 518000 | Q3: 270000 | R3: 78000 | S3: 165000
A4: 5009570 | B4: North Country Junior UHSD #22 | C4: Vermont | D4: 2017 | E4: 5712000 | F4: 4470000 | G4: 2860000 | H4: 2860000 | I4: 0 | J4: 0 | K4: 1445000 | L4: 313000 | M4: 107000 | N4: 17000 | O4: 387000 | P4: 534000 | Q4: 6000 | R4: 81000 | S4: 155000
A5: 5009570 | B5: North Country Junior UHSD #22 | C5: Vermont | D5: 2018 | E5: 5370000 | F5: 4440000 | G5: 2969000 | H5: 2969000 | I5: 0 | J5: 0 | K5: 1322000 | L5: 278000 | M5: 88000 | N5: 15000 | O5: 409000 | P5: 532000 | Q5: 0 | R5: 0 | S5: 131000
A6: 5009570 | B6: North Country Junior UHSD #22 | C6: Vermont | D6: 2019 | E6: 5177000 | F6: 4497000 | G6: 3058000 | H6: 3058000 | I6: 0 | J6: 0 | K6: 1286000 | L6: 218000 | M6: 93000 | N6: 17000 | O6: 416000 | P6: 542000 | Q6: 0 | R6: 0 | S6: 153000
A7: 5009570 | B7: North Country Junior UHSD #22 | C7: Vermont | D7: 2020 | E7: 5180000 | F7: 4356000 | G7: 2856000 | H7: 2856000 | I7: 0 | J7: 0 | K7: 1389000 | L7: 265000 | M7: 72000 | N7: 24000 | O7: 455000 | P7: 573000 | Q7: 0 | R7: 0 | S7: 111000
A8: 5009570 | B8: North Country Junior UHSD #22 | C8: Vermont | D8: 2021 | E8: 5462000 | F8: 4730000 | G8: 2878000 | H8: 2878000 | I8: 0 | J8: 0 | K8: 1697000 | L8: 208000 | M8: 52000 | N8: 180000 | O8: 444000 | P8: 634000 | Q8: 5000 | R8: 174000 | S8: 150000
A9: 5009570 | B9: North Country Junior UHSD #22 | C9: Vermont | D9: 2022 | E9: 5954000 | F9: 5113000 | G9: 3334000 | H9: 3334000 | I9: 0 | J9: 0 | K9: 1629000 | L9: 347000 | M9: 118000 | N9: 20000 | O9: 485000 | P9: 654000 | Q9: 5000 | R9: 0 | S9: 0
A10: 5009600 | B10: North Country Senior UHSD #22 | C10: Vermont | D10: 2015 | E10: 20203000 | F10: 16362000 | G10: 10637000 | H10: 10637000 | I10: 0 | J10: 0 | K10: 5206000 | L10: 789000 | M10: 379000 | N10: 85000 | O10: 1410000 | P10: 1407000 | Q10: 817000 | R10: 319000 | S10: 440000
A11: 5009600 | B11: North Country Senior UHSD #22 | C11: Vermont | D11: 2016 | E11: 19999000 | F11: 15386000 | G11: 9623000 | H11: 9623000 | I11: 0 | J11: 0 | K11: 5323000 | L11: 912000 | M11: 335000 | N11: 58000 | O11: 1462000 | P11: 1390000 | Q11: 857000 | R11: 309000 | S11: 204000
A12: 5009600 | B12: North Country Senior UHSD #22 | C12: Vermont | D12: 2017 | E12: 19234000 | F12: 13113000 | G12: 8408000 | H12: 8408000 | I12: 0 | J12: 0 | K12: 4283000 | L12: 730000 | M12: 492000 | N12: 48000 | O12: 1419000 | P12: 1272000 | Q12: 4000 | R12: 318000 | S12: 422000
A13: 5009600 | B13: North Country Senior UHSD #22 | C13: Vermont | D13: 2018 | E13: 17874000 | F13: 12245000 | G13: 7815000 | H13: 7815000 | I13: 0 | J13: 0 | K13: 4036000 | L13: 823000 | M13: 432000 | N13: 44000 | O13: 1367000 | P13: 1252000 | Q13: 1000 | R13: 117000 | S13: 252000
... A17: 5009600 | B17: North Country Senior UHSD #22 | C17: Vermont | D17: 2022 | E17: 20866000 | F17: 15586000 | G17: 9187000 | H17: 9187000 | I17: 0 | J17: 0 | K17: 6073000 | L17: 1488000 | M17: 745000 | N17: 69000 | O17: 1693000 | P17: 1670000 | Q17: 90000 | R17: 318000 | S17: 326000
A19: LEAID | B19: NAME | C19: STNAME | D19: Year | E19: TOTALEXP | F19: TCURELSC | G19: TCURINST | H19: E13 | I19: V91 | J19: V92 | K19: TCURSSVC | L19: E17 | M19: E07 | N19: E08 | O19: E09 | P19: V40 | Q19: V45 | R19: V90 | S19: E11
A20: 5009600 | B20: North Country Senior UHSD #22 | C20: Vermont | D20: 2015 | E20: 27348000 | F20: 21716000 | G20: 14054000 | H20: 14054000 | I20: 0 | J20: 0 | K20: 7012000 | L20: 1217000 | M20: 479000 | N20: 106000 | O20: 1803000 | P20: 1913000 | Q20: 1038000 | R20: 456000 | S20: 589000
A21: 5009600 | B21: North Country Senior UHSD #22 | C21: Vermont | D21: 2016 | E21: 25672000 | F21: 20786000 | G21: 13070000 | H21: 13070000 | I21: 0 | J21: 0 | K21: 7276000 | L21: 1321000 | M21: 422000 | N21: 237000 | O21: 1874000 | P21: 1908000 | Q21: 1127000 | R21: 387000 | S21: 369000
A22: 5009600 | B22: North Country Senior UHSD #22 | C22: Vermont | D22: 2017 | E22: 24946000 | F22: 17583000 | G22: 11268000 | H22: 11268000 | I22: 0 | J22: 0 | K22: 5728000 | L22: 1043000 | M22: 599000 | N22: 65000 | O22: 1806000 | P22: 1806000 | Q22: 10000 | R22: 399000 | S22: 577000
A23: 5009600 | B23: North Country Senior UHSD #22 | C23: Vermont | D23: 2018 | E23: 23244000 | F23: 16685000 | G23: 10784000 | H23: 10784000 | I23: 0 | J23: 0 | K23: 5358000 | L23: 1101000 | M23: 520000 | N23: 59000 | O23: 1776000 | P23: 1784000 | Q23: 1000 | R23: 117000 | S23: 383000
A24: 5009600 | B24: North Country Senior UHSD #22 | C24: Vermont | D24: 2019 | E24: 22766000 | F24: 16817000 | G24: 10674000 | H24: 10674000 | I24: 0 | J24: 0 | K24: 5617000 | L24: 1207000 | M24: 528000 | N24: 65000 | O24: 1833000 | P24: 1877000 | Q24: 0 | R24: 107000 | S24: 526000
A25: 5009600 | B25: North Country Senior UHSD #22 | C25: Vermont | D25: 2020 | E25: 23533000 | F25: 17756000 | G25: 11386000 | H25: 11386000 | I25: 0 | J25: 0 | K25: 6007000 | L25: 1248000 | M25: 864000 | N25: 93000 | O25: 1738000 | P25: 1940000 | Q25: 31000 | R25: 93000 | S25: 505000
A26: 5009600 | B26: North Country Senior UHSD #22 | C26: Vermont | D26: 2021 | E26: 23594000 | F26: 18617000 | G26: 11500000 | H26: 11500000 | I26: 0 | J26: 0 | K26: 6758000 | L26: 1383000 | M26: 610000 | N26: 256000 | O26: 2045000 | P26: 2177000 | Q26: 17000 | R26: 270000 | S26: 669000
A27: 5009600 | B27: North Country Senior UHSD #22 | C27: Vermont | D27: 2022 | E27: 26820000 | F27: 20699000 | G27: 12521000 | H27: 12521000 | I27: 0 | J27: 0 | K27: 7702000 | L27: 1835000 | M27: 863000 | N27: 89000 | O27: 2178000 | P27: 2324000 | Q27: 95000 | R27: 318000 | S27: 326000

Sheet LEAID Match
A1: Name | B1: LEAID
A2: Addison NE SU | B2: 5099901
A3: Addison Rutland SU | B3: 5099904
A4: Addison School | B4: 5001710
A5: Albany School | B5: 5001740
A6: Alburg School | B6: 5001770
A7: Arlington School | B7: 5001830
A8: Bakersfield School | B8: 5001890
A9: Barnard School | B9: 5001950
A10: Barnet School | B10: 5001980
A11: Barre City School | B11: 5002010
A12: Barre SU | B12: 5000007
A13: Barre Town School | B13: 5002040
... A29: Burlington School | B29: 5002820
A30: Burr & Burton Seminary
A31: Cabot School | B31: 5002850
A32: Calais School | B32: 5002880
A33: Caledonia -Fed | B33: 5099909
A34: Caledonia North SU | B34: 5099908
A35: Cambridge School | B35: 5002910
A36: Canaan School | B36: 5002940
A37: Castleton/Hubbardton SD 42 | B37: 5000001
A38: Cavendish School | B38: 5003010
A39: Charleston School | B39: 5003060
A40: Chelsea School | B40: 5003120
A41: Chittenden East SU
A42: Colchester School | B42: 5003240
A43: Concord School | B43: 5003270
A44: Coventry School | B44: 5003360
A45: Craftsbury School | B45: 5003390
A46: Danville School | B46: 5003450
A47: Dept Of Education
A48: Dept Of Social & Rehab Serv
A49: Derby School | B49: 5003480
A50: Dorset School | B50: 5003510
A51: Dover School | B51: 5003540
A52: Dummerston School | B52: 5003570
A53: East Montpelier School | B53: 5003690
A54: Enosburg School | B54: 5003780
A55: Essex Caledonia SU | B55: 5099918
A56: Essex Town School | B56: 5003840
A57: Fair Haven School | B57: 5003870
A58: Fair Haven Union #16 | B58: 5003900
A59: Fairfax School | B59: 5003930
A60: Fletcher School | B60: 5004080
... A72: Halifax School | B72: 5004500
A73: Hannaford Regional Tech SD
A74: Hardwick School | B74: 5004560
A75: Hartford School | B75: 5004590
A76: Hartland School | B76: 5004620
A77: Harwood Union #19 | B77: 5004580
A78: Hazen Union #26 | B78: 5008243
A79: Highgate School | B79: 5004650
A80: Holland School | B80: 5004710
A81: Huntington School | B81: 5004770
A82: Irasburg School | B82: 5004860
A83: Isle Lamotte School | B83: 5004890
A84: Jamaica School | B84: 5004920
A85: Jay/Westfield School | B85: 5004960
... A94: Lunenburg School | B94: 5005280
A95: Lyndon Institute
A96: Lyndon Town School | B96: 5005310
A97: Manchester School | B97: 5005370
A98: Marlboro School | B98: 5005400
A99: Middlesex School | B99: 5005550
A100: Middletown Springs School | B100: 5005580
A101: Milton School | B101: 5005610
A102: Missisquoi Valley Union #7 | B102: 5005620
A103: Monkton School | B103: 5005640
A104: Montgomery School | B104: 5005670
A105: Montpelier School | B105: 5005700
A106: Mountain Towns Regional SD | B106: 5000386
A107: Mt Abraham Union #28 | B107: 5008235
... A109: Mt Holly School | B109: 5005820
A110: Mt Mansfield Unified USD
A111: New Haven School | B111: 5005880
A112: Newark School | B112: 5005910
A113: Newbrook Elementary School
A114: Newbury School | B114: 5005940
A115: Newport City School | B115: 5006000
A116: Newport Town School | B116: 5006030
A117: North Country Union #22 | B117: 5009600
A118: North Hero School | B118: 5006090
A119: Northfield School | B119: 5006120
A120: Norwich School | B120: 5006180
A121: Orange East SU | B121: 5099927
A122: Orange North S. U. | B122: 5099929
A123: Orange School | B123: 5006210
A124: Orleans Central SU | B124: 5099934
A125: Orleans Essex N SU
A126: Orleans Id School | B126: 5006240
A127: Orleans SW SU | B127: 5099935
A128: Orwell School | B128: 5006270
A129: Ox Bow Union #30 | B129: 5008247
A130: Peacham School | B130: 5006390
A131: Poultney School | B131: 5006600
A132: Pownal School | B132: 5006630
A133: Proctor School | B133: 5006660
A134: Putney School | B134: 5006690
A135: Reading School | B135: 5006750
...
