Workbook

Sheet Final Data
A1: LEAID | B1: Year | C1: employer_code | D1: State | E1: state_abv | F1: plan | G1: district_name | H1: employer_name | I1: district_contributions | J1: LEAID_match | K1: count
A2: 1600001 | B2: 2015 | C2: 189 | D2: Idaho | E2: ID | F2: Public Employee Retirement System of Idaho - Teachers | G2: West Bonner County School District | H2: West Bonner County School District | I2: 687778 | J2: =IFERROR(VLOOKUP(G2,'LEAID Match'!$A$2:$B$183,2,FALSE),"") -> 1600001 | K2: =COUNTIF($A$2:$A$1651,A2) -> 9
A3: 1600001 | B3: 2016 | C3: 189 | D3: Idaho | E3: ID | F3: Public Employee Retirement System of Idaho - Teachers | G3: West Bonner County School District | H3: West Bonner County School District | I3: 696859 | J3: =IFERROR(VLOOKUP(G3,'LEAID Match'!$A$2:$B$183,2,FALSE),"") -> 1600001 | K3: =COUNTIF($A$2:$A$1651,A3) -> 9
A4: 1600001 | B4: 2017 | C4: 189 | D4: Idaho | E4: ID | F4: Public Employee Retirement System of Idaho - Teachers | G4: West Bonner County School District | H4: West Bonner County School District | I4: 714984 | J4: =IFERROR(VLOOKUP(G4,'LEAID Match'!$A$2:$B$183,2,FALSE),"") -> 1600001 | K4: =COUNTIF($A$2:$A$1651,A4) -> 9
A5: 1600001 | B5: 2018 | C5: 189 | D5: Idaho | E5: ID | F5: Public Employee Retirement System of Idaho - Teachers | G5: West Bonner County School District | H5: West Bonner Co School District | I5: 723937 | J5: =IFERROR(VLOOKUP(G5,'LEAID Match'!$A$2:$B$183,2,FALSE),"") -> 1600001 | K5: =COUNTIF($A$2:$A$1651,A5) -> 9
A6: 1600001 | B6: 2019 | C6: 189 | D6: Idaho | E6: ID | F6: Public Employee Retirement System of Idaho - Teachers | G6: West Bonner County School District | H6: West Bonner Co Sch Dist | I6: 726215 | J6: =IFERROR(VLOOKUP(G6,'LEAID Match'!$A$2:$B$183,2,FALSE),"") -> 1600001 | K6: =COUNTIF($A$2:$A$1651,A6) -> 9
A7: 1600001 | B7: 2020 | C7: 189 | D7: Idaho | E7: ID | F7: Public Employee Retirement System of Idaho - Teachers | G7: West Bonner County School District | H7: West Bonner Co Sch Dist | I7: 777214 | J7: =IFERROR(VLOOKUP(G7,'LEAID Match'!$A$2:$B$183,2,FALSE),"") -> 1600001 | K7: =COUNTIF($A$2:$A$1651,A7) -> 9
A8: 1600001 | B8: 2021 | C8: 189 | D8: Idaho | E8: ID | F8: Public Employee Retirement System of Idaho - Teachers | G8: West Bonner County School District | H8: West Bonner Co Sch District | I8: 799943 | J8: =IFERROR(VLOOKUP(G8,'LEAID Match'!$A$2:$B$183,2,FALSE),"") -> 1600001 | K8: =COUNTIF($A$2:$A$1651,A8) -> 9
A9: 1600001 | B9: 2022 | C9: 189 | D9: Idaho | E9: ID | F9: Public Employee Retirement System of Idaho - Teachers | G9: West Bonner County School District | H9: West Bonner Co Sch Dist | I9: 842787 | J9: =IFERROR(VLOOKUP(G9,'LEAID Match'!$A$2:$B$183,2,FALSE),"") -> 1600001 | K9: =COUNTIF($A$2:$A$1651,A9) -> 9
A10: 1600001 | B10: 2023 | C10: 189 | D10: Idaho | E10: ID | F10: Public Employee Retirement System of Idaho - Teachers | G10: West Bonner County School District | H10: West Bonner Co Sch Dist | I10: 820021 | J10: =IFERROR(VLOOKUP(G10,'LEAID Match'!$A$2:$B$183,2,FALSE),"") -> 1600001 | K10: =COUNTIF($A$2:$A$1651,A10) -> 9
A11: 1600002 | B11: 2015 | C11: 96 | D11: Idaho | E11: ID | F11: Public Employee Retirement System of Idaho - Teachers | G11: Lake Pend Oreille School District | H11: Lake Pend Oreille School District | I11: 2007966 | J11: =IFERROR(VLOOKUP(G11,'LEAID Match'!$A$2:$B$183,2,FALSE),"") -> 1600002 | K11: =COUNTIF($A$2:$A$1651,A11) -> 9
A12: 1600002 | B12: 2016 | C12: 96 | D12: Idaho | E12: ID | F12: Public Employee Retirement System of Idaho - Teachers | G12: Lake Pend Oreille School District | H12: Lake Pend Oreille School District | I12: 2027085 | J12: =IFERROR(VLOOKUP(G12,'LEAID Match'!$A$2:$B$183,2,FALSE),"") -> 1600002 | K12: =COUNTIF($A$2:$A$1651,A12) -> 9
A13: 1600002 | B13: 2017 | C13: 96 | D13: Idaho | E13: ID | F13: Public Employee Retirement System of Idaho - Teachers | G13: Lake Pend Oreille School District | H13: Lake Pend Oreille School District | I13: 2101086 | J13: =IFERROR(VLOOKUP(G13,'LEAID Match'!$A$2:$B$183,2,FALSE),"") -> 1600002 | K13: =COUNTIF($A$2:$A$1651,A13) -> 9
... A1500: 1603511 | B1500: 2023 | C1500: 204 | D1500: Idaho | E1500: ID | F1500: Public Employee Retirement System of Idaho - Teachers | G1500: Idaho Bureau of Ed Services for the Deaf and Blind | H1500: Idaho Bureau of Ed Svcs for the Deaf and Blind | I1500: 955609 | J1500: =IFERROR(VLOOKUP(G1500,'LEAID Match'!$A$2:$B$183,2,FALSE),"") -> 1603511 | K1500: =COUNTIF($A$2:$A$1651,A1500) -> 9
B1501: 2015 | C1501: 85 | D1501: Idaho | E1501: ID | F1501: Public Employee Retirement System of Idaho - Teachers | G1501: Inspire Virtual Charter School | H1501: Inspire Virtual Charter School | I1501: 173945 | J1501: =IFERROR(VLOOKUP(G1501,'LEAID Match'!$A$2:$B$183,2,FALSE),"") | K1501: =COUNTIF($A$2:$A$1651,A1501) -> 151
B1502: 2015 | C1502: 78 | D1502: Idaho | E1502: ID | F1502: Public Employee Retirement System of Idaho - Teachers | G1502: Idaho High School Activity Association | H1502: Idaho High School Activity Association | I1502: 35466 | J1502: =IFERROR(VLOOKUP(G1502,'LEAID Match'!$A$2:$B$183,2,FALSE),"") | K1502: =COUNTIF($A$2:$A$1651,A1502) -> 151
B1503: 2015 | C1503: 109 | D1503: Idaho | E1503: ID | F1503: Public Employee Retirement System of Idaho - Teachers | G1503: Meridian Charter High School Inc | H1503: Meridian Charter High School Inc | I1503: 114632 | J1503: =IFERROR(VLOOKUP(G1503,'LEAID Match'!$A$2:$B$183,2,FALSE),"") | K1503: =COUNTIF($A$2:$A$1651,A1503) -> 151
B1504: 2015 | C1504: 110 | D1504: Idaho | E1504: ID | F1504: Public Employee Retirement System of Idaho - Teachers | G1504: Meridian Medical Arts Charter School | H1504: Meridian Medical Arts Charter School | I1504: 113341 | J1504: =IFERROR(VLOOKUP(G1504,'LEAID Match'!$A$2:$B$183,2,FALSE),"") | K1504: =COUNTIF($A$2:$A$1651,A1504) -> 151
B1505: 2015 | C1505: 116 | D1505: Idaho | E1505: ID | F1505: Public Employee Retirement System of Idaho - Teachers | G1505: Moscow Charter School | H1505: Moscow Charter School | I1505: 51595 | J1505: =IFERROR(VLOOKUP(G1505,'LEAID Match'!$A$2:$B$183,2,FALSE),"") | K1505: =COUNTIF($A$2:$A$1651,A1505) -> 151
B1506: 2015 | C1506: 151 | D1506: Idaho | E1506: ID | F1506: Public Employee Retirement System of Idaho - Teachers | G1506: Rigby School District | H1506: Rigby School Dist | I1506: 1691475 | J1506: =IFERROR(VLOOKUP(G1506,'LEAID Match'!$A$2:$B$183,2,FALSE),"") | K1506: =COUNTIF($A$2:$A$1651,A1506) -> 151
B1507: 2015 | C1507: 188 | D1507: Idaho | E1507: ID | F1507: Public Employee Retirement System of Idaho - Teachers | G1507: West Ada County School District | H1507: West Ada County School District | I1507: 14032047 | J1507: =IFERROR(VLOOKUP(G1507,'LEAID Match'!$A$2:$B$183,2,FALSE),"") | K1507: =COUNTIF($A$2:$A$1651,A1507) -> 151
B1508: 2015 | C1508: 199 | D1508: Idaho | E1508: ID | F1508: Public Employee Retirement System of Idaho - Teachers | G1508: Idaho Association of School Administrators | H1508: Idaho Association of School Administrators | I1508: 22502 | J1508: =IFERROR(VLOOKUP(G1508,'LEAID Match'!$A$2:$B$183,2,FALSE),"") | K1508: =COUNTIF($A$2:$A$1651,A1508) -> 151
B1509: 2015 | C1509: 200 | D1509: Idaho | E1509: ID | F1509: Public Employee Retirement System of Idaho - Teachers | G1509: Idaho School District Council | H1509: Idaho School District Council | I1509: 6461 | J1509: =IFERROR(VLOOKUP(G1509,'LEAID Match'!$A$2:$B$183,2,FALSE),"") | K1509: =COUNTIF($A$2:$A$1651,A1509) -> 151
B1510: 2015 | C1510: 201 | D1510: Idaho | E1510: ID | F1510: Public Employee Retirement System of Idaho - Teachers | G1510: Idaho School Boards Association | H1510: Idaho School Boards Association | I1510: 45002 | J1510: =IFERROR(VLOOKUP(G1510,'LEAID Match'!$A$2:$B$183,2,FALSE),"") | K1510: =COUNTIF($A$2:$A$1651,A1510) -> 151
B1511: 2015 | C1511: 202 | D1511: Idaho | E1511: ID | F1511: Public Employee Retirement System of Idaho - Teachers | G1511: Idaho Education Association | H1511: Idaho Education Association | I1511: 212254 | J1511: =IFERROR(VLOOKUP(G1511,'LEAID Match'!$A$2:$B$183,2,FALSE),"") | K1511: =COUNTIF($A$2:$A$1651,A1511) -> 151
B1512: 2015 | C1512: 206 | D1512: Idaho | E1512: ID | F1512: Public Employee Retirement System of Idaho - Teachers | G1512: Academy at Roosevelt Center Charter School | H1512: Academy at Roosevelt Center Charter School | I1512: 84765 | J1512: =IFERROR(VLOOKUP(G1512,'LEAID Match'!$A$2:$B$183,2,FALSE),"") | K1512: =COUNTIF($A$2:$A$1651,A1512) -> 151
... B1651: 2023 | C1651: 207 | D1651: Idaho | E1651: ID | F1651: Public Employee Retirement System of Idaho - Teachers | G1651: Board of Education | H1651: Board of Education | I1651: 360185 | J1651: =IFERROR(VLOOKUP(G1651,'LEAID Match'!$A$2:$B$183,2,FALSE),"") | K1651: =COUNTIF($A$2:$A$1651,A1651) -> 151

Sheet GASB 68 Data -->

Sheet Collected Data
A1: year | B1: employer_name | C1: employer_contributions | D1: employer_allocation
A2: 2015 | B2: Aberdeen School District | C2: 356898 | D2: 0.001125614
A3: 2015 | B3: American Falls School District | C3: 756591 | D3: 0.002386196
A4: 2015 | B4: Arbon School District | C4: 12570 | D4: 3.9644e-05
A5: 2015 | B5: Avery School District | C5: 19381 | D5: 6.1125e-05
A6: 2015 | B6: Basin School District | C6: 189320 | D6: 0.000597091
A7: 2015 | B7: Bear Lake School District | C7: 449570 | D7: 0.001417888
A8: 2015 | B8: Blackfoot School District | C8: 1670938 | D8: 0.005269932
A9: 2015 | B9: Blaine County School District | C9: 3740846 | D9: 0.011798167
A10: 2015 | B10: Bliss School District | C10: 99248 | D10: 0.000313015
A11: 2015 | B11: Boise Independent School District | C11: 15048767 | D11: 0.047461962
A12: 2015 | B12: Bonneville School District | C12: 4165658 | D12: 0.013137973
A13: 2015 | B13: Boundary County School District | C13: 658147 | D13: 0.002075716
... A171: 2015 | B171: Xavier Charter School | C171: 159478 | D171: 0.000502974
A172: 2016 | B172: Junior Colleges and Public Schools
A173: 2016 | B173: Aberdeen School District | C173: 379305 | D173: 0.001145674
A174: 2016 | B174: Academy at Roosevelt Center Charter School | C174: 127111 | D174: 0.000383933
A175: 2016 | B175: American Falls School District | C175: 751839 | D175: 0.002270897
A176: 2016 | B176: American Heritage Charter School | C176: 78023 | D176: 0.000235665
A177: 2016 | B177: Another Choice Virtual Charter School | C177: 165327 | D177: 0.000499363
A178: 2016 | B178: Anser of Idaho Inc | C178: 138957 | D178: 0.000419714
A179: 2016 | B179: Arbon School District | C179: 13343 | D179: 4.0302e-05
A180: 2016 | B180: Avery School District | C180: 15218 | D180: 4.5965e-05
A181: 2016 | B181: Basin School District | C181: 199844 | D181: 0.00060362
A182: 2016 | B182: Bear Lake School District | C182: 461909 | D182: 0.001395176
A183: 2016 | B183: Bingham Academy | C183: 47567 | D183: 0.000143674
A184: 2016 | B184: Blackfoot Charter Comm Learning Center | C184: 134289 | D184: 0.000405614
... A1613: 2023 | B1613: Xavier Charter School | C1613: 322880 | D1613: 0.0006359931

Sheet NCES Data -->

Sheet LEAID Match
A1: district_name | B1: LEAID | C1: count
A2: Gem Prep: Online, LLC | B2: 1600172 | C2: =COUNTIF($B$2:$B$183,B2) -> 2
A3: Idaho Distance Education Academy | B3: 1600172 | C3: =COUNTIF($B$2:$B$183,B3) -> 2
A4: Gem Prep: Meridian North LLC | B4: 1600196 | C4: =COUNTIF($B$2:$B$183,B4) -> 1
A5: Gem Prep: Meridian Sourth LLC | B5: 1600201 | C5: =COUNTIF($B$2:$B$183,B5) -> 1
A6: Gem Prep: Pocatello, Inc. | B6: 1600177 | C6: =COUNTIF($B$2:$B$183,B6) -> 1
A7: Richard McKenna Charter High School | B7: 1600005 | C7: =COUNTIF($B$2:$B$183,B7) -> 1
A8: Aberdeen School District | B8: 1600030 | C8: =COUNTIF($B$2:$B$183,B8) -> 1
A9: Alturas International Academy | B9: 1600175 | C9: =COUNTIF($B$2:$B$183,B9) -> 1
A10: Alturas Preparatory Academy Inc | B10: 1600199 | C10: =COUNTIF($B$2:$B$183,B10) -> 1
A11: American Falls School District | B11: 1600060 | C11: =COUNTIF($B$2:$B$183,B11) -> 1
A12: American Heritage Charter School | B12: 1600162 | C12: =COUNTIF($B$2:$B$183,B12) -> 1
A13: Another Choice Virtual Charter School | B13: 1600155 | C13: =COUNTIF($B$2:$B$183,B13) -> 1
... A183: Xavier Charter School | B183: 1600140 | C183: =COUNTIF($B$2:$B$183,B183) -> 1
