Workbook

Sheet Final Data
A1: LEAID | B1: Year | C1: standardized_employer_name | D1: employer_name | E1: district_contributions | F1: state_contributions | G1: total_contributions | H1: LEAID_match | I1: count
A2: =H2 | B2: 2015 | C2: Allegany County Board of Elections Supervisors | D2: Allegany County Board of Elections Supervisors | E2: 22089 | F2: 346511.33 | G2: =SUM(E2:F2) -> 368600.33 | H2: =IFERROR(VLOOKUP(C2,Sheet1!$B$2:$C$25,2,FALSE),"") | I2: =COUNTIF($H$2:$H$1812,H2) -> 1613
A3: =H3 | B3: 2016 | C3: Allegany County Board of Elections Supervisors | D3: Allegany County Board of Elections Supervisors | E3: 24601 | F3: 383993.02 | G3: =SUM(E3:F3) -> 408594.02 | H3: =IFERROR(VLOOKUP(C3,Sheet1!$B$2:$C$25,2,FALSE),"") | I3: =COUNTIF($H$2:$H$1812,H3) -> 1613
A4: =H4 | B4: 2017 | C4: Allegany County Board of Elections Supervisors | D4: Allegany County Board of Elections Supervisors | E4: - | F4: 0 | G4: =SUM(E4:F4) -> 0 | H4: =IFERROR(VLOOKUP(C4,Sheet1!$B$2:$C$25,2,FALSE),"") | I4: =COUNTIF($H$2:$H$1812,H4) -> 1613
A5: =H5 | B5: 2018 | C5: Allegany County Board of Elections Supervisors | D5: Allegany County Board of Elections Supervisors | E5: 28753 | F5: 432626.41 | G5: =SUM(E5:F5) -> 461379.41 | H5: =IFERROR(VLOOKUP(C5,Sheet1!$B$2:$C$25,2,FALSE),"") | I5: =COUNTIF($H$2:$H$1812,H5) -> 1613
A6: =H6 | B6: 2019 | C6: Allegany County Board of Elections Supervisors | D6: Allegany County Board of Elections Supervisors | E6: 29314 | F6: 421773.31 | G6: =SUM(E6:F6) -> 451087.31 | H6: =IFERROR(VLOOKUP(C6,Sheet1!$B$2:$C$25,2,FALSE),"") | I6: =COUNTIF($H$2:$H$1812,H6) -> 1613
A7: =H7 | B7: 2020 | C7: Allegany County Board of Elections Supervisors | D7: Allegany County Board of Elections Supervisors | E7: 33987 | F7: 475115.99 | G7: =SUM(E7:F7) -> 509102.99 | H7: =IFERROR(VLOOKUP(C7,Sheet1!$B$2:$C$25,2,FALSE),"") | I7: =COUNTIF($H$2:$H$1812,H7) -> 1613
A8: =H8 | B8: 2021 | C8: Allegany County Board of Elections Supervisors | D8: Allegany County Board of Elections Supervisors | E8: 34959 | F8: 456354.27 | G8: =SUM(E8:F8) -> 491313.27 | H8: =IFERROR(VLOOKUP(C8,Sheet1!$B$2:$C$25,2,FALSE),"") | I8: =COUNTIF($H$2:$H$1812,H8) -> 1613
A9: =H9 | B9: 2022 | C9: Allegany County Board of Elections Supervisors | D9: Allegany County Board of Elections Supervisors | E9: 35315 | F9: 485493.74 | G9: =SUM(E9:F9) -> 520808.74 | H9: =IFERROR(VLOOKUP(C9,Sheet1!$B$2:$C$25,2,FALSE),"") | I9: =COUNTIF($H$2:$H$1812,H9) -> 1613
A10: =H10 | B10: 2023 | C10: Allegany County Board of Elections Supervisors | D10: Allegany County Board of Elections Supervisors | E10: 49332 | F10: 660247.75 | G10: =SUM(E10:F10) -> 709579.75 | H10: =IFERROR(VLOOKUP(C10,Sheet1!$B$2:$C$25,2,FALSE),"") | I10: =COUNTIF($H$2:$H$1812,H10) -> 1613
A11: =H11 | B11: 2015 | C11: Allegany County College of Maryland | D11: Allegany County College of Maryland | E11: 81960 | F11: 1285710.9 | G11: =SUM(E11:F11) -> 1367670.9 | H11: =IFERROR(VLOOKUP(C11,Sheet1!$B$2:$C$25,2,FALSE),"") | I11: =COUNTIF($H$2:$H$1812,H11) -> 1613
A12: =H12 | B12: 2016 | C12: Allegany County College of Maryland | D12: Allegany County College of Maryland | E12: 75011 | F12: 1170834.5 | G12: =SUM(E12:F12) -> 1245845.5 | H12: =IFERROR(VLOOKUP(C12,Sheet1!$B$2:$C$25,2,FALSE),"") | I12: =COUNTIF($H$2:$H$1812,H12) -> 1613
A13: =H13 | B13: 2017 | C13: Allegany County College of Maryland | D13: Allegany County College of Maryland | E13: 77433 | F13: 1279998.4 | G13: =SUM(E13:F13) -> 1357431.4 | H13: =IFERROR(VLOOKUP(C13,Sheet1!$B$2:$C$25,2,FALSE),"") | I13: =COUNTIF($H$2:$H$1812,H13) -> 1613
A14: =H14 | B14: 2018 | C14: Allegany County College of Maryland | D14: Allegany County College of Maryland | E14: 75345 | F14: 1133663.8 | G14: =SUM(E14:F14) -> 1209008.8 | H14: =IFERROR(VLOOKUP(C14,Sheet1!$B$2:$C$25,2,FALSE),"") | I14: =COUNTIF($H$2:$H$1812,H14) -> 1613
A15: =H15 | B15: 2019 | C15: Allegany County College of Maryland | D15: Allegany County College of Maryland | E15: 74423 | F15: 1070806.9 | G15: =SUM(E15:F15) -> 1145229.9 | H15: =IFERROR(VLOOKUP(C15,Sheet1!$B$2:$C$25,2,FALSE),"") | I15: =COUNTIF($H$2:$H$1812,H15) -> 1613
A16: =H16 | B16: 2020 | C16: Allegany County College of Maryland | D16: Allegany County College of Maryland | E16: 82099 | F16: 1147690.2 | G16: =SUM(E16:F16) -> 1229789.2 | H16: =IFERROR(VLOOKUP(C16,Sheet1!$B$2:$C$25,2,FALSE),"") | I16: =COUNTIF($H$2:$H$1812,H16) -> 1613
... A42: =H42 | B42: 2022 | C42: Allegany County Library | D42: Allegany County Library | E42: 3479 | F42: 47827.629 | G42: =SUM(E42:F42) -> 51306.629 | H42: =IFERROR(VLOOKUP(C42,Sheet1!$B$2:$C$25,2,FALSE),"") | I42: =COUNTIF($H$2:$H$1812,H42) -> 1613
A43: =H43 | B43: 2023 | C43: Allegany County Library | D43: Allegany County Library | E43: - | F43: 0 | G43: =SUM(E43:F43) -> 0 | H43: =IFERROR(VLOOKUP(C43,Sheet1!$B$2:$C$25,2,FALSE),"") | I43: =COUNTIF($H$2:$H$1812,H43) -> 1613
A44: =H44 | B44: 2015 | C44: Allegany County Officials | D44: Allegany County Officials | E44: 27924 | F44: 438045.29 | G44: =SUM(E44:F44) -> 465969.29 | H44: =IFERROR(VLOOKUP(C44,Sheet1!$B$2:$C$25,2,FALSE),"") | I44: =COUNTIF($H$2:$H$1812,H44) -> 1613
A45: =H45 | B45: 2016 | C45: Allegany County Officials | D45: Allegany County Officials | E45: 36935 | F45: 576512.43 | G45: =SUM(E45:F45) -> 613447.43 | H45: =IFERROR(VLOOKUP(C45,Sheet1!$B$2:$C$25,2,FALSE),"") | I45: =COUNTIF($H$2:$H$1812,H45) -> 1613
A46: =H46 | B46: 2017 | C46: Allegany County Officials | D46: Allegany County Officials | E46: 41809 | F46: 691119.47 | G46: =SUM(E46:F46) -> 732928.47 | H46: =IFERROR(VLOOKUP(C46,Sheet1!$B$2:$C$25,2,FALSE),"") | I46: =COUNTIF($H$2:$H$1812,H46) -> 1613
A47: =H47 | B47: 2018 | C47: Allegany County Officials | D47: Allegany County Officials | E47: 29068 | F47: 437365.99 | G47: =SUM(E47:F47) -> 466433.99 | H47: =IFERROR(VLOOKUP(C47,Sheet1!$B$2:$C$25,2,FALSE),"") | I47: =COUNTIF($H$2:$H$1812,H47) -> 1613
A48: =H48 | B48: 2019 | C48: Allegany County Officials | D48: Allegany County Officials | E48: 29099 | F48: 418679.86 | G48: =SUM(E48:F48) -> 447778.86 | H48: =IFERROR(VLOOKUP(C48,Sheet1!$B$2:$C$25,2,FALSE),"") | I48: =COUNTIF($H$2:$H$1812,H48) -> 1613
A49: =H49 | B49: 2020 | C49: Allegany County Officials | D49: Allegany County Officials | E49: 38945 | F49: 544425.59 | G49: =SUM(E49:F49) -> 583370.59 | H49: =IFERROR(VLOOKUP(C49,Sheet1!$B$2:$C$25,2,FALSE),"") | I49: =COUNTIF($H$2:$H$1812,H49) -> 1613
A50: =H50 | B50: 2021 | C50: Allegany County Officials | D50: Allegany County Officials | E50: 42373 | F50: 553136.51 | G50: =SUM(E50:F50) -> 595509.51 | H50: =IFERROR(VLOOKUP(C50,Sheet1!$B$2:$C$25,2,FALSE),"") | I50: =COUNTIF($H$2:$H$1812,H50) -> 1613
A51: =H51 | B51: 2022 | C51: Allegany County Officials | D51: Allegany County Officials | E51: 43071 | F51: 592119.53 | G51: =SUM(E51:F51) -> 635190.53 | H51: =IFERROR(VLOOKUP(C51,Sheet1!$B$2:$C$25,2,FALSE),"") | I51: =COUNTIF($H$2:$H$1812,H51) -> 1613
A52: =H52 | B52: 2023 | C52: Allegany County Officials | D52: Allegany County Officials | E52: 44587 | F52: 596741.8 | G52: =SUM(E52:F52) -> 641328.8 | H52: =IFERROR(VLOOKUP(C52,Sheet1!$B$2:$C$25,2,FALSE),"") | I52: =COUNTIF($H$2:$H$1812,H52) -> 1613
A53: =H53 -> 2400030 | B53: 2015 | C53: Allegany County Public Schools | D53: Allegany County Public Schools | E53: 701600 | F53: 11006037 | G53: =SUM(E53:F53) -> 11707637 | H53: =IFERROR(VLOOKUP(C53,Sheet1!$B$2:$C$25,2,FALSE),"") -> 2400030 | I53: =COUNTIF($H$2:$H$1812,H53) -> 9
A54: =H54 -> 2400030 | B54: 2016 | C54: Allegany County Public Schools | D54: Allegany County Public Schools | E54: 572404 | F54: 8934561.2 | G54: =SUM(E54:F54) -> 9506965.2 | H54: =IFERROR(VLOOKUP(C54,Sheet1!$B$2:$C$25,2,FALSE),"") -> 2400030 | I54: =COUNTIF($H$2:$H$1812,H54) -> 9
A55: =H55 -> 2400030 | B55: 2017 | C55: Allegany County Public Schools | D55: Allegany County Public Schools | E55: 532468 | F55: 8801908.7 | G55: =SUM(E55:F55) -> 9334376.7 | H55: =IFERROR(VLOOKUP(C55,Sheet1!$B$2:$C$25,2,FALSE),"") -> 2400030 | I55: =COUNTIF($H$2:$H$1812,H55) -> 9
... A94: =H94 | B94: 2020 | C94: Anne Arundel County Commission | D94: Anne Arundel County Commission | E94: 2366721 | F94: 33085209 | G94: =SUM(E94:F94) -> 35451930 | H94: =IFERROR(VLOOKUP(C94,Sheet1!$B$2:$C$25,2,FALSE),"") | I94: =COUNTIF($H$2:$H$1812,H94) -> 1613
A95: =H95 | B95: 2021 | C95: Anne Arundel County Commission | D95: Anne Arundel County Commission | E95: - | F95: 0 | G95: =SUM(E95:F95) -> 0 | H95: =IFERROR(VLOOKUP(C95,Sheet1!$B$2:$C$25,2,FALSE),"") | I95: =COUNTIF($H$2:$H$1812,H95) -> 1613
A96: =H96 | B96: 2022 | C96: Anne Arundel County Commission | D96: Anne Arundel County Commission | E96: - | F96: 0 | G96: =SUM(E96:F96) -> 0 | H96: =IFERROR(VLOOKUP(C96,Sheet1!$B$2:$C$25,2,FALSE),"") | I96: =COUNTIF($H$2:$H$1812,H96) -> 1613
A97: =H97 | B97: 2023 | C97: Anne Arundel County Commission | D97: Anne Arundel County Commission | E97: - | F97: 0 | G97: =SUM(E97:F97) -> 0 | H97: =IFERROR(VLOOKUP(C97,Sheet1!$B$2:$C$25,2,FALSE),"") | I97: =COUNTIF($H$2:$H$1812,H97) -> 1613
A98: =H98 | B98: 2015 | C98: Anne Arundel County Community College | D98: Anne Arundel Co. Community College | E98: 378329 | F98: 5934867.4 | G98: =SUM(E98:F98) -> 6313196.4 | H98: =IFERROR(VLOOKUP(C98,Sheet1!$B$2:$C$25,2,FALSE),"") | I98: =COUNTIF($H$2:$H$1812,H98) -> 1613
A99: =H99 | B99: 2016 | C99: Anne Arundel County Community College | D99: Anne Arundel County Community College | E99: 345140 | F99: 5387234.3 | G99: =SUM(E99:F99) -> 5732374.3 | H99: =IFERROR(VLOOKUP(C99,Sheet1!$B$2:$C$25,2,FALSE),"") | I99: =COUNTIF($H$2:$H$1812,H99) -> 1613
A100: =H100 | B100: 2017 | C100: Anne Arundel County Community College | D100: Anne Arundel County Community College | E100: 312775 | F100: 5170295.7 | G100: =SUM(E100:F100) -> 5483070.7 | H100: =IFERROR(VLOOKUP(C100,Sheet1!$B$2:$C$25,2,FALSE),"") | I100: =COUNTIF($H$2:$H$1812,H100) -> 1613
A101: =H101 | B101: 2018 | C101: Anne Arundel County Community College | D101: Anne Arundel County Community College | E101: 304070 | F101: 4575129.9 | G101: =SUM(E101:F101) -> 4879199.9 | H101: =IFERROR(VLOOKUP(C101,Sheet1!$B$2:$C$25,2,FALSE),"") | I101: =COUNTIF($H$2:$H$1812,H101) -> 1613
A102: =H102 | B102: 2019 | C102: Anne Arundel County Community College | D102: Anne Arundel County Community College | E102: 315548 | F102: 4540142 | G102: =SUM(E102:F102) -> 4855690 | H102: =IFERROR(VLOOKUP(C102,Sheet1!$B$2:$C$25,2,FALSE),"") | I102: =COUNTIF($H$2:$H$1812,H102) -> 1613
A103: =H103 | B103: 2020 | C103: Anne Arundel County Community College | D103: Anne Arundel County Community College | E103: 341931 | F103: 4779971.4 | G103: =SUM(E103:F103) -> 5121902.4 | H103: =IFERROR(VLOOKUP(C103,Sheet1!$B$2:$C$25,2,FALSE),"") | I103: =COUNTIF($H$2:$H$1812,H103) -> 1613
A104: =H104 | B104: 2021 | C104: Anne Arundel County Community College | D104: Anne Arundel County Community College | E104: 451393 | F104: 5892477.5 | G104: =SUM(E104:F104) -> 6343870.5 | H104: =IFERROR(VLOOKUP(C104,Sheet1!$B$2:$C$25,2,FALSE),"") | I104: =COUNTIF($H$2:$H$1812,H104) -> 1613
A105: =H105 | B105: 2022 | C105: Anne Arundel County Community College | D105: Anne Arundel County Community College | E105: 446925 | F105: 6144111.3 | G105: =SUM(E105:F105) -> 6591036.3 | H105: =IFERROR(VLOOKUP(C105,Sheet1!$B$2:$C$25,2,FALSE),"") | I105: =COUNTIF($H$2:$H$1812,H105) -> 1613
A106: =H106 | B106: 2023 | C106: Anne Arundel County Community College | D106: Anne Arundel County Community College | E106: 514561 | F106: 6886762 | G106: =SUM(E106:F106) -> 7401323 | H106: =IFERROR(VLOOKUP(C106,Sheet1!$B$2:$C$25,2,FALSE),"") | I106: =COUNTIF($H$2:$H$1812,H106) -> 1613
A107: =H107 | B107: 2015 | C107: Anne Arundel County Economic Opp. Com. | D107: Anne Arundel Co. Economic Opp. Com. | E107: 114853 | F107: 1801705.2 | G107: =SUM(E107:F107) -> 1916558.2 | H107: =IFERROR(VLOOKUP(C107,Sheet1!$B$2:$C$25,2,FALSE),"") | I107: =COUNTIF($H$2:$H$1812,H107) -> 1613
A108: =H108 | B108: 2016 | C108: Anne Arundel County Economic Opp. Com. | D108: Anne Arundel County Economic Opp. Com. | E108: 89187 | F108: 1392105.4 | G108: =SUM(E108:F108) -> 1481292.4 | H108: =IFERROR(VLOOKUP(C108,Sheet1!$B$2:$C$25,2,FALSE),"") | I108: =COUNTIF($H$2:$H$1812,H108) -> 1613
A109: =H109 | B109: 2017 | C109: Anne Arundel County Economic Opp. Com. | D109: Anne Arundel County Economic Opp. Com. | E109: 79412 | F109: 1312712.1 | G109: =SUM(E109:F109) -> 1392124.1 | H109: =IFERROR(VLOOKUP(C109,Sheet1!$B$2:$C$25,2,FALSE),"") | I109: =COUNTIF($H$2:$H$1812,H109) -> 1613
... A144: =H144 | B144: 2016 | C144: Baltimore City Master Judges | D144: Baltimore City Master Judges | E144: 51917 | F144: 810364.04 | G144: =SUM(E144:F144) -> 862281.04 | H144: =IFERROR(VLOOKUP(C144,Sheet1!$B$2:$C$25,2,FALSE),"") | I144: =COUNTIF($H$2:$H$1812,H144) -> 1613
A145: =H145 | B145: 2017 | C145: Baltimore City Master Judges | D145: Baltimore City Master Judges | E145: - | F145: 0 | G145: =SUM(E145:F145) -> 0 | H145: =IFERROR(VLOOKUP(C145,Sheet1!$B$2:$C$25,2,FALSE),"") | I145: =COUNTIF($H$2:$H$1812,H145) -> 1613
A146: =H146 | B146: 2015 | C146: Baltimore City Sheriffs Department - ref:HB 101 | D146: Baltimore City Sheriffs Department- ref:HB 101 | E146: 2391397 | F146: 37513973 | G146: =SUM(E146:F146) -> 39905370 | H146: =IFERROR(VLOOKUP(C146,Sheet1!$B$2:$C$25,2,FALSE),"") | I146: =COUNTIF($H$2:$H$1812,H146) -> 1613
A147: =H147 | B147: 2016 | C147: Baltimore City Sheriffs Department - ref:HB 101 | D147: Baltimore City Sheriffs Department- ref:HB 101 | E147: 486666 | F147: 7596290.7 | G147: =SUM(E147:F147) -> 8082956.7 | H147: =IFERROR(VLOOKUP(C147,Sheet1!$B$2:$C$25,2,FALSE),"") | I147: =COUNTIF($H$2:$H$1812,H147) -> 1613
A148: =H148 | B148: 2017 | C148: Baltimore City Sheriffs Department - ref:HB 101 | D148: Baltimore City Sheriffs Department- ref:HB 101 | E148: 658992 | F148: 10893401 | G148: =SUM(E148:F148) -> 11552393 | H148: =IFERROR(VLOOKUP(C148,Sheet1!$B$2:$C$25,2,FALSE),"") | I148: =COUNTIF($H$2:$H$1812,H148) -> 1613
A149: =H149 | B149: 2018 | C149: Baltimore City Sheriffs Department - ref:HB 101 | D149: Baltimore City Sheriffs Department - ref:HB 101 | E149: 659056 | F149: 9916357.6 | G149: =SUM(E149:F149) -> 10575414 | H149: =IFERROR(VLOOKUP(C149,Sheet1!$B$2:$C$25,2,FALSE),"") | I149: =COUNTIF($H$2:$H$1812,H149) -> 1613
A150: =H150 | B150: 2019 | C150: Baltimore City Sheriffs Department - ref:HB 101 | D150: Baltimore City Sheriffs Department - ref:HB 101 | E150: 690900 | F150: 9940751.1 | G150: =SUM(E150:F150) -> 10631651 | H150: =IFERROR(VLOOKUP(C150,Sheet1!$B$2:$C$25,2,FALSE),"") | I150: =COUNTIF($H$2:$H$1812,H150) -> 1613
A151: =H151 | B151: 2020 | C151: Baltimore City Sheriffs Department - ref:HB 101 | D151: Baltimore City Sheriffs Department - ref:HB 101 | E151: 694585 | F151: 9709843.3 | G151: =SUM(E151:F151) -> 10404428 | H151: =IFERROR(VLOOKUP(C151,Sheet1!$B$2:$C$25,2,FALSE),"") | I151: =COUNTIF($H$2:$H$1812,H151) -> 1613
A152: =H152 | B152: 2021 | C152: Baltimore City Sheriffs Department - ref:HB 101 | D152: Baltimore City Sheriffs Department - ref:HB 101 | E152: 720524 | F152: 9405709.6 | G152: =SUM(E152:F152) -> 10126234 | H152: =IFERROR(VLOOKUP(C152,Sheet1!$B$2:$C$25,2,FALSE),"") | I152: =COUNTIF($H$2:$H$1812,H152) -> 1613
A153: =H153 | B153: 2022 | C153: Baltimore City Sheriffs Department - ref:HB 101 | D153: Baltimore City Sheriffs Department - ref:HB 101 | E153: 739168 | F153: 10161728 | G153: =SUM(E153:F153) -> 10900896 | H153: =IFERROR(VLOOKUP(C153,Sheet1!$B$2:$C$25,2,FALSE),"") | I153: =COUNTIF($H$2:$H$1812,H153) -> 1613
A154: =H154 | B154: 2023 | C154: Baltimore City Sheriffs Department - ref:HB 101 | D154: Baltimore City Sheriffs Department - ref:HB 101 | E154: 748045 | F154: 10011656 | G154: =SUM(E154:F154) -> 10759701 | H154: =IFERROR(VLOOKUP(C154,Sheet1!$B$2:$C$25,2,FALSE),"") | I154: =COUNTIF($H$2:$H$1812,H154) -> 1613
A155: =H155 | B155: 2015 | C155: Baltimore City Sheriffs Department - ref:HB 101 (LEOPS) | D155: Baltimore City Sheriffs Department- ref:HB 101 (LEOPS) | E155: 466083 | F155: 7311469.1 | G155: =SUM(E155:F155) -> 7777552.1 | H155: =IFERROR(VLOOKUP(C155,Sheet1!$B$2:$C$25,2,FALSE),"") | I155: =COUNTIF($H$2:$H$1812,H155) -> 1613
A156: =H156 | B156: 2016 | C156: Baltimore City Sheriffs Department - ref:HB 101 (LEOPS) | D156: Baltimore City Sheriffs Department- ref:HB 101 (LEOPS) | E156: 2497181 | F156: 38978093 | G156: =SUM(E156:F156) -> 41475274 | H156: =IFERROR(VLOOKUP(C156,Sheet1!$B$2:$C$25,2,FALSE),"") | I156: =COUNTIF($H$2:$H$1812,H156) -> 1613
A157: =H157 | B157: 2017 | C157: Baltimore City Sheriffs Department - ref:HB 101 (LEOPS) | D157: Baltimore City Sheriffs Department- ref:HB 101 (LEOPS) | E157: 2684397 | F157: 44374155 | G157: =SUM(E157:F157) -> 47058552 | H157: =IFERROR(VLOOKUP(C157,Sheet1!$B$2:$C$25,2,FALSE),"") | I157: =COUNTIF($H$2:$H$1812,H157) -> 1613
... A170: =H170 | B170: 2021 | C170: Baltimore County Master Judges | D170: Baltimore County Master Judges | E170: 58921 | F170: 769153.86 | G170: =SUM(E170:F170) -> 828074.86 | H170: =IFERROR(VLOOKUP(C170,Sheet1!$B$2:$C$25,2,FALSE),"") | I170: =COUNTIF($H$2:$H$1812,H170) -> 1613
A171: =H171 | B171: 2022 | C171: Baltimore County Master Judges | D171: Baltimore County Master Judges | E171: - | F171: 0 | G171: =SUM(E171:F171) -> 0 | H171: =IFERROR(VLOOKUP(C171,Sheet1!$B$2:$C$25,2,FALSE),"") | I171: =COUNTIF($H$2:$H$1812,H171) -> 1613
A172: =H172 | B172: 2023 | C172: Baltimore County Master Judges | D172: Baltimore County Master Judges | E172: - | F172: 0 | G172: =SUM(E172:F172) -> 0 | H172: =IFERROR(VLOOKUP(C172,Sheet1!$B$2:$C$25,2,FALSE),"") | I172: =COUNTIF($H$2:$H$1812,H172) -> 1613
A173: =H173 | B173: 2015 | C173: Baltimore County Officials | D173: Baltimore County Officials | E173: 45062 | F173: 706890.02 | G173: =SUM(E173:F173) -> 751952.02 | H173: =IFERROR(VLOOKUP(C173,Sheet1!$B$2:$C$25,2,FALSE),"") | I173: =COUNTIF($H$2:$H$1812,H173) -> 1613
A174: =H174 | B174: 2016 | C174: Baltimore County Officials | D174: Baltimore County Officials | E174: 47857 | F174: 746992.16 | G174: =SUM(E174:F174) -> 794849.16 | H174: =IFERROR(VLOOKUP(C174,Sheet1!$B$2:$C$25,2,FALSE),"") | I174: =COUNTIF($H$2:$H$1812,H174) -> 1613
A175: =H175 | B175: 2017 | C175: Baltimore County Officials | D175: Baltimore County Officials | E175: 53777 | F175: 888955.29 | G175: =SUM(E175:F175) -> 942732.29 | H175: =IFERROR(VLOOKUP(C175,Sheet1!$B$2:$C$25,2,FALSE),"") | I175: =COUNTIF($H$2:$H$1812,H175) -> 1613
A176: =H176 | B176: 2018 | C176: Baltimore County Officials | D176: Baltimore County Officials | E176: 54980 | F176: 827245.85 | G176: =SUM(E176:F176) -> 882225.85 | H176: =IFERROR(VLOOKUP(C176,Sheet1!$B$2:$C$25,2,FALSE),"") | I176: =COUNTIF($H$2:$H$1812,H176) -> 1613
A177: =H177 | B177: 2019 | C177: Baltimore County Officials | D177: Baltimore County Officials | E177: 55039 | F177: 791907.66 | G177: =SUM(E177:F177) -> 846946.66 | H177: =IFERROR(VLOOKUP(C177,Sheet1!$B$2:$C$25,2,FALSE),"") | I177: =COUNTIF($H$2:$H$1812,H177) -> 1613
A178: =H178 | B178: 2020 | C178: Baltimore County Officials | D178: Baltimore County Officials | E178: 58753 | F178: 821328.45 | G178: =SUM(E178:F178) -> 880081.45 | H178: =IFERROR(VLOOKUP(C178,Sheet1!$B$2:$C$25,2,FALSE),"") | I178: =COUNTIF($H$2:$H$1812,H178) -> 1613
A179: =H179 | B179: 2021 | C179: Baltimore County Officials | D179: Baltimore County Officials | E179: 62207 | F179: 812049.26 | G179: =SUM(E179:F179) -> 874256.26 | H179: =IFERROR(VLOOKUP(C179,Sheet1!$B$2:$C$25,2,FALSE),"") | I179: =COUNTIF($H$2:$H$1812,H179) -> 1613
A180: =H180 | B180: 2022 | C180: Baltimore County Officials | D180: Baltimore County Officials | E180: 62444 | F180: 858450.27 | G180: =SUM(E180:F180) -> 920894.27 | H180: =IFERROR(VLOOKUP(C180,Sheet1!$B$2:$C$25,2,FALSE),"") | I180: =COUNTIF($H$2:$H$1812,H180) -> 1613
A181: =H181 | B181: 2023 | C181: Baltimore County Officials | D181: Baltimore County Officials | E181: 63436 | F181: 849012.34 | G181: =SUM(E181:F181) -> 912448.34 | H181: =IFERROR(VLOOKUP(C181,Sheet1!$B$2:$C$25,2,FALSE),"") | I181: =COUNTIF($H$2:$H$1812,H181) -> 1613
A182: =H182 | B182: 2015 | C182: Baltimore Metropolitan Council | D182: Baltimore Metropolitan Council | E182: 27949 | F182: 438437.47 | G182: =SUM(E182:F182) -> 466386.47 | H182: =IFERROR(VLOOKUP(C182,Sheet1!$B$2:$C$25,2,FALSE),"") | I182: =COUNTIF($H$2:$H$1812,H182) -> 1613
A183: =H183 | B183: 2016 | C183: Baltimore Metropolitan Council | D183: Baltimore Metropolitan Council | E183: 24425 | F183: 381245.87 | G183: =SUM(E183:F183) -> 405670.87 | H183: =IFERROR(VLOOKUP(C183,Sheet1!$B$2:$C$25,2,FALSE),"") | I183: =COUNTIF($H$2:$H$1812,H183) -> 1613
A184: =H184 | B184: 2017 | C184: Baltimore Metropolitan Council | D184: Baltimore Metropolitan Council | E184: 23665 | F184: 391191.9 | G184: =SUM(E184:F184) -> 414856.9 | H184: =IFERROR(VLOOKUP(C184,Sheet1!$B$2:$C$25,2,FALSE),"") | I184: =COUNTIF($H$2:$H$1812,H184) -> 1613
... A214: =H214 | B214: 2020 | C214: Bethesda Fire Department | D214: Bethesda Fire Dep artment | E214: 2183 | F214: 30516.91 | G214: =SUM(E214:F214) -> 32699.91 | H214: =IFERROR(VLOOKUP(C214,Sheet1!$B$2:$C$25,2,FALSE),"") | I214: =COUNTIF($H$2:$H$1812,H214) -> 1613
A215: =H215 | B215: 2021 | C215: Bethesda Fire Department | D215: Bethesda Fire Department | E215: - | F215: 0 | G215: =SUM(E215:F215) -> 0 | H215: =IFERROR(VLOOKUP(C215,Sheet1!$B$2:$C$25,2,FALSE),"") | I215: =COUNTIF($H$2:$H$1812,H215) -> 1613
A216: =H216 | B216: 2022 | C216: Bethesda Fire Department | D216: Bethesda Fire Department | E216: - | F216: 0 | G216: =SUM(E216:F216) -> 0 | H216: =IFERROR(VLOOKUP(C216,Sheet1!$B$2:$C$25,2,FALSE),"") | I216: =COUNTIF($H$2:$H$1812,H216) -> 1613
A217: =H217 | B217: 2023 | C217: Bethesda Fire Department | D217: Bethesda Fire Department | E217: - | F217: 0 | G217: =SUM(E217:F217) -> 0 | H217: =IFERROR(VLOOKUP(C217,Sheet1!$B$2:$C$25,2,FALSE),"") | I217: =COUNTIF($H$2:$H$1812,H217) -> 1613
A218: =H218 | B218: 2015 | C218: Bladensburg, Town of | D218: Bladensburg, Town of | E218: 196829 | F218: 3087667.1 | G218: =SUM(E218:F218) -> 3284496.1 | H218: =IFERROR(VLOOKUP(C218,Sheet1!$B$2:$C$25,2,FALSE),"") | I218: =COUNTIF($H$2:$H$1812,H218) -> 1613
A219: =H219 | B219: 2016 | C219: Bladensburg, Town of | D219: Bladensburg, Town of | E219: 175319 | F219: 2736525.9 | G219: =SUM(E219:F219) -> 2911844.9 | H219: =IFERROR(VLOOKUP(C219,Sheet1!$B$2:$C$25,2,FALSE),"") | I219: =COUNTIF($H$2:$H$1812,H219) -> 1613
A220: =H220 | B220: 2017 | C220: Bladensburg, Town of | D220: Bladensburg, Town of | E220: 175127 | F220: 2894919.3 | G220: =SUM(E220:F220) -> 3070046.3 | H220: =IFERROR(VLOOKUP(C220,Sheet1!$B$2:$C$25,2,FALSE),"") | I220: =COUNTIF($H$2:$H$1812,H220) -> 1613
A221: =H221 | B221: 2018 | C221: Bladensburg, Town of | D221: Bladensburg, Town of | E221: 178900 | F221: 2691784 | G221: =SUM(E221:F221) -> 2870684 | H221: =IFERROR(VLOOKUP(C221,Sheet1!$B$2:$C$25,2,FALSE),"") | I221: =COUNTIF($H$2:$H$1812,H221) -> 1613
A222: =H222 | B222: 2019 | C222: Bladensburg, Town of | D222: Bladensburg, Town of | E222: 200013 | F222: 2877810.8 | G222: =SUM(E222:F222) -> 3077823.8 | H222: =IFERROR(VLOOKUP(C222,Sheet1!$B$2:$C$25,2,FALSE),"") | I222: =COUNTIF($H$2:$H$1812,H222) -> 1613
A223: =H223 | B223: 2020 | C223: Bladensburg, Town of | D223: Bladensburg, Town of | E223: 240723 | F223: 3365149.8 | G223: =SUM(E223:F223) -> 3605872.8 | H223: =IFERROR(VLOOKUP(C223,Sheet1!$B$2:$C$25,2,FALSE),"") | I223: =COUNTIF($H$2:$H$1812,H223) -> 1613
A224: =H224 | B224: 2021 | C224: Bladensburg, Town of | D224: Bladensburg, Town of | E224: 249949 | F224: 3262830.5 | G224: =SUM(E224:F224) -> 3512779.5 | H224: =IFERROR(VLOOKUP(C224,Sheet1!$B$2:$C$25,2,FALSE),"") | I224: =COUNTIF($H$2:$H$1812,H224) -> 1613
A225: =H225 | B225: 2022 | C225: Bladensburg, Town of | D225: Bladensburg, Town of | E225: 281014 | F225: 3863246.2 | G225: =SUM(E225:F225) -> 4144260.2 | H225: =IFERROR(VLOOKUP(C225,Sheet1!$B$2:$C$25,2,FALSE),"") | I225: =COUNTIF($H$2:$H$1812,H225) -> 1613
A226: =H226 | B226: 2023 | C226: Bladensburg, Town of | D226: Bladensburg, Town of | E226: 306342 | F226: 4100008.5 | G226: =SUM(E226:F226) -> 4406350.5 | H226: =IFERROR(VLOOKUP(C226,Sheet1!$B$2:$C$25,2,FALSE),"") | I226: =COUNTIF($H$2:$H$1812,H226) -> 1613
A227: =H227 | B227: 2015 | C227: Bowie, City of (LEOPS) | D227: Bowie, City of (LEOPS) | E227: 1028734 | F227: 16137806 | G227: =SUM(E227:F227) -> 17166540 | H227: =IFERROR(VLOOKUP(C227,Sheet1!$B$2:$C$25,2,FALSE),"") | I227: =COUNTIF($H$2:$H$1812,H227) -> 1613
A228: =H228 | B228: 2016 | C228: Bowie, City of (LEOPS) | D228: Bowie, City of (LEOPS) | E228: 1202283 | F228: 18766240 | G228: =SUM(E228:F228) -> 19968523 | H228: =IFERROR(VLOOKUP(C228,Sheet1!$B$2:$C$25,2,FALSE),"") | I228: =COUNTIF($H$2:$H$1812,H228) -> 1613
A229: =H229 | B229: 2017 | C229: Bowie, City of (LEOPS) | D229: Bowie, City of (LEOPS) | E229: 1262660 | F229: 20872274 | G229: =SUM(E229:F229) -> 22134934 | H229: =IFERROR(VLOOKUP(C229,Sheet1!$B$2:$C$25,2,FALSE),"") | I229: =COUNTIF($H$2:$H$1812,H229) -> 1613
... A277: =H277 | B277: 2019 | C277: Cambridge, Housing Authority of | D277: Cambridge, Housing Authority of | E277: 22050 | F277: 317258.01 | G277: =SUM(E277:F277) -> 339308.01 | H277: =IFERROR(VLOOKUP(C277,Sheet1!$B$2:$C$25,2,FALSE),"") | I277: =COUNTIF($H$2:$H$1812,H277) -> 1613
A278: =H278 | B278: 2020 | C278: Cambridge, Housing Authority of | D278: Cambridge, Housing Authority of | E278: - | F278: 0 | G278: =SUM(E278:F278) -> 0 | H278: =IFERROR(VLOOKUP(C278,Sheet1!$B$2:$C$25,2,FALSE),"") | I278: =COUNTIF($H$2:$H$1812,H278) -> 1613
A279: =H279 | B279: 2022 | C279: Cambridge, Housing Authority of | D279: Cambridge, Housing Authority of | E279: - | F279: 0 | G279: =SUM(E279:F279) -> 0 | H279: =IFERROR(VLOOKUP(C279,Sheet1!$B$2:$C$25,2,FALSE),"") | I279: =COUNTIF($H$2:$H$1812,H279) -> 1613
A280: =H280 | B280: 2015 | C280: Caroline County Officials | D280: Caroline County Officials | E280: 16376 | F280: 256891.19 | G280: =SUM(E280:F280) -> 273267.19 | H280: =IFERROR(VLOOKUP(C280,Sheet1!$B$2:$C$25,2,FALSE),"") | I280: =COUNTIF($H$2:$H$1812,H280) -> 1613
A281: =H281 | B281: 2016 | C281: Caroline County Officials | D281: Caroline County Officials | E281: 17887 | F281: 279195.28 | G281: =SUM(E281:F281) -> 297082.28 | H281: =IFERROR(VLOOKUP(C281,Sheet1!$B$2:$C$25,2,FALSE),"") | I281: =COUNTIF($H$2:$H$1812,H281) -> 1613
A282: =H282 | B282: 2017 | C282: Caroline County Officials | D282: Caroline County Officials | E282: 20668 | F282: 341650.29 | G282: =SUM(E282:F282) -> 362318.29 | H282: =IFERROR(VLOOKUP(C282,Sheet1!$B$2:$C$25,2,FALSE),"") | I282: =COUNTIF($H$2:$H$1812,H282) -> 1613
A283: =H283 | B283: 2018 | C283: Caroline County Officials | D283: Caroline County Officials | E283: 20985 | F283: 315746.71 | G283: =SUM(E283:F283) -> 336731.71 | H283: =IFERROR(VLOOKUP(C283,Sheet1!$B$2:$C$25,2,FALSE),"") | I283: =COUNTIF($H$2:$H$1812,H283) -> 1613
A284: =H284 | B284: 2019 | C284: Caroline County Officials | D284: Caroline County Officials | E284: 21008 | F284: 302265.6 | G284: =SUM(E284:F284) -> 323273.6 | H284: =IFERROR(VLOOKUP(C284,Sheet1!$B$2:$C$25,2,FALSE),"") | I284: =COUNTIF($H$2:$H$1812,H284) -> 1613
A285: =H285 | B285: 2020 | C285: Caroline County Officials | D285: Caroline County Officials | E285: 22898 | F285: 320099.04 | G285: =SUM(E285:F285) -> 342997.04 | H285: =IFERROR(VLOOKUP(C285,Sheet1!$B$2:$C$25,2,FALSE),"") | I285: =COUNTIF($H$2:$H$1812,H285) -> 1613
...

Sheet Sheet1
A1: name | B1: NAME
A2: Allegany County Public Schools | B2: Allegany County Public Schools | C2: 2400030
A3: Anne Arundel County Public Schools | B3: Anne Arundel County Public Schools | C3: 2400060
A4: Calvert County Public Schools | B4: Baltimore City Public Schools | C4: 2400090
A5: Caroline County Public Schools | B5: Baltimore County Public Schools | C5: 2400120
A6: Carroll County Public Schools | B6: Calvert County Public Schools | C6: 2400150
A7: Cecil County Public Schools | B7: Caroline County Public Schools | C7: 2400180
A8: Dorchester County Public Schools | B8: Carroll County Public Schools | C8: 2400210
A9: Frederick County Public Schools | B9: Cecil County Public Schools | C9: 2400240
A10: Garrett County Public Schools | B10: Charles County Public Schools
A11: Harford County Board of Education | B11: Dorchester County Public Schools | C11: 2400300
A12: Howard County Public Schools | B12: Frederick County Public Schools | C12: 2400330
A13: Kent County Public Schools | B13: Garrett County Public Schools | C13: 2400360
A14: Montgomery County Board of Education | B14: Harford County Board of Education | C14: 2400390
A15: Prince George's County Public Schools | B15: Howard County Public Schools | C15: 2400420
A16: Queen Anne's County Public Schools | B16: Kent County Public Schools | C16: 2400450
A17: Somerset County Public Schools | B17: Montgomery County Board of Education | C17: 2400480
A18: St. Mary's County Board of Education | B18: Prince George's County Public Schools | C18: 2400510
A19: Talbot County Public Schools | B19: Queen Anne's County Public Schools | C19: 2400540
A20: Washington County Board of Education | B20: Somerset County Public Schools | C20: 2400570
A21: Worcester County Board of Education | B21: St. Mary's County Board of Education | C21: 2400600
A22: Baltimore City Public Schools | B22: Talbot County Public Schools | C22: 2400630
A23: Baltimore County Public Schools | B23: Washington County Board of Education | C23: 2400660
B24: Wicomico County Public Schools
B25: Worcester County Board of Education | C25: 2400720

Sheet Almost Final Data
A1: year | B1: employer_name | C1: employer_contributions | D1: employer_allocation | E1: employer_allocation_no_state | F1: state_contributions
A2: 2015 | B2: Allegany County Board of Elections Supervisors | C2: 22089 | D2: 1.048e-05 | E2: 0.00017488024 | F2: =E2* VLOOKUP(A2,Check!A$2:F$11,4,FALSE) -> 346511.33
A3: 2015 | B3: Allegany County College of Maryland | C3: 81960 | D3: 3.8885e-05 | E3: 0.00064888336 | F3: =E3* VLOOKUP(A3,Check!A$2:F$11,4,FALSE) -> 1285710.9
A4: 2015 | B4: Allegany County Commission | C4: 1356253 | D4: 0.000643466 | E4: 0.010737555 | F4: =E4* VLOOKUP(A4,Check!A$2:F$11,4,FALSE) -> 21275614
A5: 2015 | B5: Allegany County Library | C5: 8755 | D5: 4.154e-06 | E5: 6.931398e-05 | F5: =E5* VLOOKUP(A5,Check!A$2:F$11,4,FALSE) -> 137340.16
A6: 2015 | B6: Allegany County Officials | C6: 27924 | D6: 1.3248e-05 | E6: 0.00022107637 | F6: =E6* VLOOKUP(A6,Check!A$2:F$11,4,FALSE) -> 438045.29
A7: 2015 | B7: Allegany County Public Schools | C7: 701600 | D7: 0.00033287 | E7: 0.0055546189 | F7: =E7* VLOOKUP(A7,Check!A$2:F$11,4,FALSE) -> 11006037
A8: 2015 | B8: Allegany County Transit Authority | C8: 56490 | D8: 2.6801e-05 | E8: 0.00044723549 | F8: =E8* VLOOKUP(A8,Check!A$2:F$11,4,FALSE) -> 886161.67
A9: 2015 | B9: WMHPA (Allegany County Gov't) | C9: 9379 | D9: 4.45e-06 | E9: 7.4254234e-05 | F9: =E9* VLOOKUP(A9,Check!A$2:F$11,4,FALSE) -> 147128.88
A10: 2015 | B10: Allegany, Housing Authority of | C10: 30733 | D10: 1.4581e-05 | E10: 0.00024331543 | F10: =E10* VLOOKUP(A10,Check!A$2:F$11,4,FALSE) -> 482110.22
A11: 2015 | B11: Annapolis, City of | C11: 1655775 | D11: 0.000785573 | E11: 0.013108893 | F11: =E11* VLOOKUP(A11,Check!A$2:F$11,4,FALSE) -> 25974232
A12: 2015 | B12: Anne Arundel Co. Community College | C12: 378329 | D12: 0.000179496 | E12: 0.0029952586 | F12: =E12* VLOOKUP(A12,Check!A$2:F$11,4,FALSE) -> 5934867.4
A13: 2015 | B13: Anne Arundel Co. Economic Opp. Com. | C13: 114853 | D13: 5.4491e-05 | E13: 0.00090929967 | F13: =E13* VLOOKUP(A13,Check!A$2:F$11,4,FALSE) -> 1801705.2
... A48: 2015 | B48: Chesapeake Bay Commission | C48: 28311 | D48: 1.3432e-05 | E48: 0.00022414027 | F48: =E48* VLOOKUP(A48,Check!A$2:F$11,4,FALSE) -> 444116.18
A49: 2015 | B49: Cheaspeake Employers Insurance | C49: - | D49: 0 | F49: =E49* VLOOKUP(A49,Check!A$2:F$11,4,FALSE) -> 0
A50: 2015 | B50: Chestertown, Town of | C50: 120353 | D50: 5.7101e-05 | E50: 0.00095284357 | F50: =E50* VLOOKUP(A50,Check!A$2:F$11,4,FALSE) -> 1887984
A51: 2015 | B51: Chestertown, Town of (LEOPS) | C51: 97353 | D51: 4.6189e-05 | E51: 0.00077075088 | F51: =E51* VLOOKUP(A51,Check!A$2:F$11,4,FALSE) -> 1527181.7
A52: 2015 | B52: Cheverly, Town of | C52: 241826 | D52: 0.000114733 | E52: 0.0019145543 | F52: =E52* VLOOKUP(A52,Check!A$2:F$11,4,FALSE) -> 3793537.5
A53: 2015 | B53: Chevy Chase Fire Department | C53: 4470 | D53: 2.121e-06 | E53: 3.538932e-05 | F53: =E53* VLOOKUP(A53,Check!A$2:F$11,4,FALSE) -> 70121.131
A54: 2015 | B54: College of Southern Maryland | C54: 216576 | D54: 0.000102753 | E54: 0.0017146482 | F54: =E54* VLOOKUP(A54,Check!A$2:F$11,4,FALSE) -> 3397439.4
A55: 2015 | B55: College Park, City of | C55: 519846 | D55: 0.000246638 | E55: 0.0041156591 | F55: =E55* VLOOKUP(A55,Check!A$2:F$11,4,FALSE) -> 8154852.2
A56: 2015 | B56: Crisfield, City of | C56: 91939 | D56: 4.362e-05 | E56: 0.00072788784 | F56: =E56* VLOOKUP(A56,Check!A$2:F$11,4,FALSE) -> 1442252
A57: 2015 | B57: Crisfield, Housing Authority of | C57: 44400 | D57: 2.1065e-05 | E57: 0.00035151807 | F57: =E57* VLOOKUP(A57,Check!A$2:F$11,4,FALSE) -> 696505.19
A58: 2015 | B58: Cumberland Police Department, City of | C58: 696348 | D58: 0.000330378 | E58: 0.0055130385 | F58: =E58* VLOOKUP(A58,Check!A$2:F$11,4,FALSE) -> 10923649
A59: 2015 | B59: Cumberland, City of | C59: 1110294 | D59: 0.000526772 | E59: 0.0087902794 | F59: =E59* VLOOKUP(A59,Check!A$2:F$11,4,FALSE) -> 17417242
A60: 2015 | B60: Denton, Town of | C60: 233252 | D60: 0.000110665 | E60: 0.0018466733 | F60: =E60* VLOOKUP(A60,Check!A$2:F$11,4,FALSE) -> 3659036.7
A61: 2015 | B61: District Heights, City of | C61: 181389 | D61: 8.6059e-05 | E61: 0.0014360701 | F61: =E61* VLOOKUP(A61,Check!A$2:F$11,4,FALSE) -> 2845459
... A66: 2015 | B66: Dorchester County Roads Board | C66: 159520 | D66: 7.5683e-05 | E66: 0.0012629316 | F66: =E66* VLOOKUP(A66,Check!A$2:F$11,4,FALSE) -> 2502398.8
A67: 2015 | B67: Dorchester County Sanitary Commission | C67: - | D67: 0 | F67: =E67* VLOOKUP(A67,Check!A$2:F$11,4,FALSE) -> 0
A68: 2015 | B68: Eastern Shore Regional Library | C68: 35511 | D68: 1.6848e-05 | E68: 0.0002811432 | F68: =E68* VLOOKUP(A68,Check!A$2:F$11,4,FALSE) -> 557062.97
A69: 2015 | B69: Edmonston, Town of | C69: 17412 | D69: 8.261e-06 | E69: 0.00013785209 | F69: =E69* VLOOKUP(A69,Check!A$2:F$11,4,FALSE) -> 273142.98
A70: 2015 | B70: Elkton, Town of | C70: 6354 | D70: 3.014e-06 | E70: 5.0305086e-05 | F70: =E70* VLOOKUP(A70,Check!A$2:F$11,4,FALSE) -> 99675.54
A71: 2015 | B71: Emmitsburg, Town of | C71: 60516 | D71: 2.8712e-05 | E71: 0.00047910963 | F71: =E71* VLOOKUP(A71,Check!A$2:F$11,4,FALSE) -> 949317.75
A72: 2015 | B72: Federalsburg, Town of | C72: 124854 | D72: 5.9236e-05 | E72: 0.00098847832 | F72: =E72* VLOOKUP(A72,Check!A$2:F$11,4,FALSE) -> 1958591.4
A73: 2015 | B73: WMHPA (Frederick County Gov't) | C73: 9378 | D73: 4.449e-06 | E73: 7.4246317e-05 | F73: =E73* VLOOKUP(A73,Check!A$2:F$11,4,FALSE) -> 147113.19
A74: 2015 | B74: Frederick County Public Schools | C74: 3982050 | D74: 0.00188926 | E74: 0.031526183 | F74: =E74* VLOOKUP(A74,Check!A$2:F$11,4,FALSE) -> 62466633
A75: 2015 | B75: Frostburg, City of | C75: 169575 | D75: 8.0454e-05 | E75: 0.0013425378 | F75: =E75* VLOOKUP(A75,Check!A$2:F$11,4,FALSE) -> 2660132.1
A76: 2015 | B76: Fruitland, City of | C76: 79393 | D76: 3.7667e-05 | E76: 0.00062856023 | F76: =E76* VLOOKUP(A76,Check!A$2:F$11,4,FALSE) -> 1245442.3
A77: 2015 | B77: Fruitland, City of (LEOPS) | C77: 123683 | D77: 5.8681e-05 | E77: 0.00097920743 | F77: =E77* VLOOKUP(A77,Check!A$2:F$11,4,FALSE) -> 1940221.9
A78: 2015 | B78: Garrett County Commission | C78: 3303 | D78: 1.567e-06 | E78: 2.6150094e-05 | F78: =E78* VLOOKUP(A78,Check!A$2:F$11,4,FALSE) -> 51814.339
A79: 2015 | B79: Garrett County Community Action Comm. | C79: 358495 | D79: 0.000170086 | E79: 0.0028382313 | F79: =E79* VLOOKUP(A79,Check!A$2:F$11,4,FALSE) -> 5623730.4
... A398: 2016 | B398: Wor-Wic Community College | C398: 84937 | D398: 4.36e-05 | E398: 0.00072415029 | F398: =E398* VLOOKUP(A398,Check!A$2:F$11,4,FALSE) -> 1325767.9
A399: 2017 | B399: Allegany County Board of Elections Supervisors | C399: - | D399: 0 | F399: =E399* VLOOKUP(A399,Check!A$2:F$11,4,FALSE) -> 0
A400: 2017 | B400: Allegany County College of Maryland | C400: 77433 | D400: 3.8044e-05 | E400: 0.00066693071 | F400: =E400* VLOOKUP(A400,Check!A$2:F$11,4,FALSE) -> 1279998.4
A401: 2017 | B401: Allegany County Commission | C401: 1200638 | D401: 0.000589895 | E401: 0.010341099 | F401: =E401* VLOOKUP(A401,Check!A$2:F$11,4,FALSE) -> 19847026
A402: 2017 | B402: Allegany County Library | C402: 7571 | D402: 3.72e-06 | E402: 6.520905e-05 | F402: =E402* VLOOKUP(A402,Check!A$2:F$11,4,FALSE) -> 125151.65
A403: 2017 | B403: Allegany County Officials | C403: 41809 | D403: 2.0542e-05 | E403: 0.00036010107 | F403: =E403* VLOOKUP(A403,Check!A$2:F$11,4,FALSE) -> 691119.47
A404: 2017 | B404: Allegany County Public Schools | C404: 532468 | D404: 0.000261611 | E404: 0.0045861488 | F404: =E404* VLOOKUP(A404,Check!A$2:F$11,4,FALSE) -> 8801908.7
A405: 2017 | B405: Allegany County Transit Authority | C405: 43786 | D405: 2.1513e-05 | E405: 0.00037712898 | F405: =E405* VLOOKUP(A405,Check!A$2:F$11,4,FALSE) -> 723800.07
A406: 2017 | B406: WMHPA (Allegany County Gov't) | C406: 10339 | D406: 5.08e-06 | E406: 8.9049844e-05 | F406: =E406* VLOOKUP(A406,Check!A$2:F$11,4,FALSE) -> 170907.8
A407: 2017 | B407: Allegany, Housing Authority of | C407: 30234 | D407: 1.4854e-05 | E407: 0.00026040555 | F407: =E407* VLOOKUP(A407,Check!A$2:F$11,4,FALSE) -> 499780.09
A408: 2017 | B408: Annapolis, City of | C408: 1445385 | D408: 0.000710144 | E408: 0.012449106 | F408: =E408* VLOOKUP(A408,Check!A$2:F$11,4,FALSE) -> 23892791
A409: 2017 | B409: Anne Arundel County Community College | C409: 312775 | D409: 0.000153672 | E409: 0.0026939322 | F409: =E409* VLOOKUP(A409,Check!A$2:F$11,4,FALSE) -> 5170295.7
A410: 2017 | B410: Anne Arundel County Economic Opp. Com. | C410: 79412 | D410: 3.9017e-05 | E410: 0.00068397584 | F410: =E410* VLOOKUP(A410,Check!A$2:F$11,4,FALSE) -> 1312712.1
A411: 2017 | B411: Anne Arundel County Commission | C411: 2044463 | D411: 0.001004482 | E411: 0.017608967 | F411: =E411* VLOOKUP(A411,Check!A$2:F$11,4,FALSE) -> 33795790
... A414: 2017 | B414: Anne Arundel County Public Schools | C414: 5481563 | D414: 0.002693191 | E414: 0.047212722 | F414: =E414* VLOOKUP(A414,Check!A$2:F$11,4,FALSE) -> 90612426
A415: 2017 | B415: Baltimore City Master Judges | C415: - | D415: 0 | F415: =E415* VLOOKUP(A415,Check!A$2:F$11,4,FALSE) -> 0
A416: 2017 | B416: Baltimore City Sheriffs Department- ref:HB 101 | C416: 658992 | D416: 0.000323775 | E416: 0.0056759005 | F416: =E416* VLOOKUP(A416,Check!A$2:F$11,4,FALSE) -> 10893401
A417: 2017 | B417: Baltimore City Sheriffs Department- ref:HB 101 (LEOPS) | C417: 2684397 | D417: 0.001318893 | E417: 0.023120721 | F417: =E417* VLOOKUP(A417,Check!A$2:F$11,4,FALSE) -> 44374155
A418: 2017 | B418: Baltimore County Master Judges | C418: 59973 | D418: 2.9466e-05 | E418: 0.00051654766 | F418: =E418* VLOOKUP(A418,Check!A$2:F$11,4,FALSE) -> 991377.64
A419: 2017 | B419: Baltimore County Officials | C419: 53777 | D419: 2.6422e-05 | E419: 0.00046318149 | F419: =E419* VLOOKUP(A419,Check!A$2:F$11,4,FALSE) -> 888955.29
A420: 2017 | B420: Baltimore Metropolitan Council | C420: 23665 | D420: 1.1627e-05 | E420: 0.00020382673 | F420: =E420* VLOOKUP(A420,Check!A$2:F$11,4,FALSE) -> 391191.9
A421: 2017 | B421: Berlin, Town of | C421: 298871 | D421: 0.000146841 | E421: 0.002574177 | F421: =E421* VLOOKUP(A421,Check!A$2:F$11,4,FALSE) -> 4940457
A422: 2017 | B422: Berwyn Heights, Town of | C422: 81584 | D422: 4.0084e-05 | E422: 0.00070268328 | F422: =E422* VLOOKUP(A422,Check!A$2:F$11,4,FALSE) -> 1348616.1
A423: 2017 | B423: Bethesda Fire Department | C423: 2183 | D423: 1.073e-06 | E423: 1.8802187e-05 | F423: =E423* VLOOKUP(A423,Check!A$2:F$11,4,FALSE) -> 36085.862
A424: 2017 | B424: Bladensburg, Town of | C424: 175127 | D424: 8.6043e-05 | E424: 0.0015083695 | F424: =E424* VLOOKUP(A424,Check!A$2:F$11,4,FALSE) -> 2894919.3
A425: 2017 | B425: Bowie, City of (LEOPS) | C425: 1262660 | D425: 0.000620368 | E425: 0.010875295 | F425: =E425* VLOOKUP(A425,Check!A$2:F$11,4,FALSE) -> 20872274
A426: 2017 | B426: Brunswick, Town of | C426: 108053 | D426: 5.3088e-05 | E426: 0.00093066088 | F426: =E426* VLOOKUP(A426,Check!A$2:F$11,4,FALSE) -> 1786159.2
A427: 2017 | B427: Calvert County Public Schools | C427: 1175347 | D427: 0.000577469 | E427: 0.010123268 | F427: =E427* VLOOKUP(A427,Check!A$2:F$11,4,FALSE) -> 19428955
... A491: 2017 | B491: Harford County Library | C491: 127364 | D491: 6.2576e-05 | E491: 0.0010969866 | F491: =E491* VLOOKUP(A491,Check!A$2:F$11,4,FALSE) -> 2105377.8
A492: 2017 | B492: Harford County Liquor Board | C492: - | D492: 0 | F492: =E492* VLOOKUP(A492,Check!A$2:F$11,4,FALSE) -> 0
A493: 2017 | B493: Harford County Liquor Board | C493: 10372 | D493: 5.096e-06 | E493: 8.9334073e-05 | F493: =E493* VLOOKUP(A493,Check!A$2:F$11,4,FALSE) -> 171453.3
A494: 2017 | B494: Howard Community College | C494: 216075 | D494: 0.000106161 | E494: 0.0018610548 | F494: =E494* VLOOKUP(A494,Check!A$2:F$11,4,FALSE) -> 3571806
A495: 2017 | B495: Howard County Com. Action Committee | C495: 250284 | D495: 0.000122969 | E495: 0.002155697 | F495: =E495* VLOOKUP(A495,Check!A$2:F$11,4,FALSE) -> 4137294.5
A496: 2017 | B496: Howard County Officials | C496: 22393 | D496: 1.1002e-05 | E496: 0.00019287099 | F496: =E496* VLOOKUP(A496,Check!A$2:F$11,4,FALSE) -> 370165.23
A497: 2017 | B497: Howard County Public Schools | C497: 4156709 | D497: 0.002042267 | E497: 0.03580175 | F497: =E497* VLOOKUP(A497,Check!A$2:F$11,4,FALSE) -> 68712060
A498: 2017 | B498: Hurlock, Town of | C498: 46122 | D498: 2.2661e-05 | E498: 0.00039724895 | F498: =E498* VLOOKUP(A498,Check!A$2:F$11,4,FALSE) -> 762415.08
A499: 2017 | B499: Hurlock, Town of (LEOPS) | C499: 69825 | D499: 3.4306e-05 | E499: 0.00060140298 | F499: =E499* VLOOKUP(A499,Check!A$2:F$11,4,FALSE) -> 1154235.1
A500: 2017 | B500: Hyattsville, City of | C500: 305190 | D500: 0.000149945 | E500: 0.0026286026 | F500: =E500* VLOOKUP(A500,Check!A$2:F$11,4,FALSE) -> 5044912.6
A501: 2017 | B501: Hyattsville, City of (LEOPS) | C501: 573560 | D501: 0.000281801 | E501: 0.0049400743 | F501: =E501* VLOOKUP(A501,Check!A$2:F$11,4,FALSE) -> 9481175.9
A502: 2017 | B502: Kent County Commissioners | C502: 672832 | D502: 0.000330575 | E502: 0.0057951044 | F502: =E502* VLOOKUP(A502,Check!A$2:F$11,4,FALSE) -> 11122182
A503: 2017 | B503: Kent County Commissioners (LEOPS) | C503: 289819 | D503: 0.000142394 | E503: 0.0024962121 | F503: =E503* VLOOKUP(A503,Check!A$2:F$11,4,FALSE) -> 4790823.8
A504: 2017 | B504: Kent County Public Schools | C504: 247202 | D504: 0.000121455 | E504: 0.0021291517 | F504: =E504* VLOOKUP(A504,Check!A$2:F$11,4,FALSE) -> 4086347.8
... A525: 2017 | B525: Oakland, Town of | C525: 72170 | D525: 3.5458e-05 | E525: 0.00062160047 | F525: =E525* VLOOKUP(A525,Check!A$2:F$11,4,FALSE) -> 1192998.9
A526: 2017 | B526: Oakland, Town of (LEOPS) | C526: - | D526: 0 | F526: =E526* VLOOKUP(A526,Check!A$2:F$11,4,FALSE) -> 0
A527: 2017 | B527: Oxford, Town of | C527: 64311 | D527: 3.1597e-05 | E527: 0.00055391087 | F527: =E527* VLOOKUP(A527,Check!A$2:F$11,4,FALSE) -> 1063086.5
A528: 2017 | B528: Pocomoke, City of | C528: 160472 | D528: 7.8843e-05 | E528: 0.0013821459 | F528: =E528* VLOOKUP(A528,Check!A$2:F$11,4,FALSE) -> 2652666.2
A529: 2017 | B529: Preston, Town of | C529: 17126 | D529: 8.414e-06 | E529: 0.0001475063 | F529: =E529* VLOOKUP(A529,Check!A$2:F$11,4,FALSE) -> 283099.62
A530: 2017 | B530: Prince George's County Community College | C530: 353280 | D530: 0.000173573 | E530: 0.0030428019 | F530: =E530* VLOOKUP(A530,Check!A$2:F$11,4,FALSE) -> 5839859.5
A531: 2017 | B531: Prince George's County Government | C531: 12442017 | D531: 0.006112989 | E531: 0.10716314 | F531: =E531* VLOOKUP(A531,Check!A$2:F$11,4,FALSE) -> 2.0567151e+08
A532: 2017 | B532: Prince George's County Memorial Library | C532: 193572 | D532: 9.5105e-05 | E532: 0.0016672363 | F532: =E532* VLOOKUP(A532,Check!A$2:F$11,4,FALSE) -> 3199822.5
A533: 2017 | B533: Prince George's County Public Schools | C533: 16609195 | D533: 0.008160399 | E533: 0.14305506 | F533: =E533* VLOOKUP(A533,Check!A$2:F$11,4,FALSE) -> 2.7455663e+08
A534: 2017 | B534: Prince George's County Board of Elections Supervisors | C534: 22311 | D534: 1.0962e-05 | E534: 0.00019216472 | F534: =E534* VLOOKUP(A534,Check!A$2:F$11,4,FALSE) -> 368809.74
A535: 2017 | B535: Prince George's County Crossing Guards | C535: 47777 | D535: 2.3474e-05 | E535: 0.00041150347 | F535: =E535* VLOOKUP(A535,Check!A$2:F$11,4,FALSE) -> 789772.89
A536: 2017 | B536: Prince George's County Officials | C536: 96118 | D536: 4.7224e-05 | E536: 0.00082786468 | F536: =E536* VLOOKUP(A536,Check!A$2:F$11,4,FALSE) -> 1588868.9
A537: 2017 | B537: Princess Anne, Town of | C537: 29325 | D537: 1.4408e-05 | E537: 0.00025257633 | F537: =E537* VLOOKUP(A537,Check!A$2:F$11,4,FALSE) -> 484753.96
A538: 2017 | B538: Princess Anne, Town of (LEOPS) | C538: 128470 | D538: 6.312e-05 | E538: 0.0011065126 | F538: =E538* VLOOKUP(A538,Check!A$2:F$11,4,FALSE) -> 2123660.4
... A1021: 2020 | B1021: Cambridge, City of (LEOPS) | C1021: 568094 | D1021: 0.000264961 | E1021: 0.0039689486 | F1021: =E1021* VLOOKUP(A1021,Check!A$2:F$11,4,FALSE) -> 7941582
A1022: 2020 | B1022: Cambridge, Housing Authority of | C1022: - | D1022: 0 | F1022: =E1022* VLOOKUP(A1022,Check!A$2:F$11,4,FALSE) -> 0
A1023: 2020 | B1023: Caroline County Officials | C1023: 22898 | D1023: 1.068e-05 | E1023: 0.00015997526 | F1023: =E1023* VLOOKUP(A1023,Check!A$2:F$11,4,FALSE) -> 320099.04
...

Sheet Check
A1: Employer Contribution Check
A2: Year | B2: Total Reported | C2: Total from Formula | D2: State Contributions | E2: Formula Total + State | F2: Difference | G2: Notes
A3: 2015 | B3: 2107730000 | C3: =SUMIF('Final Data'!B:B,Check!A3,'Final Data'!E:E) -> 1.3494278e+08 | D3: 1981420707 | E3: =SUM(C3:D3) -> 2.1163635e+09 | F3: =B3-E3 -> -8633487.1
A4: 2016 | B4: 1948083000 | C4: =SUMIF('Final Data'!B:B,Check!A4,'Final Data'!E:E) -> 1.2603636e+08 | D4: 1830791050 | E4: =SUM(C4:D4) -> 1.9568274e+09 | F4: =B4-E4 -> -8744409.8
A5: 2017 | B5: 2035341000 | C5: =SUMIF('Final Data'!B:B,Check!A5,'Final Data'!E:E) -> 1.249883e+08 | D5: 1919237489 | E5: =SUM(C5:D5) -> 2.0442258e+09 | F5: =B5-E5 -> -8884790.4
A6: 2018 | B6: 1994076000 | C6: =SUMIF('Final Data'!B:B,Check!A6,'Final Data'!E:E) -> 133293003 | D6: 1869805897 | E6: =SUM(C6:D6) -> 2003098900 | F6: =B6-E6 -> -9022900
A7: 2019 | B7: 2053499000 | C7: =SUMIF('Final Data'!B:B,Check!A7,'Final Data'!E:E) -> 143059945 | D7: 1920051952 | E7: =SUM(C7:D7) -> 2063111897 | F7: =B7-E7 -> -9612897
A8: 2020 | B8: 2144063000 | C8: =SUMIF('Final Data'!B:B,Check!A8,'Final Data'!E:E) -> 150991165 | D8: 2000928371 | E8: =SUM(C8:D8) -> 2151919536 | F8: =B8-E8 -> -7856536
A9: 2021 | B9: 2203524000 | C9: =SUMIF('Final Data'!B:B,Check!A9,'Final Data'!E:E) -> 165652348 | D9: 2046734024 | E9: =SUM(C9:D9) -> 2212386372 | F9: =B9-E9 -> -8862372
A10: 2022 | B10: 2282303000 | C10: =SUMIF('Final Data'!B:B,Check!A10,'Final Data'!E:E) -> 163998797 | D10: 2127544596 | E10: =SUM(C10:D10) -> 2291543393 | F10: =B10-E10 -> -9240393
A11: 2023 | B11: 2438917249 | C11: =SUMIF('Final Data'!B:B,Check!A11,'Final Data'!E:E) -> 179321017 | D11: 2269356786 | E11: =SUM(C11:D11) -> 2448677803 | F11: =B11-E11 -> -9760554

Sheet Data as Collected
A1: year | B1: employer_name | C1: employer_contributions | D1: employer_allocation
A2: 2015 | B2: State of Maryland | C2: 1981420707 | D2: 0.9400733
A3: 2015 | B3: Allegany County Board of Elections Supervisors | C3: 22089 | D3: 1.048e-05
A4: 2015 | B4: Allegany County College of Maryland | C4: 81960 | D4: 3.8885e-05
A5: 2015 | B5: Allegany County Commission | C5: 1356253 | D5: 0.000643466
A6: 2015 | B6: Allegany County Library | C6: 8755 | D6: 4.154e-06
A7: 2015 | B7: Allegany County Officials | C7: 27924 | D7: 1.3248e-05
A8: 2015 | B8: Allegany County Public Schools | C8: 701600 | D8: 0.00033287
A9: 2015 | B9: Allegany County Transit Authority | C9: 56490 | D9: 2.6801e-05
A10: 2015 | B10: WMHPA (Allegany County Gov't) | C10: 9379 | D10: 4.45e-06
A11: 2015 | B11: Allegany, Housing Authority of | C11: 30733 | D11: 1.4581e-05
A12: 2015 | B12: Annapolis, City of | C12: 1655775 | D12: 0.000785573
A13: 2015 | B13: Anne Arundel Co. Community College | C13: 378329 | D13: 0.000179496
... A49: 2015 | B49: Chesapeake Bay Commission | C49: 28311 | D49: 1.3432e-05
A50: 2015 | B50: Cheaspeake Employers Insurance | C50: - | D50: 0
A51: 2015 | B51: Chestertown, Town of | C51: 120353 | D51: 5.7101e-05
A52: 2015 | B52: Chestertown, Town of (LEOPS) | C52: 97353 | D52: 4.6189e-05
A53: 2015 | B53: Cheverly, Town of | C53: 241826 | D53: 0.000114733
A54: 2015 | B54: Chevy Chase Fire Department | C54: 4470 | D54: 2.121e-06
A55: 2015 | B55: College of Southern Maryland | C55: 216576 | D55: 0.000102753
A56: 2015 | B56: College Park, City of | C56: 519846 | D56: 0.000246638
A57: 2015 | B57: Crisfield, City of | C57: 91939 | D57: 4.362e-05
A58: 2015 | B58: Crisfield, Housing Authority of | C58: 44400 | D58: 2.1065e-05
A59: 2015 | B59: Cumberland Police Department, City of | C59: 696348 | D59: 0.000330378
A60: 2015 | B60: Cumberland, City of | C60: 1110294 | D60: 0.000526772
A61: 2015 | B61: Denton, Town of | C61: 233252 | D61: 0.000110665
A62: 2015 | B62: District Heights, City of | C62: 181389 | D62: 8.6059e-05
... A67: 2015 | B67: Dorchester County Roads Board | C67: 159520 | D67: 7.5683e-05
A68: 2015 | B68: Dorchester County Sanitary Commission | C68: - | D68: 0
A69: 2015 | B69: Eastern Shore Regional Library | C69: 35511 | D69: 1.6848e-05
A70: 2015 | B70: Edmonston, Town of | C70: 17412 | D70: 8.261e-06
A71: 2015 | B71: Elkton, Town of | C71: 6354 | D71: 3.014e-06
A72: 2015 | B72: Emmitsburg, Town of | C72: 60516 | D72: 2.8712e-05
A73: 2015 | B73: Federalsburg, Town of | C73: 124854 | D73: 5.9236e-05
A74: 2015 | B74: WMHPA (Frederick County Gov't) | C74: 9378 | D74: 4.449e-06
A75: 2015 | B75: Frederick County Public Schools | C75: 3982050 | D75: 0.00188926
A76: 2015 | B76: Frostburg, City of | C76: 169575 | D76: 8.0454e-05
A77: 2015 | B77: Fruitland, City of | C77: 79393 | D77: 3.7667e-05
A78: 2015 | B78: Fruitland, City of (LEOPS) | C78: 123683 | D78: 5.8681e-05
A79: 2015 | B79: Garrett County Commission | C79: 3303 | D79: 1.567e-06
A80: 2015 | B80: Garrett County Community Action Comm. | C80: 358495 | D80: 0.000170086
... A401: 2017 | B401: State of Maryland | C401: 1919237489 | D401: 0.94295624
A402: 2017 | B402: Allegany County Board of Elections Supervisors | C402: - | D402: 0
A403: 2017 | B403: Allegany County College of Maryland | C403: 77433 | D403: 3.8044e-05
A404: 2017 | B404: Allegany County Commission | C404: 1200638 | D404: 0.000589895
A405: 2017 | B405: Allegany County Library | C405: 7571 | D405: 3.72e-06
A406: 2017 | B406: Allegany County Officials | C406: 41809 | D406: 2.0542e-05
A407: 2017 | B407: Allegany County Public Schools | C407: 532468 | D407: 0.000261611
A408: 2017 | B408: Allegany County Transit Authority | C408: 43786 | D408: 2.1513e-05
A409: 2017 | B409: WMHPA (Allegany County Gov't) | C409: 10339 | D409: 5.08e-06
A410: 2017 | B410: Allegany, Housing Authority of | C410: 30234 | D410: 1.4854e-05
A411: 2017 | B411: Annapolis, City of | C411: 1445385 | D411: 0.000710144
A412: 2017 | B412: Anne Arundel County Community College | C412: 312775 | D412: 0.000153672
A413: 2017 | B413: Anne Arundel County Economic Opp. Com. | C413: 79412 | D413: 3.9017e-05
A414: 2017 | B414: Anne Arundel County Commission | C414: 2044463 | D414: 0.001004482
... A417: 2017 | B417: Anne Arundel County Public Schools | C417: 5481563 | D417: 0.002693191
A418: 2017 | B418: Baltimore City Master Judges | C418: - | D418: 0
A419: 2017 | B419: Baltimore City Sheriffs Department- ref:HB 101 | C419: 658992 | D419: 0.000323775
A420: 2017 | B420: Baltimore City Sheriffs Department- ref:HB 101 (LEOPS) | C420: 2684397 | D420: 0.001318893
A421: 2017 | B421: Baltimore County Master Judges | C421: 59973 | D421: 2.9466e-05
A422: 2017 | B422: Baltimore County Officials | C422: 53777 | D422: 2.6422e-05
A423: 2017 | B423: Baltimore Metropolitan Council | C423: 23665 | D423: 1.1627e-05
A424: 2017 | B424: Berlin, Town of | C424: 298871 | D424: 0.000146841
A425: 2017 | B425: Berwyn Heights, Town of | C425: 81584 | D425: 4.0084e-05
A426: 2017 | B426: Bethesda Fire Department | C426: 2183 | D426: 1.073e-06
A427: 2017 | B427: Bladensburg, Town of | C427: 175127 | D427: 8.6043e-05
A428: 2017 | B428: Bowie, City of (LEOPS) | C428: 1262660 | D428: 0.000620368
A429: 2017 | B429: Brunswick, Town of | C429: 108053 | D429: 5.3088e-05
A430: 2017 | B430: Calvert County Public Schools | C430: 1175347 | D430: 0.000577469
... A494: 2017 | B494: Harford County Library | C494: 127364 | D494: 6.2576e-05
A495: 2017 | B495: Harford County Liquor Board | C495: - | D495: 0
A496: 2017 | B496: Harford County Liquor Board | C496: 10372 | D496: 5.096e-06
A497: 2017 | B497: Howard Community College | C497: 216075 | D497: 0.000106161
A498: 2017 | B498: Howard County Com. Action Committee | C498: 250284 | D498: 0.000122969
A499: 2017 | B499: Howard County Officials | C499: 22393 | D499: 1.1002e-05
A500: 2017 | B500: Howard County Public Schools | C500: 4156709 | D500: 0.002042267
A501: 2017 | B501: Hurlock, Town of | C501: 46122 | D501: 2.2661e-05
A502: 2017 | B502: Hurlock, Town of (LEOPS) | C502: 69825 | D502: 3.4306e-05
A503: 2017 | B503: Hyattsville, City of | C503: 305190 | D503: 0.000149945
A504: 2017 | B504: Hyattsville, City of (LEOPS) | C504: 573560 | D504: 0.000281801
A505: 2017 | B505: Kent County Commissioners | C505: 672832 | D505: 0.000330575
A506: 2017 | B506: Kent County Commissioners (LEOPS) | C506: 289819 | D506: 0.000142394
A507: 2017 | B507: Kent County Public Schools | C507: 247202 | D507: 0.000121455
... A528: 2017 | B528: Oakland, Town of | C528: 72170 | D528: 3.5458e-05
A529: 2017 | B529: Oakland, Town of (LEOPS) | C529: - | D529: 0
A530: 2017 | B530: Oxford, Town of | C530: 64311 | D530: 3.1597e-05
A531: 2017 | B531: Pocomoke, City of | C531: 160472 | D531: 7.8843e-05
A532: 2017 | B532: Preston, Town of | C532: 17126 | D532: 8.414e-06
A533: 2017 | B533: Prince George's County Community College | C533: 353280 | D533: 0.000173573
A534: 2017 | B534: Prince George's County Government | C534: 12442017 | D534: 0.006112989
A535: 2017 | B535: Prince George's County Memorial Library | C535: 193572 | D535: 9.5105e-05
A536: 2017 | B536: Prince George's County Public Schools | C536: 16609195 | D536: 0.008160399
A537: 2017 | B537: Prince George's County Board of Elections Supervisors | C537: 22311 | D537: 1.0962e-05
A538: 2017 | B538: Prince George's County Crossing Guards | C538: 47777 | D538: 2.3474e-05
A539: 2017 | B539: Prince George's County Officials | C539: 96118 | D539: 4.7224e-05
A540: 2017 | B540: Princess Anne, Town of | C540: 29325 | D540: 1.4408e-05
A541: 2017 | B541: Princess Anne, Town of (LEOPS) | C541: 128470 | D541: 6.312e-05
... A1027: 2020 | B1027: Cambridge, City of (LEOPS) | C1027: 568094 | D1027: 0.000264961
A1028: 2020 | B1028: Cambridge, Housing Authority of | C1028: - | D1028: 0
A1029: 2020 | B1029: Caroline County Officials | C1029: 22898 | D1029: 1.068e-05
...
