Workbook

Sheet Final Data
A1: LEAID | B1: Year | C1: state | D1: state_abv | E1: plan | F1: district_name | G1: district_code | H1: employer_contributions | I1: relevant_entity
A2: 0500001 | B2: 2015 | C2: Arkansas | D2: AR | E2: Arkansas Teacher Retirement System | F2: Dewitt School District | G2: 731 | H2: 939463 | I2: 1
A3: 0500001 | B3: 2016 | C3: Arkansas | D3: AR | E3: Arkansas Teacher Retirement System | F3: Dewitt School District | G3: 731 | H3: 955583 | I3: 1
A4: 0500001 | B4: 2017 | C4: Arkansas | D4: AR | E4: Arkansas Teacher Retirement System | F4: Dewitt School District | G4: 731 | H4: 949179 | I4: 1
A5: 0500001 | B5: 2018 | C5: Arkansas | D5: AR | E5: Arkansas Teacher Retirement System | F5: Dewitt School District | G5: 731 | H5: 984458 | I5: 1
A6: 0500001 | B6: 2019 | C6: Arkansas | D6: AR | E6: Arkansas Teacher Retirement System | F6: Dewitt School District | G6: 731 | H6: 1000954 | I6: 1
A7: 0500001 | B7: 2020 | C7: Arkansas | D7: AR | E7: Arkansas Teacher Retirement System | F7: Dewitt School District | G7: 731 | H7: 1031327 | I7: 1
A8: 0500001 | B8: 2021 | C8: Arkansas | D8: AR | E8: Arkansas Teacher Retirement System | F8: Dewitt School District | G8: 731 | H8: 1096548 | I8: 1
A9: 0500001 | B9: 2022 | C9: Arkansas | D9: AR | E9: Arkansas Teacher Retirement System | F9: Dewitt School District | G9: 731 | H9: 1094616 | I9: 1
A10: 0500001 | B10: 2023 | C10: Arkansas | D10: AR | E10: Arkansas Teacher Retirement System | F10: Dewitt School District | G10: 731 | H10: 1205264 | I10: 1
A11: 0500005 | B11: 2015 | C11: Arkansas | D11: AR | E11: Arkansas Teacher Retirement System | F11: Ozarks Unlimited Resource Educational Service Co-Op | G11: 1336 | H11: 502020 | I11: 0
A12: 0500005 | B12: 2016 | C12: Arkansas | D12: AR | E12: Arkansas Teacher Retirement System | F12: Ozarks Unlimited Resource Educational Service Co-Op | G12: 1336 | H12: 515561 | I12: 0
A13: 0500005 | B13: 2017 | C13: Arkansas | D13: AR | E13: Arkansas Teacher Retirement System | F13: Ozarks Unlimited Resource Educational Service Co-Op | G13: 1336 | H13: 497914 | I13: 0
... A172: 0500024 | B172: 2023 | C172: Arkansas | D172: AR | E172: Arkansas Teacher Retirement System | F172: Arkansas River Education Service Co-Op | G172: 1349 | H172: 878520 | I172: 0
A173: 0500025 | B173: 2015 | C173: Arkansas | D173: AR | E173: Arkansas Teacher Retirement System | F173: Arkansas Correctional School | G173: 1-328 | H173: 681401 | I173: 0
A174: 0500025 | B174: 2016 | C174: Arkansas | D174: AR | E174: Arkansas Teacher Retirement System | F174: Arkansas Correctional School | G174: 1-328 | H174: 723652 | I174: 0
A175: 0500025 | B175: 2017 | C175: Arkansas | D175: AR | E175: Arkansas Teacher Retirement System | F175: Arkansas Correctional School | G175: 1-328 | H175: 752135 | I175: 0
A176: 0500025 | B176: 2018 | C176: Arkansas | D176: AR | E176: Arkansas Teacher Retirement System | F176: Arkansas Correctional School | G176: 1-328 | H176: 766841 | I176: 0
A177: 0500025 | B177: 2019 | C177: Arkansas | D177: AR | E177: Arkansas Teacher Retirement System | F177: Arkansas Correctional School | G177: 1-328 | H177: 745798 | I177: 0
A178: 0500025 | B178: 2020 | C178: Arkansas | D178: AR | E178: Arkansas Teacher Retirement System | F178: Arkansas Correctional School | G178: 1-328 | H178: 721278 | I178: 0
A179: 0500025 | B179: 2021 | C179: Arkansas | D179: AR | E179: Arkansas Teacher Retirement System | F179: Arkansas Correctional School | G179: 1-328 | H179: 707141 | I179: 0
A180: 0500025 | B180: 2022 | C180: Arkansas | D180: AR | E180: Arkansas Teacher Retirement System | F180: Arkansas Correctional School | G180: 1-328 | H180: 921503 | I180: 0
A181: 0500025 | B181: 2023 | C181: Arkansas | D181: AR | E181: Arkansas Teacher Retirement System | F181: Arkansas Correctional School | G181: 1-328 | H181: 918898 | I181: 0
A182: 0500026 | B182: 2015 | C182: Arkansas | D182: AR | E182: Arkansas Teacher Retirement System | F182: Pine Bluff School District | G182: 593 | H182: 3875632 | I182: 1
A183: 0500026 | B183: 2016 | C183: Arkansas | D183: AR | E183: Arkansas Teacher Retirement System | F183: Pine Bluff School District | G183: 593 | H183: 3632162 | I183: 1
A184: 0500026 | B184: 2017 | C184: Arkansas | D184: AR | E184: Arkansas Teacher Retirement System | F184: Pine Bluff School District | G184: 593 | H184: 3457582 | I184: 1
A185: 0500026 | B185: 2018 | C185: Arkansas | D185: AR | E185: Arkansas Teacher Retirement System | F185: Pine Bluff School District | G185: 593 | H185: 3362266 | I185: 1
A186: 0500026 | B186: 2019 | C186: Arkansas | D186: AR | E186: Arkansas Teacher Retirement System | F186: Pine Bluff School District | G186: 593 | H186: 2965103 | I186: 1
A187: 0500026 | B187: 2020 | C187: Arkansas | D187: AR | E187: Arkansas Teacher Retirement System | F187: Pine Bluff School District | G187: 593 | H187: 2843222 | I187: 1
A188: 0500026 | B188: 2021 | C188: Arkansas | D188: AR | E188: Arkansas Teacher Retirement System | F188: Pine Bluff School District | G188: 593 | H188: 2749563 | I188: 1
A189: 0500026 | B189: 2022 | C189: Arkansas | D189: AR | E189: Arkansas Teacher Retirement System | F189: Pine Bluff School District | G189: 593 | H189: 4282216 | I189: 1
A190: 0500026 | B190: 2023 | C190: Arkansas | D190: AR | E190: Arkansas Teacher Retirement System | F190: Pine Bluff School District | G190: 593 | H190: 4708150 | I190: 1
A191: 0500028 | B191: 2015 | C191: Arkansas | D191: AR | E191: Arkansas Teacher Retirement System | F191: Star City School District | G191: 687 | H191: 1207060 | I191: 1
A192: 0500028 | B192: 2016 | C192: Arkansas | D192: AR | E192: Arkansas Teacher Retirement System | F192: Star City School District | G192: 687 | H192: 1222195 | I192: 1
A193: 0500028 | B193: 2017 | C193: Arkansas | D193: AR | E193: Arkansas Teacher Retirement System | F193: Star City School District | G193: 687 | H193: 1169845 | I193: 1
... A253: 0500034 | B253: 2023 | C253: Arkansas | D253: AR | E253: Arkansas Teacher Retirement System | F253: Crowley'S Ridge Educational Service Co-Op | G253: 1354 | H253: 865831 | I253: 0
A254: 0500035 | B254: 2015 | C254: Arkansas | D254: AR | E254: Arkansas Teacher Retirement System | F254: Arkansas School For The Blind | G254: 1-008 | H254: 494332 | I254: 0
A255: 0500035 | B255: 2016 | C255: Arkansas | D255: AR | E255: Arkansas Teacher Retirement System | F255: Arkansas School For The Blind | G255: 1-008 | H255: 541257 | I255: 0
A256: 0500035 | B256: 2017 | C256: Arkansas | D256: AR | E256: Arkansas Teacher Retirement System | F256: Arkansas School For The Blind | G256: 1-008 | H256: 540012 | I256: 0
A257: 0500035 | B257: 2018 | C257: Arkansas | D257: AR | E257: Arkansas Teacher Retirement System | F257: Arkansas School For The Blind | G257: 1-008 | H257: 532290 | I257: 0
A258: 0500035 | B258: 2019 | C258: Arkansas | D258: AR | E258: Arkansas Teacher Retirement System | F258: Arkansas School For The Blind | G258: 1-008 | H258: 534720 | I258: 0
A259: 0500035 | B259: 2020 | C259: Arkansas | D259: AR | E259: Arkansas Teacher Retirement System | F259: Arkansas School For The Blind | G259: 1-008 | H259: 573635 | I259: 0
A260: 0500035 | B260: 2021 | C260: Arkansas | D260: AR | E260: Arkansas Teacher Retirement System | F260: Arkansas School For The Blind | G260: 1-008 | H260: 554387 | I260: 0
A261: 0500035 | B261: 2022 | C261: Arkansas | D261: AR | E261: Arkansas Teacher Retirement System | F261: Arkansas School For The Blind | G261: 1-008 | H261: 559675 | I261: 0
A262: 0500035 | B262: 2023 | C262: Arkansas | D262: AR | E262: Arkansas Teacher Retirement System | F262: Arkansas School For The Blind | G262: 1-008 | H262: 635561 | I262: 0
A263: 0500036 | B263: 2015 | C263: Arkansas | D263: AR | E263: Arkansas Teacher Retirement System | F263: Arkansas School For The Deaf | G263: 1-016 | H263: 840407 | I263: 0
A264: 0500036 | B264: 2016 | C264: Arkansas | D264: AR | E264: Arkansas Teacher Retirement System | F264: Arkansas School For The Deaf | G264: 1-016 | H264: 764251 | I264: 0
A265: 0500036 | B265: 2017 | C265: Arkansas | D265: AR | E265: Arkansas Teacher Retirement System | F265: Arkansas School For The Deaf | G265: 1-016 | H265: 806121 | I265: 0
... A271: 0500036 | B271: 2023 | C271: Arkansas | D271: AR | E271: Arkansas Teacher Retirement System | F271: Arkansas School For The Deaf | G271: 1-016 | H271: 984085 | I271: 0
A272: 0500037 | B272: 2015 | C272: Arkansas | D272: AR | E272: Arkansas Teacher Retirement System | F272: Dequeen-Mena Education Service | G272: 1353 | H272: 688244 | I272: 0
A273: 0500037 | B273: 2016 | C273: Arkansas | D273: AR | E273: Arkansas Teacher Retirement System | F273: Dequeen-Mena Education Service | G273: 1353 | H273: 689859 | I273: 0
A274: 0500037 | B274: 2017 | C274: Arkansas | D274: AR | E274: Arkansas Teacher Retirement System | F274: Dequeen-Mena Education Service | G274: 1353 | H274: 720790 | I274: 0
A275: 0500037 | B275: 2018 | C275: Arkansas | D275: AR | E275: Arkansas Teacher Retirement System | F275: Dequeen-Mena Education Service | G275: 1353 | H275: 701672 | I275: 0
A276: 0500037 | B276: 2019 | C276: Arkansas | D276: AR | E276: Arkansas Teacher Retirement System | F276: Dequeen-Mena Education Service | G276: 1353 | H276: 786755 | I276: 0
A277: 0500037 | B277: 2020 | C277: Arkansas | D277: AR | E277: Arkansas Teacher Retirement System | F277: Dequeen-Mena Education Service | G277: 1353 | H277: 780353 | I277: 0
A278: 0500037 | B278: 2021 | C278: Arkansas | D278: AR | E278: Arkansas Teacher Retirement System | F278: Dequeen-Mena Education Service | G278: 1353 | H278: 785607 | I278: 0
A279: 0500037 | B279: 2022 | C279: Arkansas | D279: AR | E279: Arkansas Teacher Retirement System | F279: Dequeen-Mena Education Service | G279: 1353 | H279: 792548 | I279: 0
A280: 0500037 | B280: 2023 | C280: Arkansas | D280: AR | E280: Arkansas Teacher Retirement System | F280: Dequeen-Mena Education Service | G280: 1353 | H280: 879741 | I280: 0
A281: 0500039 | B281: 2015 | C281: Arkansas | D281: AR | E281: Arkansas Teacher Retirement System | F281: Northwest Arkansas Education Service Co-Op | G281: 1351 | H281: 354841 | I281: 0
A282: 0500039 | B282: 2016 | C282: Arkansas | D282: AR | E282: Arkansas Teacher Retirement System | F282: Northwest Arkansas Education Service Co-Op | G282: 1351 | H282: 380191 | I282: 0
A283: 0500039 | B283: 2017 | C283: Arkansas | D283: AR | E283: Arkansas Teacher Retirement System | F283: Northwest Arkansas Education Service Co-Op | G283: 1351 | H283: 411905 | I283: 0
... A532: 0500082 | B532: 2023 | C532: Arkansas | D532: AR | E532: Arkansas Teacher Retirement System | F532: Lawrence County School District | G532: 1011 | H532: 925518 | I532: 1
A533: 0500390 | B533: 2015 | C533: Arkansas | D533: AR | E533: Arkansas Teacher Retirement System | F533: Dhs-Divison Of Youth Services | G533: 1-403 | H533: 41675 | I533: 0
A534: 0500390 | B534: 2016 | C534: Arkansas | D534: AR | E534: Arkansas Teacher Retirement System | F534: Dhs-Divison Of Youth Services | G534: 1-403 | H534: 37280 | I534: 0
A535: 0500390 | B535: 2017 | C535: Arkansas | D535: AR | E535: Arkansas Teacher Retirement System | F535: Dhs-Divison Of Youth Services | G535: 1-403 | H535: 28607 | I535: 0
A536: 0500390 | B536: 2018 | C536: Arkansas | D536: AR | E536: Arkansas Teacher Retirement System | F536: Dhs-Divison Of Youth Services | G536: 1-403 | H536: 24716 | I536: 0
A537: 0500390 | B537: 2019 | C537: Arkansas | D537: AR | E537: Arkansas Teacher Retirement System | F537: Dhs-Divison Of Youth Services | G537: 1-403 | H537: 12632 | I537: 0
A538: 0500390 | B538: 2020 | C538: Arkansas | D538: AR | E538: Arkansas Teacher Retirement System | F538: Dhs-Divison Of Youth Services | G538: 1-403 | H538: 4048 | I538: 0
A539: 0500390 | B539: 2021 | C539: Arkansas | D539: AR | E539: Arkansas Teacher Retirement System | F539: Dhs-Divison Of Youth Services | G539: 1-403 | H539: 4197 | I539: 0
A540: 0500390 | B540: 2022 | C540: Arkansas | D540: AR | E540: Arkansas Teacher Retirement System | F540: Dhs-Divison Of Youth Services | G540: 1-403 | H540: 9600 | I540: 0
A541: 0500390 | B541: 2023 | C541: Arkansas | D541: AR | E541: Arkansas Teacher Retirement System | F541: Dhs-Divison Of Youth Services | G541: 1-403 | H541: 4089 | I541: 0
A542: 0500394 | B542: 2015 | C542: Arkansas | D542: AR | E542: Arkansas Teacher Retirement System | F542: Arkansas Virtual Academy Charter | G542: 2008 | H542: 238817 | I542: 1
A543: 0500394 | B543: 2016 | C543: Arkansas | D543: AR | E543: Arkansas Teacher Retirement System | F543: Arkansas Virtual Academy Charter | G543: 2008 | H543: 328818 | I543: 1
A544: 0500394 | B544: 2017 | C544: Arkansas | D544: AR | E544: Arkansas Teacher Retirement System | F544: Arkansas Virtual Academy Charter | G544: 2008 | H544: 395575 | I544: 1
A545: 0500394 | B545: 2018 | C545: Arkansas | D545: AR | E545: Arkansas Teacher Retirement System | F545: Arkansas Virtual Academy Charter | G545: 2008 | H545: 513068 | I545: 1
A546: 0500394 | B546: 2019 | C546: Arkansas | D546: AR | E546: Arkansas Teacher Retirement System | F546: Arkansas Virtual Academy Charter | G546: 2008 | H546: 616449 | I546: 1
A547: 0500394 | B547: 2020 | C547: Arkansas | D547: AR | E547: Arkansas Teacher Retirement System | F547: Arkansas Virtual Academy Charter | G547: 2008 | H547: 774530 | I547: 1
A548: 0500394 | B548: 2021 | C548: Arkansas | D548: AR | E548: Arkansas Teacher Retirement System | F548: Arkansas Virtual Academy Charter | G548: 2008 | H548: 979515 | I548: 1
A549: 0500394 | B549: 2022 | C549: Arkansas | D549: AR | E549: Arkansas Teacher Retirement System | F549: Arkansas Virtual Academy Charter | G549: 2008 | H549: 1163830 | I549: 1
A550: 0500394 | B550: 2023 | C550: Arkansas | D550: AR | E550: Arkansas Teacher Retirement System | F550: Arkansas Virtual Academy Charter | G550: 2008 | H550: 1289182 | I550: 1
A551: 0500397 | B551: 2015 | C551: Arkansas | D551: AR | E551: Arkansas Teacher Retirement System | F551: Covenant Keepers Charter School | G551: 2012 | H551: 96667 | I551: 1
A552: 0500397 | B552: 2016 | C552: Arkansas | D552: AR | E552: Arkansas Teacher Retirement System | F552: Covenant Keepers Charter School | G552: 2012 | H552: 93397 | I552: 1
A553: 0500397 | B553: 2017 | C553: Arkansas | D553: AR | E553: Arkansas Teacher Retirement System | F553: Covenant Keepers Charter School | G553: 2012 | H553: 97125 | I553: 1
... A555: 0500397 | B555: 2019 | C555: Arkansas | D555: AR | E555: Arkansas Teacher Retirement System | F555: Covenant Keepers Charter School | G555: 2012 | H555: 43278 | I555: 1
A556: 0500397 | B556: 2020 | C556: Arkansas | D556: AR | E556: Arkansas Teacher Retirement System | F556: Covenant Keepers Charter School | G556: 2012 | H556: - | I556: 1
A557: 0500397 | B557: 2021 | C557: Arkansas | D557: AR | E557: Arkansas Teacher Retirement System | F557: Covenant Keepers Charter School | G557: 2012 | H557: - | I557: 1
A558: 0500397 | B558: 2022 | C558: Arkansas | D558: AR | E558: Arkansas Teacher Retirement System | F558: Covenant Keepers Charter School | G558: 2012 | H558: - | I558: 1
A559: 0500397 | B559: 2023 | C559: Arkansas | D559: AR | E559: Arkansas Teacher Retirement System | F559: Covenant Keepers Charter School | G559: 2012 | H559: - | I559: 1
A560: 0500398 | B560: 2015 | C560: Arkansas | D560: AR | E560: Arkansas Teacher Retirement System | F560: E-Stem Public Charter School | G560: 2016 | H560: 786756 | I560: 1
A561: 0500398 | B561: 2016 | C561: Arkansas | D561: AR | E561: Arkansas Teacher Retirement System | F561: E-Stem Public Charter School | G561: 2016 | H561: 824943 | I561: 1
A562: 0500398 | B562: 2017 | C562: Arkansas | D562: AR | E562: Arkansas Teacher Retirement System | F562: E-Stem Public Charter School | G562: 2016 | H562: 857577 | I562: 1
A563: 0500398 | B563: 2018 | C563: Arkansas | D563: AR | E563: Arkansas Teacher Retirement System | F563: E-Stem Public Charter School | G563: 2016 | H563: 1105621 | I563: 1
A564: 0500398 | B564: 2019 | C564: Arkansas | D564: AR | E564: Arkansas Teacher Retirement System | F564: E-Stem Public Charter School | G564: 2016 | H564: 1771003 | I564: 1
A565: 0500398 | B565: 2020 | C565: Arkansas | D565: AR | E565: Arkansas Teacher Retirement System | F565: E-Stem Public Charter School | G565: 2016 | H565: 2010963 | I565: 1
A566: 0500398 | B566: 2021 | C566: Arkansas | D566: AR | E566: Arkansas Teacher Retirement System | F566: E-Stem Public Charter School | G566: 2016 | H566: 2221415 | I566: 1
A567: 0500398 | B567: 2022 | C567: Arkansas | D567: AR | E567: Arkansas Teacher Retirement System | F567: E-Stem Public Charter School | G567: 2016 | H567: 2595446 | I567: 1
A568: 0500398 | B568: 2023 | C568: Arkansas | D568: AR | E568: Arkansas Teacher Retirement System | F568: E-Stem Public Charter School | G568: 2016 | H568: 2620780 | I568: 1
A569: 0500399 | B569: 2015 | C569: Arkansas | D569: AR | E569: Arkansas Teacher Retirement System | F569: Lisa Academy-North Little Rock | G569: 2017 | H569: 0 | I569: 1
A570: 0500399 | B570: 2016 | C570: Arkansas | D570: AR | E570: Arkansas Teacher Retirement System | F570: Lisa Academy-North Little Rock | G570: 2017 | H570: - | I570: 1
A571: 0500399 | B571: 2017 | C571: Arkansas | D571: AR | E571: Arkansas Teacher Retirement System | F571: Lisa Academy-North Little Rock | G571: 2017 | H571: - | I571: 1
...

Sheet Sheet1
A1: District | B1: LEAID
A2: Texarkana Career And Technological Center | B2: 500430
A3: Texarkana School District | B3: =IFERROR(VLOOKUP(A3,Sheet2!$A$2:$B$2336,2,FALSE),"") -> 513110
A4: Friendship Aspire - Southeast Pine Bluff | B4: 500427
A5: Friendship Aspire Academy - Pine Bluff | B5: 500423
A6: Lisa Academy Charter | B6: =IFERROR(VLOOKUP(A6,Sheet2!$A$2:$B$2336,2,FALSE),"") -> 500074
A7: Lisa Academy-North Little Rock | B7: 500399
A8: Arkansas Virtual Academy Charter | B8: 500394
A9: Dhs-Divison Of Youth Services | B9: 500390
A10: E-Stem Public Charter School | B10: 500398
A11: Yellville-Summit Public School | B11: 514490
A12: Wynne Public Schools | B12: 514430
A13: Woodlawn School District | B13: =IFERROR(VLOOKUP(A13,Sheet2!$A$2:$B$2336,2,FALSE),"") -> 514400
A14: Wonderview School District | B14: =IFERROR(VLOOKUP(A14,Sheet2!$A$2:$B$2336,2,FALSE),"") -> 514370
A15: White Hall School District | B15: =IFERROR(VLOOKUP(A15,Sheet2!$A$2:$B$2336,2,FALSE),"") -> 514140
A16: West Side School District | B16: =IFERROR(VLOOKUP(A16,Sheet2!$A$2:$B$2336,2,FALSE),"") -> 514040
A17: Westside School District | B17: =IFERROR(VLOOKUP(A17,Sheet2!$A$2:$B$2336,2,FALSE),"") -> 514020
A18: West Fork School District | B18: =IFERROR(VLOOKUP(A18,Sheet2!$A$2:$B$2336,2,FALSE),"") -> 514010
A19: Watson Chapel School District | B19: =IFERROR(VLOOKUP(A19,Sheet2!$A$2:$B$2336,2,FALSE),"") -> 513930
A20: Waldron Public Schools | B20: 513680
A21: Viola School District | B21: =IFERROR(VLOOKUP(A21,Sheet2!$A$2:$B$2336,2,FALSE),"") -> 513560
A22: Vilonia School District | B22: =IFERROR(VLOOKUP(A22,Sheet2!$A$2:$B$2336,2,FALSE),"") -> 513530
A23: Van Buren School District | B23: =IFERROR(VLOOKUP(A23,Sheet2!$A$2:$B$2336,2,FALSE),"") -> 513410
A24: Valley View Public Schools | B24: 513380
A25: Valley Springs Public Schools | B25: 513350
A26: Jackson County School District | B26: 513230
A27: Greene County Tech School District | B27: =IFERROR(VLOOKUP(A27,Sheet2!$A$2:$B$2336,2,FALSE),"") -> 513080
A28: Stuttgart School District | B28: =IFERROR(VLOOKUP(A28,Sheet2!$A$2:$B$2336,2,FALSE),"") -> 512960
A29: Strong-Huttig School District | B29: =IFERROR(VLOOKUP(A29,Sheet2!$A$2:$B$2336,2,FALSE),"") -> 512930
A30: Stephens School Dist | B30: 512870
A31: Springdale Public Schools | B31: 512660
A32: Spring Hill School District | B32: =IFERROR(VLOOKUP(A32,Sheet2!$A$2:$B$2336,2,FALSE),"") -> 512630
A33: Southside Bee Branch School District | B33: 512570
A34: Southside School District | B34: =IFERROR(VLOOKUP(A34,Sheet2!$A$2:$B$2336,2,FALSE),"") -> 512540
A35: South Conway County School District | B35: =IFERROR(VLOOKUP(A35,Sheet2!$A$2:$B$2336,2,FALSE),"") -> 512520
A36: Smackover-Norphlet School District | B36: =IFERROR(VLOOKUP(A36,Sheet2!$A$2:$B$2336,2,FALSE),"") -> 512510
A37: Sloan-Hendrix School District | B37: =IFERROR(VLOOKUP(A37,Sheet2!$A$2:$B$2336,2,FALSE),"") -> 512480
A38: Siloam Springs School District | B38: =IFERROR(VLOOKUP(A38,Sheet2!$A$2:$B$2336,2,FALSE),"") -> 512450
A39: Shirley School District | B39: =IFERROR(VLOOKUP(A39,Sheet2!$A$2:$B$2336,2,FALSE),"") -> 512420
A40: Searcy School District | B40: =IFERROR(VLOOKUP(A40,Sheet2!$A$2:$B$2336,2,FALSE),"") -> 512210
A41: Scranton School District | B41: =IFERROR(VLOOKUP(A41,Sheet2!$A$2:$B$2336,2,FALSE),"") -> 512180
A42: Salem School District | B42: =IFERROR(VLOOKUP(A42,Sheet2!$A$2:$B$2336,2,FALSE),"") -> 512090
A43: Russellville School District | B43: =IFERROR(VLOOKUP(A43,Sheet2!$A$2:$B$2336,2,FALSE),"") -> 512060
A44: Rose Bud School District | B44: =IFERROR(VLOOKUP(A44,Sheet2!$A$2:$B$2336,2,FALSE),"") -> 512000
A45: Rogers Public Schools | B45: 511970
A46: Quitman Public Schools | B46: 511880
A47: Pulaski County Special School District | B47: =IFERROR(VLOOKUP(A47,Sheet2!$A$2:$B$2336,2,FALSE),"") -> 511850
A48: Prescott Public Schools | B48: 511820
A49: Prairie Grove School District | B49: =IFERROR(VLOOKUP(A49,Sheet2!$A$2:$B$2336,2,FALSE),"") -> 511760
A50: Poyen School District | B50: =IFERROR(VLOOKUP(A50,Sheet2!$A$2:$B$2336,2,FALSE),"") -> 511730
A51: Pottsville School District | B51: =IFERROR(VLOOKUP(A51,Sheet2!$A$2:$B$2336,2,FALSE),"") -> 511700
A52: Pocahontas Public Schools | B52: 511610
A53: Piggott School District | B53: =IFERROR(VLOOKUP(A53,Sheet2!$A$2:$B$2336,2,FALSE),"") -> 511370
A54: Perryville School District | B54: =IFERROR(VLOOKUP(A54,Sheet2!$A$2:$B$2336,2,FALSE),"") -> 511340
A55: Parkers Chapel School District | B55: 511220
A56: Paris School District | B56: =IFERROR(VLOOKUP(A56,Sheet2!$A$2:$B$2336,2,FALSE),"") -> 511130
A57: Pangburn School District | B57: =IFERROR(VLOOKUP(A57,Sheet2!$A$2:$B$2336,2,FALSE),"") -> 511070
A58: Ozark Public Schools | B58: 511010
A59: Ouachita Public Schools | B59: 510980
A60: Osceola School District | B60: =IFERROR(VLOOKUP(A60,Sheet2!$A$2:$B$2336,2,FALSE),"") -> 510950
A61: Omaha School District | B61: =IFERROR(VLOOKUP(A61,Sheet2!$A$2:$B$2336,2,FALSE),"") -> 510920
A62: North Little Rock School District | B62: =IFERROR(VLOOKUP(A62,Sheet2!$A$2:$B$2336,2,FALSE),"") -> 510680
A63: Norphlet School Dist | B63: 510620
A64: Norfork School District | B64: =IFERROR(VLOOKUP(A64,Sheet2!$A$2:$B$2336,2,FALSE),"") -> 510560
A65: Nettleton Public Schools | B65: 510440
A66: Nemo Vista School District | B66: =IFERROR(VLOOKUP(A66,Sheet2!$A$2:$B$2336,2,FALSE),"") -> 510410
A67: Nashville School District | B67: =IFERROR(VLOOKUP(A67,Sheet2!$A$2:$B$2336,2,FALSE),"") -> 510380
A68: South Pike County School District | B68: =IFERROR(VLOOKUP(A68,Sheet2!$A$2:$B$2336,2,FALSE),"") -> 510320
A69: Mulberry-Pleasant View Bi-County Public Schools | B69: 510290
A70: Mountainburg Public Schools | B70: 510260
A71: Mountain View School District | B71: =IFERROR(VLOOKUP(A71,Sheet2!$A$2:$B$2336,2,FALSE),"") -> 510200
A72: Mountain Pine School District | B72: =IFERROR(VLOOKUP(A72,Sheet2!$A$2:$B$2336,2,FALSE),"") -> 510170
A73: Mt. Vernon-Enola School Distri | B73: 510080
A74: Mount Ida Public Schools | B74: 509990
A75: Monticello School District | B75: =IFERROR(VLOOKUP(A75,Sheet2!$A$2:$B$2336,2,FALSE),"") -> 509840
A76: Mineral Springs School District | B76: =IFERROR(VLOOKUP(A76,Sheet2!$A$2:$B$2336,2,FALSE),"") -> 509780
A77: Mena Public Schools | B77: 509750
A78: Melbourne Public School District | B78: 509720
A79: Mcgehee Public Schools | B79: 509630
A80: Mc Crory School District | B80: 509600
A81: Maynard School District | B81: =IFERROR(VLOOKUP(A81,Sheet2!$A$2:$B$2336,2,FALSE),"") -> 509570
A82: Mayflower School District | B82: =IFERROR(VLOOKUP(A82,Sheet2!$A$2:$B$2336,2,FALSE),"") -> 509540
A83: Marvell - Elaine School District | B83: 509510
A84: Searcy County School District | B84: =IFERROR(VLOOKUP(A84,Sheet2!$A$2:$B$2336,2,FALSE),"") -> 509480
A85: Marked Tree School District | B85: =IFERROR(VLOOKUP(A85,Sheet2!$A$2:$B$2336,2,FALSE),"") -> 509420
A86: Marion School District | B86: =IFERROR(VLOOKUP(A86,Sheet2!$A$2:$B$2336,2,FALSE),"") -> 509390
A87: Lee County School District | B87: =IFERROR(VLOOKUP(A87,Sheet2!$A$2:$B$2336,2,FALSE),"") -> 509360
A88: Mansfield School District | B88: =IFERROR(VLOOKUP(A88,Sheet2!$A$2:$B$2336,2,FALSE),"") -> 509330
A89: Mammoth Spring School District | B89: =IFERROR(VLOOKUP(A89,Sheet2!$A$2:$B$2336,2,FALSE),"") -> 509270
A90: Malvern School District | B90: =IFERROR(VLOOKUP(A90,Sheet2!$A$2:$B$2336,2,FALSE),"") -> 509240
A91: Magnet Cove School District | B91: 509190
A92: Magazine School District | B92: =IFERROR(VLOOKUP(A92,Sheet2!$A$2:$B$2336,2,FALSE),"") -> 509150
A93: Lonoke School District | B93: =IFERROR(VLOOKUP(A93,Sheet2!$A$2:$B$2336,2,FALSE),"") -> 509060
A94: Little Rock School District | B94: =IFERROR(VLOOKUP(A94,Sheet2!$A$2:$B$2336,2,FALSE),"") -> 509000
A95: Lincoln Consolidated School District | B95: 508940
A96: Lavaca Public Schools | B96: 508730
A97: Lamar School District | B97: =IFERROR(VLOOKUP(A97,Sheet2!$A$2:$B$2336,2,FALSE),"") -> 508700
A98: Lakeside School District 2 | B98: 508670
A99: Lakeside School District 1 | B99: 508640
A100: Lake Hamilton School District | B100: =IFERROR(VLOOKUP(A100,Sheet2!$A$2:$B$2336,2,FALSE),"") -> 508610
...

Sheet Sheet2
A1: NAME | B1: LEAID | F1: district_name
A2: ACADEMICS PLUS CHARTER SCHOOL | B2: 500059 | F2: Craighead County Sd Executive
A3: ACADEMICS PLUS CHARTER SCHOOL | B3: 500059 | F3: Northcentral Arkansas Education Service Co-Op
A4: ACADEMICS PLUS CHARTER SCHOOL | B4: 500059 | F4: Northeast Arkansas Education Co-Op
A5: ACADEMICS PLUS CHARTER SCHOOL | B5: 500059
A6: ACADEMICS PLUS CHARTER SCHOOL | B6: 500059 | F6: Jonesboro Vocational Center
A7: ACADEMICS PLUS CHARTER SCHOOL | B7: 500059 | F7: Monticello Vocational Center
A8: ACADEMICS PLUS CHARTER SCHOOL | B8: 500059 | F8: River Valley Career Academy
A9: ACADEMICS PLUS PUBLIC CHARTER SCHOOLS | B9: 500059 | F9: Metropolitan Vocational Center
A10: ALMA SCHOOL DISTRICT | B10: 502250 | F10: Warren Vocational Center
A11: ALMA SCHOOL DISTRICT | B11: 502250 | F11: Kipp Delta College Preparatory Charter
A12: ALMA SCHOOL DISTRICT | B12: 502250 | F12: Arkansas Activities Association
A13: ALMA SCHOOL DISTRICT | B13: 502250 | F13: Arkansas Easter Seals
A14: ALMA SCHOOL DISTRICT | B14: 502250 | F14: Arkansas School Boards Association
A15: ALMA SCHOOL DISTRICT | B15: 502250
A16: ALMA SCHOOL DISTRICT | B16: 502250 | F16: Arkansas Association Educational Administrators
A17: ALMA SCHOOL DISTRICT | B17: 502250 | F17: Economics Arkansas
A18: ALPENA SCHOOL DISTRICT | B18: 502280 | F18: Boston Mountain Educational Co-Op
A19: ALPENA SCHOOL DISTRICT | B19: 502280 | F19: Arkansas Department Of Education
A20: ARCH FORD EDUC. SERVICE COOP | B20: 500011 | F20: Arkansas Department Of Career Education (Rehab)
A21: ARCH FORD EDUC. SERVICE COOP | B21: 500011 | F21: Arkansas Teacher Retirement System
A22: ARK TECH UNIVERISTY CAREER CENTER | B22: 500436 | F22: Arkansas Educational Tv Network
A23: ARK. RIVER EDUC SERVICE COOP | B23: 500024 | F23: Crowleys Ridge Technical Institute
A24: ARK. RIVER EDUC SERVICE COOP | B24: 500024 | F24: Arkansas Department Of Career Education (Workforce)
A25: ARK. SCHOOL FOR THE BLIND | B25: 500035 | F25: Northwest Technical Institute
A26: ARK. SCHOOL FOR THE DEAF | B26: 500036 | F26: Riverside Vocational Technical School
A27: ARKADELPHIA SCHOOL DISTRICT | B27: 502430
A28: ARKADELPHIA SCHOOL DISTRICT | B28: 502430 | F28: South Arkansas Developmental Center
A29: ARKADELPHIA SCHOOL DISTRICT | B29: 502430 | F29: Arkansas School For Math, Sciences & Arts
A30: ARKADELPHIA SCHOOL DISTRICT | B30: 502430
A31: ARKADELPHIA SCHOOL DISTRICT | B31: 502430
A32: ARKADELPHIA SCHOOL DISTRICT | B32: 502430
A33: ARKANSAS CONNECTIONS ACADEMY | B33: 500417
A34: ARKANSAS CONNECTIONS ACADEMY | B34: 500417
A35: ARKANSAS CONNECTIONS ACADEMY | B35: 500417
A36: ARKANSAS CONNECTIONS ACADEMY | B36: 500417
A37: ARKANSAS CONNECTIONS ACADEMY | B37: 500417
A38: ARKANSAS CONNECTIONS ACADEMY | B38: 500417
A39: ARKANSAS CORRECTIONAL SCHOOLS | B39: 500025
A40: ARKANSAS CORRECTIONAL SCHOOLS | B40: 500025
A41: ARKANSAS CORRECTIONAL SCHOOLS | B41: 500025
... A2336: YELLVILLE-SUMMIT SCHOOL DISTRICT. | B2336: 514490

Sheet Original Data
A1: year | B1: state | C1: state_abv | D1: plan | E1: district_name | F1: district_code | G1: employer_contributions
A2: 2015 | B2: Arkansas | C2: AR | D2: Arkansas Teacher Retirement System | E2: COTTER PUBLIC SCHOOLS | F2: 106 | G2: 492920
A3: 2015 | B3: Arkansas | C3: AR | D3: Arkansas Teacher Retirement System | E3: ROGERS PUBLIC SCHOOLS | F3: 108 | G3: 12187852
A4: 2015 | B4: Arkansas | C4: AR | D4: Arkansas Teacher Retirement System | E4: GRAVETTE SCHOOL DISTRICT | F4: 109 | G4: 1402514
A5: 2015 | B5: Arkansas | C5: AR | D5: Arkansas Teacher Retirement System | E5: SILOAM SPRINGS SCHOOL DISTRICT | F5: 110 | G5: 3100128
A6: 2015 | B6: Arkansas | C6: AR | D6: Arkansas Teacher Retirement System | E6: HERMITAGE PUBLIC SCHOOL DISTRI | F6: 111 | G6: 372194
A7: 2015 | B7: Arkansas | C7: AR | D7: Arkansas Teacher Retirement System | E7: WARREN SCHOOL DISTRICT | F7: 113 | G7: 1192643
A8: 2015 | B8: Arkansas | C8: AR | D8: Arkansas Teacher Retirement System | E8: BERRYVILLE PUBLIC SCHOOLS | F8: 115 | G8: 1427754
A9: 2015 | B9: Arkansas | C9: AR | D9: Arkansas Teacher Retirement System | E9: LAKESIDE SCHOOL DISTRICT | F9: 116 | G9: 1009247
A10: 2015 | B10: Arkansas | C10: AR | D10: Arkansas Teacher Retirement System | E10: GURDON PUBLIC SCHOOLS | F10: 117 | G10: 653823
A11: 2015 | B11: Arkansas | C11: AR | D11: Arkansas Teacher Retirement System | E11: ARKADELPHIA PUBLIC SCHOOLS | F11: 119 | G11: 1570438
A12: 2015 | B12: Arkansas | C12: AR | D12: Arkansas Teacher Retirement System | E12: WOODLAWN SCHOOL DISTRICT | F12: 121 | G12: 366949
A13: 2015 | B13: Arkansas | C13: AR | D13: Arkansas Teacher Retirement System | E13: MAGNOLIA SCHOOL DISTRICT | F13: 123 | G13: 2202665
... A135: 2015 | B135: Arkansas | C135: AR | D135: Arkansas Teacher Retirement System | E135: DIERKS PUBLIC SCHOOLS | F135: 566 | G135: 416639
A136: 2015 | B136: Arkansas | C136: AR | D136: Arkansas Teacher Retirement System | E136: STEPHENS SCHOOL DIST | F136: 568
A137: 2015 | B137: Arkansas | C137: AR | D137: Arkansas Teacher Retirement System | E137: POTTSVILLE SCHOOL DISTRICT | F137: 569 | G137: 1219725
A138: 2015 | B138: Arkansas | C138: AR | D138: Arkansas Teacher Retirement System | E138: PIGGOTT SCHOOL DISTRICT | F138: 571 | G138: 544904
A139: 2015 | B139: Arkansas | C139: AR | D139: Arkansas Teacher Retirement System | E139: HECTOR SCHOOL DISTRICT | F139: 583 | G139: 421593
A140: 2015 | B140: Arkansas | C140: AR | D140: Arkansas Teacher Retirement System | E140: BLYTHEVILLE PUBLIC SCHOOLS | F140: 586 | G140: 2029748
A141: 2015 | B141: Arkansas | C141: AR | D141: Arkansas Teacher Retirement System | E141: BEARDEN SCHOOL DISTRICT | F141: 592 | G141: 396437
A142: 2015 | B142: Arkansas | C142: AR | D142: Arkansas Teacher Retirement System | E142: PINE BLUFF SCHOOL DISTRICT | F142: 593 | G142: 3875632
A143: 2015 | B143: Arkansas | C143: AR | D143: Arkansas Teacher Retirement System | E143: MARMADUKE SCHOOL DISTRICT | F143: 597 | G143: 565315
A144: 2015 | B144: Arkansas | C144: AR | D144: Arkansas Teacher Retirement System | E144: FOUKE SCHOOL DISTRICT | F144: 601 | G144: 786347
A145: 2015 | B145: Arkansas | C145: AR | D145: Arkansas Teacher Retirement System | E145: HORATIO SCHOOL DISTRICT | F145: 602 | G145: 637724
A146: 2015 | B146: Arkansas | C146: AR | D146: Arkansas Teacher Retirement System | E146: ENGLAND PUBLIC SCHOOL DISTRICT | F146: 606 | G146: 559643
A147: 2015 | B147: Arkansas | C147: AR | D147: Arkansas Teacher Retirement System | E147: JASPER SCHOOL DISTRICT | F147: 607 | G147: 829629
A148: 2015 | B148: Arkansas | C148: AR | D148: Arkansas Teacher Retirement System | E148: TRUMANN SCHOOL DISTRICT | F148: 608 | G148: 1138480
... A201: 2015 | B201: Arkansas | C201: AR | D201: Arkansas Teacher Retirement System | E201: GENOA CENTRAL SCHOOL DISTRICT | F201: 873 | G201: 725999
A202: 2015 | B202: Arkansas | C202: AR | D202: Arkansas Teacher Retirement System | E202: NORPHLET SCHOOL DIST | F202: 876
A203: 2015 | B203: Arkansas | C203: AR | D203: Arkansas Teacher Retirement System | E203: BERGMAN PUBLIC SCHOOLS | F203: 956 | G203: 731640
A204: 2015 | B204: Arkansas | C204: AR | D204: Arkansas Teacher Retirement System | E204: LEAD HILL SCHOOL DISTRICT | F204: 957 | G204: 275274
A205: 2015 | B205: Arkansas | C205: AR | D205: Arkansas Teacher Retirement System | E205: DERMOTT SCHOOL DISTRICT | F205: 958 | G205: 419278
A206: 2015 | B206: Arkansas | C206: AR | D206: Arkansas Teacher Retirement System | E206: GUY-PERKINS SCHOOL DISTRICT | F206: 963 | G206: 356185
A207: 2015 | B207: Arkansas | C207: AR | D207: Arkansas Teacher Retirement System | E207: MT. VERNON-ENOLA SCHOOL DISTRI | F207: 964 | G207: 377990
A208: 2015 | B208: Arkansas | C208: AR | D208: Arkansas Teacher Retirement System | E208: MOUNTAIN PINE SCHOOL DISTRICT | F208: 965 | G208: 366894
A209: 2015 | B209: Arkansas | C209: AR | D209: Arkansas Teacher Retirement System | E209: ARMOREL SCHOOL DISTRICT | F209: 973 | G209: 353021
A210: 2015 | B210: Arkansas | C210: AR | D210: Arkansas Teacher Retirement System | E210: WHITE COUNTY CENTRAL SCHOOLS | F210: 987 | G210: 530099
A211: 2015 | B211: Arkansas | C211: AR | D211: Arkansas Teacher Retirement System | E211: CRAIGHEAD COUNTY SD EXECUTIVE | F211: 990 | G211: 6340
A212: 2015 | B212: Arkansas | C212: AR | D212: Arkansas Teacher Retirement System | E212: LAFAYETTE COUNTY SCHOOL DISTRI | F212: 1000 | G212: 557568
A213: 2015 | B213: Arkansas | C213: AR | D213: Arkansas Teacher Retirement System | E213: CEDAR RIDGE SCHOOL DISTRICT | F213: 1001 | G213: 794975
A214: 2015 | B214: Arkansas | C214: AR | D214: Arkansas Teacher Retirement System | E214: CLEVELAND COUNTY SCHOOL DISTRI | F214: 1002 | G214: 687117
... A288: 2015 | B288: Arkansas | C288: AR | D288: Arkansas Teacher Retirement System | E288: BOSTON MOUNTAIN EDUCATIONAL CO | F288: 9492 | G288: 258896
A289: 2015 | B289: Arkansas | C289: AR | D289: Arkansas Teacher Retirement System | E289: UNIVERSITY OF ARKANSAS - MONTI | F289: 1-005 | G289: 181133
A290: 2015 | B290: Arkansas | C290: AR | D290: Arkansas Teacher Retirement System | E290: UNIVERSITY OF ARKANSAS - PINE | F290: 1-006 | G290: 23904
A291: 2015 | B291: Arkansas | C291: AR | D291: Arkansas Teacher Retirement System | E291: ARKANSAS SCHOOL FOR THE BLIND | F291: 1-008 | G291: 494332
A292: 2015 | B292: Arkansas | C292: AR | D292: Arkansas Teacher Retirement System | E292: ARKANSAS SCHOOL FOR THE DEAF | F292: 1-016 | G292: 840407
A293: 2015 | B293: Arkansas | C293: AR | D293: Arkansas Teacher Retirement System | E293: ARKANSAS DEPARTMENT OF EDUCATI | F293: 1-017 | G293: 3095725
A294: 2015 | B294: Arkansas | C294: AR | D294: Arkansas Teacher Retirement System | E294: HENDERSON STATE UNIVERSITY | F294: 1-025 | G294: 213172
A295: 2015 | B295: Arkansas | C295: AR | D295: Arkansas Teacher Retirement System | E295: ARKANSAS STATE UNIVERSITY- BEE | F295: 1-028 | G295: 309718
A296: 2015 | B296: Arkansas | C296: AR | D296: Arkansas Teacher Retirement System | E296: ARKANSAS STATE UNIVERSITY- NEW | F296: 1-029 | G296: 161407
A297: 2015 | B297: Arkansas | C297: AR | D297: Arkansas Teacher Retirement System | E297: ARKANSAS TECH UNIVERSITY | F297: 1-045 | G297: 565327
A298: 2015 | B298: Arkansas | C298: AR | D298: Arkansas Teacher Retirement System | E298: SOUTHERN ARKANSAS UNIVERSITY | F298: 1-051 | G298: 381547
A299: 2015 | B299: Arkansas | C299: AR | D299: Arkansas Teacher Retirement System | E299: ARKANSAS STATE UNIVERSITY- MT. | F299: 1-052 | G299: 35517
A300: 2015 | B300: Arkansas | C300: AR | D300: Arkansas Teacher Retirement System | E300: ARKANSAS STATE UNIVERSITY | F300: 1-053 | G300: 810382
... A339: 2015 | B339: Arkansas | C339: AR | D339: Arkansas Teacher Retirement System | E339: DHS-DIVISON OF YOUTH SERVICES | F339: 1-403 | G339: 41675
A340: 2016 | B340: Arkansas | C340: AR | D340: Arkansas Teacher Retirement System | E340: COTTER PUBLIC SCHOOLS | F340: 106 | G340: 503776
A341: 2016 | B341: Arkansas | C341: AR | D341: Arkansas Teacher Retirement System | E341: ROGERS PUBLIC SCHOOLS | F341: 108 | G341: 12225284
A342: 2016 | B342: Arkansas | C342: AR | D342: Arkansas Teacher Retirement System | E342: GRAVETTE SCHOOL DISTRICT | F342: 109 | G342: 1444009
A343: 2016 | B343: Arkansas | C343: AR | D343: Arkansas Teacher Retirement System | E343: SILOAM SPRINGS SCHOOL DISTRICT | F343: 110 | G343: 3191740
A344: 2016 | B344: Arkansas | C344: AR | D344: Arkansas Teacher Retirement System | E344: HERMITAGE PUBLIC SCHOOL DISTRICT | F344: 111 | G344: 358303
A345: 2016 | B345: Arkansas | C345: AR | D345: Arkansas Teacher Retirement System | E345: WARREN SCHOOL DISTRICT | F345: 113 | G345: 1150393
A346: 2016 | B346: Arkansas | C346: AR | D346: Arkansas Teacher Retirement System | E346: BERRYVILLE PUBLIC SCHOOLS | F346: 115 | G346: 1464452
A347: 2016 | B347: Arkansas | C347: AR | D347: Arkansas Teacher Retirement System | E347: LAKESIDE SCHOOL DISTRICT | F347: 116 | G347: 938586
A348: 2016 | B348: Arkansas | C348: AR | D348: Arkansas Teacher Retirement System | E348: GURDON PUBLIC SCHOOLS | F348: 117 | G348: 667848
A349: 2016 | B349: Arkansas | C349: AR | D349: Arkansas Teacher Retirement System | E349: ARKADELPHIA PUBLIC SCHOOLS | F349: 119 | G349: 1553526
A350: 2016 | B350: Arkansas | C350: AR | D350: Arkansas Teacher Retirement System | E350: WOODLAWN SCHOOL DISTRICT | F350: 121 | G350: 371373
A351: 2016 | B351: Arkansas | C351: AR | D351: Arkansas Teacher Retirement System | E351: MAGNOLIA SCHOOL DISTRICT | F351: 123 | G351: 2248942
... A397: 2016 | B397: Arkansas | C397: AR | D397: Arkansas Teacher Retirement System | E397: LAVACA PUBLIC SCHOOLS | F397: 219 | G397: 631955
A398: 2016 | B398: Arkansas | C398: AR | D398: Arkansas Teacher Retirement System | E398: HARTFORD SCHOOL DISTRICT | F398: 220 | G398: -
A399: 2016 | B399: Arkansas | C399: AR | D399: Arkansas Teacher Retirement System | E399: GREENWOOD SCHOOL DISTRICT | F399: 221 | G399: 2778692
A400: 2016 | B400: Arkansas | C400: AR | D400: Arkansas Teacher Retirement System | E400: MANSFIELD SCHOOL DISTRICT | F400: 222 | G400: 627398
A401: 2016 | B401: Arkansas | C401: AR | D401: Arkansas Teacher Retirement System | E401: DEQUEEN PUBLIC SCHOOLS | F401: 224 | G401: 1833784
A402: 2016 | B402: Arkansas | C402: AR | D402: Arkansas Teacher Retirement System | E402: STRONG-HUTTIG SCHOOL DISTRICT | F402: 227 | G402: 327361
A403: 2016 | B403: Arkansas | C403: AR | D403: Arkansas Teacher Retirement System | E403: JUNCTION CITY SCHOOL DISTRICT | F403: 228 | G403: 471584
A404: 2016 | B404: Arkansas | C404: AR | D404: Arkansas Teacher Retirement System | E404: SHIRLEY SCHOOL DISTRICT | F404: 230 | G404: 390606
A405: 2016 | B405: Arkansas | C405: AR | D405: Arkansas Teacher Retirement System | E405: PRAIRIE GROVE SCHOOL DISTRICT | F405: 232 | G405: 1301035
A406: 2016 | B406: Arkansas | C406: AR | D406: Arkansas Teacher Retirement System | E406: FAYETTEVILLE PUBLIC SCHOOLS | F406: 233 | G406: 8479352
A407: 2016 | B407: Arkansas | C407: AR | D407: Arkansas Teacher Retirement System | E407: FARMINGTON PUBLIC SCHOOLS | F407: 234 | G407: 1658451
A408: 2016 | B408: Arkansas | C408: AR | D408: Arkansas Teacher Retirement System | E408: ELKINS SCHOOL DISTRICT | F408: 235 | G408: 834658
A409: 2016 | B409: Arkansas | C409: AR | D409: Arkansas Teacher Retirement System | E409: LINCOLN CONSOLIDATED SCHOOL DISTRICT | F409: 237 | G409: 910528
A410: 2016 | B410: Arkansas | C410: AR | D410: Arkansas Teacher Retirement System | E410: GREENLAND SCHOOL DISTRICT | F410: 238 | G410: 688659
... A473: 2016 | B473: Arkansas | C473: AR | D473: Arkansas Teacher Retirement System | E473: DIERKS PUBLIC SCHOOLS | F473: 566 | G473: 431397
A474: 2016 | B474: Arkansas | C474: AR | D474: Arkansas Teacher Retirement System | E474: STEPHENS SCHOOL DIST | F474: 568 | G474: -
A475: 2016 | B475: Arkansas | C475: AR | D475: Arkansas Teacher Retirement System | E475: POTTSVILLE SCHOOL DISTRICT | F475: 569 | G475: 1205614
A476: 2016 | B476: Arkansas | C476: AR | D476: Arkansas Teacher Retirement System | E476: PIGGOTT SCHOOL DISTRICT | F476: 571 | G476: 587605
A477: 2016 | B477: Arkansas | C477: AR | D477: Arkansas Teacher Retirement System | E477: HECTOR SCHOOL DISTRICT | F477: 583 | G477: 427378
A478: 2016 | B478: Arkansas | C478: AR | D478: Arkansas Teacher Retirement System | E478: BLYTHEVILLE PUBLIC SCHOOLS | F478: 586 | G478: 2078570
A479: 2016 | B479: Arkansas | C479: AR | D479: Arkansas Teacher Retirement System | E479: BEARDEN SCHOOL DISTRICT | F479: 592 | G479: 412558
A480: 2016 | B480: Arkansas | C480: AR | D480: Arkansas Teacher Retirement System | E480: PINE BLUFF SCHOOL DISTRICT | F480: 593 | G480: 3632162
A481: 2016 | B481: Arkansas | C481: AR | D481: Arkansas Teacher Retirement System | E481: MARMADUKE SCHOOL DISTRICT | F481: 597 | G481: 562857
A482: 2016 | B482: Arkansas | C482: AR | D482: Arkansas Teacher Retirement System | E482: FOUKE SCHOOL DISTRICT | F482: 601 | G482: 775440
A483: 2016 | B483: Arkansas | C483: AR | D483: Arkansas Teacher Retirement System | E483: HORATIO SCHOOL DISTRICT | F483: 602 | G483: 623258
A484: 2016 | B484: Arkansas | C484: AR | D484: Arkansas Teacher Retirement System | E484: ENGLAND PUBLIC SCHOOL DISTRICT | F484: 606 | G484: 563962
A485: 2016 | B485: Arkansas | C485: AR | D485: Arkansas Teacher Retirement System | E485: JASPER SCHOOL DISTRICT | F485: 607 | G485: 824104
A486: 2016 | B486: Arkansas | C486: AR | D486: Arkansas Teacher Retirement System | E486: TRUMANN SCHOOL DISTRICT | F486: 608 | G486: 1145034
... A518: 2016 | B518: Arkansas | C518: AR | D518: Arkansas Teacher Retirement System | E518: DEWITT SCHOOL DISTRICT | F518: 731 | G518: 955583
A519: 2016 | B519: Arkansas | C519: AR | D519: Arkansas Teacher Retirement System | E519: HUGHES SCHOOL DISTRICT | F519: 732 | G519: -
A520: 2016 | B520: Arkansas | C520: AR | D520: Arkansas Teacher Retirement System | E520: ALPENA SCHOOL DISTRICT | F520: 735 | G520: 370212
A521: 2016 | B521: Arkansas | C521: AR | D521: Arkansas Teacher Retirement System | E521: MAGNET COVE SCHOOL DISTRICT | F521: 736 | G521: 456045
A522: 2016 | B522: Arkansas | C522: AR | D522: Arkansas Teacher Retirement System | E522: STUTTGART SCHOOL DISTRICT | F522: 746 | G522: 1278952
...

Sheet Included Employers
A1: Unique Included Employers | B1: Unique Included IDs
A2: Cotter Public Schools | B2: 106
A3: Rogers Public Schools | B3: 108
A4: Gravette School District | B4: 109
A5: Siloam Springs School District | B5: 110
A6: Hermitage Public School District | B6: 111
A7: Warren School District | B7: 113
A8: Berryville Public Schools | B8: 115
A9: Lakeside School District 1 | B9: 116
A10: Gurdon Public Schools | B10: 117
A11: Arkadelphia Public Schools | B11: 119
A12: Woodlawn School District | B12: 121
A13: Magnolia School District | B13: 123
... A276: Premier High School Of Springdale | B276: 2044

Sheet Excluded Employers
A1: Unique Excluded Employers | B1: Unique Excluded IDs
A2: Southwest Arkansas Education Co-Op | B2: 1307
A3: Southeast Arkansas Education Service Co-Op | B3: 1308
A4: Guy Fenter Education Service Co-Op | B4: 1330
A5: Northcentral Arkansas Education Service Co-Op | B5: 1332
A6: Ozarks Unlimited Resource Educational Service Co-Op | B6: 1336
A7: Northeast Arkansas Education Co-Op | B7: 1337
A8: Dawson Education Service Co-Op | B8: 1338
A9: Arch Ford Education Service Co-Op | B9: 1339
A10: Wilbur D Mills Education Service Co-Op | B10: 1345
A11: Arkansas River Education Service Co-Op | B11: 1349
A12: Great Rivers Education Service Co-Op | B12: 1350
A13: Northwest Arkansas Education Service Co-Op | B13: 1351
... A31: Boston Mountain Educational Co-Op | B31: 9492
A32: University Of Arkansas - Monticello | B32: 1-005
A33: University Of Arkansas - Pine Bluff | B33: 1-006
A34: Arkansas School For The Blind | B34: 1-008
A35: Arkansas School For The Deaf | B35: 1-016
A36: Arkansas Department Of Education | B36: 1-017
A37: Henderson State University | B37: 1-025
A38: Arkansas State University- Beebe | B38: 1-028
A39: Arkansas State University- Newport | B39: 1-029
A40: Arkansas Tech University | B40: 1-045
A41: Southern Arkansas University | B41: 1-051
A42: Arkansas State University- Mt. Home | B42: 1-052
A43: Arkansas State University | B43: 1-053
... A87: Arkansas Department Of Health | B87: 1-409
