Workbook

Sheet Summary
A1: LEAID | B1: Year | C1: employer_code | D1: standardized_employer_name | E1: employer_name | F1: employer_pv_future_salary | G1: employer_allocation | H1: district_contributions
A2: =I2 | B2: 2015 | C2: 10200 | D2: NORTH CAROLINA EDUCATION LOTTERY | E2: North Carolina Education Lottery | F2: 128274391 | G2: 0.0011215 | H2: 1416441 | I2: =IFERROR(VLOOKUP(D2,'LEAID Match'!$A$2:$B$184,2,FALSE),"")
A3: =I3 | B3: 2016 | C3: 10200 | D3: NORTH CAROLINA EDUCATION LOTTERY | E3: NORTH CAROLINA EDUCATION LOTTERY | F3: 119702337 | G3: 0.0011054 | H3: 1409388.3 | I3: =IFERROR(VLOOKUP(D3,'LEAID Match'!$A$2:$B$184,2,FALSE),"")
A4: =I4 | B4: 2017 | C4: 10200 | D4: NORTH CAROLINA EDUCATION LOTTERY | E4: NORTH CAROLINA EDUCATION LOTTERY $ | F4: 121600639 | G4: 0.0010898 | H4: 1570613.2 | I4: =IFERROR(VLOOKUP(D4,'LEAID Match'!$A$2:$B$184,2,FALSE),"")
A5: =I5 | B5: 2018 | C5: 10200 | D5: NORTH CAROLINA EDUCATION LOTTERY | E5: NORTH CAROLINA EDUCATION LOTTERY | F5: 125491609 | G5: 0.0010799 | H5: 1730972.8 | I5: =IFERROR(VLOOKUP(D5,'LEAID Match'!$A$2:$B$184,2,FALSE),"")
A6: =I6 | B6: 2019 | C6: 10200 | D6: NORTH CAROLINA EDUCATION LOTTERY | E6: NORTH CAROLINA EDUCATION LOTTERY | F6: 128569499 | G6: 0.0010671 | H6: 2043652.3 | I6: =IFERROR(VLOOKUP(D6,'LEAID Match'!$A$2:$B$184,2,FALSE),"")
A7: =I7 | B7: 2020 | C7: 10200 | D7: NORTH CAROLINA EDUCATION LOTTERY | E7: NORTH CAROLINA EDUCATION LOTTERY | F7: 140807753 | G7: 0.0011367 | H7: 2336003.8 | I7: =IFERROR(VLOOKUP(D7,'LEAID Match'!$A$2:$B$184,2,FALSE),"")
A8: =I8 | B8: 2021 | C8: 10200 | D8: NORTH CAROLINA EDUCATION LOTTERY | E8: NORTH CAROLINA EDUCATION LOTTERY | F8: 149873305 | G8: 0.0011975 | H8: 2841969.3 | I8: =IFERROR(VLOOKUP(D8,'LEAID Match'!$A$2:$B$184,2,FALSE),"")
A9: =I9 | B9: 2022 | C9: 10200 | D9: NORTH CAROLINA EDUCATION LOTTERY | E9: NORTH CAROLINA EDUCATION LOTTERY | F9: 158719318 | G9: 0.0012585 | H9: 3475909 | I9: =IFERROR(VLOOKUP(D9,'LEAID Match'!$A$2:$B$184,2,FALSE),"")
A10: =I10 | B10: 2023 | C10: 10200 | D10: NORTH CAROLINA EDUCATION LOTTERY | E10: NORTH CAROLINA EDUCATION LOTTERY | F10: 161395663 | G10: 0.0012144 | H10: 3685578.9 | I10: =IFERROR(VLOOKUP(D10,'LEAID Match'!$A$2:$B$184,2,FALSE),"")
A11: =I11 | B11: 2015 | C11: 10400 | D11: DEPARTMENT OF JUSTICE | E11: Department Of Justice | F11: 368586786 | G11: 0.0032227 | H11: 4070231.4 | I11: =IFERROR(VLOOKUP(D11,'LEAID Match'!$A$2:$B$184,2,FALSE),"")
A12: =I12 | B12: 2016 | C12: 10400 | D12: DEPARTMENT OF JUSTICE | E12: DEPARTMENT OF JUSTICE | F12: 351947522 | G12: 0.00325 | H12: 4143759.8 | I12: =IFERROR(VLOOKUP(D12,'LEAID Match'!$A$2:$B$184,2,FALSE),"")
A13: =I13 | B13: 2017 | C13: 10400 | D13: DEPARTMENT OF JUSTICE | E13: DEPARTMENT OF JUSTICE | F13: 358228511 | G13: 0.0032105 | H13: 4626953.3 | I13: =IFERROR(VLOOKUP(D13,'LEAID Match'!$A$2:$B$184,2,FALSE),"")
... A2596: =I2596 | B2596: 2023 | C2596: 51000.3 | D2596: HIGHWAY - ADMINISTRATIVE (Ports Authority Only) | E2596: HIGHWAY - ADMINISTRATIVE (Ports Authority Only) | F2596: 130699952 | G2596: 0.0009834 | H2596: 2984517.7 | I2596: =IFERROR(VLOOKUP(D2596,'LEAID Match'!$A$2:$B$184,2,FALSE),"")

Sheet GASB Data -->

Sheet Final Check
A1: Check
A2: Year | B2: Reported Employer PV | C2: Employer PV from Total | D2: Allocation Percent Reported | E2: Allocation Percent from Formula | F2: Reported Employer Contribution (GASB 68) | G2: Employer Contribution from Formula | H2: Employer PV Difference | I2: Allocation Percent Difference | J2: Employer Contribution Difference
A3: 2015 | B3: 114372837443 | C3: =SUMIF(Summary!B:B,'Final Check'!A3,Summary!F:F) -> 114372837443 | D3: 1 | E3: =SUMIF(Summary!B:B,'Final Check'!A3,Summary!G:G) -> 1 | F3: 1262988000 | G3: =SUMIF(Summary!B:B,'Final Check'!A3,Summary!H:H) -> 1262988000 | H3: =B3-C3 -> 0 | I3: =D3-E3 -> 0 | J3: =F3-G3 -> 0
A4: 2016 | B4: 108291094819 | C4: =SUMIF(Summary!B:B,'Final Check'!A4,Summary!F:F) -> 108291094819 | D4: 1 | E4: =SUMIF(Summary!B:B,'Final Check'!A4,Summary!G:G) -> 1 | F4: 1275003000 | G4: =SUMIF(Summary!B:B,'Final Check'!A4,Summary!H:H) -> 1.275003e+09 | H4: =B4-C4 -> 0 | I4: =D4-E4 -> 0 | J4: =F4-G4 -> 0
A5: 2017 | B5: 111581756444 | C5: =SUMIF(Summary!B:B,'Final Check'!A5,Summary!F:F) -> 111581756444 | D5: 1 | E5: =SUMIF(Summary!B:B,'Final Check'!A5,Summary!G:G) -> 1 | F5: 1441194000 | G5: =SUMIF(Summary!B:B,'Final Check'!A5,Summary!H:H) -> 1.441194e+09 | H5: =B5-C5 -> 0 | I5: =D5-E5 -> 0 | J5: =F5-G5 -> 0
A6: 2018 | B6: 116207890038 | C6: =SUMIF(Summary!B:B,'Final Check'!A6,Summary!F:F) -> 116207890038 | D6: 1 | E6: =SUMIF(Summary!B:B,'Final Check'!A6,Summary!G:G) -> 1 | F6: 1602901000 | G6: =SUMIF(Summary!B:B,'Final Check'!A6,Summary!H:H) -> 1.602901e+09 | H6: =B6-C6 -> 0 | I6: =D6-E6 -> 0 | J6: =F6-G6 -> 0
A7: 2019 | B7: 120481819159 | C7: =SUMIF(Summary!B:B,'Final Check'!A7,Summary!F:F) -> 120481819159 | D7: 1 | E7: =SUMIF(Summary!B:B,'Final Check'!A7,Summary!G:G) -> 1 | F7: 1915146000 | G7: =SUMIF(Summary!B:B,'Final Check'!A7,Summary!H:H) -> 1.915146e+09 | H7: =B7-C7 -> 0 | I7: =D7-E7 -> 0 | J7: =F7-G7 -> 0
A8: 2020 | B8: 123871678297 | C8: =SUMIF(Summary!B:B,'Final Check'!A8,Summary!F:F) -> 123871678297 | D8: 1 | E8: =SUMIF(Summary!B:B,'Final Check'!A8,Summary!G:G) -> 1 | F8: 2055075000 | G8: =SUMIF(Summary!B:B,'Final Check'!A8,Summary!H:H) -> 2.055075e+09 | H8: =B8-C8 -> 0 | I8: =D8-E8 -> 0 | J8: =F8-G8 -> 0
A9: 2021 | B9: 125150203887 | C9: =SUMIF(Summary!B:B,'Final Check'!A9,Summary!F:F) -> 125150203887 | D9: 1 | E9: =SUMIF(Summary!B:B,'Final Check'!A9,Summary!G:G) -> 1 | F9: 2373252000 | G9: =SUMIF(Summary!B:B,'Final Check'!A9,Summary!H:H) -> 2.373252e+09 | H9: =B9-C9 -> 0 | I9: =D9-E9 -> 0 | J9: =F9-G9 -> 0
A10: 2022 | B10: 126119707852 | C10: =SUMIF(Summary!B:B,'Final Check'!A10,Summary!F:F) -> 126119707852 | D10: 1 | E10: =SUMIF(Summary!B:B,'Final Check'!A10,Summary!G:G) -> 1 | F10: 2761946000 | G10: =SUMIF(Summary!B:B,'Final Check'!A10,Summary!H:H) -> 2.761946e+09 | H10: =B10-C10 -> 0 | I10: =D10-E10 -> 0 | J10: =F10-G10 -> 0
A11: 2023 | B11: 132903513956 | C11: =SUMIF(Summary!B:B,'Final Check'!A11,Summary!F:F) -> 132903513956 | D11: 1 | E11: =SUMIF(Summary!B:B,'Final Check'!A11,Summary!G:G) -> 1 | F11: 3034897000 | G11: =SUMIF(Summary!B:B,'Final Check'!A11,Summary!H:H) -> 3034897000 | H11: =B11-C11 -> 0 | I11: =D11-E11 -> 0 | J11: =F11-G11 -> 0

Sheet GASB Data
A1: year | B1: employer_code | C1: standardized_employer_name | D1: employer_name | E1: employer_pv_future_salary | F1: employer_allocation | G1: employer_contribution
A2: 2015 | B2: 10200 | C2: North Carolina Education Lottery | D2: North Carolina Education Lottery | E2: 128274391 | F2: 0.0011215 | G2: =F2 * VLOOKUP('GASB Data'!A2,Check!$A$2:$F$11,6,FALSE) -> 1416441
A3: 2015 | B3: 10400 | C3: Department Of Justice | D3: Department Of Justice | E3: 368586786 | F3: 0.0032227 | G3: =F3 * VLOOKUP('GASB Data'!A3,Check!$A$2:$F$11,6,FALSE) -> 4070231.4
A4: 2015 | B4: 10500 | C4: State Auditor | D4: State Auditor | E4: 83394576 | F4: 0.0007291 | G4: =F4 * VLOOKUP('GASB Data'!A4,Check!$A$2:$F$11,6,FALSE) -> 920844.55
A5: 2015 | B5: 10700 | C5: Department Of Cultural Resources | D5: Department Of Cultural Resources | E5: 212048928 | F5: 0.001854 | G5: =F5 * VLOOKUP('GASB Data'!A5,Check!$A$2:$F$11,6,FALSE) -> 2341579.8
A6: 2015 | B6: 10800 | C6: Administrative Office Of The Courts | D6: Administrative Office Of The Courts | E6: 2228024115 | F6: 0.0194804 | G6: =F6 * VLOOKUP('GASB Data'!A6,Check!$A$2:$F$11,6,FALSE) -> 24603511
A7: 2015 | B7: 10850 | C7: Office Of Administrative Hearing | D7: Office Of Administrative Hearing | E7: 14189479 | F7: 0.0001241 | G7: =F7 * VLOOKUP('GASB Data'!A7,Check!$A$2:$F$11,6,FALSE) -> 156736.81
A8: 2015 | B8: 10900 | C8: Department Of Administration | D8: Department Of Administration | E8: 220479560 | F8: 0.0019277 | G8: =F8 * VLOOKUP('GASB Data'!A8,Check!$A$2:$F$11,6,FALSE) -> 2434662
A9: 2015 | B9: 10910 | C9: Office Of State Budget & Management | D9: Office Of State Budget & Management | E9: 38684391 | F9: 0.0003382 | G9: =F9 * VLOOKUP('GASB Data'!A9,Check!$A$2:$F$11,6,FALSE) -> 427142.54
A10: 2015 | B10: 10930 | C10: Information Technology Services | D10: Information Technology Services | E10: 300048782 | F10: 0.0026234 | G10: =F10 * VLOOKUP('GASB Data'!A10,Check!$A$2:$F$11,6,FALSE) -> 3313322.7
A11: 2015 | B11: 10940 | C11: Office Of State Controller | D11: Office Of State Controller | E11: 82663049 | F11: 0.0007228 | G11: =F11 * VLOOKUP('GASB Data'!A11,Check!$A$2:$F$11,6,FALSE) -> 912887.73
A12: 2015 | B12: 10950 | C12: N.C. School Of Science & Mathematics | D12: N.C. School Of Science & Mathematics | E12: 77178893 | F12: 0.0006748 | G12: =F12 * VLOOKUP('GASB Data'!A12,Check!$A$2:$F$11,6,FALSE) -> 852264.3
A13: 2015 | B13: 11300 | C13: Environment And Natural Resources | D13: Environment And Natural Resources | E13: 929686558 | F13: 0.0081286 | G13: =F13 * VLOOKUP('GASB Data'!A13,Check!$A$2:$F$11,6,FALSE) -> 10266324
... A2596: 2023 | B2596: 51000.3 | C2596: HIGHWAY - ADMINISTRATIVE (Ports Authority Only) | D2596: HIGHWAY - ADMINISTRATIVE (Ports Authority Only) | E2596: 130699952 | F2596: 0.0009834 | G2596: =F2596 * VLOOKUP('GASB Data'!A2596,Check!$A$2:$F$11,6,FALSE) -> 2984517.7

Sheet Check
A1: Check
A2: Year | B2: Reported Employer PV | C2: Employer PV from Total | D2: Allocation Percent Reported | E2: Allocation Percent from Formula | F2: Reported Employer Contribution (GASB 68) | G2: Employer Contribution from Formula | H2: Employer PV Difference | I2: Allocation Percent Difference | J2: Employer Contribution Difference
A3: 2015 | B3: 114372837443 | C3: =SUMIF('GASB Data'!A:A,Check!A3,'GASB Data'!E:E) -> 114372837443 | D3: 1 | E3: =SUMIF('GASB Data'!A:A,Check!A3,'GASB Data'!F:F) -> 1 | F3: 1262988000 | G3: =SUMIF('GASB Data'!A:A,Check!A3,'GASB Data'!G:G) -> 1262988000 | H3: =B3-C3 -> 0 | I3: =D3-E3 -> 0 | J3: =F3-G3 -> 0
A4: 2016 | B4: 108291094819 | C4: =SUMIF('GASB Data'!A:A,Check!A4,'GASB Data'!E:E) -> 108291094819 | D4: 1 | E4: =SUMIF('GASB Data'!A:A,Check!A4,'GASB Data'!F:F) -> 1 | F4: 1275003000 | G4: =SUMIF('GASB Data'!A:A,Check!A4,'GASB Data'!G:G) -> 1.275003e+09 | H4: =B4-C4 -> 0 | I4: =D4-E4 -> 0 | J4: =F4-G4 -> 0
A5: 2017 | B5: 111581756444 | C5: =SUMIF('GASB Data'!A:A,Check!A5,'GASB Data'!E:E) -> 111581756444 | D5: 1 | E5: =SUMIF('GASB Data'!A:A,Check!A5,'GASB Data'!F:F) -> 1 | F5: 1441194000 | G5: =SUMIF('GASB Data'!A:A,Check!A5,'GASB Data'!G:G) -> 1.441194e+09 | H5: =B5-C5 -> 0 | I5: =D5-E5 -> 0 | J5: =F5-G5 -> 0
A6: 2018 | B6: 116207890038 | C6: =SUMIF('GASB Data'!A:A,Check!A6,'GASB Data'!E:E) -> 116207890038 | D6: 1 | E6: =SUMIF('GASB Data'!A:A,Check!A6,'GASB Data'!F:F) -> 1 | F6: 1602901000 | G6: =SUMIF('GASB Data'!A:A,Check!A6,'GASB Data'!G:G) -> 1.602901e+09 | H6: =B6-C6 -> 0 | I6: =D6-E6 -> 0 | J6: =F6-G6 -> 0
A7: 2019 | B7: 120481819159 | C7: =SUMIF('GASB Data'!A:A,Check!A7,'GASB Data'!E:E) -> 120481819159 | D7: 1 | E7: =SUMIF('GASB Data'!A:A,Check!A7,'GASB Data'!F:F) -> 1 | F7: 1915146000 | G7: =SUMIF('GASB Data'!A:A,Check!A7,'GASB Data'!G:G) -> 1.915146e+09 | H7: =B7-C7 -> 0 | I7: =D7-E7 -> 0 | J7: =F7-G7 -> 0
A8: 2020 | B8: 123871678297 | C8: =SUMIF('GASB Data'!A:A,Check!A8,'GASB Data'!E:E) -> 123871678297 | D8: 1 | E8: =SUMIF('GASB Data'!A:A,Check!A8,'GASB Data'!F:F) -> 1 | F8: 2055075000 | G8: =SUMIF('GASB Data'!A:A,Check!A8,'GASB Data'!G:G) -> 2.055075e+09 | H8: =B8-C8 -> 0 | I8: =D8-E8 -> 0 | J8: =F8-G8 -> 0
A9: 2021 | B9: 125150203887 | C9: =SUMIF('GASB Data'!A:A,Check!A9,'GASB Data'!E:E) -> 125150203887 | D9: 1 | E9: =SUMIF('GASB Data'!A:A,Check!A9,'GASB Data'!F:F) -> 1 | F9: 2373252000 | G9: =SUMIF('GASB Data'!A:A,Check!A9,'GASB Data'!G:G) -> 2.373252e+09 | H9: =B9-C9 -> 0 | I9: =D9-E9 -> 0 | J9: =F9-G9 -> 0
A10: 2022 | B10: 126119707852 | C10: =SUMIF('GASB Data'!A:A,Check!A10,'GASB Data'!E:E) -> 126119707852 | D10: 1 | E10: =SUMIF('GASB Data'!A:A,Check!A10,'GASB Data'!F:F) -> 1 | F10: 2761946000 | G10: =SUMIF('GASB Data'!A:A,Check!A10,'GASB Data'!G:G) -> 2.761946e+09 | H10: =B10-C10 -> 0 | I10: =D10-E10 -> 0 | J10: =F10-G10 -> 0
A11: 2023 | B11: 132903513956 | C11: =SUMIF('GASB Data'!A:A,Check!A11,'GASB Data'!E:E) -> 132903513956 | D11: 1 | E11: =SUMIF('GASB Data'!A:A,Check!A11,'GASB Data'!F:F) -> 1 | F11: 3034897000 | G11: =SUMIF('GASB Data'!A:A,Check!A11,'GASB Data'!G:G) -> 3034897000 | H11: =B11-C11 -> 0 | I11: =D11-E11 -> 0 | J11: =F11-G11 -> 0

Sheet NCES Data -->

Sheet LEAID Match
A1: standardized_employer_name | B1: LEAID
A2: NC SCHOOL OF SCIENCE AND MATHEMATICS | B2: 3700002
A3: CUMBERLAND COUNTY SCHOOLS | B3: 3700011
A4: PITT COUNTY SCHOOLS | B4: 3700012
A5: GRANDFATHER ACADEMY | B5: 3700016
A6: FRANCINE DELANY NEW SCHOOL FOR CHILDREN | B6: 3700017
A7: HEALTHY START ACADEMY | B7: 3700023
A8: ALAMANCE COUNTY SCHOOLS | B8: 3700030
A9: CHILDRENS VILLAGE ACADEMY | B9: 3700031
A10: COMMUNITY CHARTER SCHOOL | B10: 3700032
A11: ACADEMY OF MOORE COUNTY | B11: 3700033
A12: ORANGE CHARTER SCHOOL | B12: 3700035
A13: ARAPAHOE CHARTER SCHOOL | B13: 3700038
... A184: YANCEY COUNTY SCHOOLS | B184: 3705070
