Workbook

Sheet Final
A1: identifier | B1: LEAID | C1: Year | D1: code | E1: State | F1: state_abv | G1: district_name | H1: district_contributions | I1: state_contributions | J1: total_contributions | K1: LEAID
A2: =C2&G2 -> 2015GRANT ELEMENTARY | B2: 3012900 | C2: 2015 | D2: 10071 | E2: Montana | F2: MT | G2: GRANT ELEMENTARY | H2: 4996 | I2: 3840 | J2: 8836 | K2: =IFERROR(VLOOKUP(G2,'GASB Match'!$A$87:$B$363,2,FALSE),"") -> 3012900
A3: =C3&G3 -> 2016GRANT ELEMENTARY | B3: 3012900 | C3: 2016 | D3: 10071 | E3: Montana | F3: MT | G3: GRANT ELEMENTARY | H3: 3325 | I3: 2375 | J3: 5700 | K3: =IFERROR(VLOOKUP(G3,'GASB Match'!$A$87:$B$363,2,FALSE),"") -> 3012900
A4: =C4&G4 -> 2017GRANT ELEMENTARY | B4: 3012900 | C4: 2017 | D4: 10071 | E4: Montana | F4: MT | G4: GRANT ELEMENTARY | H4: 3718 | I4: 2375 | J4: 6093 | K4: =IFERROR(VLOOKUP(G4,'GASB Match'!$A$87:$B$363,2,FALSE),"") -> 3012900
A5: =C5&G5 -> 2018GRANT ELEMENTARY | B5: 3012900 | C5: 2018 | D5: 10071 | E5: Montana | F5: MT | G5: GRANT ELEMENTARY | H5: 3378 | I5: 2432 | J5: 5810 | K5: =IFERROR(VLOOKUP(G5,'GASB Match'!$A$87:$B$363,2,FALSE),"") -> 3012900
A6: =C6&G6 -> 2019GRANT ELEMENTARY | B6: 3012900 | C6: 2019 | D6: 10071 | E6: Montana | F6: MT | G6: GRANT ELEMENTARY | H6: 3448 | I6: 2167 | J6: 5615 | K6: =IFERROR(VLOOKUP(G6,'GASB Match'!$A$87:$B$363,2,FALSE),"") -> 3012900
A7: =C7&G7 -> 2020GRANT ELEMENTARY | B7: 3012900 | C7: 2020 | D7: 10071 | E7: Montana | F7: MT | G7: GRANT ELEMENTARY | H7: 3581 | I7: 2029 | J7: 5610 | K7: =IFERROR(VLOOKUP(G7,'GASB Match'!$A$87:$B$363,2,FALSE),"") -> 3012900
A8: =C8&G8 -> 2021GRANT ELEMENTARY | B8: 3012900 | C8: 2021 | D8: 10071 | E8: Montana | F8: MT | G8: GRANT ELEMENTARY | H8: 3699 | I8: 2061 | J8: 5760 | K8: =IFERROR(VLOOKUP(G8,'GASB Match'!$A$87:$B$363,2,FALSE),"") -> 3012900
A9: =C9&G9 -> 2022GRANT ELEMENTARY | B9: 3012900 | C9: 2022 | D9: 10071 | E9: Montana | F9: MT | G9: GRANT ELEMENTARY | H9: 3827 | I9: 1987 | J9: 5814 | K9: =IFERROR(VLOOKUP(G9,'GASB Match'!$A$87:$B$363,2,FALSE),"") -> 3012900
A10: =C10&G10 -> 2023GRANT ELEMENTARY | B10: 3012900 | C10: 2023 | D10: 10071 | E10: Montana | F10: MT | G10: GRANT ELEMENTARY | H10: 4424 | I10: 2273 | J10: 6697 | K10: =IFERROR(VLOOKUP(G10,'GASB Match'!$A$87:$B$363,2,FALSE),"") -> 3012900
A11: =C11&G11 -> 2015DILLON ELEMENTARY | B11: 3008910 | C11: 2015 | D11: 10101 | E11: Montana | F11: MT | G11: DILLON ELEMENTARY | H11: 290107 | I11: 194686 | J11: 484793 | K11: =IFERROR(VLOOKUP(G11,'GASB Match'!$A$87:$B$363,2,FALSE),"") -> 3008910
A12: =C12&G12 -> 2016DILLON ELEMENTARY | B12: 3008910 | C12: 2016 | D12: 10101 | E12: Montana | F12: MT | G12: DILLON ELEMENTARY | H12: 294875 | I12: 192300 | J12: 487175 | K12: =IFERROR(VLOOKUP(G12,'GASB Match'!$A$87:$B$363,2,FALSE),"") -> 3008910
A13: =C13&G13 -> 2017DILLON ELEMENTARY | B13: 3008910 | C13: 2017 | D13: 10101 | E13: Montana | F13: MT | G13: DILLON ELEMENTARY | H13: 304509 | I13: 193303 | J13: 497812 | K13: =IFERROR(VLOOKUP(G13,'GASB Match'!$A$87:$B$363,2,FALSE),"") -> 3008910
... A100: =C100&G100 -> 2023PRYOR SCHOOL DISTRICT | B100: 3021720 | C100: 2023 | D100: 20021 | E100: Montana | F100: MT | G100: PRYOR SCHOOL DISTRICT | H100: 109725 | I100: 59212 | J100: 168937 | K100: =IFERROR(VLOOKUP(G100,'GASB Match'!$A$87:$B$363,2,FALSE),"") -> 3021720
A101: =C101&G101 -> 2015HARDIN PUBLIC SCHOOL | C101: 2015 | D101: 20171 | E101: Montana | F101: MT | G101: HARDIN PUBLIC SCHOOL | H101: 877877 | I101: 588125 | J101: 1466002 | K101: =IFERROR(VLOOKUP(G101,'GASB Match'!$A$87:$B$363,2,FALSE),"")
A102: =C102&G102 -> 2016HARDIN PUBLIC SCHOOL | C102: 2016 | D102: 20171 | E102: Montana | F102: MT | G102: HARDIN PUBLIC SCHOOL | H102: 907521 | I102: 591398 | J102: 1498919 | K102: =IFERROR(VLOOKUP(G102,'GASB Match'!$A$87:$B$363,2,FALSE),"")
A103: =C103&G103 -> 2017HARDIN PUBLIC SCHOOL | C103: 2017 | D103: 20171 | E103: Montana | F103: MT | G103: HARDIN PUBLIC SCHOOL | H103: 963630 | I103: 611682 | J103: 1575312 | K103: =IFERROR(VLOOKUP(G103,'GASB Match'!$A$87:$B$363,2,FALSE),"")
A104: =C104&G104 -> 2018HARDIN PUBLIC SCHOOL | C104: 2018 | D104: 20171 | E104: Montana | F104: MT | G104: HARDIN PUBLIC SCHOOL | H104: 972266 | I104: 604101 | J104: 1576367 | K104: =IFERROR(VLOOKUP(G104,'GASB Match'!$A$87:$B$363,2,FALSE),"")
A105: =C105&G105 -> 2019HARDIN PUBLIC SCHOOL | C105: 2019 | D105: 20171 | E105: Montana | F105: MT | G105: HARDIN PUBLIC SCHOOL | H105: 986399 | I105: 597223 | J105: 1583622 | K105: =IFERROR(VLOOKUP(G105,'GASB Match'!$A$87:$B$363,2,FALSE),"")
A106: =C106&G106 -> 2020HARDIN PUBLIC SCHOOL | C106: 2020 | D106: 20171 | E106: Montana | F106: MT | G106: HARDIN PUBLIC SCHOOL | H106: 1003435 | I106: 593353 | J106: 1596788 | K106: =IFERROR(VLOOKUP(G106,'GASB Match'!$A$87:$B$363,2,FALSE),"")
A107: =C107&G107 -> 2021HARDIN PUBLIC SCHOOL | C107: 2021 | D107: 20171 | E107: Montana | F107: MT | G107: HARDIN PUBLIC SCHOOL | H107: 1001065 | I107: 571182 | J107: 1572247 | K107: =IFERROR(VLOOKUP(G107,'GASB Match'!$A$87:$B$363,2,FALSE),"")
A108: =C108&G108 -> 2022HARDIN PUBLIC SCHOOL | C108: 2022 | D108: 20171 | E108: Montana | F108: MT | G108: HARDIN PUBLIC SCHOOL | H108: 1061310 | I108: 586201 | J108: 1647511 | K108: =IFERROR(VLOOKUP(G108,'GASB Match'!$A$87:$B$363,2,FALSE),"")
A109: =C109&G109 -> 2023HARDIN PUBLIC SCHOOL | C109: 2023 | D109: 20171 | E109: Montana | F109: MT | G109: HARDIN PUBLIC SCHOOL | H109: 1204687 | I109: 651282 | J109: 1855969 | K109: =IFERROR(VLOOKUP(G109,'GASB Match'!$A$87:$B$363,2,FALSE),"")
A110: =C110&G110 -> 2015LODGE GRASS PUBLIC SCHOOLS | C110: 2015 | D110: 20271 | E110: Montana | F110: MT | G110: LODGE GRASS PUBLIC SCHOOLS | H110: 166801 | I110: 112148 | J110: 278949 | K110: =IFERROR(VLOOKUP(G110,'GASB Match'!$A$87:$B$363,2,FALSE),"")
A111: =C111&G111 -> 2016LODGE GRASS PUBLIC SCHOOLS | C111: 2016 | D111: 20271 | E111: Montana | F111: MT | G111: LODGE GRASS PUBLIC SCHOOLS | H111: 166968 | I111: 108977 | J111: 275945 | K111: =IFERROR(VLOOKUP(G111,'GASB Match'!$A$87:$B$363,2,FALSE),"")
A112: =C112&G112 -> 2017LODGE GRASS PUBLIC SCHOOLS | C112: 2017 | D112: 20271 | E112: Montana | F112: MT | G112: LODGE GRASS PUBLIC SCHOOLS | H112: 174130 | I112: 110544 | J112: 284674 | K112: =IFERROR(VLOOKUP(G112,'GASB Match'!$A$87:$B$363,2,FALSE),"")
... A118: =C118&G118 -> 2023LODGE GRASS PUBLIC SCHOOLS | C118: 2023 | D118: 20271 | E118: Montana | F118: MT | G118: LODGE GRASS PUBLIC SCHOOLS | H118: 261725 | I118: 141401 | J118: 403126 | K118: =IFERROR(VLOOKUP(G118,'GASB Match'!$A$87:$B$363,2,FALSE),"")
A119: =C119&G119 -> 2015WYOLA ELEMENTARY | B119: 3028800 | C119: 2015 | D119: 20291 | E119: Montana | F119: MT | G119: WYOLA ELEMENTARY | H119: 65920 | I119: 44621 | J119: 110541 | K119: =IFERROR(VLOOKUP(G119,'GASB Match'!$A$87:$B$363,2,FALSE),"") -> 3028800
A120: =C120&G120 -> 2016WYOLA ELEMENTARY | B120: 3028800 | C120: 2016 | D120: 20291 | E120: Montana | F120: MT | G120: WYOLA ELEMENTARY | H120: 58653 | I120: 38417 | J120: 97070 | K120: =IFERROR(VLOOKUP(G120,'GASB Match'!$A$87:$B$363,2,FALSE),"") -> 3028800
A121: =C121&G121 -> 2017WYOLA ELEMENTARY | B121: 3028800 | C121: 2017 | D121: 20291 | E121: Montana | F121: MT | G121: WYOLA ELEMENTARY | H121: 62763 | I121: 39854 | J121: 102617 | K121: =IFERROR(VLOOKUP(G121,'GASB Match'!$A$87:$B$363,2,FALSE),"") -> 3028800
A122: =C122&G122 -> 2018WYOLA ELEMENTARY | B122: 3028800 | C122: 2018 | D122: 20291 | E122: Montana | F122: MT | G122: WYOLA ELEMENTARY | H122: 63335 | I122: 39664 | J122: 102999 | K122: =IFERROR(VLOOKUP(G122,'GASB Match'!$A$87:$B$363,2,FALSE),"") -> 3028800
A123: =C123&G123 -> 2019WYOLA ELEMENTARY | B123: 3028800 | C123: 2019 | D123: 20291 | E123: Montana | F123: MT | G123: WYOLA ELEMENTARY | H123: 82822 | I123: 50218 | J123: 133040 | K123: =IFERROR(VLOOKUP(G123,'GASB Match'!$A$87:$B$363,2,FALSE),"") -> 3028800
A124: =C124&G124 -> 2020WYOLA ELEMENTARY | B124: 3028800 | C124: 2020 | D124: 20291 | E124: Montana | F124: MT | G124: WYOLA ELEMENTARY | H124: 91038 | I124: 53752 | J124: 144790 | K124: =IFERROR(VLOOKUP(G124,'GASB Match'!$A$87:$B$363,2,FALSE),"") -> 3028800
A125: =C125&G125 -> 2021WYOLA ELEMENTARY | B125: 3028800 | C125: 2021 | D125: 20291 | E125: Montana | F125: MT | G125: WYOLA ELEMENTARY | H125: 89517 | I125: 51030 | J125: 140547 | K125: =IFERROR(VLOOKUP(G125,'GASB Match'!$A$87:$B$363,2,FALSE),"") -> 3028800
A126: =C126&G126 -> 2022WYOLA ELEMENTARY | B126: 3028800 | C126: 2022 | D126: 20291 | E126: Montana | F126: MT | G126: WYOLA ELEMENTARY | H126: 89342 | I126: 49230 | J126: 138572 | K126: =IFERROR(VLOOKUP(G126,'GASB Match'!$A$87:$B$363,2,FALSE),"") -> 3028800
A127: =C127&G127 -> 2023WYOLA ELEMENTARY | B127: 3028800 | C127: 2023 | D127: 20291 | E127: Montana | F127: MT | G127: WYOLA ELEMENTARY | H127: 79233 | I127: 42724 | J127: 121957 | K127: =IFERROR(VLOOKUP(G127,'GASB Match'!$A$87:$B$363,2,FALSE),"") -> 3028800
A128: =C128&G128 -> 2016BIG HORN COUNTY | B128: 3000010 | C128: 2016 | D128: 29991 | E128: Montana | F128: MT | G128: BIG HORN COUNTY | H128: 2388 | I128: 1765 | J128: 4153 | K128: =IFERROR(VLOOKUP(G128,'GASB Match'!$A$87:$B$363,2,FALSE),"") -> 3000010
A129: =C129&G129 -> 2017BIG HORN COUNTY | B129: 3000010 | C129: 2017 | D129: 29991 | E129: Montana | F129: MT | G129: BIG HORN COUNTY | H129: 140 | I129: 104 | J129: 244 | K129: =IFERROR(VLOOKUP(G129,'GASB Match'!$A$87:$B$363,2,FALSE),"") -> 3000010
A130: =C130&G130 -> 2018BIG HORN COUNTY | B130: 3000010 | C130: 2018 | D130: 29991 | E130: Montana | F130: MT | G130: BIG HORN COUNTY | H130: 0 | I130: 0 | J130: 0 | K130: =IFERROR(VLOOKUP(G130,'GASB Match'!$A$87:$B$363,2,FALSE),"") -> 3000010
A131: =C131&G131 -> 2019BIG HORN COUNTY | B131: 3000010 | C131: 2019 | D131: 29991 | E131: Montana | F131: MT | G131: BIG HORN COUNTY | J131: 0 | K131: =IFERROR(VLOOKUP(G131,'GASB Match'!$A$87:$B$363,2,FALSE),"") -> 3000010
A132: =C132&G132 -> 2020BIG HORN COUNTY | B132: 3000010 | C132: 2020 | D132: 29991 | E132: Montana | F132: MT | G132: BIG HORN COUNTY | H132: 0 | I132: 0 | J132: 0 | K132: =IFERROR(VLOOKUP(G132,'GASB Match'!$A$87:$B$363,2,FALSE),"") -> 3000010
A133: =C133&G133 -> 2021BIG HORN COUNTY | B133: 3000010 | C133: 2021 | D133: 29991 | E133: Montana | F133: MT | G133: BIG HORN COUNTY | H133: 0 | I133: 0 | J133: 0 | K133: =IFERROR(VLOOKUP(G133,'GASB Match'!$A$87:$B$363,2,FALSE),"") -> 3000010
A134: =C134&G134 -> 2015NORTH HARLEM COLONY | B134: 3019310 | C134: 2015 | D134: 30061 | E134: Montana | F134: MT | G134: NORTH HARLEM COLONY | H134: 3011 | I134: 2511 | J134: 5522 | K134: =IFERROR(VLOOKUP(G134,'GASB Match'!$A$87:$B$363,2,FALSE),"") -> 3019310
A135: =C135&G135 -> 2016NORTH HARLEM COLONY | B135: 3019310 | C135: 2016 | D135: 30061 | E135: Montana | F135: MT | G135: NORTH HARLEM COLONY | H135: 3034 | I135: 2185 | J135: 5219 | K135: =IFERROR(VLOOKUP(G135,'GASB Match'!$A$87:$B$363,2,FALSE),"") -> 3019310
A136: =C136&G136 -> 2017NORTH HARLEM COLONY | B136: 3019310 | C136: 2017 | D136: 30061 | E136: Montana | F136: MT | G136: NORTH HARLEM COLONY | H136: 0 | I136: 0 | J136: 0 | K136: =IFERROR(VLOOKUP(G136,'GASB Match'!$A$87:$B$363,2,FALSE),"") -> 3019310
A137: =C137&G137 -> 2018NORTH HARLEM COLONY | B137: 3019310 | C137: 2018 | D137: 30061 | E137: Montana | F137: MT | G137: NORTH HARLEM COLONY | H137: 9224 | I137: 6062 | J137: 15286 | K137: =IFERROR(VLOOKUP(G137,'GASB Match'!$A$87:$B$363,2,FALSE),"") -> 3019310
A138: =C138&G138 -> 2019NORTH HARLEM COLONY | B138: 3019310 | C138: 2019 | D138: 30061 | E138: Montana | F138: MT | G138: NORTH HARLEM COLONY | H138: 9964 | I138: 6111 | J138: 16075 | K138: =IFERROR(VLOOKUP(G138,'GASB Match'!$A$87:$B$363,2,FALSE),"") -> 3019310
A139: =C139&G139 -> 2020NORTH HARLEM COLONY | B139: 3019310 | C139: 2020 | D139: 30061 | E139: Montana | F139: MT | G139: NORTH HARLEM COLONY | H139: 7333 | I139: 4248 | J139: 11581 | K139: =IFERROR(VLOOKUP(G139,'GASB Match'!$A$87:$B$363,2,FALSE),"") -> 3019310
A140: =C140&G140 -> 2021NORTH HARLEM COLONY | B140: 3019310 | C140: 2021 | D140: 30061 | E140: Montana | F140: MT | G140: NORTH HARLEM COLONY | H140: 6618 | I140: 3726 | J140: 10344 | K140: =IFERROR(VLOOKUP(G140,'GASB Match'!$A$87:$B$363,2,FALSE),"") -> 3019310
A141: =C141&G141 -> 2022NORTH HARLEM COLONY | B141: 3019310 | C141: 2022 | D141: 30061 | E141: Montana | F141: MT | G141: NORTH HARLEM COLONY | H141: 3744 | I141: 1941 | J141: 5685 | K141: =IFERROR(VLOOKUP(G141,'GASB Match'!$A$87:$B$363,2,FALSE),"") -> 3019310
A142: =C142&G142 -> 2023NORTH HARLEM COLONY | B142: 3019310 | C142: 2023 | D142: 30061 | E142: Montana | F142: MT | G142: NORTH HARLEM COLONY | H142: 4321 | I142: 2217 | J142: 6538 | K142: =IFERROR(VLOOKUP(G142,'GASB Match'!$A$87:$B$363,2,FALSE),"") -> 3019310
A143: =C143&G143 -> 2015CHINOOK PUBLIC SCHOOL | C143: 2015 | D143: 30101 | E143: Montana | F143: MT | G143: CHINOOK PUBLIC SCHOOL | H143: 148126 | I143: 99648 | J143: 247774 | K143: =IFERROR(VLOOKUP(G143,'GASB Match'!$A$87:$B$363,2,FALSE),"")
A144: =C144&G144 -> 2016CHINOOK PUBLIC SCHOOL | C144: 2016 | D144: 30101 | E144: Montana | F144: MT | G144: CHINOOK PUBLIC SCHOOL | H144: 165287 | I144: 107882 | J144: 273169 | K144: =IFERROR(VLOOKUP(G144,'GASB Match'!$A$87:$B$363,2,FALSE),"")
A145: =C145&G145 -> 2017CHINOOK PUBLIC SCHOOL | C145: 2017 | D145: 30101 | E145: Montana | F145: MT | G145: CHINOOK PUBLIC SCHOOL | H145: 164076 | I145: 104163 | J145: 268239 | K145: =IFERROR(VLOOKUP(G145,'GASB Match'!$A$87:$B$363,2,FALSE),"")
A146: =C146&G146 -> 2018CHINOOK PUBLIC SCHOOL | C146: 2018 | D146: 30101 | E146: Montana | F146: MT | G146: CHINOOK PUBLIC SCHOOL | H146: 169468 | I146: 105572 | J146: 275040 | K146: =IFERROR(VLOOKUP(G146,'GASB Match'!$A$87:$B$363,2,FALSE),"")
A147: =C147&G147 -> 2019CHINOOK PUBLIC SCHOOL | C147: 2019 | D147: 30101 | E147: Montana | F147: MT | G147: CHINOOK PUBLIC SCHOOL | H147: 178371 | I147: 108061 | J147: 286432 | K147: =IFERROR(VLOOKUP(G147,'GASB Match'!$A$87:$B$363,2,FALSE),"")
A148: =C148&G148 -> 2020CHINOOK PUBLIC SCHOOL | C148: 2020 | D148: 30101 | E148: Montana | F148: MT | G148: CHINOOK PUBLIC SCHOOL | H148: 179562 | I148: 106106 | J148: 285668 | K148: =IFERROR(VLOOKUP(G148,'GASB Match'!$A$87:$B$363,2,FALSE),"")
A149: =C149&G149 -> 2021CHINOOK PUBLIC SCHOOL | C149: 2021 | D149: 30101 | E149: Montana | F149: MT | G149: CHINOOK PUBLIC SCHOOL | H149: 185727 | I149: 105930 | J149: 291657 | K149: =IFERROR(VLOOKUP(G149,'GASB Match'!$A$87:$B$363,2,FALSE),"")
A150: =C150&G150 -> 2022CHINOOK PUBLIC SCHOOL | C150: 2022 | D150: 30101 | E150: Montana | F150: MT | G150: CHINOOK PUBLIC SCHOOL | H150: 203457 | I150: 112274 | J150: 315731 | K150: =IFERROR(VLOOKUP(G150,'GASB Match'!$A$87:$B$363,2,FALSE),"")
A151: =C151&G151 -> 2023CHINOOK PUBLIC SCHOOL | C151: 2023 | D151: 30101 | E151: Montana | F151: MT | G151: CHINOOK PUBLIC SCHOOL | H151: 207640 | I151: 112156 | J151: 319796 | K151: =IFERROR(VLOOKUP(G151,'GASB Match'!$A$87:$B$363,2,FALSE),"")
A152: =C152&G152 -> 2015HARLEM PUBLIC SCHOOLS | C152: 2015 | D152: 30121 | E152: Montana | F152: MT | G152: HARLEM PUBLIC SCHOOLS | H152: 287436 | I152: 192899 | J152: 480335 | K152: =IFERROR(VLOOKUP(G152,'GASB Match'!$A$87:$B$363,2,FALSE),"")
A153: =C153&G153 -> 2016HARLEM PUBLIC SCHOOLS | C153: 2016 | D153: 30121 | E153: Montana | F153: MT | G153: HARLEM PUBLIC SCHOOLS | H153: 297878 | I153: 194257 | J153: 492135 | K153: =IFERROR(VLOOKUP(G153,'GASB Match'!$A$87:$B$363,2,FALSE),"")
A154: =C154&G154 -> 2017HARLEM PUBLIC SCHOOLS | C154: 2017 | D154: 30121 | E154: Montana | F154: MT | G154: HARLEM PUBLIC SCHOOLS | H154: 323091 | I154: 205098 | J154: 528189 | K154: =IFERROR(VLOOKUP(G154,'GASB Match'!$A$87:$B$363,2,FALSE),"")
... A160: =C160&G160 -> 2023HARLEM PUBLIC SCHOOLS | C160: 2023 | D160: 30121 | E160: Montana | F160: MT | G160: HARLEM PUBLIC SCHOOLS | H160: 424939 | I160: 229655 | J160: 654594 | K160: =IFERROR(VLOOKUP(G160,'GASB Match'!$A$87:$B$363,2,FALSE),"")
A161: =C161&G161 -> 2015CLEVELAND ELEMENTARY | B161: 3004050 | C161: 2015 | D161: 30141 | E161: Montana | F161: MT | G161: CLEVELAND ELEMENTARY | H161: 3153 | I161: 2606 | J161: 5759 | K161: =IFERROR(VLOOKUP(G161,'GASB Match'!$A$87:$B$363,2,FALSE),"") -> 3004050
A162: =C162&G162 -> 2016CLEVELAND ELEMENTARY | B162: 3004050 | C162: 2016 | D162: 30141 | E162: Montana | F162: MT | G162: CLEVELAND ELEMENTARY | H162: 3937 | I162: 2774 | J162: 6711 | K162: =IFERROR(VLOOKUP(G162,'GASB Match'!$A$87:$B$363,2,FALSE),"") -> 3004050
A163: =C163&G163 -> 2017CLEVELAND ELEMENTARY | B163: 3004050 | C163: 2017 | D163: 30141 | E163: Montana | F163: MT | G163: CLEVELAND ELEMENTARY | H163: 3808 | I163: 2432 | J163: 6240 | K163: =IFERROR(VLOOKUP(G163,'GASB Match'!$A$87:$B$363,2,FALSE),"") -> 3004050
A164: =C164&G164 -> 2018CLEVELAND ELEMENTARY | B164: 3004050 | C164: 2018 | D164: 30141 | E164: Montana | F164: MT | G164: CLEVELAND ELEMENTARY | H164: 3713 | I164: 2640 | J164: 6353 | K164: =IFERROR(VLOOKUP(G164,'GASB Match'!$A$87:$B$363,2,FALSE),"") -> 3004050
A165: =C165&G165 -> 2019CLEVELAND ELEMENTARY | B165: 3004050 | C165: 2019 | D165: 30141 | E165: Montana | F165: MT | G165: CLEVELAND ELEMENTARY | H165: 4696 | I165: 2922 | J165: 7618 | K165: =IFERROR(VLOOKUP(G165,'GASB Match'!$A$87:$B$363,2,FALSE),"") -> 3004050
A166: =C166&G166 -> 2020CLEVELAND ELEMENTARY | B166: 3004050 | C166: 2020 | D166: 30141 | E166: Montana | F166: MT | G166: CLEVELAND ELEMENTARY | H166: 4151 | I166: 2366 | J166: 6517 | K166: =IFERROR(VLOOKUP(G166,'GASB Match'!$A$87:$B$363,2,FALSE),"") -> 3004050
A167: =C167&G167 -> 2021CLEVELAND ELEMENTARY | B167: 3004050 | C167: 2021 | D167: 30141 | E167: Montana | F167: MT | G167: CLEVELAND ELEMENTARY | H167: 4482 | I167: 2507 | J167: 6989 | K167: =IFERROR(VLOOKUP(G167,'GASB Match'!$A$87:$B$363,2,FALSE),"") -> 3004050
A168: =C168&G168 -> 2022CLEVELAND ELEMENTARY | B168: 3004050 | C168: 2022 | D168: 30141 | E168: Montana | F168: MT | G168: CLEVELAND ELEMENTARY | H168: 4540 | I168: 2380 | J168: 6920 | K168: =IFERROR(VLOOKUP(G168,'GASB Match'!$A$87:$B$363,2,FALSE),"") -> 3004050
A169: =C169&G169 -> 2023CLEVELAND ELEMENTARY | B169: 3004050 | C169: 2023 | D169: 30141 | E169: Montana | F169: MT | G169: CLEVELAND ELEMENTARY | H169: 4990 | I169: 2579 | J169: 7569 | K169: =IFERROR(VLOOKUP(G169,'GASB Match'!$A$87:$B$363,2,FALSE),"") -> 3004050
A170: =C170&G170 -> 2015ZURICH ELEMENTARY | B170: 3028910 | C170: 2015 | D170: 30171 | E170: Montana | F170: MT | G170: ZURICH ELEMENTARY | H170: 9353 | I170: 6757 | J170: 16110 | K170: =IFERROR(VLOOKUP(G170,'GASB Match'!$A$87:$B$363,2,FALSE),"") -> 3028910
A171: =C171&G171 -> 2016ZURICH ELEMENTARY | B171: 3028910 | C171: 2016 | D171: 30171 | E171: Montana | F171: MT | G171: ZURICH ELEMENTARY | H171: 11529 | I171: 7719 | J171: 19248 | K171: =IFERROR(VLOOKUP(G171,'GASB Match'!$A$87:$B$363,2,FALSE),"") -> 3028910
A172: =C172&G172 -> 2017ZURICH ELEMENTARY | B172: 3028910 | C172: 2017 | D172: 30171 | E172: Montana | F172: MT | G172: ZURICH ELEMENTARY | H172: 12546 | I172: 7978 | J172: 20524 | K172: =IFERROR(VLOOKUP(G172,'GASB Match'!$A$87:$B$363,2,FALSE),"") -> 3028910
... A178: =C178&G178 -> 2023ZURICH ELEMENTARY | B178: 3028910 | C178: 2023 | D178: 30171 | E178: Montana | F178: MT | G178: ZURICH ELEMENTARY | H178: 18213 | I178: 9729 | J178: 27942 | K178: =IFERROR(VLOOKUP(G178,'GASB Match'!$A$87:$B$363,2,FALSE),"") -> 3028910
A179: =C179&G179 -> 2015TURNER PUBLIC SCHOOLS | C179: 2015 | D179: 30431 | E179: Montana | F179: MT | G179: TURNER PUBLIC SCHOOLS | H179: 37437 | I179: 25555 | J179: 62992 | K179: =IFERROR(VLOOKUP(G179,'GASB Match'!$A$87:$B$363,2,FALSE),"")
A180: =C180&G180 -> 2016TURNER PUBLIC SCHOOLS | C180: 2016 | D180: 30431 | E180: Montana | F180: MT | G180: TURNER PUBLIC SCHOOLS | H180: 34336 | I180: 22577 | J180: 56913 | K180: =IFERROR(VLOOKUP(G180,'GASB Match'!$A$87:$B$363,2,FALSE),"")
A181: =C181&G181 -> 2017TURNER PUBLIC SCHOOLS | C181: 2017 | D181: 30431 | E181: Montana | F181: MT | G181: TURNER PUBLIC SCHOOLS | H181: 39728 | I181: 25232 | J181: 64960 | K181: =IFERROR(VLOOKUP(G181,'GASB Match'!$A$87:$B$363,2,FALSE),"")
A182: =C182&G182 -> 2018TURNER PUBLIC SCHOOLS | C182: 2018 | D182: 30431 | E182: Montana | F182: MT | G182: TURNER PUBLIC SCHOOLS | H182: 42036 | I182: 26438 | J182: 68474 | K182: =IFERROR(VLOOKUP(G182,'GASB Match'!$A$87:$B$363,2,FALSE),"")
A183: =C183&G183 -> 2019TURNER PUBLIC SCHOOLS | C183: 2019 | D183: 30431 | E183: Montana | F183: MT | G183: TURNER PUBLIC SCHOOLS | H183: 43855 | I183: 26628 | J183: 70483 | K183: =IFERROR(VLOOKUP(G183,'GASB Match'!$A$87:$B$363,2,FALSE),"")
A184: =C184&G184 -> 2020TURNER PUBLIC SCHOOLS | C184: 2020 | D184: 30431 | E184: Montana | F184: MT | G184: TURNER PUBLIC SCHOOLS | H184: 47388 | I184: 27937 | J184: 75325 | K184: =IFERROR(VLOOKUP(G184,'GASB Match'!$A$87:$B$363,2,FALSE),"")
A185: =C185&G185 -> 2021TURNER PUBLIC SCHOOLS | C185: 2021 | D185: 30431 | E185: Montana | F185: MT | G185: TURNER PUBLIC SCHOOLS | H185: 49941 | I185: 28447 | J185: 78388 | K185: =IFERROR(VLOOKUP(G185,'GASB Match'!$A$87:$B$363,2,FALSE),"")
A186: =C186&G186 -> 2022TURNER PUBLIC SCHOOLS | C186: 2022 | D186: 30431 | E186: Montana | F186: MT | G186: TURNER PUBLIC SCHOOLS | H186: 49757 | I186: 27361 | J186: 77118 | K186: =IFERROR(VLOOKUP(G186,'GASB Match'!$A$87:$B$363,2,FALSE),"")
A187: =C187&G187 -> 2023TURNER PUBLIC SCHOOLS | C187: 2023 | D187: 30431 | E187: Montana | F187: MT | G187: TURNER PUBLIC SCHOOLS | H187: 57036 | I187: 30722 | J187: 87758 | K187: =IFERROR(VLOOKUP(G187,'GASB Match'!$A$87:$B$363,2,FALSE),"")
A188: =C188&G188 -> 2015HAYS-LODGE POLE K-12 SCHOOLS | B188: 3013660 | C188: 2015 | D188: 30501 | E188: Montana | F188: MT | G188: HAYS-LODGE POLE K-12 SCHOOLS | H188: 114703 | I188: 77275 | J188: 191978 | K188: =IFERROR(VLOOKUP(G188,'GASB Match'!$A$87:$B$363,2,FALSE),"") -> 3013660
A189: =C189&G189 -> 2016HAYS-LODGE POLE K-12 SCHOOLS | B189: 3013660 | C189: 2016 | D189: 30501 | E189: Montana | F189: MT | G189: HAYS-LODGE POLE K-12 SCHOOLS | H189: 126660 | I189: 82719 | J189: 209379 | K189: =IFERROR(VLOOKUP(G189,'GASB Match'!$A$87:$B$363,2,FALSE),"") -> 3013660
A190: =C190&G190 -> 2017HAYS-LODGE POLE K-12 SCHOOLS | B190: 3013660 | C190: 2017 | D190: 30501 | E190: Montana | F190: MT | G190: HAYS-LODGE POLE K-12 SCHOOLS | H190: 123705 | I190: 78537 | J190: 202242 | K190: =IFERROR(VLOOKUP(G190,'GASB Match'!$A$87:$B$363,2,FALSE),"") -> 3013660
A191: =C191&G191 -> 2018HAYS-LODGE POLE K-12 SCHOOLS | B191: 3013660 | C191: 2018 | D191: 30501 | E191: Montana | F191: MT | G191: HAYS-LODGE POLE K-12 SCHOOLS | H191: 131543 | I191: 82021 | J191: 213564 | K191: =IFERROR(VLOOKUP(G191,'GASB Match'!$A$87:$B$363,2,FALSE),"") -> 3013660
A192: =C192&G192 -> 2019HAYS-LODGE POLE K-12 SCHOOLS | B192: 3013660 | C192: 2019 | D192: 30501 | E192: Montana | F192: MT | G192: HAYS-LODGE POLE K-12 SCHOOLS | H192: 142159 | I192: 86139 | J192: 228298 | K192: =IFERROR(VLOOKUP(G192,'GASB Match'!$A$87:$B$363,2,FALSE),"") -> 3013660
A193: =C193&G193 -> 2020HAYS-LODGE POLE K-12 SCHOOLS | B193: 3013660 | C193: 2020 | D193: 30501 | E193: Montana | F193: MT | G193: HAYS-LODGE POLE K-12 SCHOOLS | H193: 166866 | I193: 98597 | J193: 265463 | K193: =IFERROR(VLOOKUP(G193,'GASB Match'!$A$87:$B$363,2,FALSE),"") -> 3013660
A194: =C194&G194 -> 2021HAYS-LODGE POLE K-12 SCHOOLS | B194: 3013660 | C194: 2021 | D194: 30501 | E194: Montana | F194: MT | G194: HAYS-LODGE POLE K-12 SCHOOLS | H194: 210031 | I194: 119799 | J194: 329830 | K194: =IFERROR(VLOOKUP(G194,'GASB Match'!$A$87:$B$363,2,FALSE),"") -> 3013660
A195: =C195&G195 -> 2022HAYS-LODGE POLE K-12 SCHOOLS | B195: 3013660 | C195: 2022 | D195: 30501 | E195: Montana | F195: MT | G195: HAYS-LODGE POLE K-12 SCHOOLS | H195: 213780 | I195: 117977 | J195: 331757 | K195: =IFERROR(VLOOKUP(G195,'GASB Match'!$A$87:$B$363,2,FALSE),"") -> 3013660
A196: =C196&G196 -> 2023HAYS-LODGE POLE K-12 SCHOOLS | B196: 3013660 | C196: 2023 | D196: 30501 | E196: Montana | F196: MT | G196: HAYS-LODGE POLE K-12 SCHOOLS | H196: 205098 | I196: 110782 | J196: 315880 | K196: =IFERROR(VLOOKUP(G196,'GASB Match'!$A$87:$B$363,2,FALSE),"") -> 3013660
A197: =C197&G197 -> 2015BEAR PAW ELEMENTARY | B197: 3003000 | C197: 2015 | D197: 30671 | E197: Montana | F197: MT | G197: BEAR PAW ELEMENTARY | H197: 2308 | I197: 2041 | J197: 4349 | K197: =IFERROR(VLOOKUP(G197,'GASB Match'!$A$87:$B$363,2,FALSE),"") -> 3003000
A198: =C198&G198 -> 2016BEAR PAW ELEMENTARY | B198: 3003000 | C198: 2016 | D198: 30671 | E198: Montana | F198: MT | G198: BEAR PAW ELEMENTARY | H198: 3152 | I198: 2262 | J198: 5414 | K198: =IFERROR(VLOOKUP(G198,'GASB Match'!$A$87:$B$363,2,FALSE),"") -> 3003000
A199: =C199&G199 -> 2017BEAR PAW ELEMENTARY | B199: 3003000 | C199: 2017 | D199: 30671 | E199: Montana | F199: MT | G199: BEAR PAW ELEMENTARY | H199: 1077 | I199: 699 | J199: 1776 | K199: =IFERROR(VLOOKUP(G199,'GASB Match'!$A$87:$B$363,2,FALSE),"") -> 3003000
... A218: =C218&G218 -> 2018BLAINE COUNTY | B218: 3000011 | C218: 2018 | D218: 39991 | E218: Montana | F218: MT | G218: BLAINE COUNTY | H218: 354 | I218: 554 | J218: 908 | K218: =IFERROR(VLOOKUP(G218,'GASB Match'!$A$87:$B$363,2,FALSE),"") -> 3000011
A219: =C219&G219 -> 2019BLAINE COUNTY | B219: 3000011 | C219: 2019 | D219: 39991 | E219: Montana | F219: MT | G219: BLAINE COUNTY | J219: 0 | K219: =IFERROR(VLOOKUP(G219,'GASB Match'!$A$87:$B$363,2,FALSE),"") -> 3000011
...

Sheet Matching Files -->

Sheet GASB Match
A1: district_name | B1: LEAID | C1: LEAID2
A2: ROCKY BOY PUBLIC SCHOOLS | B2: 3022750 | C2: 3028911
A3: WOLF POINT PUBLIC SCHOOLS | B3: 3028590 | C3: 3028620
A4: WILLOW CREEK PUBLIC SCHOOLS | B4: 3028140 | C4: 3028170
A5: WHITEHALL PUBLIC SCHOOLS | B5: 3027810 | C5: 3027840
A6: WHITEFISH PUBLIC SCHOOLS | B6: 3027740 | C6: 3027790
A7: VALIER PUBLIC SCHOOLS | B7: 3027060 | C7: 3027090
A8: TURNER PUBLIC SCHOOLS | B8: 3026640 | C8: 3026670
A9: TROY PUBLIC SCHOOLS | B9: 3026550 | C9: 3026580
A10: THREE FORKS PUBLIC SCHOOLS | B10: 3026160 | C10: 3026190
A11: THOMPSON FALLS PUBLIC SCHOOLS | B11: 3026070 | C11: 3026100
A12: CENTERVILLE PUBLIC SCHOOLS | B12: 3025130 | C12: 3025140
A13: STEVENSVILLE PUBLIC SCHOOLS | B13: 3025020 | C13: 3025050
... A86: LAME DEER PUBLIC SCHOOLS | B86: 3016050 | C86: 3000095
A87: ALBERTON K-12 SCHOOLS | B87: 3001860
A88: ALDER-UPPER RUBY ELEMENTARY | B88: 3017460
A89: ALLIANCE FOR CURRICULUM ENHANCEMENT
A90: ALZADA ELEMENTARY | B90: 3001950
A91: AMSTERDAM ELEMENTARY | B91: 3001980
A92: ANDERSON ELEMENTARY | B92: 3002070
A93: ARROWHEAD ELEMENTARY | B93: 3002300
A94: ASHLAND PUBLIC SCHOOL | B94: 3000008
A95: AUCHARD CREEK ELEMENTARY | B95: 3002490
A96: AVON ELEMENTARY | B96: 3002550
A97: AYERS ELEMENTARY | B97: 3002570
A98: BAINVILLE K-12 SCHOOLS | B98: 3002640
A99: BAKER K-12 SCHOOLS | B99: 3002730
A100: BASIN ELEMENTARY | B100: 3002820
A101: BEAR PAW COOPERATIVE | B101: 3000012
... A123: BRORSON ELEMENTARY | B123: 3005130
A124: BROWNING PUBLIC SCHOOLS
A125: BYNUM ELEMENTARY | B125: 3005330
A126: CANYON CREEK ELEMENTARY | B126: 3005460
A127: CARBON COUNTY | B127: 3000014
A128: CARDWELL ELEMENTARY | B128: 3005550
A129: CARTER COUNTY | B129: 3000015
A130: CARTER ELEMENTARY | B130: 3005760
A131: CASCADE COUNTY | B131: 3000016
A132: CAYUSE PRAIRIE ELEMENTARY | B132: 3005990
A133: CENTRAL MT LEARNING CENTER | B133: 3000029
A134: CHOUTEAU COUNTY | B134: 3000018
A135: CLANCY ELEMENTARY | B135: 3006840
A136: CLEVELAND ELEMENTARY | B136: 3004050
... A147: DAWSON COUNTY | B147: 3000023
A148: DAYTON ELEMENTARY SCHOOL
A149: DEER CREEK ELEMENTARY | B149: 3008470
A150: DEER LODGE ELEMENTARY | B150: 3008670
A151: DEER PARK ELEMENTARY | B151: 3008700
A152: DEERFIELD ELEMENTARY | B152: 3008730
A153: DESMET ELEMENTARY
A154: DILLON ELEMENTARY | B154: 3008910
A155: DIVIDE ELEMENTARY | B155: 3009000
A156: DIXON ELEMENTARY | B156: 3009030
A157: DODSON PUBLIC SCHOOLS | B157: 3009120
A158: DUPUYER ELEMENTARY | B158: 3009330
A159: DUTTON/BRADY K-12 | B159: 3000102
A160: EAST GLACIER PARK ELEMENTARY | B160: 3009510
A161: EAST HELENA ELEMENTARY | B161: 3009560
A162: EASTERN YELLOWSTONE CO-OP
A163: EKALAKA PUBLIC SCHOOLS | B163: 3009670
A164: ELDER GROVE ELEMENTARY | B164: 3009720
A165: ELLISTON SCHOOL | B165: 3009780
A166: ELYSIAN SCHOOL | B166: 3009840
A167: ENNIS K-12 SCHOOLS | B167: 3009930
A168: EUREKA PUBLIC SCHOOLS | B168: 3010080
A169: EVERGREEN ELEMENTARY | B169: 3010920
A170: FAIR-MONT-EGAN ELEMENTARY | B170: 3010230
A171: FERGUS COUNTY | B171: 3010290
A172: FISHTAIL ELEMENTARY | B172: 3010800
A173: FLATHEAD CO CURRICULUM CO-OP
A174: FLATHEAD CO SPECIAL ED CO-OP | B174: 3000031
A175: FLATHEAD COUNTY | B175: 3000030
A176: FLATHEAD CROSSROADS
A177: FLORENCE-CARLTON K-12 SCHOOLS | B177: 3011100
A178: FORTINE ELEMENTARY | B178: 3011340
A179: FRENCHTOWN K-12 SCHOOLS | B179: 3011520
A180: FROMBERG PUBLIC SCHOOLS | B180: 3011650
A181: FRONTIER ELEMENTARY | B181: 3011670
A182: GALATA ELEMENTARY | B182: 3011730
A183: GALLATIN COUNTY | B183: 3000032
A184: GALLATIN GATEWAY ELEMENTARY | B184: 3011790
A185: GALLATIN-MADISON SPEC ED CO-OP | B185: 3000033
A186: GARFIELD COUNTY | B186: 3000034
A187: GARRISON SCHOOL | B187: 3021480
A188: GERALDINE PUBLIC SCHOOLS | B188: 3012210
... A192: GOLDEN RIDGE ELEMENTARY | B192: 3012600
A193: GOLDEN TRIANGLE COOP
A194: GRANITE COUNTY | B194: 3000037
A195: GRANT ELEMENTARY | B195: 3012900
A196: GREENFIELD ELEMENTARY | B196: 3013110
A197: GREYCLIFF ELEMENTARY | B197: 3013140
A198: HALL ELEMENTARY | B198: 3013200
A199: HAMILTON K-12 SCHOOLS | B199: 3013260
A200: HARRISON K-12 SCHOOLS | B200: 3013530
A201: HAWKS HOME ELEMENTARY | B201: 3013280
A202: HAYS-LODGE POLE K-12 SCHOOLS | B202: 3013660
A203: HEART BUTTE PUBLIC SCHOOLS | B203: 3000099
A204: HELENA FLATS ELEMENTARY | B204: 3000005
A205: HELLGATE ELEMENTARY | B205: 3013860
... A224: LAKE COUNTY | B224: 3000042
...

Sheet GASB-NCES Double LEAIDs
A1: district_name | B1: LEAID | C1: LEAID2
A2: ABSAROKEE PUBLIC SCHOOLS | B2: 3001710 | C2: 3001740
A3: ANACONDA PUBLIC SCHOOLS | B3: 3002010 | C3: 3002030
A4: ARLEE PUBLIC SCHOOLS | B4: 3002220 | C4: 3002250
A5: AUGUSTA PUBLIC SCHOOLS | B5: 3002430 | C5: 3002450
A6: BELGRADE PUBLIC SCHOOL | B6: 3003290 | C6: 3003330
A7: BELT PUBLIC SCHOOLS | B7: 3003420 | C7: 3003450
A8: BIGFORK PUBLIC SCHOOLS | B8: 3003820 | C8: 3003840
A9: BILLINGS PUBLIC SCHOOLS | B9: 3003870 | C9: 3003900
A10: BOZEMAN PUBLIC SCHOOLS | B10: 3004560 | C10: 3004590
A11: BROADVIEW PUBLIC SCHOOLS | B11: 3004890 | C11: 3004920
A12: BROCKTON PUBLIC SCHOOLS | B12: 3005010 | C12: 3005040
A13: BUTTE PUBLIC SCHOOLS | B13: 3005280 | C13: 3005310
... A86: WOLF POINT PUBLIC SCHOOLS | B86: 3028590 | C86: 3028620

Sheet Dealing with Duplicates
A1: LEAID | B1: NAME | C1: STNAME | D1: STABBR | E1: Year | F1: V33 | G1: MEMBERSCH | H1: TOTALEXP | I1: TCURELSC | J1: TCURINST | K1: E13 | L1: TCURSSVC | M1: E17 | N1: E07 | O1: E08 | P1: E09 | Q1: V40 | R1: V45 | S1: V90 | T1: E11 | W1: V33 | X1: MEMBERSCH | Y1: TOTALEXP | Z1: TCURELSC | AA1: TCURINST | AB1: E13 | AC1: TCURSSVC | AD1: E17 | AE1: E07 | AF1: E08 | AG1: E09 | AH1: V40 | AI1: V45 | AJ1: V90 | AK1: E11
A2: 3001710 | B2: Absarokee Elem | C2: Montana | D2: MT | E2: 2015 | F2: 169 | G2: 169 | H2: 2018000 | I2: 1965000 | J2: 1162000 | K2: 1162000 | L2: 677000 | M2: 2000 | N2: 7000 | O2: 78000 | P2: 146000 | Q2: 276000 | R2: 97000 | S2: 71000 | T2: 126000
A3: 3001710 | B3: Absarokee Elem | C3: Montana | D3: MT | E3: 2016 | F3: 155 | G3: 155 | H3: 1852000 | I3: 1806000 | J3: 1042000 | K3: 1042000 | L3: 643000 | M3: 0 | N3: 32000 | O3: 77000 | P3: 134000 | Q3: 247000 | R3: 75000 | S3: 78000 | T3: 121000
A4: 3001710 | B4: Absarokee Elem | C4: Montana | D4: MT | E4: 2017 | F4: 147 | G4: 147 | H4: 1745000 | I4: 1727000 | J4: 1008000 | K4: 1008000 | L4: 602000 | M4: 0 | N4: 27000 | O4: 84000 | P4: 148000 | Q4: 180000 | R4: 80000 | S4: 83000 | T4: 117000
A5: 3001710 | B5: Absarokee Elem | C5: Montana | D5: MT | E5: 2018 | F5: 150 | G5: 150 | H5: 1814000 | I5: 1806000 | J5: 1037000 | K5: 1037000 | L5: 639000 | M5: 0 | N5: 41000 | O5: 93000 | P5: 143000 | Q5: 188000 | R5: 92000 | S5: 82000 | T5: 130000
A6: 3001710 | B6: Absarokee Elem | C6: Montana | D6: MT | E6: 2019 | F6: 144 | G6: 144 | H6: 1757000 | I6: 1749000 | J6: 1025000 | K6: 1025000 | L6: 611000 | M6: 0 | N6: 28000 | O6: 104000 | P6: 72000 | Q6: 238000 | R6: 77000 | S6: 92000 | T6: 113000
A7: 3001710 | B7: Absarokee Elem | C7: Montana | D7: MT | E7: 2020 | F7: 127 | G7: 127 | H7: 1722000 | I7: 1669000 | J7: 1000000 | K7: 1000000 | L7: 579000 | M7: 0 | N7: 16000 | O7: 53000 | P7: 146000 | Q7: 225000 | R7: 65000 | S7: 74000 | T7: 90000
A8: 3001710 | B8: Absarokee Elem | C8: Montana | D8: MT | E8: 2021 | F8: 105 | G8: 105 | H8: 2100000 | I8: 2089000 | J8: 1177000 | K8: 1177000 | L8: 802000 | M8: 72000 | N8: 129000 | O8: 74000 | P8: 147000 | Q8: 239000 | R8: 61000 | S8: 80000 | T8: 110000
A9: 3001710 | B9: Absarokee Elem | C9: Montana | D9: MT | E9: 2022 | F9: 112 | G9: 112 | H9: 2089000 | I9: 1948000 | J9: 999000 | K9: 999000 | L9: 831000 | M9: 166000 | N9: 114000 | O9: 67000 | P9: 124000 | Q9: 211000 | R9: 67000 | S9: 82000 | T9: 118000
A10: 3001740 | B10: Absarokee H S | C10: Montana | D10: MT | E10: 2015 | F10: 81 | G10: 81 | H10: 1597000 | I10: 1560000 | J10: 1031000 | K10: 1031000 | L10: 488000 | M10: 0 | N10: 20000 | O10: 80000 | P10: 38000 | Q10: 184000 | R10: 95000 | S10: 71000 | T10: 41000 | V10: ABSAROKEE PUBLIC SCHOOLS | W10: =SUM(F2,F10) -> 250 | X10: =SUM(G2,G10) -> 250 | Y10: =SUM(H2,H10) -> 3615000 | Z10: =SUM(I2,I10) -> 3525000 | AA10: =SUM(J2,J10) -> 2193000 | AB10: =SUM(K2,K10) -> 2193000 | AC10: =SUM(L2,L10) -> 1165000 | AD10: =SUM(M2,M10) -> 2000 | ... AK10: =SUM(T2,T10) -> 167000
A11: 3001740 | B11: Absarokee H S | C11: Montana | D11: MT | E11: 2016 | F11: 87 | G11: 87 | H11: 1832000 | I11: 1784000 | J11: 1055000 | K11: 1055000 | L11: 684000 | M11: 0 | N11: 21000 | O11: 83000 | P11: 30000 | Q11: 392000 | R11: 82000 | S11: 76000 | T11: 45000 | V11: ABSAROKEE PUBLIC SCHOOLS | W11: =SUM(F3,F11) -> 242 | X11: =SUM(G3,G11) -> 242 | Y11: =SUM(H3,H11) -> 3684000 | Z11: =SUM(I3,I11) -> 3590000 | AA11: =SUM(J3,J11) -> 2097000 | AB11: =SUM(K3,K11) -> 2097000 | AC11: =SUM(L3,L11) -> 1327000 | AD11: =SUM(M3,M11) -> 0 | ... AK11: =SUM(T3,T11) -> 166000
A12: 3001740 | B12: Absarokee H S | C12: Montana | D12: MT | E12: 2017 | F12: 85 | G12: 85 | H12: 1658000 | I12: 1637000 | J12: 1052000 | K12: 1052000 | L12: 537000 | M12: 0 | N12: 21000 | O12: 84000 | P12: 31000 | Q12: 236000 | R12: 84000 | S12: 81000 | T12: 48000 | V12: ABSAROKEE PUBLIC SCHOOLS | W12: =SUM(F4,F12) -> 232 | X12: =SUM(G4,G12) -> 232 | Y12: =SUM(H4,H12) -> 3403000 | Z12: =SUM(I4,I12) -> 3364000 | AA12: =SUM(J4,J12) -> 2060000 | AB12: =SUM(K4,K12) -> 2060000 | AC12: =SUM(L4,L12) -> 1139000 | AD12: =SUM(M4,M12) -> 0 | ... AK12: =SUM(T4,T12) -> 165000
A13: 3001740 | B13: Absarokee H S | C13: Montana | D13: MT | E13: 2018 | F13: 92 | G13: 92 | H13: 1585000 | I13: 1579000 | J13: 1022000 | K13: 1022000 | L13: 511000 | M13: 0 | N13: 23000 | O13: 101000 | P13: 30000 | Q13: 179000 | R13: 95000 | S13: 83000 | T13: 46000 | V13: ABSAROKEE PUBLIC SCHOOLS | W13: =SUM(F5,F13) -> 242 | X13: =SUM(G5,G13) -> 242 | Y13: =SUM(H5,H13) -> 3399000 | Z13: =SUM(I5,I13) -> 3385000 | AA13: =SUM(J5,J13) -> 2059000 | AB13: =SUM(K5,K13) -> 2059000 | AC13: =SUM(L5,L13) -> 1150000 | AD13: =SUM(M5,M13) -> 0 | ... AK13: =SUM(T5,T13) -> 176000
A14: 3001740 | B14: Absarokee H S | C14: Montana | D14: MT | E14: 2019 | F14: 86 | G14: 86 | H14: 1923000 | I14: 1810000 | J14: 1182000 | K14: 1182000 | L14: 584000 | M14: 3000 | N14: 27000 | O14: 91000 | P14: 32000 | Q14: 258000 | R14: 80000 | S14: 93000 | T14: 44000 | V14: ABSAROKEE PUBLIC SCHOOLS | W14: =SUM(F6,F14) -> 230 | X14: =SUM(G6,G14) -> 230 | Y14: =SUM(H6,H14) -> 3680000 | Z14: =SUM(I6,I14) -> 3559000 | AA14: =SUM(J6,J14) -> 2207000 | AB14: =SUM(K6,K14) -> 2207000 | AC14: =SUM(L6,L14) -> 1195000 | AD14: =SUM(M6,M14) -> 3000 | ... AK14: =SUM(T6,T14) -> 157000
A15: 3001740 | B15: Absarokee H S | C15: Montana | D15: MT | E15: 2020 | F15: 80 | G15: 80 | H15: 1655000 | I15: 1608000 | J15: 1054000 | K15: 1054000 | L15: 515000 | M15: 0 | N15: 24000 | O15: 59000 | P15: 83000 | Q15: 209000 | R15: 66000 | S15: 74000 | T15: 39000 | V15: ABSAROKEE PUBLIC SCHOOLS | W15: =SUM(F7,F15) -> 207 | X15: =SUM(G7,G15) -> 207 | Y15: =SUM(H7,H15) -> 3377000 | Z15: =SUM(I7,I15) -> 3277000 | AA15: =SUM(J7,J15) -> 2054000 | AB15: =SUM(K7,K15) -> 2054000 | AC15: =SUM(L7,L15) -> 1094000 | AD15: =SUM(M7,M15) -> 0 | ... AK15: =SUM(T7,T15) -> 129000
A16: 3001740 | B16: Absarokee H S | C16: Montana | D16: MT | E16: 2021 | F16: 74 | G16: 74 | H16: 1511000 | I16: 1504000 | J16: 903000 | K16: 903000 | L16: 584000 | M16: 0 | N16: 5000 | O16: 79000 | P16: 88000 | Q16: 269000 | R16: 62000 | S16: 81000 | T16: 17000 | V16: ABSAROKEE PUBLIC SCHOOLS | W16: =SUM(F8,F16) -> 179 | X16: =SUM(G8,G16) -> 179 | Y16: =SUM(H8,H16) -> 3611000 | Z16: =SUM(I8,I16) -> 3593000 | AA16: =SUM(J8,J16) -> 2080000 | AB16: =SUM(K8,K16) -> 2080000 | AC16: =SUM(L8,L16) -> 1386000 | AD16: =SUM(M8,M16) -> 72000 | ... AK16: =SUM(T8,T16) -> 127000
A17: 3001740 | B17: Absarokee H S | C17: Montana | D17: MT | E17: 2022 | F17: 58 | G17: 58 | H17: 1607000 | I17: 1547000 | J17: 975000 | K17: 975000 | L17: 538000 | M17: 0 | N17: 2000 | O17: 66000 | P17: 151000 | Q17: 169000 | R17: 68000 | S17: 82000 | T17: 34000 | V17: ABSAROKEE PUBLIC SCHOOLS | W17: =SUM(F9,F17) -> 170 | X17: =SUM(G9,G17) -> 170 | Y17: =SUM(H9,H17) -> 3696000 | Z17: =SUM(I9,I17) -> 3495000 | AA17: =SUM(J9,J17) -> 1974000 | AB17: =SUM(K9,K17) -> 1974000 | AC17: =SUM(L9,L17) -> 1369000 | AD17: =SUM(M9,M17) -> 166000 | ... AK17: =SUM(T9,T17) -> 152000
A18: 3002010 | B18: Anaconda Elem | C18: Montana | D18: MT | E18: 2015 | F18: 751 | G18: 751 | H18: 8404000 | I18: 8358000 | J18: 4592000 | K18: 4592000 | L18: 3321000 | M18: 1057000 | N18: 358000 | O18: 157000 | P18: 551000 | Q18: 722000 | R18: 207000 | S18: 269000 | T18: 445000
A19: 3002010 | B19: Anaconda Elem | C19: Montana | D19: MT | E19: 2016 | F19: 745 | G19: 745 | H19: 9224000 | I19: 9117000 | J19: 5202000 | K19: 5202000 | L19: 3499000 | M19: 892000 | N19: 469000 | O19: 184000 | P19: 652000 | Q19: 852000 | R19: 207000 | S19: 243000 | T19: 416000
A20: 3002010 | B20: Anaconda Elem | C20: Montana | D20: MT | E20: 2017 | F20: 740 | G20: 740 | H20: 8825000 | I20: 8569000 | J20: 5058000 | K20: 5058000 | L20: 3084000 | M20: 897000 | N20: 346000 | O20: 186000 | P20: 508000 | Q20: 640000 | R20: 199000 | S20: 308000 | T20: 427000
A21: 3002010 | B21: Anaconda Elem | C21: Montana | D21: MT | E21: 2018 | F21: 787 | G21: 787 | H21: 11128000 | I21: 8962000 | J21: 5175000 | K21: 5175000 | L21: 3313000 | M21: 889000 | N21: 488000 | O21: 185000 | P21: 508000 | Q21: 548000 | R21: 193000 | S21: 502000 | T21: 474000
A22: 3002010 | B22: Anaconda Elem | C22: Montana | D22: MT | E22: 2019 | F22: 764 | G22: 764 | H22: 10016000 | I22: 9229000 | J22: 5303000 | K22: 5303000 | L22: 3410000 | M22: 1067000 | N22: 543000 | O22: 169000 | P22: 525000 | Q22: 557000 | R22: 196000 | S22: 353000 | T22: 516000
A23: 3002010 | B23: Anaconda Elem | C23: Montana | D23: MT | E23: 2020 | F23: 709 | G23: 709 | H23: 10210000 | I23: 9972000 | J23: 5493000 | K23: 5493000 | L23: 4002000 | M23: 1258000 | N23: 473000 | O23: 202000 | P23: 667000 | Q23: 789000 | R23: 244000 | S23: 369000 | T23: 477000
A24: 3002010 | B24: Anaconda Elem | C24: Montana | D24: MT | E24: 2021 | F24: 728 | G24: 728 | H24: 11090000 | I24: 10905000 | J24: 6771000 | K24: 6771000 | L24: 3546000 | M24: 850000 | N24: 351000 | O24: 237000 | P24: 538000 | Q24: 909000 | R24: 220000 | S24: 441000 | T24: 588000
A25: 3002010 | B25: Anaconda Elem | C25: Montana | D25: MT | E25: 2022 | F25: 766 | G25: 766 | H25: 12230000 | I25: 11895000 | J25: 7220000 | K25: 7220000 | L25: 3900000 | M25: 1174000 | N25: 414000 | O25: 200000 | P25: 527000 | Q25: 840000 | R25: 296000 | S25: 449000 | T25: 775000
A26: 3002030 | B26: Anaconda H S | C26: Montana | D26: MT | E26: 2015 | F26: 321 | G26: 321 | H26: 3631000 | I26: 3501000 | J26: 1766000 | K26: 1766000 | L26: 1735000 | M26: 184000 | N26: 85000 | O26: 158000 | P26: 376000 | Q26: 570000 | R26: 173000 | S26: 189000 | T26: 0 | V26: ANACONDA PUBLIC SCHOOLS | W26: =SUM(F18,F26) -> 1072 | X26: =SUM(G18,G26) -> 1072 | Y26: =SUM(H18,H26) -> 12035000 | Z26: =SUM(I18,I26) -> 11859000 | AA26: =SUM(J18,J26) -> 6358000 | AB26: =SUM(K18,K26) -> 6358000 | AC26: =SUM(L18,L26) -> 5056000 | AD26: =SUM(M18,M26) -> 1241000 | ... AK26: =SUM(T18,T26) -> 445000
A27: 3002030 | B27: Anaconda H S | C27: Montana | D27: MT | E27: 2016 | F27: 330 | G27: 330 | H27: 3902000 | I27: 3839000 | J27: 1880000 | K27: 1880000 | L27: 1938000 | M27: 208000 | N27: 92000 | O27: 172000 | P27: 308000 | Q27: 717000 | R27: 176000 | S27: 265000 | T27: 21000 | V27: ANACONDA PUBLIC SCHOOLS | W27: =SUM(F19,F27) -> 1075 | X27: =SUM(G19,G27) -> 1075 | Y27: =SUM(H19,H27) -> 13126000 | Z27: =SUM(I19,I27) -> 12956000 | AA27: =SUM(J19,J27) -> 7082000 | AB27: =SUM(K19,K27) -> 7082000 | AC27: =SUM(L19,L27) -> 5437000 | AD27: =SUM(M19,M27) -> 1100000 | ... AK27: =SUM(T19,T27) -> 437000
A28: 3002030 | B28: Anaconda H S | C28: Montana | D28: MT | E28: 2017 | F28: 327 | G28: 327 | H28: 4337000 | I28: 3784000 | J28: 1870000 | K28: 1870000 | L28: 1904000 | M28: 197000 | N28: 60000 | O28: 174000 | P28: 372000 | Q28: 664000 | R28: 205000 | S28: 232000 | T28: 10000 | V28: ANACONDA PUBLIC SCHOOLS | W28: =SUM(F20,F28) -> 1067 | X28: =SUM(G20,G28) -> 1067 | Y28: =SUM(H20,H28) -> 13162000 | Z28: =SUM(I20,I28) -> 12353000 | AA28: =SUM(J20,J28) -> 6928000 | AB28: =SUM(K20,K28) -> 6928000 | AC28: =SUM(L20,L28) -> 4988000 | AD28: =SUM(M20,M28) -> 1094000 | ... AK28: =SUM(T20,T28) -> 437000
A29: 3002030 | B29: Anaconda H S | C29: Montana | D29: MT | E29: 2018 | F29: 321 | G29: 321 | H29: 4568000 | I29: 3561000 | J29: 1897000 | K29: 1897000 | L29: 1654000 | M29: 179000 | N29: 90000 | O29: 169000 | P29: 324000 | Q29: 507000 | R29: 149000 | S29: 236000 | T29: 10000 | V29: ANACONDA PUBLIC SCHOOLS | W29: =SUM(F21,F29) -> 1108 | X29: =SUM(G21,G29) -> 1108 | Y29: =SUM(H21,H29) -> 15696000 | Z29: =SUM(I21,I29) -> 12523000 | AA29: =SUM(J21,J29) -> 7072000 | AB29: =SUM(K21,K29) -> 7072000 | AC29: =SUM(L21,L29) -> 4967000 | AD29: =SUM(M21,M29) -> 1068000 | ... AK29: =SUM(T21,T29) -> 484000
A30: 3002030 | B30: Anaconda H S | C30: Montana | D30: MT | E30: 2019 | F30: 311 | G30: 311 | H30: 4464000 | I30: 3690000 | J30: 1948000 | K30: 1948000 | L30: 1736000 | M30: 198000 | N30: 62000 | O30: 167000 | P30: 330000 | Q30: 573000 | R30: 140000 | S30: 266000 | T30: 6000 | V30: ANACONDA PUBLIC SCHOOLS | W30: =SUM(F22,F30) -> 1075 | X30: =SUM(G22,G30) -> 1075 | Y30: =SUM(H22,H30) -> 14480000 | Z30: =SUM(I22,I30) -> 12919000 | AA30: =SUM(J22,J30) -> 7251000 | AB30: =SUM(K22,K30) -> 7251000 | AC30: =SUM(L22,L30) -> 5146000 | AD30: =SUM(M22,M30) -> 1265000 | ... AK30: =SUM(T22,T30) -> 522000
A31: 3002030 | B31: Anaconda H S | C31: Montana | D31: MT | E31: 2020 | F31: 313 | G31: 313 | H31: 3675000 | I31: 3573000 | J31: 1910000 | K31: 1910000 | L31: 1660000 | M31: 225000 | N31: 51000 | O31: 237000 | P31: 331000 | Q31: 459000 | R31: 158000 | S31: 199000 | T31: 3000 | V31: ANACONDA PUBLIC SCHOOLS | W31: =SUM(F23,F31) -> 1022 | X31: =SUM(G23,G31) -> 1022 | Y31: =SUM(H23,H31) -> 13885000 | Z31: =SUM(I23,I31) -> 13545000 | AA31: =SUM(J23,J31) -> 7403000 | AB31: =SUM(K23,K31) -> 7403000 | AC31: =SUM(L23,L31) -> 5662000 | AD31: =SUM(M23,M31) -> 1483000 | ... AK31: =SUM(T23,T31) -> 480000
A32: 3002030 | B32: Anaconda H S | C32: Montana | D32: MT | E32: 2021 | F32: 309 | G32: 309 | H32: 3710000 | I32: 3675000 | J32: 2083000 | K32: 2083000 | L32: 1592000 | M32: 285000 | N32: 50000 | O32: 185000 | P32: 332000 | Q32: 360000 | R32: 142000 | S32: 238000 | T32: 0 | V32: ANACONDA PUBLIC SCHOOLS | W32: =SUM(F24,F32) -> 1037 | X32: =SUM(G24,G32) -> 1037 | Y32: =SUM(H24,H32) -> 14800000 | Z32: =SUM(I24,I32) -> 14580000 | AA32: =SUM(J24,J32) -> 8854000 | AB32: =SUM(K24,K32) -> 8854000 | AC32: =SUM(L24,L32) -> 5138000 | AD32: =SUM(M24,M32) -> 1135000 | ... AK32: =SUM(T24,T32) -> 588000
A33: 3002030 | B33: Anaconda H S | C33: Montana | D33: MT | E33: 2022 | F33: 293 | G33: 293 | H33: 3486000 | I33: 3456000 | J33: 2062000 | K33: 2062000 | L33: 1387000 | M33: 148000 | N33: 62000 | O33: 158000 | P33: 356000 | Q33: 327000 | R33: 157000 | S33: 179000 | T33: 7000 | V33: ANACONDA PUBLIC SCHOOLS | W33: =SUM(F25,F33) -> 1059 | X33: =SUM(G25,G33) -> 1059 | Y33: =SUM(H25,H33) -> 15716000 | Z33: =SUM(I25,I33) -> 15351000 | AA33: =SUM(J25,J33) -> 9282000 | AB33: =SUM(K25,K33) -> 9282000 | AC33: =SUM(L25,L33) -> 5287000 | AD33: =SUM(M25,M33) -> 1322000 | ... AK33: =SUM(T25,T33) -> 782000
A34: 3002220 | B34: Arlee Elem | C34: Montana | D34: MT | E34: 2015 | F34: 325 | G34: 325 | H34: 4519000 | I34: 4367000 | J34: 2971000 | K34: 2971000 | L34: 1164000 | M34: 117000 | N34: 140000 | O34: 91000 | P34: 163000 | Q34: 413000 | R34: 149000 | S34: 91000 | T34: 232000
A35: 3002220 | B35: Arlee Elem | C35: Montana | D35: MT | E35: 2016 | F35: 328 | G35: 328 | H35: 4810000 | I35: 4619000 | J35: 3191000 | K35: 3191000 | L35: 1160000 | M35: 105000 | N35: 116000 | O35: 86000 | P35: 158000 | Q35: 454000 | R35: 155000 | S35: 86000 | T35: 268000
A36: 3002220 | B36: Arlee Elem | C36: Montana | D36: MT | E36: 2017 | F36: 323 | G36: 323 | H36: 5030000 | I36: 4732000 | J36: 3204000 | K36: 3204000 | L36: 1255000 | M36: 81000 | N36: 159000 | O36: 92000 | P36: 175000 | Q36: 486000 | R36: 169000 | S36: 93000 | T36: 273000
A37: 3002220 | B37: Arlee Elem | C37: Montana | D37: MT | E37: 2018 | F37: 323 | G37: 323 | H37: 5047000 | I37: 4943000 | J37: 3360000 | K37: 3360000 | L37: 1304000 | M37: 79000 | N37: 133000 | O37: 118000 | P37: 226000 | Q37: 473000 | R37: 186000 | S37: 89000 | T37: 279000
A38: 3002220 | B38: Arlee Elem | C38: Montana | D38: MT | E38: 2019 | F38: 321 | G38: 321 | H38: 5193000 | I38: 4954000 | J38: 3120000 | K38: 3120000 | L38: 1518000 | M38: 90000 | N38: 216000 | O38: 100000 | P38: 255000 | Q38: 511000 | R38: 231000 | S38: 115000 | T38: 316000
A39: 3002220 | B39: Arlee Elem | C39: Montana | D39: MT | E39: 2020 | F39: 302 | G39: 302 | H39: 5204000 | I39: 4904000 | J39: 3131000 | K39: 3131000 | L39: 1469000 | M39: 117000 | N39: 265000 | O39: 123000 | P39: 206000 | Q39: 431000 | R39: 208000 | S39: 119000 | T39: 304000
A40: 3002220 | B40: Arlee Elem | C40: Montana | D40: MT | E40: 2021 | F40: 286 | G40: 286 | H40: 5692000 | I40: 5059000 | J40: 3006000 | K40: 3006000 | L40: 1662000 | M40: 144000 | N40: 295000 | O40: 105000 | P40: 234000 | Q40: 521000 | R40: 226000 | S40: 137000 | T40: 391000
A41: 3002220 | B41: Arlee Elem | C41: Montana | D41: MT | E41: 2022 | F41: 273 | G41: 273 | H41: 5940000 | I41: 5345000 | J41: 3113000 | K41: 3113000 | L41: 1841000 | M41: 276000 | N41: 323000 | O41: 105000 | P41: 224000 | Q41: 599000 | R41: 199000 | S41: 115000 | T41: 391000
A42: 3002250 | B42: Arlee H S | C42: Montana | D42: MT | E42: 2015 | F42: 110 | G42: 110 | H42: 2007000 | I42: 1891000 | J42: 1307000 | K42: 1307000 | L42: 584000 | M42: 44000 | N42: 78000 | O42: 63000 | P42: 108000 | Q42: 178000 | R42: 67000 | S42: 46000 | T42: 0 | V42: ARLEE PUBLIC SCHOOLS | W42: =SUM(F34,F42) -> 435 | X42: =SUM(G34,G42) -> 435 | Y42: =SUM(H34,H42) -> 6526000 | Z42: =SUM(I34,I42) -> 6258000 | AA42: =SUM(J34,J42) -> 4278000 | AB42: =SUM(K34,K42) -> 4278000 | AC42: =SUM(L34,L42) -> 1748000 | AD42: =SUM(M34,M42) -> 161000 | ... AK42: =SUM(T34,T42) -> 232000
A43: 3002250 | B43: Arlee H S | C43: Montana | D43: MT | E43: 2016 | F43: 120 | G43: 120 | H43: 2134000 | I43: 2028000 | J43: 1375000 | K43: 1375000 | L43: 653000 | M43: 47000 | N43: 108000 | O43: 62000 | P43: 118000 | Q43: 202000 | R43: 73000 | S43: 43000 | T43: 0 | V43: ARLEE PUBLIC SCHOOLS | W43: =SUM(F35,F43) -> 448 | X43: =SUM(G35,G43) -> 448 | Y43: =SUM(H35,H43) -> 6944000 | Z43: =SUM(I35,I43) -> 6647000 | AA43: =SUM(J35,J43) -> 4566000 | AB43: =SUM(K35,K43) -> 4566000 | AC43: =SUM(L35,L43) -> 1813000 | AD43: =SUM(M35,M43) -> 152000 | ... AK43: =SUM(T35,T43) -> 268000
A44: 3002250 | B44: Arlee H S | C44: Montana | D44: MT | E44: 2017 | F44: 132 | G44: 132 | H44: 2183000 | I44: 2059000 | J44: 1467000 | K44: 1467000 | L44: 592000 | M44: 49000 | N44: 88000 | O44: 58000 | P44: 101000 | Q44: 185000 | R44: 76000 | S44: 35000 | T44: 0 | V44: ARLEE PUBLIC SCHOOLS | W44: =SUM(F36,F44) -> 455 | X44: =SUM(G36,G44) -> 455 | Y44: =SUM(H36,H44) -> 7213000 | Z44: =SUM(I36,I44) -> 6791000 | AA44: =SUM(J36,J44) -> 4671000 | AB44: =SUM(K36,K44) -> 4671000 | AC44: =SUM(L36,L44) -> 1847000 | AD44: =SUM(M36,M44) -> 130000 | ... AK44: =SUM(T36,T44) -> 273000
A45: 3002250 | B45: Arlee H S | C45: Montana | D45: MT | E45: 2018 | F45: 122 | G45: 122 | H45: 2166000 | I45: 2120000 | J45: 1490000 | K45: 1490000 | L45: 629000 | M45: 58000 | N45: 74000 | O45: 70000 | P45: 100000 | Q45: 208000 | R45: 81000 | S45: 38000 | T45: 1000 | V45: ARLEE PUBLIC SCHOOLS | W45: =SUM(F37,F45) -> 445 | X45: =SUM(G37,G45) -> 445 | Y45: =SUM(H37,H45) -> 7213000 | Z45: =SUM(I37,I45) -> 7063000 | AA45: =SUM(J37,J45) -> 4850000 | AB45: =SUM(K37,K45) -> 4850000 | AC45: =SUM(L37,L45) -> 1933000 | AD45: =SUM(M37,M45) -> 137000 | ... AK45: =SUM(T37,T45) -> 280000
A46: 3002250 | B46: Arlee H S | C46: Montana | D46: MT | E46: 2019 | F46: 124 | G46: 124 | H46: 2321000 | I46: 2082000 | J46: 1375000 | K46: 1375000 | L46: 704000 | M46: 63000 | N46: 84000 | O46: 58000 | P46: 124000 | Q46: 223000 | R46: 100000 | S46: 52000 | T46: 3000 | V46: ARLEE PUBLIC SCHOOLS | W46: =SUM(F38,F46) -> 445 | X46: =SUM(G38,G46) -> 445 | Y46: =SUM(H38,H46) -> 7514000 | Z46: =SUM(I38,I46) -> 7036000 | AA46: =SUM(J38,J46) -> 4495000 | AB46: =SUM(K38,K46) -> 4495000 | AC46: =SUM(L38,L46) -> 2222000 | AD46: =SUM(M38,M46) -> 153000 | ... AK46: =SUM(T38,T46) -> 319000
A47: 3002250 | B47: Arlee H S | C47: Montana | D47: MT | E47: 2020 | F47: 110 | G47: 110 | H47: 2284000 | I47: 2143000 | J47: 1229000 | K47: 1229000 | L47: 914000 | M47: 86000 | N47: 117000 | O47: 63000 | P47: 215000 | Q47: 287000 | R47: 95000 | S47: 51000 | T47: 0 | V47: ARLEE PUBLIC SCHOOLS | W47: =SUM(F39,F47) -> 412 | X47: =SUM(G39,G47) -> 412 | Y47: =SUM(H39,H47) -> 7488000 | Z47: =SUM(I39,I47) -> 7047000 | AA47: =SUM(J39,J47) -> 4360000 | AB47: =SUM(K39,K47) -> 4360000 | AC47: =SUM(L39,L47) -> 2383000 | AD47: =SUM(M39,M47) -> 203000 | ... AK47: =SUM(T39,T47) -> 304000
A48: 3002250 | B48: Arlee H S | C48: Montana | D48: MT | E48: 2021 | F48: 115 | G48: 115 | H48: 2222000 | I48: 2113000 | J48: 1182000 | K48: 1182000 | L48: 924000 | M48: 100000 | N48: 157000 | O48: 56000 | P48: 193000 | Q48: 258000 | R48: 106000 | S48: 54000 | T48: 7000 | V48: ARLEE PUBLIC SCHOOLS | W48: =SUM(F40,F48) -> 401 | X48: =SUM(G40,G48) -> 401 | Y48: =SUM(H40,H48) -> 7914000 | Z48: =SUM(I40,I48) -> 7172000 | AA48: =SUM(J40,J48) -> 4188000 | AB48: =SUM(K40,K48) -> 4188000 | AC48: =SUM(L40,L48) -> 2586000 | AD48: =SUM(M40,M48) -> 244000 | ... AK48: =SUM(T40,T48) -> 398000
A49: 3002250 | B49: Arlee H S | C49: Montana | D49: MT | E49: 2022 | F49: 140 | G49: 140 | H49: 2063000 | I49: 1987000 | J49: 1229000 | K49: 1229000 | L49: 757000 | M49: 81000 | N49: 116000 | O49: 57000 | P49: 111000 | Q49: 252000 | R49: 90000 | S49: 50000 | T49: 1000 | V49: ARLEE PUBLIC SCHOOLS | W49: =SUM(F41,F49) -> 413 | X49: =SUM(G41,G49) -> 413 | Y49: =SUM(H41,H49) -> 8003000 | Z49: =SUM(I41,I49) -> 7332000 | AA49: =SUM(J41,J49) -> 4342000 | AB49: =SUM(K41,K49) -> 4342000 | AC49: =SUM(L41,L49) -> 2598000 | AD49: =SUM(M41,M49) -> 357000 | ... AK49: =SUM(T41,T49) -> 392000
A50: 3002430 | B50: Augusta Elem | C50: Montana | D50: MT | E50: 2015 | F50: 59 | G50: 59 | H50: 788000 | I50: 754000 | J50: 524000 | K50: 524000 | L50: 229000 | M50: 2000 | N50: 7000 | O50: 46000 | P50: 40000 | Q50: 75000 | R50: 41000 | S50: 18000 | T50: 1000
A51: 3002430 | B51: Augusta Elem | C51: Montana | D51: MT | E51: 2016 | F51: 66 | G51: 66 | H51: 832000 | I51: 795000 | J51: 469000 | K51: 469000 | L51: 303000 | M51: 2000 | N51: 2000 | O51: 60000 | P51: 42000 | Q51: 141000 | R51: 40000 | S51: 16000 | T51: 23000
A52: 3002430 | B52: Augusta Elem | C52: Montana | D52: MT | E52: 2017 | F52: 73 | G52: 73 | H52: 850000 | I52: 799000 | J52: 529000 | K52: 529000 | L52: 269000 | M52: 2000 | N52: 2000 | O52: 56000 | P52: 45000 | Q52: 96000 | R52: 41000 | S52: 27000 | T52: 1000
A53: 3002430 | B53: Augusta Elem | C53: Montana | D53: MT | E53: 2018 | F53: 68 | G53: 68 | H53: 908000 | I53: 877000 | J53: 592000 | K53: 592000 | L53: 273000 | M53: 2000 | N53: 0 | O53: 56000 | P53: 48000 | Q53: 109000 | R53: 40000 | S53: 18000 | T53: 12000
A54: 3002430 | B54: Augusta Elem | C54: Montana | D54: MT | E54: 2019 | F54: 65 | G54: 65 | H54: 881000 | I54: 862000 | J54: 515000 | K54: 515000 | L54: 312000 | M54: 2000 | N54: 0 | O54: 54000 | P54: 59000 | Q54: 117000 | R54: 53000 | S54: 27000 | T54: 35000
A55: 3002430 | B55: Augusta Elem | C55: Montana | D55: MT | E55: 2020 | F55: 71 | G55: 71 | H55: 900000 | I55: 853000 | J55: 570000 | K55: 570000 | L55: 269000 | M55: 2000 | N55: 2000 | O55: 59000 | P55: 55000 | Q55: 92000 | R55: 37000 | S55: 22000 | T55: 14000
A56: 3002430 | B56: Augusta Elem | C56: Montana | D56: MT | E56: 2021 | F56: 66 | G56: 66 | H56: 1005000 | I56: 904000 | J56: 567000 | K56: 567000 | L56: 322000 | M56: 3000 | N56: 2000 | O56: 51000 | P56: 65000 | Q56: 134000 | R56: 42000 | S56: 25000 | T56: 15000
A57: 3002430 | B57: Augusta Elem | C57: Montana | D57: MT | E57: 2022 | F57: 85 | G57: 85 | H57: 1137000 | I57: 983000 | J57: 604000 | K57: 604000 | L57: 358000 | M57: 3000 | N57: 0 | O57: 58000 | P57: 64000 | Q57: 156000 | R57: 47000 | S57: 30000 | T57: 21000
A58: 3002450 | B58: Augusta H S | C58: Montana | D58: MT | E58: 2015 | F58: 25 | G58: 25 | H58: 837000 | I58: 764000 | J58: 407000 | K58: 407000 | L58: 272000 | M58: 2000 | N58: 7000 | O58: 58000 | P58: 53000 | Q58: 93000 | R58: 32000 | S58: 27000 | T58: 85000 | V58: AUGUSTA PUBLIC SCHOOLS | W58: =SUM(F50,F58) -> 84 | X58: =SUM(G50,G58) -> 84 | Y58: =SUM(H50,H58) -> 1625000 | Z58: =SUM(I50,I58) -> 1518000 | AA58: =SUM(J50,J58) -> 931000 | AB58: =SUM(K50,K58) -> 931000 | AC58: =SUM(L50,L58) -> 501000 | AD58: =SUM(M50,M58) -> 4000 | ... AK58: =SUM(T50,T58) -> 86000
A59: 3002450 | B59: Augusta H S | C59: Montana | D59: MT | E59: 2016 | F59: 28 | G59: 28 | H59: 919000 | I59: 865000 | J59: 488000 | K59: 488000 | L59: 308000 | M59: 2000 | N59: 2000 | O59: 62000 | P59: 55000 | Q59: 137000 | R59: 32000 | S59: 18000 | T59: 69000 | V59: AUGUSTA PUBLIC SCHOOLS | W59: =SUM(F51,F59) -> 94 | X59: =SUM(G51,G59) -> 94 | Y59: =SUM(H51,H59) -> 1751000 | Z59: =SUM(I51,I59) -> 1660000 | AA59: =SUM(J51,J59) -> 957000 | AB59: =SUM(K51,K59) -> 957000 | AC59: =SUM(L51,L59) -> 611000 | AD59: =SUM(M51,M59) -> 4000 | ... AK59: =SUM(T51,T59) -> 92000
A60: 3002450 | B60: Augusta H S | C60: Montana | D60: MT | E60: 2017 | F60: 26 | G60: 26 | H60: 875000 | I60: 823000 | J60: 462000 | K60: 462000 | L60: 282000 | M60: 2000 | N60: 2000 | O60: 57000 | P60: 58000 | Q60: 92000 | R60: 41000 | S60: 30000 | T60: 79000 | V60: AUGUSTA PUBLIC SCHOOLS | W60: =SUM(F52,F60) -> 99 | X60: =SUM(G52,G60) -> 99 | Y60: =SUM(H52,H60) -> 1725000 | Z60: =SUM(I52,I60) -> 1622000 | AA60: =SUM(J52,J60) -> 991000 | AB60: =SUM(K52,K60) -> 991000 | AC60: =SUM(L52,L60) -> 551000 | AD60: =SUM(M52,M60) -> 4000 | ... AK60: =SUM(T52,T60) -> 80000
A61: 3002450 | B61: Augusta H S | C61: Montana | D61: MT | E61: 2018 | F61: 36 | G61: 36 | H61: 1058000 | I61: 855000 | J61: 539000 | K61: 539000 | L61: 250000 | M61: 2000 | N61: 0 | O61: 56000 | P61: 59000 | Q61: 73000 | R61: 40000 | S61: 20000 | T61: 66000 | V61: AUGUSTA PUBLIC SCHOOLS | W61: =SUM(F53,F61) -> 104 | X61: =SUM(G53,G61) -> 104 | Y61: =SUM(H53,H61) -> 1966000 | Z61: =SUM(I53,I61) -> 1732000 | AA61: =SUM(J53,J61) -> 1131000 | AB61: =SUM(K53,K61) -> 1131000 | AC61: =SUM(L53,L61) -> 523000 | AD61: =SUM(M53,M61) -> 4000 | ... AK61: =SUM(T53,T61) -> 78000
A62: 3002450 | B62: Augusta H S | C62: Montana | D62: MT | E62: 2019 | F62: 30 | G62: 30 | H62: 920000 | I62: 892000 | J62: 531000 | K62: 531000 | L62: 305000 | M62: 2000 | N62: 0 | O62: 56000 | P62: 73000 | Q62: 101000 | R62: 44000 | S62: 29000 | T62: 56000 | V62: AUGUSTA PUBLIC SCHOOLS | W62: =SUM(F54,F62) -> 95 | X62: =SUM(G54,G62) -> 95 | Y62: =SUM(H54,H62) -> 1801000 | Z62: =SUM(I54,I62) -> 1754000 | AA62: =SUM(J54,J62) -> 1046000 | AB62: =SUM(K54,K62) -> 1046000 | AC62: =SUM(L54,L62) -> 617000 | AD62: =SUM(M54,M62) -> 4000 | ... AK62: =SUM(T54,T62) -> 91000
A63: 3002450 | B63: Augusta H S | C63: Montana | D63: MT | E63: 2020 | F63: 20 | G63: 20 | H63: 936000 | I63: 905000 | J63: 555000 | K63: 555000 | L63: 295000 | M63: 2000 | N63: 2000 | O63: 60000 | P63: 75000 | Q63: 98000 | R63: 34000 | S63: 24000 | T63: 55000 | V63: AUGUSTA PUBLIC SCHOOLS | W63: =SUM(F55,F63) -> 91 | X63: =SUM(G55,G63) -> 91 | Y63: =SUM(H55,H63) -> 1836000 | Z63: =SUM(I55,I63) -> 1758000 | AA63: =SUM(J55,J63) -> 1125000 | AB63: =SUM(K55,K63) -> 1125000 | AC63: =SUM(L55,L63) -> 564000 | AD63: =SUM(M55,M63) -> 4000 | ... AK63: =SUM(T55,T63) -> 69000
A64: 3002450 | B64: Augusta H S | C64: Montana | D64: MT | E64: 2021 | F64: 22 | G64: 22 | H64: 983000 | I64: 893000 | J64: 528000 | K64: 528000 | L64: 302000 | M64: 3000 | N64: 2000 | O64: 54000 | P64: 79000 | Q64: 99000 | R64: 37000 | S64: 28000 | T64: 63000 | V64: AUGUSTA PUBLIC SCHOOLS | W64: =SUM(F56,F64) -> 88 | X64: =SUM(G56,G64) -> 88 | Y64: =SUM(H56,H64) -> 1988000 | Z64: =SUM(I56,I64) -> 1797000 | AA64: =SUM(J56,J64) -> 1095000 | AB64: =SUM(K56,K64) -> 1095000 | AC64: =SUM(L56,L64) -> 624000 | AD64: =SUM(M56,M64) -> 6000 | ... AK64: =SUM(T56,T64) -> 78000
A65: 3002450 | B65: Augusta H S | C65: Montana | D65: MT | E65: 2022 | F65: 21 | G65: 21 | H65: 942000 | I65: 910000 | J65: 549000 | K65: 549000 | L65: 286000 | M65: 3000 | N65: 0 | O65: 59000 | P65: 64000 | Q65: 94000 | R65: 37000 | S65: 29000 | T65: 75000 | V65: AUGUSTA PUBLIC SCHOOLS | W65: =SUM(F57,F65) -> 106 | X65: =SUM(G57,G65) -> 106 | Y65: =SUM(H57,H65) -> 2079000 | Z65: =SUM(I57,I65) -> 1893000 | AA65: =SUM(J57,J65) -> 1153000 | AB65: =SUM(K57,K65) -> 1153000 | AC65: =SUM(L57,L65) -> 644000 | AD65: =SUM(M57,M65) -> 6000 | ... AK65: =SUM(T57,T65) -> 96000
A66: 3003290 | B66: Belgrade Elem | C66: Montana | D66: MT | E66: 2015 | F66: 2366 | G66: 2366 | H66: 20955000 | I66: 19676000 | J66: 11425000 | K66: 11425000 | L66: 6994000 | M66: 1755000 | N66: 1133000 | O66: 119000 | P66: 908000 | Q66: 1753000 | R66: 919000 | S66: 407000 | T66: 1038000
A67: 3003290 | B67: Belgrade Elem | C67: Montana | D67: MT | E67: 2016 | F67: 2409 | G67: 2409 | H67: 23425000 | I67: 21939000 | J67: 12326000 | K67: 12326000 | L67: 8157000 | M67: 2013000 | N67: 1230000 | O67: 127000 | P67: 1223000 | Q67: 1902000 | R67: 889000 | S67: 773000 | T67: 1189000
A68: 3003290 | B68: Belgrade Elem | C68: Montana | D68: MT | E68: 2017 | F68: 2407 | G68: 2407 | H68: 26792000 | I68: 22473000 | J68: 12950000 | K68: 12950000 | L68: 8426000 | M68: 1835000 | N68: 1392000 | O68: 93000 | P68: 1185000 | Q68: 1889000 | R68: 963000 | S68: 1069000 | T68: 885000
A69: 3003290 | B69: Belgrade Elem | C69: Montana | D69: MT | E69: 2018 | F69: 2442 | G69: 2442 | H69: 24269000 | I69: 22904000 | J69: 12900000 | K69: 12900000 | L69: 8793000 | M69: 2061000 | N69: 1465000 | O69: 101000 | P69: 1084000 | Q69: 1991000 | R69: 1097000 | S69: 994000 | T69: 1024000
A70: 3003290 | B70: Belgrade Elem | C70: Montana | D70: MT | E70: 2019 | F70: 2429 | G70: 2429 | H70: 26106000 | I70: 24417000 | J70: 14372000 | K70: 14372000 | L70: 8829000 | M70: 2217000 | N70: 1239000 | O70: 175000 | P70: 1103000 | Q70: 1976000 | R70: 1116000 | S70: 1003000 | T70: 1043000
A71: 3003290 | B71: Belgrade Elem | C71: Montana | D71: MT | E71: 2020 | F71: 2458 | G71: 2458 | H71: 32320000 | I71: 24797000 | J71: 12976000 | K71: 12976000 | L71: 10596000 | M71: 1880000 | N71: 1397000 | O71: 2145000 | P71: 1126000 | Q71: 2148000 | R71: 1117000 | S71: 783000 | T71: 1076000
A72: 3003290 | B72: Belgrade Elem | C72: Montana | D72: MT | E72: 2021 | F72: 2297 | G72: 2297 | H72: 42948000 | I72: 24572000 | J72: 13806000 | K72: 13806000 | L72: 9613000 | M72: 2456000 | N72: 1562000 | O72: 178000 | P72: 1119000 | Q72: 2336000 | R72: 1100000 | S72: 862000 | T72: 1152000
A73: 3003290 | B73: Belgrade Elem | C73: Montana | D73: MT | E73: 2022 | F73: 2356 | G73: 2356 | H73: 30530000 | I73: 26060000 | J73: 14700000 | K73: 14700000 | L73: 9821000 | M73: 1749000 | N73: 1381000 | O73: 192000 | P73: 1296000 | Q73: 2380000 | R73: 1199000 | S73: 1624000 | T73: 1429000
A74: 3003330 | B74: Belgrade H S | C74: Montana | D74: MT | E74: 2015 | F74: 857 | G74: 857 | H74: 9352000 | I74: 8958000 | J74: 5024000 | K74: 5024000 | L74: 3535000 | M74: 365000 | N74: 679000 | O74: 107000 | P74: 670000 | Q74: 1014000 | R74: 378000 | S74: 322000 | T74: 235000 | V74: BELGRADE PUBLIC SCHOOL | W74: =SUM(F66,F74) -> 3223 | X74: =SUM(G66,G74) -> 3223 | Y74: =SUM(H66,H74) -> 30307000 | Z74: =SUM(I66,I74) -> 28634000 | AA74: =SUM(J66,J74) -> 16449000 | AB74: =SUM(K66,K74) -> 16449000 | AC74: =SUM(L66,L74) -> 10529000 | AD74: =SUM(M66,M74) -> 2120000 | ... AK74: =SUM(T66,T74) -> 1273000
A75: 3003330 | B75: Belgrade H S | C75: Montana | D75: MT | E75: 2016 | F75: 826 | G75: 826 | H75: 9442000 | I75: 8924000 | J75: 4917000 | K75: 4917000 | L75: 3466000 | M75: 280000 | N75: 664000 | O75: 106000 | P75: 650000 | Q75: 937000 | R75: 354000 | S75: 475000 | T75: 257000 | V75: BELGRADE PUBLIC SCHOOL | W75: =SUM(F67,F75) -> 3235 | X75: =SUM(G67,G75) -> 3235 | Y75: =SUM(H67,H75) -> 32867000 | Z75: =SUM(I67,I75) -> 30863000 | AA75: =SUM(J67,J75) -> 17243000 | AB75: =SUM(K67,K75) -> 17243000 | AC75: =SUM(L67,L75) -> 11623000 | AD75: =SUM(M67,M75) -> 2293000 | ... AK75: =SUM(T67,T75) -> 1446000
A76: 3003330 | B76: Belgrade H S | C76: Montana | D76: MT | E76: 2017 | F76: 860 | G76: 860 | H76: 12371000 | I76: 8957000 | J76: 5044000 | K76: 5044000 | L76: 3426000 | M76: 283000 | N76: 573000 | O76: 96000 | P76: 694000 | Q76: 887000 | R76: 381000 | S76: 512000 | T76: 236000 | V76: BELGRADE PUBLIC SCHOOL | W76: =SUM(F68,F76) -> 3267 | X76: =SUM(G68,G76) -> 3267 | Y76: =SUM(H68,H76) -> 39163000 | Z76: =SUM(I68,I76) -> 31430000 | AA76: =SUM(J68,J76) -> 17994000 | AB76: =SUM(K68,K76) -> 17994000 | AC76: =SUM(L68,L76) -> 11852000 | AD76: =SUM(M68,M76) -> 2118000 | ... AK76: =SUM(T68,T76) -> 1121000
A77: 3003330 | B77: Belgrade H S | C77: Montana | D77: MT | E77: 2018 | F77: 900 | G77: 900 | H77: 22545000 | I77: 9808000 | J77: 5795000 | K77: 5795000 | L77: 3539000 | M77: 307000 | N77: 617000 | O77: 110000 | P77: 694000 | Q77: 864000 | R77: 433000 | S77: 514000 | T77: 231000 | V77: BELGRADE PUBLIC SCHOOL | W77: =SUM(F69,F77) -> 3342 | X77: =SUM(G69,G77) -> 3342 | Y77: =SUM(H69,H77) -> 46814000 | Z77: =SUM(I69,I77) -> 32712000 | AA77: =SUM(J69,J77) -> 18695000 | AB77: =SUM(K69,K77) -> 18695000 | AC77: =SUM(L69,L77) -> 12332000 | AD77: =SUM(M69,M77) -> 2368000 | ... AK77: =SUM(T69,T77) -> 1255000
A78: 3003330 | B78: Belgrade H S | C78: Montana | D78: MT | E78: 2019 | F78: 965 | G78: 965 | H78: 23321000 | I78: 10732000 | J78: 6465000 | K78: 6465000 | L78: 3688000 | M78: 288000 | N78: 705000 | O78: 93000 | P78: 668000 | Q78: 960000 | R78: 445000 | S78: 529000 | T78: 248000 | V78: BELGRADE PUBLIC SCHOOL | W78: =SUM(F70,F78) -> 3394 | X78: =SUM(G70,G78) -> 3394 | Y78: =SUM(H70,H78) -> 49427000 | Z78: =SUM(I70,I78) -> 35149000 | AA78: =SUM(J70,J78) -> 20837000 | AB78: =SUM(K70,K78) -> 20837000 | AC78: =SUM(L70,L78) -> 12517000 | AD78: =SUM(M70,M78) -> 2505000 | ... AK78: =SUM(T70,T78) -> 1291000
A79: 3003330 | B79: Belgrade H S | C79: Montana | D79: MT | E79: 2020 | F79: 1001 | G79: 1001 | H79: 15201000 | I79: 10055000 | J79: 5516000 | K79: 5516000 | L79: 3940000 | M79: 250000 | N79: 792000 | O79: 89000 | P79: 835000 | Q79: 1068000 | R79: 373000 | S79: 533000 | T79: 299000 | V79: BELGRADE PUBLIC SCHOOL | W79: =SUM(F71,F79) -> 3459 | X79: =SUM(G71,G79) -> 3459 | Y79: =SUM(H71,H79) -> 47521000 | Z79: =SUM(I71,I79) -> 34852000 | AA79: =SUM(J71,J79) -> 18492000 | AB79: =SUM(K71,K79) -> 18492000 | AC79: =SUM(L71,L79) -> 14536000 | AD79: =SUM(M71,M79) -> 2130000 | ... AK79: =SUM(T71,T79) -> 1375000
A80: 3003330 | B80: Belgrade H S | C80: Montana | D80: MT | E80: 2021 | F80: 987 | G80: 987 | H80: 12026000 | I80: 10735000 | J80: 6101000 | K80: 6101000 | L80: 4221000 | M80: 400000 | N80: 812000 | O80: 102000 | P80: 677000 | Q80: 1180000 | R80: 460000 | S80: 590000 | T80: 268000 | V80: BELGRADE PUBLIC SCHOOL | W80: =SUM(F72,F80) -> 3284 | X80: =SUM(G72,G80) -> 3284 | Y80: =SUM(H72,H80) -> 54974000 | Z80: =SUM(I72,I80) -> 35307000 | AA80: =SUM(J72,J80) -> 19907000 | AB80: =SUM(K72,K80) -> 19907000 | AC80: =SUM(L72,L80) -> 13834000 | AD80: =SUM(M72,M80) -> 2856000 | ... AK80: =SUM(T72,T80) -> 1420000
A81: 3003330 | B81: Belgrade H S | C81: Montana | D81: MT | E81: 2022 | F81: 1036 | G81: 1036 | H81: 11786000 | I81: 10871000 | J81: 6014000 | K81: 6014000 | L81: 4139000 | M81: 421000 | N81: 676000 | O81: 115000 | P81: 699000 | Q81: 1083000 | R81: 495000 | S81: 650000 | T81: 337000 | V81: BELGRADE PUBLIC SCHOOL | W81: =SUM(F73,F81) -> 3392 | X81: =SUM(G73,G81) -> 3392 | Y81: =SUM(H73,H81) -> 42316000 | Z81: =SUM(I73,I81) -> 36931000 | AA81: =SUM(J73,J81) -> 20714000 | AB81: =SUM(K73,K81) -> 20714000 | AC81: =SUM(L73,L81) -> 13960000 | AD81: =SUM(M73,M81) -> 2170000 | ... AK81: =SUM(T73,T81) -> 1766000
A82: 3003420 | B82: Belt Elem | C82: Montana | D82: MT | E82: 2015 | F82: 242 | G82: 242 | H82: 2313000 | I82: 2228000 | J82: 1453000 | K82: 1453000 | L82: 603000 | M82: 5000 | N82: 7000 | O82: 111000 | P82: 88000 | Q82: 238000 | R82: 111000 | S82: 43000 | T82: 172000
A83: 3003420 | B83: Belt Elem | C83: Montana | D83: MT | E83: 2016 | F83: 250 | G83: 250 | H83: 2470000 | I83: 2195000 | J83: 1460000 | K83: 1460000 | L83: 550000 | M83: 5000 | N83: 7000 | O83: 117000 | P83: 74000 | Q83: 218000 | R83: 88000 | S83: 41000 | T83: 185000
A84: 3003420 | B84: Belt Elem | C84: Montana | D84: MT | E84: 2017 | F84: 247 | G84: 247 | H84: 2482000 | I84: 2370000 | J84: 1304000 | K84: 1304000 | L84: 839000 | M84: 5000 | N84: 7000 | O84: 186000 | P84: 91000 | Q84: 410000 | R84: 90000 | S84: 50000 | T84: 227000
A85: 3003420 | B85: Belt Elem | C85: Montana | D85: MT | E85: 2018 | F85: 257 | G85: 257 | H85: 5354000 | I85: 2476000 | J85: 1557000 | K85: 1557000 | L85: 718000 | M85: 5000 | N85: 5000 | O85: 122000 | P85: 91000 | Q85: 361000 | R85: 92000 | S85: 42000 | T85: 201000
A86: 3003420 | B86: Belt Elem | C86: Montana | D86: MT | E86: 2019 | F86: 226 | G86: 226 | H86: 2820000 | I86: 2641000 | J86: 1479000 | K86: 1479000 | L86: 927000 | M86: 1000 | N86: 6000 | O86: 172000 | P86: 84000 | Q86: 537000 | R86: 86000 | S86: 41000 | T86: 235000
A87: 3003420 | B87: Belt Elem | C87: Montana | D87: MT | E87: 2020 | F87: 251 | G87: 251 | H87: 2768000 | I87: 2614000 | J87: 1448000 | K87: 1448000 | L87: 886000 | M87: 0 | N87: 5000 | O87: 204000 | P87: 87000 | Q87: 438000 | R87: 99000 | S87: 53000 | T87: 280000
A88: 3003420 | B88: Belt Elem | C88: Montana | D88: MT | E88: 2021 | F88: 253 | G88: 253 | H88: 2779000 | I88: 2566000 | J88: 1481000 | K88: 1481000 | L88: 837000 | M88: 0 | N88: 5000 | O88: 153000 | P88: 102000 | Q88: 422000 | R88: 104000 | S88: 51000 | T88: 248000
A89: 3003420 | B89: Belt Elem | C89: Montana | D89: MT | E89: 2022 | F89: 275 | G89: 275 | H89: 2993000 | I89: 2605000 | J89: 1493000 | K89: 1493000 | L89: 824000 | M89: 0 | N89: 4000 | O89: 200000 | P89: 105000 | Q89: 329000 | R89: 115000 | S89: 71000 | T89: 288000
A90: 3003450 | B90: Belt H S | C90: Montana | D90: MT | E90: 2015 | F90: 83 | G90: 83 | H90: 1737000 | I90: 1606000 | J90: 1036000 | K90: 1036000 | L90: 570000 | M90: 74000 | N90: 3000 | O90: 117000 | P90: 81000 | Q90: 178000 | R90: 77000 | S90: 40000 | T90: 0 | V90: BELT PUBLIC SCHOOLS | W90: =SUM(F82,F90) -> 325 | X90: =SUM(G82,G90) -> 325 | Y90: =SUM(H82,H90) -> 4050000 | Z90: =SUM(I82,I90) -> 3834000 | AA90: =SUM(J82,J90) -> 2489000 | AB90: =SUM(K82,K90) -> 2489000 | AC90: =SUM(L82,L90) -> 1173000 | AD90: =SUM(M82,M90) -> 79000 | ... AK90: =SUM(T82,T90) -> 172000
A91: 3003450 | B91: Belt H S | C91: Montana | D91: MT | E91: 2016 | F91: 83 | G91: 83 | H91: 1675000 | I91: 1591000 | J91: 1028000 | K91: 1028000 | L91: 563000 | M91: 74000 | N91: 4000 | O91: 110000 | P91: 68000 | Q91: 193000 | R91: 75000 | S91: 39000 | T91: 0 | V91: BELT PUBLIC SCHOOLS | W91: =SUM(F83,F91) -> 333 | X91: =SUM(G83,G91) -> 333 | Y91: =SUM(H83,H91) -> 4145000 | Z91: =SUM(I83,I91) -> 3786000 | AA91: =SUM(J83,J91) -> 2488000 | AB91: =SUM(K83,K91) -> 2488000 | AC91: =SUM(L83,L91) -> 1113000 | AD91: =SUM(M83,M91) -> 79000 | ... AK91: =SUM(T83,T91) -> 185000
A92: 3003450 | B92: Belt H S | C92: Montana | D92: MT | E92: 2017 | F92: 86 | G92: 86 | H92: 1875000 | I92: 1862000 | J92: 1231000 | K92: 1231000 | L92: 631000 | M92: 31000 | N92: 3000 | O92: 98000 | P92: 68000 | Q92: 285000 | R92: 99000 | S92: 47000 | T92: 0 | V92: BELT PUBLIC SCHOOLS | W92: =SUM(F84,F92) -> 333 | X92: =SUM(G84,G92) -> 333 | Y92: =SUM(H84,H92) -> 4357000 | Z92: =SUM(I84,I92) -> 4232000 | AA92: =SUM(J84,J92) -> 2535000 | AB92: =SUM(K84,K92) -> 2535000 | AC92: =SUM(L84,L92) -> 1470000 | AD92: =SUM(M84,M92) -> 36000 | ... AK92: =SUM(T84,T92) -> 227000
A93: 3003450 | B93: Belt H S | C93: Montana | D93: MT | E93: 2018 | F93: 75 | G93: 75 | H93: 3589000 | I93: 1546000 | J93: 996000 | K93: 996000 | L93: 550000 | M93: 0 | N93: 3000 | O93: 107000 | P93: 82000 | Q93: 210000 | R93: 110000 | S93: 38000 | T93: 0 | V93: BELT PUBLIC SCHOOLS | W93: =SUM(F85,F93) -> 332 | X93: =SUM(G85,G93) -> 332 | Y93: =SUM(H85,H93) -> 8943000 | Z93: =SUM(I85,I93) -> 4022000 | AA93: =SUM(J85,J93) -> 2553000 | AB93: =SUM(K85,K93) -> 2553000 | AC93: =SUM(L85,L93) -> 1268000 | AD93: =SUM(M85,M93) -> 5000 | ... AK93: =SUM(T85,T93) -> 201000
A94: 3003450 | B94: Belt H S | C94: Montana | D94: MT | E94: 2019 | F94: 77 | G94: 77 | H94: 1633000 | I94: 1564000 | J94: 998000 | K94: 998000 | L94: 566000 | M94: 0 | N94: 4000 | O94: 112000 | P94: 75000 | Q94: 240000 | R94: 97000 | S94: 38000 | T94: 0 | V94: BELT PUBLIC SCHOOLS | W94: =SUM(F86,F94) -> 303 | X94: =SUM(G86,G94) -> 303 | Y94: =SUM(H86,H94) -> 4453000 | Z94: =SUM(I86,I94) -> 4205000 | AA94: =SUM(J86,J94) -> 2477000 | AB94: =SUM(K86,K94) -> 2477000 | AC94: =SUM(L86,L94) -> 1493000 | AD94: =SUM(M86,M94) -> 1000 | ... AK94: =SUM(T86,T94) -> 235000
A95: 3003450 | B95: Belt H S | C95: Montana | D95: MT | E95: 2020 | F95: 81 | G95: 81 | H95: 1663000 | I95: 1625000 | J95: 1062000 | K95: 1062000 | L95: 563000 | M95: 0 | N95: 4000 | O95: 102000 | P95: 80000 | Q95: 251000 | R95: 90000 | S95: 36000 | T95: 0 | V95: BELT PUBLIC SCHOOLS | W95: =SUM(F87,F95) -> 332 | X95: =SUM(G87,G95) -> 332 | Y95: =SUM(H87,H95) -> 4431000 | Z95: =SUM(I87,I95) -> 4239000 | AA95: =SUM(J87,J95) -> 2510000 | AB95: =SUM(K87,K95) -> 2510000 | AC95: =SUM(L87,L95) -> 1449000 | AD95: =SUM(M87,M95) -> 0 | ... AK95: =SUM(T87,T95) -> 280000
A96: 3003450 | B96: Belt H S | C96: Montana | D96: MT | E96: 2021 | F96: 81 | G96: 81 | H96: 1782000 | I96: 1688000 | J96: 1088000 | K96: 1088000 | L96: 600000 | M96: 0 | N96: 3000 | O96: 90000 | P96: 85000 | Q96: 276000 | R96: 102000 | S96: 44000 | T96: 0 | V96: BELT PUBLIC SCHOOLS | W96: =SUM(F88,F96) -> 334 | X96: =SUM(G88,G96) -> 334 | Y96: =SUM(H88,H96) -> 4561000 | Z96: =SUM(I88,I96) -> 4254000 | AA96: =SUM(J88,J96) -> 2569000 | AB96: =SUM(K88,K96) -> 2569000 | AC96: =SUM(L88,L96) -> 1437000 | AD96: =SUM(M88,M96) -> 0 | ... AK96: =SUM(T88,T96) -> 248000
A97: 3003450 | B97: Belt H S | C97: Montana | D97: MT | E97: 2022 | F97: 83 | G97: 83 | H97: 1806000 | I97: 1708000 | J97: 1082000 | K97: 1082000 | L97: 626000 | M97: 0 | N97: 3000 | O97: 101000 | P97: 78000 | Q97: 279000 | R97: 118000 | S97: 47000 | T97: 0 | V97: BELT PUBLIC SCHOOLS | W97: =SUM(F89,F97) -> 358 | X97: =SUM(G89,G97) -> 358 | Y97: =SUM(H89,H97) -> 4799000 | Z97: =SUM(I89,I97) -> 4313000 | AA97: =SUM(J89,J97) -> 2575000 | AB97: =SUM(K89,K97) -> 2575000 | AC97: =SUM(L89,L97) -> 1450000 | AD97: =SUM(M89,M97) -> 0 | ... AK97: =SUM(T89,T97) -> 288000
A98: 3003820 | B98: Bigfork Elem | C98: Montana | D98: MT | E98: 2015 | F98: 556 | G98: 556 | H98: 5042000 | I98: 4740000 | J98: 3083000 | K98: 3083000 | L98: 1657000 | M98: 264000 | N98: 110000 | O98: 148000 | P98: 270000 | Q98: 421000 | R98: 299000 | S98: 145000 | T98: 0
A99: 3003820 | B99: Bigfork Elem | C99: Montana | D99: MT | E99: 2016 | F99: 568 | G99: 568 | H99: 5163000 | I99: 4832000 | J99: 3115000 | K99: 3115000 | L99: 1717000 | M99: 318000 | N99: 92000 | O99: 146000 | P99: 295000 | Q99: 440000 | R99: 309000 | S99: 117000 | T99: 0
A100: 3003820 | B100: Bigfork Elem | C100: Montana | D100: MT | E100: 2017 | F100: 582 | G100: 582 | H100: 5404000 | I100: 5166000 | J100: 3311000 | K100: 3311000 | L100: 1855000 | M100: 311000 | N100: 157000 | O100: 171000 | P100: 310000 | Q100: 450000 | R100: 334000 | S100: 122000 | T100: 0
...

Sheet Complete Dup Match NCES Data
A1: identifier | B1: NAME | C1: Year | D1: State | E1: state_abv | F1: district_contributions | G1: state_contributions | H1: total_contributions | I1: V33 | J1: MEMBERSCH | K1: TOTALEXP | L1: TCURELSC | M1: TCURINST | N1: E13 | O1: TCURSSVC | P1: E17 | Q1: E07 | R1: E08 | S1: E09 | T1: V40 | U1: V45 | V1: V90 | W1: E11
A2: =C2&B2 -> 2015ABSAROKEE PUBLIC SCHOOLS | B2: ABSAROKEE PUBLIC SCHOOLS | C2: 2015 | D2: Montana | E2: MT | F2: =VLOOKUP(A2,Final!$A$2:$J$3387,8,FALSE) -> 120631 | G2: =VLOOKUP(A2,Final!$A$2:$J$3387,9,FALSE) -> 81243 | H2: =VLOOKUP(A2,Final!$A$2:$J$3387,10,FALSE) -> 201874 | I2: 250 | J2: 250 | K2: 3615000 | L2: 3525000 | M2: 2193000 | N2: 2193000 | O2: 1165000 | P2: 2000 | Q2: 27000 | R2: 158000 | S2: 184000 | T2: 460000 | U2: 192000 | V2: 142000 | W2: 167000
A3: =C3&B3 -> 2016ABSAROKEE PUBLIC SCHOOLS | B3: ABSAROKEE PUBLIC SCHOOLS | C3: 2016 | D3: Montana | E3: MT | F3: =VLOOKUP(A3,Final!$A$2:$J$3387,8,FALSE) -> 118406 | G3: =VLOOKUP(A3,Final!$A$2:$J$3387,9,FALSE) -> 77343 | H3: =VLOOKUP(A3,Final!$A$2:$J$3387,10,FALSE) -> 195749 | I3: 242 | J3: 242 | K3: 3684000 | L3: 3590000 | M3: 2097000 | N3: 2097000 | O3: 1327000 | P3: 0 | Q3: 53000 | R3: 160000 | S3: 164000 | T3: 639000 | U3: 157000 | V3: 154000 | W3: 166000
A4: =C4&B4 -> 2017ABSAROKEE PUBLIC SCHOOLS | B4: ABSAROKEE PUBLIC SCHOOLS | C4: 2017 | D4: Montana | E4: MT | F4: =VLOOKUP(A4,Final!$A$2:$J$3387,8,FALSE) -> 124122 | G4: =VLOOKUP(A4,Final!$A$2:$J$3387,9,FALSE) -> 78802 | H4: =VLOOKUP(A4,Final!$A$2:$J$3387,10,FALSE) -> 202924 | I4: 232 | J4: 232 | K4: 3403000 | L4: 3364000 | M4: 2060000 | N4: 2060000 | O4: 1139000 | P4: 0 | Q4: 48000 | R4: 168000 | S4: 179000 | T4: 416000 | U4: 164000 | V4: 164000 | W4: 165000
A5: =C5&B5 -> 2018ABSAROKEE PUBLIC SCHOOLS | B5: ABSAROKEE PUBLIC SCHOOLS | C5: 2018 | D5: Montana | E5: MT | F5: =VLOOKUP(A5,Final!$A$2:$J$3387,8,FALSE) -> 124809 | G5: =VLOOKUP(A5,Final!$A$2:$J$3387,9,FALSE) -> 77839 | H5: =VLOOKUP(A5,Final!$A$2:$J$3387,10,FALSE) -> 202648 | I5: 242 | J5: 242 | K5: 3399000 | L5: 3385000 | M5: 2059000 | N5: 2059000 | O5: 1150000 | P5: 0 | Q5: 64000 | R5: 194000 | S5: 173000 | T5: 367000 | U5: 187000 | V5: 165000 | W5: 176000
A6: =C6&B6 -> 2019ABSAROKEE PUBLIC SCHOOLS | B6: ABSAROKEE PUBLIC SCHOOLS | C6: 2019 | D6: Montana | E6: MT | F6: =VLOOKUP(A6,Final!$A$2:$J$3387,8,FALSE) -> 122946 | G6: =VLOOKUP(A6,Final!$A$2:$J$3387,9,FALSE) -> 74508 | H6: =VLOOKUP(A6,Final!$A$2:$J$3387,10,FALSE) -> 197454 | I6: 230 | J6: 230 | K6: 3680000 | L6: 3559000 | M6: 2207000 | N6: 2207000 | O6: 1195000 | P6: 3000 | Q6: 55000 | R6: 195000 | S6: 104000 | T6: 496000 | U6: 157000 | V6: 185000 | W6: 157000
A7: =C7&B7 -> 2020ABSAROKEE PUBLIC SCHOOLS | B7: ABSAROKEE PUBLIC SCHOOLS | C7: 2020 | D7: Montana | E7: MT | F7: =VLOOKUP(A7,Final!$A$2:$J$3387,8,FALSE) -> 122004 | G7: =VLOOKUP(A7,Final!$A$2:$J$3387,9,FALSE) -> 72066 | H7: =VLOOKUP(A7,Final!$A$2:$J$3387,10,FALSE) -> 194070 | I7: 207 | J7: 207 | K7: 3377000 | L7: 3277000 | M7: 2054000 | N7: 2054000 | O7: 1094000 | P7: 0 | Q7: 40000 | R7: 112000 | S7: 229000 | T7: 434000 | U7: 131000 | V7: 148000 | W7: 129000
A8: =C8&B8 -> 2021ABSAROKEE PUBLIC SCHOOLS | B8: ABSAROKEE PUBLIC SCHOOLS | C8: 2021 | D8: Montana | E8: MT | F8: =VLOOKUP(A8,Final!$A$2:$J$3387,8,FALSE) -> 135525 | G8: =VLOOKUP(A8,Final!$A$2:$J$3387,9,FALSE) -> 77284 | H8: =VLOOKUP(A8,Final!$A$2:$J$3387,10,FALSE) -> 212809 | I8: 179 | J8: 179 | K8: 3611000 | L8: 3593000 | M8: 2080000 | N8: 2080000 | O8: 1386000 | P8: 72000 | Q8: 134000 | R8: 153000 | S8: 235000 | T8: 508000 | U8: 123000 | V8: 161000 | W8: 127000
A9: =C9&B9 -> 2022ABSAROKEE PUBLIC SCHOOLS | B9: ABSAROKEE PUBLIC SCHOOLS | C9: 2022 | D9: Montana | E9: MT | F9: =VLOOKUP(A9,Final!$A$2:$J$3387,8,FALSE) -> 128472 | G9: =VLOOKUP(A9,Final!$A$2:$J$3387,9,FALSE) -> 70848 | H9: =VLOOKUP(A9,Final!$A$2:$J$3387,10,FALSE) -> 199320 | I9: 170 | J9: 170 | K9: 3696000 | L9: 3495000 | M9: 1974000 | N9: 1974000 | O9: 1369000 | P9: 166000 | Q9: 116000 | R9: 133000 | S9: 275000 | T9: 380000 | U9: 135000 | V9: 164000 | W9: 152000
A10: =C10&B10 -> 2015ANACONDA PUBLIC SCHOOLS | B10: ANACONDA PUBLIC SCHOOLS | C10: 2015 | D10: Montana | E10: MT | F10: =VLOOKUP(A10,Final!$A$2:$J$3387,8,FALSE) -> 447604 | G10: =VLOOKUP(A10,Final!$A$2:$J$3387,9,FALSE) -> 300111 | H10: =VLOOKUP(A10,Final!$A$2:$J$3387,10,FALSE) -> 747715 | I10: 1072 | J10: 1072 | K10: 12035000 | L10: 11859000 | M10: 6358000 | N10: 6358000 | O10: 5056000 | P10: 1241000 | Q10: 443000 | R10: 315000 | S10: 927000 | T10: 1292000 | U10: 380000 | V10: 458000 | W10: 445000
A11: =C11&B11 -> 2016ANACONDA PUBLIC SCHOOLS | B11: ANACONDA PUBLIC SCHOOLS | C11: 2016 | D11: Montana | E11: MT | F11: =VLOOKUP(A11,Final!$A$2:$J$3387,8,FALSE) -> 472023 | G11: =VLOOKUP(A11,Final!$A$2:$J$3387,9,FALSE) -> 307700 | H11: =VLOOKUP(A11,Final!$A$2:$J$3387,10,FALSE) -> 779723 | I11: 1075 | J11: 1075 | K11: 13126000 | L11: 12956000 | M11: 7082000 | N11: 7082000 | O11: 5437000 | P11: 1100000 | Q11: 561000 | R11: 356000 | S11: 960000 | T11: 1569000 | U11: 383000 | V11: 508000 | W11: 437000
A12: =C12&B12 -> 2017ANACONDA PUBLIC SCHOOLS | B12: ANACONDA PUBLIC SCHOOLS | C12: 2017 | D12: Montana | E12: MT | F12: =VLOOKUP(A12,Final!$A$2:$J$3387,8,FALSE) -> 512744 | G12: =VLOOKUP(A12,Final!$A$2:$J$3387,9,FALSE) -> 325481 | H12: =VLOOKUP(A12,Final!$A$2:$J$3387,10,FALSE) -> 838225 | I12: 1067 | J12: 1067 | K12: 13162000 | L12: 12353000 | M12: 6928000 | N12: 6928000 | O12: 4988000 | P12: 1094000 | Q12: 406000 | R12: 360000 | S12: 880000 | T12: 1304000 | U12: 404000 | V12: 540000 | W12: 437000
A13: =C13&B13 -> 2018ANACONDA PUBLIC SCHOOLS | B13: ANACONDA PUBLIC SCHOOLS | C13: 2018 | D13: Montana | E13: MT | F13: =VLOOKUP(A13,Final!$A$2:$J$3387,8,FALSE) -> 508155 | G13: =VLOOKUP(A13,Final!$A$2:$J$3387,9,FALSE) -> 315893 | H13: =VLOOKUP(A13,Final!$A$2:$J$3387,10,FALSE) -> 824048 | I13: 1108 | J13: 1108 | K13: 15696000 | L13: 12523000 | M13: 7072000 | N13: 7072000 | O13: 4967000 | P13: 1068000 | Q13: 578000 | R13: 354000 | S13: 832000 | T13: 1055000 | U13: 342000 | V13: 738000 | W13: 484000
... A681: =C681&B681 -> 2022WOLF POINT PUBLIC SCHOOLS | B681: WOLF POINT PUBLIC SCHOOLS | C681: 2022 | D681: Montana | E681: MT | F681: =VLOOKUP(A681,Final!$A$2:$J$3387,8,FALSE) -> 435104 | G681: =VLOOKUP(A681,Final!$A$2:$J$3387,9,FALSE) -> 240249 | H681: =VLOOKUP(A681,Final!$A$2:$J$3387,10,FALSE) -> 675353 | I681: 767 | J681: 767 | K681: 13597000 | L681: 12084000 | M681: 6692000 | N681: 6692000 | O681: 4808000 | P681: 1107000 | Q681: 395000 | R681: 458000 | S681: 753000 | T681: 1256000 | U681: 165000 | V681: 674000 | W681: 584000

Sheet Collection -->

Sheet Data As Collected
A1: year | B1: code | C1: employer | D1: contributions
A2: 2015 | B2: 10071 | C2: GRANT ELEMENTARY | D2: 4996
A3: 2015 | B3: 10071 | C3: States Proportionate Share | D3: 3840
A4: 2015 | B4: 10101 | C4: DILLON ELEMENTARY | D4: 290107
A5: 2015 | B5: 10101 | C5: States Proportionate Share | D5: 194686
A6: 2015 | B6: 10111 | C6: WISE RIVER ELEMENTARY | D6: 5906
A7: 2015 | B7: 10111 | C7: States Proportionate Share | D7: 4449
A8: 2015 | B8: 10121 | C8: LIMA K-12 SCHOOL | D8: 41357
A9: 2015 | B9: 10121 | C9: States Proportionate Share | D9: 28179
A10: 2015 | B10: 10161 | C10: WISDOM ELEMENTARY | D10: 5151
A11: 2015 | B11: 10161 | C11: States Proportionate Share | D11: 3944
A12: 2015 | B12: 10211 | C12: POLARIS ELEMENTARY | D12: -
A13: 2015 | B13: 10211 | C13: States Proportionate Share | D13: -
A14: 2015 | B14: 10241 | C14: JACKSON ELEMENTARY | D14: 4259
A15: 2015 | B15: 10241 | C15: States Proportionate Share | D15: 3347
A16: 2015 | B16: 10261 | C16: REICHLE ELEMENTARY | D16: 5925
A17: 2015 | B17: 10261 | C17: States Proportionate Share | D17: 4462
A18: 2015 | B18: 19981 | C18: BEAVERHEAD COUNTY HIGH SCHOOL | D18: 154694
A19: 2015 | B19: 19981 | C19: States Proportionate Share | D19: 104044
A20: 2015 | B20: 20011 | C20: SPRING CREEK ELEMENTARY | D20: 3873
A21: 2015 | B21: 20011 | C21: States Proportionate Share | D21: 3088
A22: 2015 | B22: 20021 | C22: PRYOR SCHOOL DISTRICT | D22: 71088
A23: 2015 | B23: 20021 | C23: States Proportionate Share | D23: 48081
A24: 2015 | B24: 20171 | C24: HARDIN PUBLIC SCHOOL | D24: 877877
A25: 2015 | B25: 20171 | C25: States Proportionate Share | D25: 588125
... A71: 2015 | B71: 60561 | C71: States Proportionate Share | D71: 2102
A72: 2015 | B72: 69991 | C72: CLERK AND RECORDER | D72: -
A73: 2015 | B73: 69991 | C73: States Proportionate Share | D73: -
A74: 2015 | B74: 70011 | C74: GREAT FALLS PUBLIC SCHOOLS | D74: 4286586
A75: 2015 | B75: 70011 | C75: States Proportionate Share | D75: 2869832
A76: 2015 | B76: 70031 | C76: CASCADE PUBLIC SCHOOLS | D76: 125052
A77: 2015 | B77: 70031 | C77: States Proportionate Share | D77: 84203
A78: 2015 | B78: 70051 | C78: CENTERVILLE PUBLIC SCHOOLS | D78: 113827
A79: 2015 | B79: 70051 | C79: States Proportionate Share | D79: 76689
A80: 2015 | B80: 70291 | C80: BELT PUBLIC SCHOOLS | D80: 131726
A81: 2015 | B81: 70291 | C81: States Proportionate Share | D81: 88670
A82: 2015 | B82: 70551 | C82: SUN RIVER VALLEY PUBLIC SCHLS | D82: 121846
A83: 2015 | B83: 70551 | C83: States Proportionate Share | D83: 82057
A84: 2015 | B84: 70741 | C84: VAUGHN ELEMENTARY | D84: 48827
A85: 2015 | B85: 70741 | C85: States Proportionate Share | D85: 33180
... A213: 2015 | B213: 159951 | C213: States Proportionate Share | D213: 27808
A214: 2015 | B214: 159961 | C214: FLATHEAD CROSSROADS | D214: -
A215: 2015 | B215: 159961 | C215: States Proportionate Share | D215: -
A216: 2015 | B216: 159971 | C216: FLATHEAD COMMUNITY COLLEGE | D216: 461017
A217: 2015 | B217: 159971 | C217: States Proportionate Share | D217: 309089
A218: 2015 | B218: 159991 | C218: FLATHEAD COUNTY | D218: 3058
A219: 2015 | B219: 159991 | C219: States Proportionate Share | D219: 2543
A220: 2015 | B220: 160031 | C220: MANHATTAN PUBLIC SCHOOLS | D220: 240409
A221: 2015 | B221: 160031 | C221: States Proportionate Share | D221: 161420
A222: 2015 | B222: 160071 | C222: BOZEMAN PUBLIC SCHOOLS | D222: 2695321
A223: 2015 | B223: 160071 | C223: States Proportionate Share | D223: 1804678
A224: 2015 | B224: 160151 | C224: WILLOW CREEK PUBLIC SCHOOLS | D224: 38266
A225: 2015 | B225: 160151 | C225: States Proportionate Share | D225: 26110
A226: 2015 | B226: 160201 | C226: SPRINGHILL ELEMENTARY | D226: 6577
A227: 2015 | B227: 160201 | C227: States Proportionate Share | D227: 4898
... A399: 2015 | B399: 300081 | C399: States Proportionate Share | D399: 69661
A400: 2015 | B400: 309991 | C400: MEAGHER COUNTY | D400: -
A401: 2015 | B401: 309991 | C401: States Proportionate Share | D401: -
A402: 2015 | B402: 310021 | C402: ALBERTON K-12 SCHOOLS | D402: 79571
A403: 2015 | B403: 310021 | C403: States Proportionate Share | D403: 53759
A404: 2015 | B404: 310031 | C404: SUPERIOR K-12 SCHOOLS | D404: 132762
A405: 2015 | B405: 310031 | C405: States Proportionate Share | D405: 89364
A406: 2015 | B406: 310061 | C406: ST REGIS K-12 SCHOOLS | D406: 84830
A407: 2015 | B407: 310061 | C407: States Proportionate Share | D407: 57279
A408: 2015 | B408: 320011 | C408: MISSOULA COUNTY PUBLIC SCHOOLS | D408: 3775820
A409: 2015 | B409: 320011 | C409: States Proportionate Share | D409: 2527938
A410: 2015 | B410: 320041 | C410: HELLGATE ELEMENTARY | D410: 553479
A411: 2015 | B411: 320041 | C411: States Proportionate Share | D411: 370981
A412: 2015 | B412: 320071 | C412: LOLO ELEMENTARY | D412: 219359
A413: 2015 | B413: 320071 | C413: States Proportionate Share | D413: 147330
... A481: 2015 | B481: 379951 | C481: States Proportionate Share | D481: 61973
A482: 2015 | B482: 379991 | C482: CLERK AND RECORDER | D482: -
A483: 2015 | B483: 379991 | C483: States Proportionate Share | D483: -
A484: 2015 | B484: 380061 | C484: BIDDLE ELEMENTARY | D484: 2429
A485: 2015 | B485: 380061 | C485: States Proportionate Share | D485: 2122
A486: 2015 | B486: 380791 | C486: BROADUS PUBLIC SCHOOLS | D486: 122170
A487: 2015 | B487: 380791 | C487: States Proportionate Share | D487: 82274
A488: 2015 | B488: 380901 | C488: SOUTH STACEY ELEMENTARY | D488: 1911
A489: 2015 | B489: 380901 | C489: States Proportionate Share | D489: 1775
A490: 2015 | B490: 389951 | C490: TRI-COUNTY CO-OP | D490: 2898
A491: 2015 | B491: 389951 | C491: States Proportionate Share | D491: 2436
A492: 2015 | B492: 390011 | C492: DEER LODGE ELEMENTARY | D492: 190629
A493: 2015 | B493: 390011 | C493: States Proportionate Share | D493: 128098
A494: 2015 | B494: 390111 | C494: OVANDO ELEMENTARY | D494: 7634
A495: 2015 | B495: 390111 | C495: States Proportionate Share | D495: 5606
... A647: 2015 | B647: 519951 | C647: States Proportionate Share | D647: 1807
A648: 2015 | B648: 519991 | C648: CLERK AND RECORDER | D648: -
A649: 2015 | B649: 519991 | C649: States Proportionate Share | D649: -
A650: 2015 | B650: 520071 | C650: HYSHAM SCHOOLS | D650: 51731
A651: 2015 | B651: 520071 | C651: States Proportionate Share | D651: 35123
A652: 2015 | B652: 530011 | C652: GLASGOW K-12 SCHOOLS | D652: 343980
A653: 2015 | B653: 530011 | C653: States Proportionate Share | D653: 230748
A654: 2015 | B654: 530021 | C654: FRAZER PUBLIC SCHOOLS | D654: 102436
A655: 2015 | B655: 530021 | C655: States Proportionate Share | D655: 69064
A656: 2015 | B656: 530071 | C656: HINSDALE PUBLIC SCHOOLS | D656: 45753
A657: 2015 | B657: 530071 | C657: States Proportionate Share | D657: 31122
A658: 2015 | B658: 530091 | C658: OPHEIM K-12 SCHOOLS | D658: 36521
A659: 2015 | B659: 530091 | C659: States Proportionate Share | D659: 24942
A660: 2015 | B660: 530131 | C660: NASHUA K-12 SCHOOLS | D660: 67541
A661: 2015 | B661: 530131 | C661: States Proportionate Share | D661: 45706
...

Sheet Only State
A1: year | B1: code | C1: employer | D1: state_contributions
A2: 2015 | B2: 10071 | C2: States Proportionate Share | D2: 3840
A3: 2015 | B3: 10101 | C3: States Proportionate Share | D3: 194686
A4: 2015 | B4: 10111 | C4: States Proportionate Share | D4: 4449
A5: 2015 | B5: 10121 | C5: States Proportionate Share | D5: 28179
A6: 2015 | B6: 10161 | C6: States Proportionate Share | D6: 3944
A7: 2015 | B7: 10211 | C7: States Proportionate Share | D7: -
A8: 2015 | B8: 10241 | C8: States Proportionate Share | D8: 3347
A9: 2015 | B9: 10261 | C9: States Proportionate Share | D9: 4462
A10: 2015 | B10: 19981 | C10: States Proportionate Share | D10: 104044
A11: 2015 | B11: 20011 | C11: States Proportionate Share | D11: 3088
A12: 2015 | B12: 20021 | C12: States Proportionate Share | D12: 48081
A13: 2015 | B13: 20171 | C13: States Proportionate Share | D13: 588125
A14: 2015 | B14: 20271 | C14: States Proportionate Share | D14: 112148
A15: 2015 | B15: 20291 | C15: States Proportionate Share | D15: 44621
A16: 2015 | B16: 30061 | C16: States Proportionate Share | D16: 2511
A17: 2015 | B17: 30101 | C17: States Proportionate Share | D17: 99648
A18: 2015 | B18: 30121 | C18: States Proportionate Share | D18: 192899
A19: 2015 | B19: 30141 | C19: States Proportionate Share | D19: 2606
... A36: 2015 | B36: 60561 | C36: States Proportionate Share | D36: 2102
A37: 2015 | B37: 69991 | C37: States Proportionate Share | D37: -
A38: 2015 | B38: 70011 | C38: States Proportionate Share | D38: 2869832
A39: 2015 | B39: 70031 | C39: States Proportionate Share | D39: 84203
A40: 2015 | B40: 70051 | C40: States Proportionate Share | D40: 76689
A41: 2015 | B41: 70291 | C41: States Proportionate Share | D41: 88670
A42: 2015 | B42: 70551 | C42: States Proportionate Share | D42: 82057
A43: 2015 | B43: 70741 | C43: States Proportionate Share | D43: 33180
A44: 2015 | B44: 70851 | C44: States Proportionate Share | D44: 25877
A45: 2015 | B45: 79951 | C45: States Proportionate Share | D45: 22739
A46: 2015 | B46: 79991 | C46: States Proportionate Share | D46: 2748
A47: 2015 | B47: 80011 | C47: States Proportionate Share | D47: 84135
A48: 2015 | B48: 80111 | C48: States Proportionate Share | D48: 48623
A49: 2015 | B49: 80281 | C49: States Proportionate Share | D49: 36996
... A107: 2015 | B107: 159951 | C107: States Proportionate Share | D107: 27808
A108: 2015 | B108: 159961 | C108: States Proportionate Share | D108: -
A109: 2015 | B109: 159971 | C109: States Proportionate Share | D109: 309089
A110: 2015 | B110: 159991 | C110: States Proportionate Share | D110: 2543
A111: 2015 | B111: 160031 | C111: States Proportionate Share | D111: 161420
A112: 2015 | B112: 160071 | C112: States Proportionate Share | D112: 1804678
A113: 2015 | B113: 160151 | C113: States Proportionate Share | D113: 26110
A114: 2015 | B114: 160201 | C114: States Proportionate Share | D114: 4898
A115: 2015 | B115: 160221 | C115: States Proportionate Share | D115: 5161
A116: 2015 | B116: 160241 | C116: States Proportionate Share | D116: 132050
A117: 2015 | B117: 160251 | C117: States Proportionate Share | D117: 3343
A118: 2015 | B118: 160271 | C118: States Proportionate Share | D118: 87604
A119: 2015 | B119: 160351 | C119: States Proportionate Share | D119: 41934
A120: 2015 | B120: 160411 | C120: States Proportionate Share | D120: 56914
... A200: 2015 | B200: 300081 | C200: States Proportionate Share | D200: 69661
A201: 2015 | B201: 309991 | C201: States Proportionate Share | D201: -
A202: 2015 | B202: 310021 | C202: States Proportionate Share | D202: 53759
A203: 2015 | B203: 310031 | C203: States Proportionate Share | D203: 89364
A204: 2015 | B204: 310061 | C204: States Proportionate Share | D204: 57279
A205: 2015 | B205: 320011 | C205: States Proportionate Share | D205: 2527938
A206: 2015 | B206: 320041 | C206: States Proportionate Share | D206: 370981
A207: 2015 | B207: 320071 | C207: States Proportionate Share | D207: 147330
A208: 2015 | B208: 320111 | C208: States Proportionate Share | D208: 25887
A209: 2015 | B209: 320141 | C209: States Proportionate Share | D209: 93321
A210: 2015 | B210: 320181 | C210: States Proportionate Share | D210: 11875
A211: 2015 | B211: 320201 | C211: States Proportionate Share | D211: 36237
A212: 2015 | B212: 320231 | C212: States Proportionate Share | D212: 128992
A213: 2015 | B213: 320301 | C213: States Proportionate Share | D213: 2622
... A241: 2015 | B241: 379951 | C241: States Proportionate Share | D241: 61973
A242: 2015 | B242: 379991 | C242: States Proportionate Share | D242: -
A243: 2015 | B243: 380061 | C243: States Proportionate Share | D243: 2122
A244: 2015 | B244: 380791 | C244: States Proportionate Share | D244: 82274
A245: 2015 | B245: 380901 | C245: States Proportionate Share | D245: 1775
A246: 2015 | B246: 389951 | C246: States Proportionate Share | D246: 2436
A247: 2015 | B247: 390011 | C247: States Proportionate Share | D247: 128098
A248: 2015 | B248: 390111 | C248: States Proportionate Share | D248: 5606
A249: 2015 | B249: 390151 | C249: States Proportionate Share | D249: 8188
A250: 2015 | B250: 390201 | C250: States Proportionate Share | D250: 5482
A251: 2015 | B251: 390271 | C251: States Proportionate Share | D251: 4335
A252: 2015 | B252: 390291 | C252: States Proportionate Share | D252: 6523
A253: 2015 | B253: 390331 | C253: States Proportionate Share | D253: 3115
A254: 2015 | B254: 399951 | C254: States Proportionate Share | D254: 28246
... A324: 2015 | B324: 519951 | C324: States Proportionate Share | D324: 1807
A325: 2015 | B325: 519991 | C325: States Proportionate Share | D325: -
A326: 2015 | B326: 520071 | C326: States Proportionate Share | D326: 35123
A327: 2015 | B327: 530011 | C327: States Proportionate Share | D327: 230748
A328: 2015 | B328: 530021 | C328: States Proportionate Share | D328: 69064
A329: 2015 | B329: 530071 | C329: States Proportionate Share | D329: 31122
A330: 2015 | B330: 530091 | C330: States Proportionate Share | D330: 24942
A331: 2015 | B331: 530131 | C331: States Proportionate Share | D331: 45706
A332: 2015 | B332: 530231 | C332: States Proportionate Share | D332: 9599
A333: 2015 | B333: 540161 | C333: States Proportionate Share | D333: 87760
A334: 2015 | B334: 540201 | C334: States Proportionate Share | D334: -
A335: 2015 | B335: 540211 | C335: States Proportionate Share | D335: 19352
A336: 2015 | B336: 549981 | C336: States Proportionate Share | D336: 1672
A337: 2015 | B337: 550061 | C337: States Proportionate Share | D337: 76932
A338: 2015 | B338: 559991 | C338: States Proportionate Share | D338: 4672
A339: 2015 | B339: 560021 | C339: States Proportionate Share | D339: 4381085
A340: 2015 | B340: 560031 | C340: States Proportionate Share | D340: 43431
A341: 2015 | B341: 560041 | C341: States Proportionate Share | D341: 53971
A342: 2015 | B342: 560071 | C342: States Proportionate Share | D342: 475130
A343: 2015 | B343: 560081 | C343: States Proportionate Share | D343: 96201
A344: 2015 | B344: 560151 | C344: States Proportionate Share | D344: 34411
A345: 2015 | B345: 560171 | C345: States Proportionate Share | D345: 12792
A346: 2015 | B346: 560211 | C346: States Proportionate Share | D346: 55614
... A359: 2015 | B359: 575101 | C359: States Proportionate Share | D359: 4426
A360: 2015 | B360: 575102 | C360: States Proportionate Share | D360: -
...

Sheet Unique Check
A1: 10071 | B1: GRANT ELEMENTARY | C1: =_xlfn.TEXTJOIN("*",TRUE,A1:B1) -> 10071*GRANT ELEMENTARY | E1: {=_xlfn.UNIQUE(C:C)} -> 10071*GRANT ELEMENTARY | H1: 10071 | I1: GRANT ELEMENTARY | K1: {=_xlfn.UNIQUE(A:A)} -> 10071 | L1: {=_xlfn.UNIQUE(B:B)} -> GRANT ELEMENTARY | M1: =H1=K1 -> TRUE | N1: =I1=L1 -> TRUE
A2: 10071 | B2: GRANT ELEMENTARY | C2: =_xlfn.TEXTJOIN("*",TRUE,A2:B2) -> 10071*GRANT ELEMENTARY | E2: 10101*DILLON ELEMENTARY | H2: 10101 | I2: DILLON ELEMENTARY | K2: 10101 | L2: DILLON ELEMENTARY | M2: =H2=K2 -> TRUE | N2: =I2=L2 -> TRUE
A3: 10071 | B3: GRANT ELEMENTARY | C3: =_xlfn.TEXTJOIN("*",TRUE,A3:B3) -> 10071*GRANT ELEMENTARY | E3: 10111*WISE RIVER ELEMENTARY | H3: 10111 | I3: WISE RIVER ELEMENTARY | K3: 10111 | L3: WISE RIVER ELEMENTARY | M3: =H3=K3 -> TRUE | N3: =I3=L3 -> TRUE
A4: 10071 | B4: GRANT ELEMENTARY | C4: =_xlfn.TEXTJOIN("*",TRUE,A4:B4) -> 10071*GRANT ELEMENTARY | E4: 10121*LIMA K-12 SCHOOL | H4: 10121 | I4: LIMA K-12 SCHOOL | K4: 10121 | L4: LIMA K-12 SCHOOL | M4: =H4=K4 -> TRUE | N4: =I4=L4 -> TRUE
A5: 10071 | B5: GRANT ELEMENTARY | C5: =_xlfn.TEXTJOIN("*",TRUE,A5:B5) -> 10071*GRANT ELEMENTARY | E5: 10161*WISDOM ELEMENTARY | H5: 10161 | I5: WISDOM ELEMENTARY | K5: 10161 | L5: WISDOM ELEMENTARY | M5: =H5=K5 -> TRUE | N5: =I5=L5 -> TRUE
A6: 10071 | B6: GRANT ELEMENTARY | C6: =_xlfn.TEXTJOIN("*",TRUE,A6:B6) -> 10071*GRANT ELEMENTARY | E6: 10211*POLARIS ELEMENTARY | H6: 10211 | I6: POLARIS ELEMENTARY | K6: 10211 | L6: POLARIS ELEMENTARY | M6: =H6=K6 -> TRUE | N6: =I6=L6 -> TRUE
A7: 10071 | B7: GRANT ELEMENTARY | C7: =_xlfn.TEXTJOIN("*",TRUE,A7:B7) -> 10071*GRANT ELEMENTARY | E7: 10241*JACKSON ELEMENTARY | H7: 10241 | I7: JACKSON ELEMENTARY | K7: 10241 | L7: JACKSON ELEMENTARY | M7: =H7=K7 -> TRUE | N7: =I7=L7 -> TRUE
A8: 10071 | B8: GRANT ELEMENTARY | C8: =_xlfn.TEXTJOIN("*",TRUE,A8:B8) -> 10071*GRANT ELEMENTARY | E8: 10261*REICHLE ELEMENTARY | H8: 10261 | I8: REICHLE ELEMENTARY | K8: 10261 | L8: REICHLE ELEMENTARY | M8: =H8=K8 -> TRUE | N8: =I8=L8 -> TRUE
A9: 10071 | B9: GRANT ELEMENTARY | C9: =_xlfn.TEXTJOIN("*",TRUE,A9:B9) -> 10071*GRANT ELEMENTARY | E9: 19981*BEAVERHEAD COUNTY HIGH SCHOOL | H9: 19981 | I9: BEAVERHEAD COUNTY HIGH SCHOOL | K9: 19981 | L9: BEAVERHEAD COUNTY HIGH SCHOOL | M9: =H9=K9 -> TRUE | N9: =I9=L9 -> TRUE
A10: 10101 | B10: DILLON ELEMENTARY | C10: =_xlfn.TEXTJOIN("*",TRUE,A10:B10) -> 10101*DILLON ELEMENTARY | E10: 20011*SPRING CREEK ELEMENTARY (20011) | H10: 20011 | I10: SPRING CREEK ELEMENTARY (20011) | K10: 20011 | L10: SPRING CREEK ELEMENTARY (20011) | M10: =H10=K10 -> TRUE | N10: =I10=L10 -> TRUE
A11: 10101 | B11: DILLON ELEMENTARY | C11: =_xlfn.TEXTJOIN("*",TRUE,A11:B11) -> 10101*DILLON ELEMENTARY | E11: 20021*PRYOR SCHOOL DISTRICT | H11: 20021 | I11: PRYOR SCHOOL DISTRICT | K11: 20021 | L11: PRYOR SCHOOL DISTRICT | M11: =H11=K11 -> TRUE | N11: =I11=L11 -> TRUE
A12: 10101 | B12: DILLON ELEMENTARY | C12: =_xlfn.TEXTJOIN("*",TRUE,A12:B12) -> 10101*DILLON ELEMENTARY | E12: 20171*HARDIN PUBLIC SCHOOL | H12: 20171 | I12: HARDIN PUBLIC SCHOOL | K12: 20171 | L12: HARDIN PUBLIC SCHOOL | M12: =H12=K12 -> TRUE | N12: =I12=L12 -> TRUE
A13: 10101 | B13: DILLON ELEMENTARY | C13: =_xlfn.TEXTJOIN("*",TRUE,A13:B13) -> 10101*DILLON ELEMENTARY | E13: 20271*LODGE GRASS PUBLIC SCHOOLS | H13: 20271 | I13: LODGE GRASS PUBLIC SCHOOLS | K13: 20271 | L13: LODGE GRASS PUBLIC SCHOOLS | M13: =H13=K13 -> TRUE | N13: =I13=L13 -> TRUE
... A384: 70741 | B384: VAUGHN ELEMENTARY | C384: =_xlfn.TEXTJOIN("*",TRUE,A384:B384) -> 70741*VAUGHN ELEMENTARY | E384: 729905*RESA REGION 5 | H384: 729905 | I384: RESA REGION 5 | K384: 729905 | L384: RESA REGION 5 | M384: =H384=K384 -> TRUE | N384: =I384=L384 -> TRUE
A385: 70741 | B385: VAUGHN ELEMENTARY | C385: =_xlfn.TEXTJOIN("*",TRUE,A385:B385) -> 70741*VAUGHN ELEMENTARY | E385: 0 | H385: 0 | K385: 0 | L385: 0 | M385: =H385=K385 -> TRUE | N385: =I385=L385 -> TRUE
A386: 70741 | B386: VAUGHN ELEMENTARY | C386: =_xlfn.TEXTJOIN("*",TRUE,A386:B386) -> 70741*VAUGHN ELEMENTARY
A387: 70741 | B387: VAUGHN ELEMENTARY | C387: =_xlfn.TEXTJOIN("*",TRUE,A387:B387) -> 70741*VAUGHN ELEMENTARY
A388: 70741 | B388: VAUGHN ELEMENTARY | C388: =_xlfn.TEXTJOIN("*",TRUE,A388:B388) -> 70741*VAUGHN ELEMENTARY
A389: 70741 | B389: VAUGHN ELEMENTARY | C389: =_xlfn.TEXTJOIN("*",TRUE,A389:B389) -> 70741*VAUGHN ELEMENTARY
A390: 70741 | B390: VAUGHN ELEMENTARY | C390: =_xlfn.TEXTJOIN("*",TRUE,A390:B390) -> 70741*VAUGHN ELEMENTARY
A391: 70741 | B391: VAUGHN ELEMENTARY | C391: =_xlfn.TEXTJOIN("*",TRUE,A391:B391) -> 70741*VAUGHN ELEMENTARY
A392: 70851 | B392: ULM ELEMENTARY | C392: =_xlfn.TEXTJOIN("*",TRUE,A392:B392) -> 70851*ULM ELEMENTARY
A393: 70851 | B393: ULM ELEMENTARY | C393: =_xlfn.TEXTJOIN("*",TRUE,A393:B393) -> 70851*ULM ELEMENTARY
A394: 70851 | B394: ULM ELEMENTARY | C394: =_xlfn.TEXTJOIN("*",TRUE,A394:B394) -> 70851*ULM ELEMENTARY
A395: 70851 | B395: ULM ELEMENTARY | C395: =_xlfn.TEXTJOIN("*",TRUE,A395:B395) -> 70851*ULM ELEMENTARY
A396: 70851 | B396: ULM ELEMENTARY | C396: =_xlfn.TEXTJOIN("*",TRUE,A396:B396) -> 70851*ULM ELEMENTARY
A397: 70851 | B397: ULM ELEMENTARY | C397: =_xlfn.TEXTJOIN("*",TRUE,A397:B397) -> 70851*ULM ELEMENTARY
... A3386: 729905 | B3386: RESA REGION 5 | C3386: =_xlfn.TEXTJOIN("*",TRUE,A3386:B3386) -> 729905*RESA REGION 5
