Workbook

Sheet Full Data
A1: LEAID | B1: Year | C1: Employer | D1: ID | E1: County | F1: Allocation
A2: =IFERROR(VLOOKUP(C2,'GASB Match'!$D$2:$F$6042,3,FALSE),"") | B2: 2015 | C2: 100 Legacy Academy Charter School | D2: 6105 | E2: Essex | F2: 9100
A3: =IFERROR(VLOOKUP(C3,'GASB Match'!$D$2:$F$6042,3,FALSE),"") -> 3400660 | B3: 2015 | C3: Absecon Bd of Ed | D3: 1020 | E3: Atlantic | F3: 282904
A4: =IFERROR(VLOOKUP(C4,'GASB Match'!$D$2:$F$6042,3,FALSE),"") -> 3400660 | B4: 2016 | C4: Absecon Bd of Ed | D4: 1020 | E4: Atlantic | F4: 418086
A5: =IFERROR(VLOOKUP(C5,'GASB Match'!$D$2:$F$6042,3,FALSE),"") -> 3400660 | B5: 2018 | C5: ABSECON BD OF ED | D5: 1020 | E5: ATLANTIC | F5: 791517
A6: =IFERROR(VLOOKUP(C6,'GASB Match'!$D$2:$F$6042,3,FALSE),"") -> 3400660 | B6: 2019 | C6: ABSECON BD OF ED | D6: 1020 | E6: ATLANTIC | F6: 1113713
A7: =IFERROR(VLOOKUP(C7,'GASB Match'!$D$2:$F$6042,3,FALSE),"") -> 3400660 | B7: 2020 | C7: ABSECON BD OF ED | D7: 1020 | E7: ATLANTIC | F7: 1228260
A8: =IFERROR(VLOOKUP(C8,'GASB Match'!$D$2:$F$6042,3,FALSE),"") -> 3400660 | B8: 2021 | C8: ABSECON BD OF ED | D8: 1020 | E8: ATLANTIC | F8: 1670181
A9: =IFERROR(VLOOKUP(C9,'GASB Match'!$D$2:$F$6042,3,FALSE),"") -> 3400660 | B9: 2022 | C9: ABSECON BD OF ED | D9: 1020 | E9: ATLANTIC | F9: 2498460
A10: =IFERROR(VLOOKUP(C10,'GASB Match'!$D$2:$F$6042,3,FALSE),"") -> 3400660 | B10: 2023 | C10: ABSECON BD OF ED | D10: 1020 | E10: ATLANTIC | F10: 2580589
A11: =IFERROR(VLOOKUP(C11,'GASB Match'!$D$2:$F$6042,3,FALSE),"") -> 3400660 | B11: 2017 | C11: Absecon Bd of Ed | D11: 1020 | E11: Atlantic | F11: 606121
A12: =IFERROR(VLOOKUP(C12,'GASB Match'!$D$2:$F$6042,3,FALSE),"") -> 3400048 | B12: 2015 | C12: Academy Charter High School | D12: 311 | E12: Monmouth | F12: 73554
A13: =IFERROR(VLOOKUP(C13,'GASB Match'!$D$2:$F$6042,3,FALSE),"") -> 3400048 | B13: 2016 | C13: Academy Charter High School | D13: 311 | E13: Monmouth | F13: 107688
... A2582: =IFERROR(VLOOKUP(C2582,'GASB Match'!$D$2:$F$6042,3,FALSE),"") -> 3400748 | B2582: 2017 | C2582: John P Holland Charter School | D2582: 662 | E2582: Passaic | F2582: 108886
A2583: =IFERROR(VLOOKUP(C2583,'GASB Match'!$D$2:$F$6042,3,FALSE),"") | B2583: 2015 | C2583: Kean University | D2583: 90412 | F2583: 185803
A2584: =IFERROR(VLOOKUP(C2584,'GASB Match'!$D$2:$F$6042,3,FALSE),"") | B2584: 2016 | C2584: Kean University | D2584: 90412 | F2584: 71938
A2585: =IFERROR(VLOOKUP(C2585,'GASB Match'!$D$2:$F$6042,3,FALSE),"") | B2585: 2018 | C2585: KEAN UNIVERSITY | D2585: 90412 | F2585: 128587
A2586: =IFERROR(VLOOKUP(C2586,'GASB Match'!$D$2:$F$6042,3,FALSE),"") | B2586: 2019 | C2586: KEAN UNIVERSITY | D2586: 90412 | F2586: 164536
A2587: =IFERROR(VLOOKUP(C2587,'GASB Match'!$D$2:$F$6042,3,FALSE),"") | B2587: 2020 | C2587: KEAN UNIVERSITY | D2587: 90412 | F2587: 161198
A2588: =IFERROR(VLOOKUP(C2588,'GASB Match'!$D$2:$F$6042,3,FALSE),"") | B2588: 2021 | C2588: KEAN UNIVERSITY | D2588: 90412 | F2588: 186039
A2589: =IFERROR(VLOOKUP(C2589,'GASB Match'!$D$2:$F$6042,3,FALSE),"") | B2589: 2022 | C2589: KEAN UNIVERSITY | D2589: 90412 | F2589: 261984
A2590: =IFERROR(VLOOKUP(C2590,'GASB Match'!$D$2:$F$6042,3,FALSE),"") | B2590: 2023 | C2590: KEAN UNIVERSITY | D2590: 90412 | F2590: 206187
A2591: =IFERROR(VLOOKUP(C2591,'GASB Match'!$D$2:$F$6042,3,FALSE),"") | B2591: 2017 | C2591: Kean University | D2591: 90412 | F2591: 100504
A2592: =IFERROR(VLOOKUP(C2592,'GASB Match'!$D$2:$F$6042,3,FALSE),"") -> 3407860 | B2592: 2015 | C2592: Keansburg Board of Education | D2592: 336 | E2592: =#REF! -> #REF! | F2592: 903488
A2593: =IFERROR(VLOOKUP(C2593,'GASB Match'!$D$2:$F$6042,3,FALSE),"") -> 3407860 | B2593: 2016 | C2593: Keansburg Board of Education | D2593: 336 | E2593: =#REF! -> #REF! | F2593: 1295339
A2594: =IFERROR(VLOOKUP(C2594,'GASB Match'!$D$2:$F$6042,3,FALSE),"") -> 3407860 | B2594: 2018 | C2594: KEANSBURG BOARD OF EDUCATION | D2594: 336 | E2594: =#REF! -> #REF! | F2594: 2401634
A2595: =IFERROR(VLOOKUP(C2595,'GASB Match'!$D$2:$F$6042,3,FALSE),"") -> 3407860 | B2595: 2019 | C2595: KEANSBURG BOARD OF EDUCATION | D2595: 336 | E2595: =#REF! -> #REF! | F2595: 3249428
A2596: =IFERROR(VLOOKUP(C2596,'GASB Match'!$D$2:$F$6042,3,FALSE),"") -> 3407860 | B2596: 2020 | C2596: KEANSBURG BOARD OF EDUCATION | D2596: 336 | E2596: =#REF! -> #REF! | F2596: 3660371
A2597: =IFERROR(VLOOKUP(C2597,'GASB Match'!$D$2:$F$6042,3,FALSE),"") -> 3407860 | B2597: 2021 | C2597: KEANSBURG BOARD OF EDUCATION | D2597: 336 | E2597: =#REF! -> #REF! | F2597: 4631461
A2598: =IFERROR(VLOOKUP(C2598,'GASB Match'!$D$2:$F$6042,3,FALSE),"") -> 3407860 | B2598: 2022 | C2598: KEANSBURG BOARD OF EDUCATION | D2598: 336 | E2598: =#REF! -> #REF! | F2598: 6288746
A2599: =IFERROR(VLOOKUP(C2599,'GASB Match'!$D$2:$F$6042,3,FALSE),"") -> 3407860 | B2599: 2023 | C2599: KEANSBURG BOARD OF EDUCATION | D2599: 336 | E2599: =#REF! -> #REF! | F2599: 5607968
A2600: =IFERROR(VLOOKUP(C2600,'GASB Match'!$D$2:$F$6042,3,FALSE),"") -> 3407860 | B2600: 2017 | C2600: Keansburg Board of Education | D2600: 336 | E2600: =#REF! -> #REF! | F2600: 1770063
A2601: =IFERROR(VLOOKUP(C2601,'GASB Match'!$D$2:$F$6042,3,FALSE),"") -> 3407890 | B2601: 2015 | C2601: Kearny Town Bd of Ed | D2601: 8030 | E2601: =#REF! -> #REF! | F2601: 2088031
A2602: =IFERROR(VLOOKUP(C2602,'GASB Match'!$D$2:$F$6042,3,FALSE),"") -> 3407890 | B2602: 2016 | C2602: Kearny Town Bd of Ed | D2602: 8030 | E2602: =#REF! -> #REF! | F2602: 3174228
A2603: =IFERROR(VLOOKUP(C2603,'GASB Match'!$D$2:$F$6042,3,FALSE),"") -> 3407890 | B2603: 2018 | C2603: KEARNY TOWN BD OF ED | D2603: 8030 | E2603: =#REF! -> #REF! | F2603: 5695362
... A3493: =IFERROR(VLOOKUP(C3493,'GASB Match'!$D$2:$F$6042,3,FALSE),"") -> 3410560 | B3493: 2017 | C3493: Montclair Bd of Ed | D3493: 6050 | E3493: =#REF! -> #REF! | F3493: 6078033
A3494: =IFERROR(VLOOKUP(C3494,'GASB Match'!$D$2:$F$6042,3,FALSE),"") | B3494: 2015 | C3494: Montclair State University | D3494: 90414 | F3494: 146149
A3495: =IFERROR(VLOOKUP(C3495,'GASB Match'!$D$2:$F$6042,3,FALSE),"") | B3495: 2016 | C3495: Montclair State University | D3495: 90414 | F3495: 43076
A3496: =IFERROR(VLOOKUP(C3496,'GASB Match'!$D$2:$F$6042,3,FALSE),"") | B3496: 2018 | C3496: MONTCLAIR STATE UNIVERSITY | D3496: 90414 | F3496: 75954
A3497: =IFERROR(VLOOKUP(C3497,'GASB Match'!$D$2:$F$6042,3,FALSE),"") | B3497: 2019 | C3497: MONTCLAIR STATE UNIVERSITY | D3497: 90414 | F3497: 96378
A3498: =IFERROR(VLOOKUP(C3498,'GASB Match'!$D$2:$F$6042,3,FALSE),"") | B3498: 2020 | C3498: MONTCLAIR STATE UNIVERSITY | D3498: 90414 | F3498: 110259
A3499: =IFERROR(VLOOKUP(C3499,'GASB Match'!$D$2:$F$6042,3,FALSE),"") | B3499: 2021 | C3499: MONTCLAIR STATE UNIVERSITY | D3499: 90414 | F3499: 125002
A3500: =IFERROR(VLOOKUP(C3500,'GASB Match'!$D$2:$F$6042,3,FALSE),"") | B3500: 2022 | C3500: MONTCLAIR STATE UNIVERSITY | D3500: 90414 | F3500: 175891
A3501: =IFERROR(VLOOKUP(C3501,'GASB Match'!$D$2:$F$6042,3,FALSE),"") | B3501: 2023 | C3501: MONTCLAIR STATE UNIVERSITY | D3501: 90414 | F3501: 163117
A3502: =IFERROR(VLOOKUP(C3502,'GASB Match'!$D$2:$F$6042,3,FALSE),"") | B3502: 2017 | C3502: Montclair State University | D3502: 90414 | F3502: 60121
A3503: =IFERROR(VLOOKUP(C3503,'GASB Match'!$D$2:$F$6042,3,FALSE),"") -> 3410590 | B3503: 2015 | C3503: Montgomery Twp Bd of Ed | D3503: 751 | E3503: Somerset | F3503: 1768091
A3504: =IFERROR(VLOOKUP(C3504,'GASB Match'!$D$2:$F$6042,3,FALSE),"") -> 3410590 | B3504: 2016 | C3504: Montgomery Twp Bd of Ed | D3504: 751 | E3504: Somerset | F3504: 2617320
A3505: =IFERROR(VLOOKUP(C3505,'GASB Match'!$D$2:$F$6042,3,FALSE),"") -> 3410590 | B3505: 2018 | C3505: MONTGOMERY TWP BD OF ED | D3505: 751 | E3505: SOMERSET | F3505: 5041993
A3506: =IFERROR(VLOOKUP(C3506,'GASB Match'!$D$2:$F$6042,3,FALSE),"") -> 3410590 | B3506: 2019 | C3506: MONTGOMERY TWP BD OF ED | D3506: 751 | E3506: SOMERSET | F3506: 6886159
A3507: =IFERROR(VLOOKUP(C3507,'GASB Match'!$D$2:$F$6042,3,FALSE),"") -> 3410590 | B3507: 2020 | C3507: MONTGOMERY TWP BD OF ED | D3507: 751 | E3507: SOMERSET | F3507: 7740293
A3508: =IFERROR(VLOOKUP(C3508,'GASB Match'!$D$2:$F$6042,3,FALSE),"") -> 3410590 | B3508: 2021 | C3508: MONTGOMERY TWP BD OF ED | D3508: 751 | E3508: SOMERSET | F3508: 9958436
A3509: =IFERROR(VLOOKUP(C3509,'GASB Match'!$D$2:$F$6042,3,FALSE),"") -> 3410590 | B3509: 2022 | C3509: MONTGOMERY TWP BD OF ED | D3509: 751 | E3509: SOMERSET | F3509: 14826962
A3510: =IFERROR(VLOOKUP(C3510,'GASB Match'!$D$2:$F$6042,3,FALSE),"") -> 3410590 | B3510: 2023 | C3510: MONTGOMERY TWP BD OF ED | D3510: 751 | E3510: SOMERSET | F3510: 14813148
A3511: =IFERROR(VLOOKUP(C3511,'GASB Match'!$D$2:$F$6042,3,FALSE),"") -> 3410590 | B3511: 2017 | C3511: Montgomery Twp Bd of Ed | D3511: 751 | E3511: Somerset | F3511: 3691986
A3512: =IFERROR(VLOOKUP(C3512,'GASB Match'!$D$2:$F$6042,3,FALSE),"") -> 3410620 | B3512: 2015 | C3512: Montvale Borough Bd of Ed | D3512: 2061 | E3512: Bergen | F3512: 385518
A3513: =IFERROR(VLOOKUP(C3513,'GASB Match'!$D$2:$F$6042,3,FALSE),"") -> 3410620 | B3513: 2016 | C3513: Montvale Borough Bd of Ed | D3513: 2061 | E3513: Bergen | F3513: 551651
A3514: =IFERROR(VLOOKUP(C3514,'GASB Match'!$D$2:$F$6042,3,FALSE),"") -> 3410620 | B3514: 2018 | C3514: MONTVALE BOROUGH BD OF ED | D3514: 2061 | E3514: BERGEN | F3514: 1025424
... A3736: =IFERROR(VLOOKUP(C3736,'GASB Match'!$D$2:$F$6042,3,FALSE),"") -> 3400023 | B3736: 2017 | C3736: New Horizon Comm Charter School | D3736: 6014 | E3736: Essex | F3736: 310060
A3737: =IFERROR(VLOOKUP(C3737,'GASB Match'!$D$2:$F$6042,3,FALSE),"") | B3737: 2015 | C3737: New Jersey City University | D3737: 90411 | F3737: 332168
A3738: =IFERROR(VLOOKUP(C3738,'GASB Match'!$D$2:$F$6042,3,FALSE),"") | B3738: 2016 | C3738: New Jersey City University | D3738: 90411 | F3738: 113695
A3739: =IFERROR(VLOOKUP(C3739,'GASB Match'!$D$2:$F$6042,3,FALSE),"") | B3739: 2018 | C3739: NEW JERSEY CITY UNIVERSITY | D3739: 90411 | F3739: 201428
A3740: =IFERROR(VLOOKUP(C3740,'GASB Match'!$D$2:$F$6042,3,FALSE),"") | B3740: 2019 | C3740: NEW JERSEY CITY UNIVERSITY | D3740: 90411 | F3740: 256344
A3741: =IFERROR(VLOOKUP(C3741,'GASB Match'!$D$2:$F$6042,3,FALSE),"") | B3741: 2020 | C3741: NEW JERSEY CITY UNIVERSITY | D3741: 90411 | F3741: 266461
A3742: =IFERROR(VLOOKUP(C3742,'GASB Match'!$D$2:$F$6042,3,FALSE),"") | B3742: 2021 | C3742: NEW JERSEY CITY UNIVERSITY | D3742: 90411 | F3742: 302091
A3743: =IFERROR(VLOOKUP(C3743,'GASB Match'!$D$2:$F$6042,3,FALSE),"") | B3743: 2022 | C3743: NEW JERSEY CITY UNIVERSITY | D3743: 90411 | F3743: 425071
A3744: =IFERROR(VLOOKUP(C3744,'GASB Match'!$D$2:$F$6042,3,FALSE),"") | B3744: 2023 | C3744: NEW JERSEY CITY UNIVERSITY | D3744: 90411 | F3744: 394199
A3745: =IFERROR(VLOOKUP(C3745,'GASB Match'!$D$2:$F$6042,3,FALSE),"") | B3745: 2017 | C3745: New Jersey City University | D3745: 90411 | F3745: 158737
A3746: =IFERROR(VLOOKUP(C3746,'GASB Match'!$D$2:$F$6042,3,FALSE),"") | B3746: 2015 | C3746: New Jersey Institute of Technology | D3746: 981 | F3746: 64433
A3747: =IFERROR(VLOOKUP(C3747,'GASB Match'!$D$2:$F$6042,3,FALSE),"") | B3747: 2016 | C3747: New Jersey Institute of Technology | D3747: 981 | F3747: 20935
A3748: =IFERROR(VLOOKUP(C3748,'GASB Match'!$D$2:$F$6042,3,FALSE),"") | B3748: 2017 | C3748: New Jersey Institute of Technology | D3748: 981 | F3748: 29218
A3749: =IFERROR(VLOOKUP(C3749,'GASB Match'!$D$2:$F$6042,3,FALSE),"") -> 3411280 | B3749: 2015 | C3749: New Milford Bd of Ed | D3749: 2062 | E3749: Bergen | F3749: 685584
A3750: =IFERROR(VLOOKUP(C3750,'GASB Match'!$D$2:$F$6042,3,FALSE),"") -> 3411280 | B3750: 2016 | C3750: New Milford Bd of Ed | D3750: 2062 | E3750: Bergen | F3750: 1052409
A3751: =IFERROR(VLOOKUP(C3751,'GASB Match'!$D$2:$F$6042,3,FALSE),"") -> 3411280 | B3751: 2018 | C3751: NEW MILFORD BD OF ED | D3751: 2062 | E3751: BERGEN | F3751: 1983796
A3752: =IFERROR(VLOOKUP(C3752,'GASB Match'!$D$2:$F$6042,3,FALSE),"") -> 3411280 | B3752: 2019 | C3752: NEW MILFORD BD OF ED | D3752: 2062 | E3752: BERGEN | F3752: 2798427
A3753: =IFERROR(VLOOKUP(C3753,'GASB Match'!$D$2:$F$6042,3,FALSE),"") -> 3411280 | B3753: 2020 | C3753: NEW MILFORD BD OF ED | D3753: 2062 | E3753: BERGEN | F3753: 3103492
A3754: =IFERROR(VLOOKUP(C3754,'GASB Match'!$D$2:$F$6042,3,FALSE),"") -> 3411280 | B3754: 2021 | C3754: NEW MILFORD BD OF ED | D3754: 2062 | E3754: BERGEN | F3754: 4039268
A3755: =IFERROR(VLOOKUP(C3755,'GASB Match'!$D$2:$F$6042,3,FALSE),"") -> 3411280 | B3755: 2022 | C3755: NEW MILFORD BD OF ED | D3755: 2062 | E3755: BERGEN | F3755: 5890716
A3756: =IFERROR(VLOOKUP(C3756,'GASB Match'!$D$2:$F$6042,3,FALSE),"") -> 3411280 | B3756: 2023 | C3756: NEW MILFORD BD OF ED | D3756: 2062 | E3756: BERGEN | F3756: 6325682
A3757: =IFERROR(VLOOKUP(C3757,'GASB Match'!$D$2:$F$6042,3,FALSE),"") -> 3411280 | B3757: 2017 | C3757: New Milford Bd of Ed | D3757: 2062 | E3757: Bergen | F3757: 1456923
A3758: =IFERROR(VLOOKUP(C3758,'GASB Match'!$D$2:$F$6042,3,FALSE),"") -> 3411310 | B3758: 2015 | C3758: New Providence Bd of Ed | D3758: 837 | E3758: Union | F3758: 851841
A3759: =IFERROR(VLOOKUP(C3759,'GASB Match'!$D$2:$F$6042,3,FALSE),"") -> 3411310 | B3759: 2016 | C3759: New Providence Bd of Ed | D3759: 837 | E3759: Union | F3759: 1291759
A3760: =IFERROR(VLOOKUP(C3760,'GASB Match'!$D$2:$F$6042,3,FALSE),"") -> 3411310 | B3760: 2018 | C3760: NEW PROVIDENCE BD OF ED | D3760: 837 | E3760: UNION | F3760: 2439772
... A3806: =IFERROR(VLOOKUP(C3806,'GASB Match'!$D$2:$F$6042,3,FALSE),"") -> 3411400 | B3806: 2017 | C3806: Newton Bd of Ed | D3806: 786 | E3806: Sussex | F3806: 1341051
A3807: =IFERROR(VLOOKUP(C3807,'GASB Match'!$D$2:$F$6042,3,FALSE),"") | B3807: 2018 | C3807: NJ INSTITUTE OF TECHNOLOGY | D3807: 981 | F3807: 36913
A3808: =IFERROR(VLOOKUP(C3808,'GASB Match'!$D$2:$F$6042,3,FALSE),"") | B3808: 2019 | C3808: NJ INSTITUTE OF TECHNOLOGY | D3808: 981 | F3808: 46838
A3809: =IFERROR(VLOOKUP(C3809,'GASB Match'!$D$2:$F$6042,3,FALSE),"") | B3809: 2020 | C3809: NJ INSTITUTE OF TECHNOLOGY | D3809: 981 | F3809: 53585
A3810: =IFERROR(VLOOKUP(C3810,'GASB Match'!$D$2:$F$6042,3,FALSE),"") | B3810: 2021 | C3810: NJ INSTITUTE OF TECHNOLOGY | D3810: 981 | F3810: 60749
A3811: =IFERROR(VLOOKUP(C3811,'GASB Match'!$D$2:$F$6042,3,FALSE),"") | B3811: 2022 | C3811: NJ INSTITUTE OF TECHNOLOGY | D3811: 981 | F3811: 85482
A3812: =IFERROR(VLOOKUP(C3812,'GASB Match'!$D$2:$F$6042,3,FALSE),"") | B3812: 2023 | C3812: NJ INSTITUTE OF TECHNOLOGY | D3812: 981 | F3812: 79272
A3813: =IFERROR(VLOOKUP(C3813,'GASB Match'!$D$2:$F$6042,3,FALSE),"") -> 3411430 | B3813: 2015 | C3813: North Arlington Bd of Ed | D3813: 2063 | E3813: Bergen | F3813: 542328
A3814: =IFERROR(VLOOKUP(C3814,'GASB Match'!$D$2:$F$6042,3,FALSE),"") -> 3411430 | B3814: 2016 | C3814: North Arlington Bd of Ed | D3814: 2063 | E3814: Bergen | F3814: 842006
A3815: =IFERROR(VLOOKUP(C3815,'GASB Match'!$D$2:$F$6042,3,FALSE),"") -> 3411430 | B3815: 2018 | C3815: NORTH ARLINGTON BD OF ED | D3815: 2063 | E3815: BERGEN | F3815: 1515802
A3816: =IFERROR(VLOOKUP(C3816,'GASB Match'!$D$2:$F$6042,3,FALSE),"") -> 3411430 | B3816: 2019 | C3816: NORTH ARLINGTON BD OF ED | D3816: 2063 | E3816: BERGEN | F3816: 2106264
A3817: =IFERROR(VLOOKUP(C3817,'GASB Match'!$D$2:$F$6042,3,FALSE),"") -> 3411430 | B3817: 2020 | C3817: NORTH ARLINGTON BD OF ED | D3817: 2063 | E3817: BERGEN | F3817: 2344738
A3818: =IFERROR(VLOOKUP(C3818,'GASB Match'!$D$2:$F$6042,3,FALSE),"") -> 3411430 | B3818: 2021 | C3818: NORTH ARLINGTON BD OF ED | D3818: 2063 | E3818: BERGEN | F3818: 2991760
A3819: =IFERROR(VLOOKUP(C3819,'GASB Match'!$D$2:$F$6042,3,FALSE),"") -> 3411430 | B3819: 2022 | C3819: NORTH ARLINGTON BD OF ED | D3819: 2063 | E3819: BERGEN | F3819: 4258156
A3820: =IFERROR(VLOOKUP(C3820,'GASB Match'!$D$2:$F$6042,3,FALSE),"") -> 3411430 | B3820: 2023 | C3820: NORTH ARLINGTON BD OF ED | D3820: 2063 | E3820: BERGEN | F3820: 4495851
A3821: =IFERROR(VLOOKUP(C3821,'GASB Match'!$D$2:$F$6042,3,FALSE),"") -> 3411430 | B3821: 2017 | C3821: North Arlington Bd of Ed | D3821: 2063 | E3821: Bergen | F3821: 1141741
A3822: =IFERROR(VLOOKUP(C3822,'GASB Match'!$D$2:$F$6042,3,FALSE),"") -> 3411460 | B3822: 2015 | C3822: North Bergen Bd of Ed | D3822: 8040 | E3822: Hudson | F3822: 2897565
A3823: =IFERROR(VLOOKUP(C3823,'GASB Match'!$D$2:$F$6042,3,FALSE),"") -> 3411460 | B3823: 2016 | C3823: North Bergen Bd of Ed | D3823: 8040 | E3823: Hudson | F3823: 4236730
...

Sheet Other Data -->

Sheet GASB Match
A1: LEAID | B1: Year | C1: state | D1: district_name | E1: state_contributions | F1: LEAID
A2: 3400004 | B2: 2015 | C2: New Jersey | D2: Chathams School District | E2: 1450464 | F2: 3400004
A3: 3400004 | B3: 2016 | C3: New Jersey | D3: Chathams School District | E3: 2229758 | F3: 3400004
A4: 3400004 | B4: 2017 | C4: New Jersey | D4: Chathams School District | E4: 3144601 | F4: 3400004
A5: 3400004 | B5: 2018 | C5: New Jersey | D5: CHATHAMS SCHOOL DISTRICT | E5: 4235574 | F5: 3400004
A6: 3400004 | B6: 2019 | C6: New Jersey | D6: CHATHAMS SCHOOL DISTRICT | E6: 5770794 | F6: 3400004
A7: 3400004 | B7: 2020 | C7: New Jersey | D7: CHATHAMS SCHOOL DISTRICT | E7: 6507034 | F7: 3400004
A8: 3400004 | B8: 2021 | C8: New Jersey | D8: CHATHAMS SCHOOL DISTRICT | E8: 8568430 | F8: 3400004
A9: 3400004 | B9: 2022 | C9: New Jersey | D9: CHATHAMS SCHOOL DISTRICT | E9: 12411774 | F9: 3400004
A10: 3400004 | B10: 2023 | C10: New Jersey | D10: CHATHAMS SCHOOL DISTRICT | E10: 12250414 | F10: 3400004
A11: 3400005 | B11: 2015 | C11: New Jersey | D11: Morris-Union Jointure Comm | E11: 486545 | F11: 3400005
A12: 3400005 | B12: 2016 | C12: New Jersey | D12: Morris-Union Jointure Comm | E12: 605834 | F12: 3400005
A13: 3400005 | B13: 2017 | C13: New Jersey | D13: Morris-Union Jointure Comm | E13: 806220 | F13: 3400005
... A246: 3400048 | B246: 2016 | C246: New Jersey | D246: Academy Charter High School | E246: 107688 | F246: 3400048
A247: 3400048 | B247: 2017 | C247: New Jersey | D247: Academy Charter High School | E247: =VLOOKUP(A247,#REF!,6,FALSE) -> #REF! | F247: 3400048
A248: 3400048 | B248: 2018 | C248: New Jersey | D248: ACADEMY CHARTER HIGH SCHOOL | E248: 225408 | F248: 3400048
A249: 3400048 | B249: 2019 | C249: New Jersey | D249: ACADEMY CHARTER HIGH SCHOOL | E249: 287048 | F249: 3400048
A250: 3400048 | B250: 2020 | C250: New Jersey | D250: ACADEMY CHARTER HIGH SCHOOL | E250: 336652 | F250: 3400048
A251: 3400048 | B251: 2021 | C251: New Jersey | D251: ACADEMY CHARTER HIGH SCHOOL | E251: 360807 | F251: 3400048
A252: 3400048 | B252: 2022 | C252: New Jersey | D252: ACADEMY CHARTER HIGH SCHOOL | E252: 573976 | F252: 3400048
A253: 3400048 | B253: 2023 | C253: New Jersey | D253: ACADEMY CHARTER HIGH SCHOOL | E253: 553871 | F253: 3400048
A254: 3400049 | B254: 2015 | C254: New Jersey | D254: Red Bank Charter School | E254: 64385 | F254: 3400049
A255: 3400049 | B255: 2016 | C255: New Jersey | D255: Red Bank Charter School | E255: 110793 | F255: 3400049
A256: 3400049 | B256: 2017 | C256: New Jersey | D256: Red Bank Charter School | E256: 141420 | F256: 3400049
A257: 3400049 | B257: 2018 | C257: New Jersey | D257: RED BANK CHARTER SCHOOL | E257: 212628 | F257: 3400049
A258: 3400049 | B258: 2019 | C258: New Jersey | D258: RED BANK CHARTER SCHOOL | E258: 295732 | F258: 3400049
A259: 3400049 | B259: 2020 | C259: New Jersey | D259: RED BANK CHARTER SCHOOL | E259: 321814 | F259: 3400049
... A6042: 3480364 | B6042: 2023 | C6042: New Jersey | D6042: PASSAIC CO. ED SERV COMMISION | E6042: 1739592 | F6042: 3480364
C6044: 2015 | D6044: =SUMIF(B2:B6042,C6044,E2:E6042) -> 536107750
C6045: 2016
C6046: 2017
C6047: 2018
C6048: 2019
C6049: 2020
C6050: 2021
C6051: 2022
